<?xml version="1.0" encoding="UTF-8" standalone="no"?><author id="user29">
	<document><![CDATA[Bewegend beeld vanaf de Dam. 'Wij zijn Charlie' #JeSuisCharlie http://t.co/p9TiqdrQIC		]]></document>
	<document><![CDATA[Zowel Amsterdamse als Franse vlag halfstok op de Dam. Wachten op eerste spreker. #JeSuisCharlie #CharlieHebdo http://t.co/ekOjw3Et9L		]]></document>
	<document><![CDATA[Klein opstootje om man diemet paraplu zicht belemmert voor mensen achter zich #Amsterdam #JeSuisCharlie #CharlieHebdo http://t.co/8u5gbN4THe		]]></document>
	<document><![CDATA[Man klapt paraplu in. Bescheiden applausje. #JeSuisCharlie		]]></document>
	<document><![CDATA[Heb zelf voor de gelegenheid m'n mooiste pen mee genomen. Of de enige die ik zo snel kon vinden.. http://t.co/pR2pvHX8Gs		]]></document>
	<document><![CDATA[Vooraan op de Dam #JeSuisCharlie #CharlieHebdo http://t.co/cu2iyeVR92		]]></document>
	<document><![CDATA[Soundos EL Ahmadi begint op de dam. 'Het vrije woord is mijn zuurstof. Zonder kan ik niet leven.' #JeSuisCharlie #CharlieHebdo		]]></document>
	<document><![CDATA[Bijeenkomst op de Dam begint met minuut stilte. #JeSuisCharlie #CharlieHebdo		]]></document>
	<document><![CDATA[18.000 mensen aanwezig op de Dam #JeSuisCharlie #CharlieHebdo		]]></document>
	<document><![CDATA[Nu hoofdcommissaris van de politie aan het woord op de Dam. #JeSuisCharlie #CharlieHebdo		]]></document>
	<document><![CDATA['Ondanks het gevaar kiezen wij elke dag met hart voor ons beroep'		]]></document>
	<document><![CDATA[Rutte: 'We zijn een in onze afschuw, een in onze woede, en een in onze absolute overtuiging.'		]]></document>
	<document><![CDATA[Rutte: 'We laten ons niet regeren door angst. We laten onze vrijheid niet van ons afpakken.'		]]></document>
	<document><![CDATA[Rutte geeft een ijzersterke speech op de dam. Veel applaus tussendoor.		]]></document>
	<document><![CDATA[Als laatste spreker burgemeester Eberhard van der Laan. 'U bent echt met veel.'		]]></document>
	<document><![CDATA['Moed is niet de afwezigheid van angst. Moed is het kunnen overwinnen van angst.'		]]></document>
	<document><![CDATA[@username @username @username Hahaha doe de groeten!		]]></document>
	<document><![CDATA[Collega @username staat in Dammartin-en-Goëlle en staat er uiteraard bovenop. Volgen.		]]></document>
	<document><![CDATA[@username de wereld*		]]></document>
	<document><![CDATA[Goddank dat het regent want de wereld staat in brand.		]]></document>
	<document><![CDATA[De nieuwe clip van Jeroen van der Boom is vrij intens. https://t.co/GvVLPs4nZp http://t.co/oDaWet8Ngn		]]></document>
	<document><![CDATA[Rond 17:15 uur ben ik (als dichter) op Radio Emmen te horen en dat kun je hier luisteren: https://t.co/4AY5iUoEg8		]]></document>
	<document><![CDATA[Over een minuut of vijf, live op radio Emmen: https://t.co/4AY5iUoEg8		]]></document>
	<document><![CDATA[@username Had hele slechte van de Bijenkorf. Er zijn officiële kn de VS maar die shippen niet naar NL		]]></document>
	<document><![CDATA[Onbekende woord van de dag: 'brisant'. (Context: 'De PvdA dient een brisante motie in.')		]]></document>
	<document><![CDATA[@username @username Oh gut die gaat d'r hele leven altijd te laat komen ????		]]></document>
	<document><![CDATA[@username Wat een eer! Haha, bedankt!		]]></document>
	<document><![CDATA[Kees 'Nelis' Jutte, die lijdt aan PTSS, en door zijn buddyhond Noury weer een beetje een normaal leven… http://t.co/IA7Y0m7A4w		]]></document>
	<document><![CDATA[Wat doet u met uw spaargeld, nu de rente zo historisch laag is? Mail mij uw verhaal. Mail-adres in bio.		]]></document>
	<document><![CDATA[Hey, Neerlandici, leest u mee? Ik twijfel over de verwijzingen in de laatste zin.. http://t.co/P6vOAuPUDl		]]></document>
	<document><![CDATA[@username Gaan we ophouden met bijdehand doen en gewoon advies geven, De Bruijn?		]]></document>
	<document><![CDATA[@username Kijk hier heb ik wat aan.		]]></document>
	<document><![CDATA[@username Is het 'niemand' of 'een nobody'?		]]></document>
	<document><![CDATA[@username Zoek zelf lekker een vent / Met net zoveel talent / Onweerstaanbare charme / En onverwoestbare armen		]]></document>
	<document><![CDATA[Verknipte geest op dit metro-station. http://t.co/5vt9cWlzU7		]]></document>
	<document><![CDATA[@username Och da's niet meer bij te houden joh.		]]></document>
	<document><![CDATA[BUdapest Hotek vond ik ook echt een hele leuke film inderdaad.		]]></document>
	<document><![CDATA[@username Hey! Leuk dat jij een Charlie Hebdo hebt weten te bemachtigen. Wil je je nummer misschien DM'en? Heb wat vraagjes voor de krant!		]]></document>
	<document><![CDATA[Eerste editie van De Telegraaf. Veel #letters http://t.co/Bj2M9O9NBw		]]></document>
	<document><![CDATA[Jarig lief op paard gezet ???????????? http://t.co/LwHJn6WpAR		]]></document>
	<document><![CDATA[Effe baardenwedstrijdje. http://t.co/yvLzpUPvei		]]></document>
	<document><![CDATA[Blue monday is white monday aan deze kant van 't land; mooie witte wereld.		]]></document>
	<document><![CDATA[Goede zaak? http://t.co/EJEVd8P5Bj		]]></document>
	<document><![CDATA[@username Volgens mij ben je lekker aan het trollen maar ugh: dit vind ik écht.		]]></document>
	<document><![CDATA[Ralph Tuin gaat weer de boot in. http://t.co/yaSnn5swtI		]]></document>
	<document><![CDATA[#gezocht: Ik zoek iemand die Indonesisch spreekt. #RT is lief!		]]></document>
	<document><![CDATA[@username Goed genoeg om de media te kunnen lezen!		]]></document>
	<document><![CDATA[@username En als je hier nu nog een tweet aan wijdt? Is dat dan #pf van part four?		]]></document>
	<document><![CDATA[@username @username Was voor t volgen van wat Indonesische media maar is al gelukt! Toch bedankt.		]]></document>
	<document><![CDATA[@username Fijne vakantie he!		]]></document>
	<document><![CDATA[De beste opa. Rust zacht. @username #lekkerfietsen http://t.co/5KJ6AjidDc		]]></document>
	<document><![CDATA[Even een mopje. Hoe noem je het als een Keniaan een andere Keniaan uitlacht om zijn woonsituatie?		]]></document>
	<document><![CDATA[Weet sinds gisteren hoe het moet zijn om moslim te zijn in NL: 'Maar er zijn ook Feyenoorders die géén Ajax-honken in de fik steken!'		]]></document>
	<document><![CDATA[Ik moet nog leren om net zo baas-achtig wijn te drinken als opa. http://t.co/CXjREbRNCp		]]></document>
	<document><![CDATA['Snelwandelen: da's geen sport. Da's een aandoening.'		]]></document>
	<document><![CDATA[Had ook vol overtuiging dit soort gedichten kunnen maken http://t.co/afy1Y7y9ng		]]></document>
	<document><![CDATA[Over vijf minuten bij de 'Break the System' demo op het Malieveld. Of het binnenhof inmiddels.		]]></document>
	<document><![CDATA[Verkeersopstopping rond het Malieveld #breakthesystem http://t.co/fC5Exfw4aw		]]></document>
	<document><![CDATA[Grimmige sfeer rondom Malieveld. Mensen zoeken confrontatie met (bereden) politie. #breakthesystem		]]></document>
	<document><![CDATA[Politie laat zien wie de baas is met redelijk overbodige blokkade. Men moet 50 meter omlopen om te passeren. http://t.co/wiLKmwVflG		]]></document>
	<document><![CDATA[Het is de hippies van #breakthesystem niet gelukt het Binnenhof te bereiken maar gelukkig is het hier… http://t.co/krXhjVrCbz		]]></document>
	<document><![CDATA[Verontwaardigd gejoel bij #breakthesystem 'Het evenement wordt lamgelegd door de burgemeester.'		]]></document>
	<document><![CDATA[@username Ik zeg ook niets over links/rechts? Beschrijf gedrag van mensen.		]]></document>
	<document><![CDATA[Politie maakt einde aan #breakthesystem. Laatste zanger mocht niet meer optreden. Niet meer gezellig hier. http://t.co/7DMaWK3uID		]]></document>
	<document><![CDATA[@username @username Wow dacht van afstandje dat het een bizar soort spin was.		]]></document>
	<document><![CDATA[@username @username Niet zo gek veel, inderdaad. Precieze aantallen kan ik nog niet geven. Max paar honderd?		]]></document>
	<document><![CDATA[Deze flyer werd uitgedeeld bij #breakthesystem #illuminati http://t.co/HwX3B2p31g		]]></document>
	<document><![CDATA[@username Eerste keer was mooier: 2006, station Bovenkarspel Flora. Zij heette geloof ik Ellen en de trein toeterde ons wakker van elkaar.		]]></document>
	<document><![CDATA[@username #pt Die machinist lachen. Op de terugreis raakte ik aan de praat met mevrouw Smit. Ze was 80 en had een mooi verhaal over leven.		]]></document>
	<document><![CDATA[Dit zijn ze; de verdachten van de brandstichting in het Ajax-supportershome. http://t.co/aO4jH8mgis		]]></document>
	<document><![CDATA[@username Mijn God. Zijn in staat om koelkasten op een komeet te laten landen, maar herkenbare bewakingsbeelden...		]]></document>
	<document><![CDATA[@username Oh en Lavender Town in Pokemon Red.		]]></document>
	<document><![CDATA[De gekkies van #breakthesystem: 'Els Borst is net als Pim Fortuijn vermoord omdat ze wilde openbaren dat Beatrix chemtrails maakt.'		]]></document>
	<document><![CDATA[Heb oprecht met die mensen te doen. Je zou maar zó paranoïde zijn te denken dat je koningin chemisch afval over je hoofd uitstrooit.		]]></document>
	<document><![CDATA[@username Hoeft niet. Hang ze in een luchtdicht afgesloten badkamer aan een hanger en laat warm water stomen als een malle. Werkt als tiet.		]]></document>
	<document><![CDATA[@username Lang leve inclusief wonen #zinindetoekomst		]]></document>
	<document><![CDATA[@username Een #goeie		]]></document>
	<document><![CDATA[D66'er @username over verplichte rekentoets: 'Heel Holland zakt'.		]]></document>
	<document><![CDATA[Ondertussen voeren ze in België deze discussie over afpakken van paspoorten van Syrië-gangers: 'Dat deden nazi's ook' http://t.co/jZkcufLMLY		]]></document>
	<document><![CDATA[En ik vind 'ondertussen' een lelijke contaminatie tussen 'intussen' en 'onderwijl' maar @username is dat niet met mij eens zo te zien.		]]></document>
	<document><![CDATA[@username alle toeslagzuilen voor de ICD doen het niet op Rotterdam CS. Is 'ie toeslagvrij?		]]></document>
	<document><![CDATA[@username Met de focus op verse, kwalitatieve producten op een toplocatie. Mag best wat kots.. erm kosten		]]></document>
	<document><![CDATA[Ter ere van #gedichtendag iets ouds. #kalkmankementje #gedichtje http://t.co/FrcNagoP2c		]]></document>
	<document><![CDATA[De cyberaanval is begonnen: mijn pc op de redactie sluit uit zichzelf af..		]]></document>
	<document><![CDATA[@username Dat laten ze je geloven, dat dat toeval is..		]]></document>
	<document><![CDATA[@username Ja! Maar ben wel de enige. Zal aan mijn pc liggen.		]]></document>
	<document><![CDATA[@username Oh! Haha, toevallig! Heb hem gekregen van de heren van Tentoo, de sponsor van de tocht. Zij waren uiteraard bij het vertrek.		]]></document>
	<document><![CDATA['Ik kom wel terug als ze die rommel gratis weggeven'
http://t.co/uXyz0FbyOo via @username		]]></document>
	<document><![CDATA[Hoe Amerika kijkt naar de overmeestering van de zendtijdeiser: http://t.co/TAdOB8HBVl		]]></document>
	<document><![CDATA[Het is zo'n dag dat ik me heel erg kan storen aan het feit dat het scroll-wieltje van m'm muis te veel herrie maakt.		]]></document>
	<document><![CDATA[Grote explosie in flat in Rotterdam. Rookpluim vanuit mijn woonkamer te zien. Ben onderweg. http://t.co/bw9yX2AROF		]]></document>
	<document><![CDATA[Politie ontruimt #Moddermanstraat nu. Overal zijn ramen gesneuveld http://t.co/77kww9PX6h		]]></document>
	<document><![CDATA[Brandweer stormt naar binnen bij de buren van de #Moddermanstraat http://t.co/lQhxArH7WS		]]></document>
</author>