<?xml version="1.0" encoding="UTF-8" standalone="no"?><author id="user472">
	<document><![CDATA[@username @username waarom over christendom beginnen terwijl ik reageer op een foutieve bewering dat ISIS niet islamitisch is?		]]></document>
	<document><![CDATA[@username @username waarom worden Door ISIS alleen nieuwe aanhang gevonden onder moslims? niet onder crhistenen, boedhisten, etc.		]]></document>
	<document><![CDATA[@username @username je wil beweren dat budhisten ISIS zijn gejoined?		]]></document>
	<document><![CDATA[@username @username eerst noem je mij dom en nu probeer je mijn vraag te smokescreenen. Jij bent lekker zeg...		]]></document>
	<document><![CDATA[@username @username leer eens lezen. Ik had het erover dat ISIS alleen aanhang wint onder moslims.		]]></document>
	<document><![CDATA[@username @username lees. De. Vraag. Eerst. Probeer de vraag te begrijpen en DAN pas te antwoorden.		]]></document>
	<document><![CDATA[@username @username ff pannenkoeken gebakken voor de lunch. Niet zeiken boys.		]]></document>
	<document><![CDATA[@username we volgen mensen geinteresseerd in eSports als onderdeel van onze marketingstrategie.		]]></document>
	<document><![CDATA[@username dat is kunstmatige intelligentie die weet dat je niet hoeft weer te geven wat je niet hebt. (Ok flauw, kweetut)		]]></document>
	<document><![CDATA[@username best haiku till date. Hands down.		]]></document>
	<document><![CDATA[@username ja echt. niet te geloven hoe zielig sommigen zijn...		]]></document>
	<document><![CDATA[@username oh, ik dacht dat je al weg was, ik ben geleaved...		]]></document>
	<document><![CDATA[@username was net ff weggelopen, my bad, ik zat tegen je oude skype te praten :S		]]></document>
	<document><![CDATA[@username @username ik niet, ga zo eten.		]]></document>
	<document><![CDATA[@username bedankt namens mijn dochter Noor: "wat lief dat hij dit boekje maakte, er zit zelfs Sinterklaas in!" http://t.co/2HEmQyu4bD		]]></document>
	<document><![CDATA[@username @username @username gemiddeld gezien steekt dat broekie zijn koppie er net boven uit. Dit was geen compliment hoor. ;)		]]></document>
	<document><![CDATA[@username zet hem op wardje!		]]></document>
	<document><![CDATA[@username @username @username ik miss later, maar ga gerust zonder mij.		]]></document>
	<document><![CDATA[@username wordt een latertje vanaaf?		]]></document>
	<document><![CDATA[@username die niet doen, die vallen makkelijk uit, ik zal je vandaag Sony model geweten die beter zitten		]]></document>
	<document><![CDATA[.@username binnenkort weer een nieuwe ronde tryouts! :)		]]></document>
	<document><![CDATA[@username @username ken begrijpt dat ook wel... :)		]]></document>
	<document><![CDATA[@username in-ear-buds altijd een met een 'knik' zoals deze https://t.co/zYuezFCLVL MM heeft ze niet, dixons wel. Aanrader.		]]></document>
	<document><![CDATA[@username ze hebben ze ook zonder zo'n schakelaartje. Gebruik ik. Ik slaap zelfs met die dingen, werken nog steeds. Echte aanrader.		]]></document>
	<document><![CDATA[@username niet te enthousiast heh? Straks ga je nog beweren dat je de meta bepaalt?! :P		]]></document>
	<document><![CDATA[@username wie zijn "ons"? :)		]]></document>
	<document><![CDATA[@username jij bent Linda?		]]></document>
	<document><![CDATA[@username je weet toch, calvinisme, maaiveld, etc. :D		]]></document>
	<document><![CDATA[@username waarom heeft UK de zwarte doos en Duitsland radarbeelden?		]]></document>
	<document><![CDATA[@username @username goedemorgen petemoei van mijn allerbeste media manager. :)		]]></document>
	<document><![CDATA[GeenStijl: Opa Opstelten blijft liegen over bijbaantjes - http://t.co/OTfTLIzVxW @username		]]></document>
	<document><![CDATA[.@username @username schandalig het promoten van roken. #BoycotEsquire		]]></document>
	<document><![CDATA[@username @username @username bleh, ronde 4 2v1 snd standoff, ik schiet medz in mid air: NIKS gebeurd. :S		]]></document>
	<document><![CDATA[@username @username @username zojuist,FFA, ik heb MODERATE NAT connection, ben gewoon host. HOST = zoooo slecht....		]]></document>
	<document><![CDATA[@username cheers matey!		]]></document>
	<document><![CDATA[@username http://t.co/xZXHJcaF0n welcome! :)		]]></document>
	<document><![CDATA[Dear @username your work is done. :) http://t.co/T1ZXEys6qT		]]></document>
	<document><![CDATA[@username @username @username wie heeft jou gecarried?		]]></document>
	<document><![CDATA[@username @username @username @username vast en zeker een pro op zijn account.		]]></document>
	<document><![CDATA[@username even worse?		]]></document>
	<document><![CDATA[@username telepathy, twee uurtjes geleden zag ik je op whatsapp, wou je vragen of je AW ging spelen. :)		]]></document>
	<document><![CDATA[@username i don't get it?		]]></document>
	<document><![CDATA[@username het is anders. de nieuwe movement is ERG bepalend. Zal een nieuwe skillgap opleveren.		]]></document>
	<document><![CDATA[@username Bill bedoelde wel intelligente luiaards...		]]></document>
	<document><![CDATA[@username je reageert wel aangeschoten :D		]]></document>
	<document><![CDATA[@username ben eerst ff AW op X360 aan het testen. Alleen als het me bevalt koop ik een X1. Gaat me niet eens om kopen, meer om tijd.		]]></document>
	<document><![CDATA[@username @username @username GOW en HALO hadden skillgaps door schademodel. CS heeft geen skillgap op die basis. COD ook niet.		]]></document>
	<document><![CDATA[@username @username @username geloof me, op GOW en HALO kon ik bijna geen kill krijgen op Thierry, op COD. DAT maakte COD speelbaar.		]]></document>
	<document><![CDATA[@username @username @username tsja, ik zou me 2x bedenken met blij te zijn als door de te grote skillgap niks van comp over blijft.		]]></document>
	<document><![CDATA[@username @username @username COD had gewoon grotere aantrekkingskracht op grote massa. DAT is echte reden GOW en HALO R.I.P.		]]></document>
	<document><![CDATA[@username @username @username zoals ik zei, HALO is niet meer levend door de te grote skillgap. COD heeft geluk; geen alternatieven.		]]></document>
	<document><![CDATA[@username @username in geen enkele situatie mag ik hopen dat je dit meent? :S		]]></document>
	<document><![CDATA[@username gebeurd dat automatisch? alleen op X1 of ook X360? :)		]]></document>
	<document><![CDATA[@username cool, en ook in downloadable 720p. netjes.		]]></document>
	<document><![CDATA[@username ok, speciaal voor jou		]]></document>
	<document><![CDATA[@username nope, niet iedereen vindt het spel slecht, ze vinden aspecten van het spel slecht. Overall is de game leuk.		]]></document>
	<document><![CDATA[@username als je je eerst eens verdiept in hoe Fariko werkt besef je misschien dat je een verkeerde invalshoek hebt.		]]></document>
	<document><![CDATA[@username klaarblijkelijk heb je het niet begrepen.		]]></document>
	<document><![CDATA[@username de opzet van Fariko is hetzelfde als 2 jaar geleden. En uit al je vragen blijkt dat je NIKS hebt begrepen van Yang/Yin/Dragons.		]]></document>
	<document><![CDATA[@username @username @username @username er zijn geen dedicated COD-servers. Iedereen speelt nog P2P.		]]></document>
	<document><![CDATA[@username leg uit, wat is "let's play"?		]]></document>
	<document><![CDATA[@username duh, alsof er mensen zitten te wachten op mij om te gaan streamen... Grapjas.		]]></document>
	<document><![CDATA[@username @username er zijn geen servers. Het is nog steeds een P2P-ad hoc-netwerk waarop gespeeld wordt.		]]></document>
	<document><![CDATA[@username @username welke LAN teams heb je gespeeld?		]]></document>
	<document><![CDATA[@username @username je hebt listen-servers voor matchup, maar er wordt niet gespeeld op dedicated servers. Nog steeds peer-to-peer.		]]></document>
	<document><![CDATA[@username dan vind ik dat je wel een erg makkelijk oordeel velt over eSports spelers in Nederland.		]]></document>
	<document><![CDATA[.@username want als je nog nooit op LAN hebt gespeeld heb je de goede en gemotiveerde NL eSports spelers nog nooit ontmoet...		]]></document>
	<document><![CDATA[@username gebrek aan kennis over eSports is er bij de toppers niet, bij jou wel. gebrek aan geld is het enige dat int. opereren blokkeert.		]]></document>
	<document><![CDATA[.@username als je wat wil bereiken moet je eerst eens leren luisteren naar mensen met ervaring en kennis als ze je iets duidelijk maken.		]]></document>
	<document><![CDATA[@username @username correct, de acceptatiegraad is nu nog laag in NL. dat verandert, maar trager dan in UK/US.		]]></document>
	<document><![CDATA[@username @username je weet dat LAN placement een team-effort is en geen individuele prestatie?		]]></document>
	<document><![CDATA[Dan scrim je, verlies je, ga je individueel haten en probeer je het te verkopen als een grapje. Goeie promotie.		]]></document>
	<document><![CDATA[@username ik heb het over individueel haten. ff lezen he gast. ;)		]]></document>
	<document><![CDATA[@username kom op jesse, jullie sturen allemaal persoonlijke tweets met haat en nu wil je eronderuit kruipen? tssk tssk tssk. ;)		]]></document>
	<document><![CDATA[@username als je niks tegen jambo hebt, klaag dan over connectie in het algemeen zonder hem te mentionen. Simpel.		]]></document>
	<document><![CDATA[@username wat je beter kunt doen is dit: record het, analyseer het en deel het met @username via @username miss dat het dan verbeterd.		]]></document>
	<document><![CDATA[@username @username jk. :S		]]></document>
	<document><![CDATA[@username ik heb er in ook een dubbel gevoel bij. Het is geen COD meer.		]]></document>
	<document><![CDATA[@username heb nog maar een paar SNDs gespeeld, ben er nog niet over uit of ik het wel leuk vind.		]]></document>
	<document><![CDATA[@username nope. Ik record tegenwoordig al mijn games om connectieproblemen aan te tonen. Die montage komt nog.		]]></document>
	<document><![CDATA[@username nope, ik gebruik die facecam om snel connectieproblemen terug te vinden. Ik sla me dan voor mijn hoofd. :)		]]></document>
	<document><![CDATA[@username @username daar heb je misschien iets https://t.co/Bh33fCeAg0		]]></document>
	<document><![CDATA[@username vanaaf miss		]]></document>
	<document><![CDATA[@username je hebt de snipe geprobeerd! Jammer dat de goggles en pet weer vergaan...		]]></document>
	<document><![CDATA[GeenStijl: Cijfers! Hoe zeldzaam is moslimfundamentalisme? - http://t.co/3uqEjM2XPZ		]]></document>
	<document><![CDATA[@username hij heeft misschien een punt; Je kunt als verdedigers de map heel makkelijk dichtzetten.		]]></document>
	<document><![CDATA[@username precies, daarom heeft COD nu 3 dev studios		]]></document>
	<document><![CDATA[@username @username @username ron, niks mis met het niveau. Psychologisch klopt het. Ontkennen omdat 'wij' gamers zijn en ...		]]></document>
	<document><![CDATA[@username @username @username ... Wij liever niet in eenkwaad daglicht komen te staan helpt niet. We moeten duidelijk maken dat...		]]></document>
	<document><![CDATA[@username @username @username ... Individuele incidentele gevallen niet representatief zijn voor een groep van honderduizenden ...		]]></document>
	<document><![CDATA[@username @username @username ook moeten we in dit soort gevallen verduidelijke dat gaming relatief een kleine factor is in dit...		]]></document>
	<document><![CDATA[@username @username @username ... Soort gevallen. De sociale omgeving ( vooral ouders ) zijn van groter belang.		]]></document>
	<document><![CDATA[@username @username @username maar vooral, in een ontkenningsstuip schieten helpt niet.		]]></document>
	<document><![CDATA[@username @username @username tsja, de meeste journalisten (ook game-journalisten) gebruiken headlines die 'pakkend' zijn.		]]></document>
	<document><![CDATA[@username @username @username in het stuk zelf wordt ook niet gesuggereerd dat gamen een hoofdzaak is. Titels, tsja. Foto? Mwah.		]]></document>
	<document><![CDATA[@username correct. Jumpen vonnik altijd irritant in COD, dat is nu helemaal over the top...		]]></document>
	<document><![CDATA[@username moet je voor de grap eens proberen nadat je 'gewend' bent aan exo-jumping.		]]></document>
	<document><![CDATA[@username meet Ken Ham http://t.co/fRM85fL0gK		]]></document>
	<document><![CDATA[@username moet ik iets voor je hacken? 400 euro.		]]></document>
	<document><![CDATA[@username @username gebruik overclock en je hebt minder tijd nodig.		]]></document>
</author>