<?xml version="1.0" encoding="UTF-8" standalone="no"?><author id="user561">
	<document><![CDATA[@username *huilt van het lachen		]]></document>
	<document><![CDATA[@username Hè verdraaid.		]]></document>
	<document><![CDATA[Gisteren zag ik een kat lopen met een muis en gras en modder in de bek.		]]></document>
	<document><![CDATA[@username nou dat wilde ik maar zeggen!		]]></document>
	<document><![CDATA[Ja wat heb ik nog meer meer meegemaakt. Even denken hoor.		]]></document>
	<document><![CDATA[@username Nee was onze kat niet hè?		]]></document>
	<document><![CDATA[@username @username ja dan doet de sirene het prima.		]]></document>
	<document><![CDATA[@username @username o sry is heel erg. maar sirene betekent dat ze snel naar ziekenhuis willen en dus nog niet dood en zo.		]]></document>
	<document><![CDATA[@username @username ja op zich, maar ik was in functie. Had me mijn baan kunnen kosten.		]]></document>
	<document><![CDATA[@username @username Hee dat is wel een goeie.		]]></document>
	<document><![CDATA[@username @username nee maar toch. ;)		]]></document>
	<document><![CDATA[Ik kom mijn lidmaatschap beëindigen wat heeft u daar op te zeggen?		]]></document>
	<document><![CDATA[Ik ben bang dat ik nog een keer naar de ah moet :(		]]></document>
	<document><![CDATA[Hoe snel kun jij radicaliseren?		]]></document>
	<document><![CDATA[Waarom zit Waylon bij de trends?		]]></document>
	<document><![CDATA[Is Waylon weer kwijt?		]]></document>
	<document><![CDATA[RT als u moeite heeft RT-verzoeken te weerstaan.		]]></document>
	<document><![CDATA[Laat je zelf inspireren!		]]></document>
	<document><![CDATA[Het loopt vast wel los.		]]></document>
	<document><![CDATA[Ik ben gewoon een creatieve zak stront.		]]></document>
	<document><![CDATA[Parachutespringen werd een tandemsprong, dat was een meevaller.		]]></document>
	<document><![CDATA[@username mazzelaar.		]]></document>
	<document><![CDATA[Mijn anus gaat echt wel naar de wetenschap als ik dood ben.		]]></document>
	<document><![CDATA[@username ja zo is het ook bedoeld wat mij betreft.		]]></document>
	<document><![CDATA[Tuut tuut tuut, ik ben op de begrafenis van Ruud.		]]></document>
	<document><![CDATA["Ja buut Elrond! Achter de boom! " -Sauron		]]></document>
	<document><![CDATA["Saruman doet maar wat." -Sauron		]]></document>
	<document><![CDATA[Het gootje van mijn grootje.		]]></document>
	<document><![CDATA[Wie de schoen niet past, trek het je niet aan.		]]></document>
	<document><![CDATA[@username @username ja en het lijkt op barbaar.		]]></document>
	<document><![CDATA[Ik kan nu echt nog niet eten hoor.		]]></document>
	<document><![CDATA[Wist u dat de ochtend het belangrijkste dagdeel is wat ontbijt betreft?		]]></document>
	<document><![CDATA[Ik eet wel een kop koffie.		]]></document>
	<document><![CDATA[@username @username @username ja nou het zal allemaal wel.		]]></document>
	<document><![CDATA[Ik zeg om de 10 seconden 'je bent een winnaar, kom op' tegen mezelf.		]]></document>
	<document><![CDATA[@username nee ik zeg dat niet hardop.		]]></document>
	<document><![CDATA[@username ik probeer een beetje te variëren.		]]></document>
	<document><![CDATA[@username Hee dat is een leuke!		]]></document>
	<document><![CDATA[@username Zullen we volgend jaar een x bij jou mortal kombat x doen?		]]></document>
	<document><![CDATA[http://t.co/W3adUoNMbG Is dit echt?		]]></document>
	<document><![CDATA[@username misschien kunnen we windmolens plaatsen daar of zo.		]]></document>
	<document><![CDATA[Gewoon een windmolen dwars door je woning.		]]></document>
	<document><![CDATA[@username nou iig een klacht. :)		]]></document>
	<document><![CDATA[Wat leuk zeg allemaal.		]]></document>
	<document><![CDATA[Je hebt mensen die praten met de bank.		]]></document>
	<document><![CDATA[@username geen idee maar ik hoor wel eens zoiets.		]]></document>
	<document><![CDATA[@username dat zegt de bank dan vaak hè?		]]></document>
	<document><![CDATA[@username O dat was jij? Leuk.		]]></document>
	<document><![CDATA[Goedenavond beste kijkers. Welkom bij 'Mijn bruid heeft een fluit.'		]]></document>
	<document><![CDATA[@username o je hebt geen ps4?		]]></document>
	<document><![CDATA[@username Nou dan moet er wel heel veel bier zijn.		]]></document>
	<document><![CDATA[@username Ja cool. Heb je ze allemaal?		]]></document>
	<document><![CDATA[@username Ach ja luisterboeken heb je ook nog. Nog nooit geprobeerd eigenlijk.		]]></document>
	<document><![CDATA[Hebben jullie nog een beetje goeie tip?		]]></document>
	<document><![CDATA[@username @username Til wat auto's op de zijkant op de parkeerplaats.		]]></document>
	<document><![CDATA[Ik zou rode cijfers prima als rooskleurig kunnen uitleggen.		]]></document>
	<document><![CDATA[Een fijne dag nog en goedemorgen.		]]></document>
	<document><![CDATA[Gisteren stapte ik uit de auto voor een wildplasmoment maar toen raakte ik een brandnetel. True story mensen.		]]></document>
	<document><![CDATA[die brandnetel raakte ik met mijn kuit hoor.		]]></document>
	<document><![CDATA[@username Feest.		]]></document>
	<document><![CDATA[Ik ben alleen met mijn bakje koffie.		]]></document>
	<document><![CDATA[@username Handjes boven de dekens. Fijne nacht.		]]></document>
	<document><![CDATA[Mijn tijdmachine is kapot. Ik ga ermee terug.		]]></document>
	<document><![CDATA[@username en je weet ze ook niet meer natuurlijk.		]]></document>
	<document><![CDATA[Die jihadisten moet je een huiskamerconcert van Wolter Kroes geven dan is het zo gedaan.		]]></document>
	<document><![CDATA[Haha ik zeg 'hup ajaher!' terwijl ik niet eens weet tegen wie ajaher speelt. Lol.  #ajaher		]]></document>
	<document><![CDATA[Dove oorcrème.		]]></document>
	<document><![CDATA[@username lieverd. :)		]]></document>
	<document><![CDATA[@username jij ook man.		]]></document>
	<document><![CDATA[Ik heb mijn buik vol van vlinders.		]]></document>
	<document><![CDATA[Sommige  dingen gaan mij aan het hart voorbij.		]]></document>
	<document><![CDATA[Ik heb ook nog een leeuw staan trouwens. Is nooit afgehaald.		]]></document>
	<document><![CDATA[@username halen. Geen kosten.		]]></document>
	<document><![CDATA[@username ja hij moet verdoofd.		]]></document>
	<document><![CDATA[@username Nee kom op, je moet je eigen dingen eens een keer regelen.		]]></document>
	<document><![CDATA[@username Je krijgt hem al gratis.		]]></document>
	<document><![CDATA[Zebra oversteak		]]></document>
	<document><![CDATA[@username Kan een van je schoonmakers toch doen?		]]></document>
	<document><![CDATA[@username Ik doe het wel weer.		]]></document>
	<document><![CDATA[Soms bel ik willekeurige mensen midden in de nacht op en dan zeg ik: "De weg is moeilijk."		]]></document>
	<document><![CDATA[Bel ik gelegen? Kan best zijn dat ik sta namelijk,  zo dronken ben ik.		]]></document>
	<document><![CDATA[Ik bel geregeld gelegen.		]]></document>
	<document><![CDATA["Vele donkeren maken licht werk." -Sinterklaas		]]></document>
	<document><![CDATA[@username Ik durf niet meer terug te lezen.		]]></document>
	<document><![CDATA[@username "Bel ik gelegen?" Ja hoor. "Hoe weet jij dat? Misschien zit ik wel."		]]></document>
	<document><![CDATA[Nog even en heel twitter is van @username		]]></document>
	<document><![CDATA[Beseffen jullie dat wel?		]]></document>
	<document><![CDATA[@username @username ik vind het juist erg leuk en creatief al die dingetjes van je.		]]></document>
	<document><![CDATA[@username ja dat zijn nog eens teksten.		]]></document>
	<document><![CDATA[Ik doe de heg.		]]></document>
	<document><![CDATA[@username of op gezette tijden dik doen.		]]></document>
	<document><![CDATA[@username of zo dik met iemand zijn dat je niet samen door 1 deur kunt. (Oudje)		]]></document>
	<document><![CDATA[Ik zit laag in m'n energie.		]]></document>
	<document><![CDATA[@username hee hoi		]]></document>
	<document><![CDATA[Nog even en je wordt opgepakt voor het zingen van een traditioneel sinterklaasliedje.		]]></document>
	<document><![CDATA[@username @username ik krijg er een kleur van.		]]></document>
	<document><![CDATA[@username ja je moet wel!		]]></document>
	<document><![CDATA[Is er een U2 verwijderingstooltje?		]]></document>
	<document><![CDATA[@username Nee. :)		]]></document>
	<document><![CDATA[@username @username @username wtf jongens hee! :(		]]></document>
</author>