<?xml version="1.0" encoding="UTF-8" standalone="no"?><author id="user25">
	<document><![CDATA[@username Van de NS wel, HTM (die mij beboette) weet ik niet zeker.		]]></document>
	<document><![CDATA[#foeballe en #janken http://t.co/O8QSGTXr7R		]]></document>
	<document><![CDATA[Dit moet een zondag zijn http://t.co/m3kaQdlqrP		]]></document>
	<document><![CDATA[@username hey ik ben laatst nog een keer in goes geweest echt mooi daar		]]></document>
	<document><![CDATA[Ons geluksmomentje in Brussel. Foto van @username http://t.co/18jA1H3sJt		]]></document>
	<document><![CDATA[Blij meisje ???????? http://t.co/X28twlL7Ii		]]></document>
	<document><![CDATA[@username Hai! Hebben jullie een tip voor een goede docu over hoe de EU ongeveer werkt met alle verschillende organen? Alvast bedankt!		]]></document>
	<document><![CDATA[@username Hai! Hebben jullie een tip voor een goede docu over hoe de EU ongeveer werkt met alle verschillende organen? Alvast bedankt!		]]></document>
	<document><![CDATA[@username Hai! Hebben jullie een tip voor een goede docu over hoe de EU ongeveer werkt met alle verschillende organen? Alvast bedankt!		]]></document>
	<document><![CDATA[@username leren pijpen heuy		]]></document>
	<document><![CDATA[@username Thanks! Zal er es naar kijken!		]]></document>
	<document><![CDATA[De carrière van Van Basten als een soort van Benjamin Button: van bondscoach tot assistent van Alex Pastoor bij AZ. Da's toch droevig.		]]></document>
	<document><![CDATA[heel het land na de klote alle turken trug naar marokko uit europa gulden terug en ZWARTE PIET IS GAAF http://t.co/MEyqozvCFx		]]></document>
	<document><![CDATA[“@username: Neef poseert met lijk van opgegraven oom http://t.co/Ldk28IVfOi http://t.co/FZ9AB92ZPn” #metjelijkopdefoto		]]></document>
	<document><![CDATA[@username nog een student. Moet nog heul veul leren. Vast eerstejaars.		]]></document>
	<document><![CDATA[Nieuw levensdoel: op alles wat @username de wereld in tweet reageren met 'ga weg'. Dit wordt echt leuk.		]]></document>
	<document><![CDATA[@username Hey! Namens onze groep: in ons rooster staat morgen de 3.2 van TBK, volgens handleiding 'bespreken productieplannen'. 1/2		]]></document>
	<document><![CDATA[@username Maar is dat niet wat we vandaag al gedaan hebben? Heb jij enig idee waar die les over gaat? Dat het wel écht een les is, zeg maar?		]]></document>
	<document><![CDATA[@username Hahaha. Zeer verhelderend. Dank! Fijne avond!		]]></document>
	<document><![CDATA[Soms kun je best lachen met die Amsterdammers #ajapsg http://t.co/kptyveEfzP		]]></document>
	<document><![CDATA[De scheids van Amsterdam-Parijs lijkt op een lamp uit de jaren '70. #ajapsg		]]></document>
	<document><![CDATA[Laatste vaarwel vanuit je autostoel /via @username // Dit is onzin, stond vorig jaar al in @username  http://t.co/CP0nEgC4xr		]]></document>
	<document><![CDATA[@username natuurlijk weer Nederlanders		]]></document>
	<document><![CDATA[Uit de categorie 'gesprekken die niemand echt voert' http://t.co/wW4QofJFFC		]]></document>
	<document><![CDATA[Ik vind Rail Away echt een heel mooi programma. Voor als je tachtig, ongehuwd en suïcidaal bent.		]]></document>
	<document><![CDATA[Mooi he. MOOI HE. jatochnietdan. http://t.co/JuAWni3COJ		]]></document>
	<document><![CDATA[Elke stad heeft zo z'n icoon/symbool. Wij hebben een zeven meter tuinkabouter met een… http://t.co/NhdteM09Uk		]]></document>
	<document><![CDATA[@username @username Prachtig onderzoeksjournalistiek artikel. Echt smullen.		]]></document>
	<document><![CDATA[Is het nou Héracles, Herácles of Jupiler League volgend seizoen?		]]></document>
	<document><![CDATA[Houd toch alsjeblieft op. http://t.co/aeuceGIfbR		]]></document>
	<document><![CDATA[@username De ongrijpbaarheid van Twittert. Houd ervan.		]]></document>
	<document><![CDATA[En ik keek toen zo http://t.co/Ua7UzGVjy3		]]></document>
	<document><![CDATA[De VN-speech van Timmermans was veel beter dan dat tuinbroekenbetoog van Emma Watson.		]]></document>
	<document><![CDATA['Lef is het enkelvoud van leven.' - Lucile Werner, 2014.		]]></document>
	<document><![CDATA[@username of 21 jump street!		]]></document>
	<document><![CDATA[Weten jullie nog, de Ice Bucket Challenge? #vroeger		]]></document>
	<document><![CDATA[Een #gedichtje over de #bendgate van Apple. Zo deden we dat met gebogen voetbalplaatjes ook altijd,… http://t.co/qF0Dp6hyJM		]]></document>
	<document><![CDATA[@username @username net zoals ik naar jou kijk ongeveer		]]></document>
	<document><![CDATA[@username verklaar je nader ze vertellen toch wat er is? Die voxpopjes zijn wel om te kotsen inderdaad		]]></document>
	<document><![CDATA[@username Helaas :( Was er uberhaupt graag heen gegaan. Maar zal vast in de krant komen! Red m'n beroep en koop 'm!		]]></document>
	<document><![CDATA[Sluitend betoog en spijker op de kop van Maarten in het Zwartepietenverhaal. http://t.co/0gnJ9F68Ta		]]></document>
	<document><![CDATA[Ga toch breien, Maarten.		]]></document>
	<document><![CDATA[Lekker op de elektrische fjets naar Delft #dagjesmensen #matchendebodywarmers #selfiets http://t.co/MQQmRsECIE		]]></document>
	<document><![CDATA[Mooi. Het eerste Feyenoord-doelpunt in vier wedstrijden wordt gemaakt door iemand zonder Feyenoord-shirt.		]]></document>
	<document><![CDATA[Heel fijn dat Feyenoord ook zelf nog doelpunten kan maken. Heel fijn.		]]></document>
	<document><![CDATA[Opvallender: prins rent marathon in maatpak. http://t.co/nqINgWAauq		]]></document>
	<document><![CDATA[@username De video van iamlarsmoritz http://t.co/Etj5XPB77G / Goal Kazim!		]]></document>
	<document><![CDATA[@username Hi		]]></document>
	<document><![CDATA[“@username: Voorburg vanmorgen (2). http://t.co/CZZMcjGGI1 http://t.co/wCoyYjssC8” // Logo van Isis is blijkbaar hele blije cycloop		]]></document>
	<document><![CDATA[WZAWZDB = Wij Zijn Allemaal Waardeloos Zonder De Boer.		]]></document>
	<document><![CDATA[@username @username Je moet me dit echt eens uitleggen.		]]></document>
	<document><![CDATA[@username  WZIHHNOJOTZ Waarom Zou Ik Heb Helemaal Niets Om Jaloers Op Te Zijn. Neem m'n high five van vanmiddag terug.		]]></document>
	<document><![CDATA[@username wat een omslachtigheid.		]]></document>
	<document><![CDATA[@username Het is persoonlijk. Maar dit is gewoon een lekkere plaat.		]]></document>
	<document><![CDATA[Er is een toch iets droevigers dan Tilburg in de regen: een dauw-nat Tilburg na een nacht met minder… http://t.co/k9YOI99bdj		]]></document>
	<document><![CDATA[Arbeidsongeval, schrijverseditie. http://t.co/uuqcPaify8		]]></document>
	<document><![CDATA[Heb ook een zus http://t.co/XNatBcSQ8D		]]></document>
	<document><![CDATA[Was vroeger schattig http://t.co/gvN22nbPYF		]]></document>
	<document><![CDATA[Ajax had gewoon effe snel moeten wisselen voor Tim Krul.		]]></document>
	<document><![CDATA[Vind de term 'thuis wonen' maar gek. Ook als je niet 'thuis' woont, woon je toch gewoon ergens waar je 'thuis' bent?		]]></document>
	<document><![CDATA[Schöne eraf. Kan m'n teevee uit.		]]></document>
	<document><![CDATA[Mijn telefoon autocorrigeerde 'wondvocht' naar 'eindhoven' dus dit is een mooie dag.		]]></document>
	<document><![CDATA[@username heeft te maken met de oude railcatering-karretjes. Heeft ooit iemand z'n verwondering voor geschreven voor Ger!		]]></document>
	<document><![CDATA[Best grappig dat het offerfeest en dierendag dit jaar op dezelfde datum vallen.		]]></document>
	<document><![CDATA[@username @username had het oprecht niet door, maar hij is weg. De grote @username heeft het alleenrecht op soortgelijke grappen.		]]></document>
	<document><![CDATA[@username @username wel als ze blijkbaar zo overduidelijk hetzelfde zijn. Was onbewust geïnspireerd denk ik. Sorry @username #onelove		]]></document>
	<document><![CDATA[Wilde gewoon een digitaal krantenabonnement nemen en nu heb ik ineens een aandachtstekort-hyperkinetische stoornis http://t.co/gUWEuGetPX		]]></document>
	<document><![CDATA[Vriendinnetje Senna is zo goed als fit genoeg voor onze lievelings-activiteit: doelloos door de buurt… http://t.co/TvPrX65RtR		]]></document>
	<document><![CDATA[Waarom speelt Feyenoord in van die afzichtelijke witte broekkies? #dtv #feysta		]]></document>
	<document><![CDATA[@username wat een onzin :(		]]></document>
	<document><![CDATA[@username en terecht! Gaat ook niet bij te houden zo snel. Al bij de markthal geweest?		]]></document>
	<document><![CDATA[Opportunist pakt de laatste vierkante centimeter nazomerzon http://t.co/xaNIrHraCS		]]></document>
	<document><![CDATA[Toch houd ik van je, Rotterdam #watdachiedan http://t.co/Xw0eKZP0xC		]]></document>
	<document><![CDATA[Met het chickie aan de Maas http://t.co/w4cG5k4xaM		]]></document>
	<document><![CDATA[@username Op de bank zitten, kringetjes blazen en schelden met de overkant. Voornamelijk.		]]></document>
	<document><![CDATA[Oh natuurlijk auto ga lekker zo doen joh domme auto IK HOEF TOCH NERGENS HEEN ugh #kutleven http://t.co/6c7SsnksVE		]]></document>
	<document><![CDATA[Walking in the club like what up was 12 jaar zorg dat je zes kilometer afstand houdt bij t slowen http://t.co/SDVKJ0fjGq		]]></document>
	<document><![CDATA[@username wat zeg je m'n helm zit over m'n oren http://t.co/9DpqpluboG		]]></document>
	<document><![CDATA[@username geen idee! Zou misschien kunnen? Zo ja: hippe broek!		]]></document>
	<document><![CDATA[@username heb nog zoooo veel meer gênante foto's gevonden hahaha		]]></document>
	<document><![CDATA[Natuurlijk weer dierendag http://t.co/FPJ0nsUExP		]]></document>
	<document><![CDATA[Het mooiste aan rotterdam? Dat je overal een kapsalon ken krijgen.		]]></document>
	<document><![CDATA[Over paar uur slapen zit ik voor het eerst van m'n leven in de kuip. Dan moet dat maar mooi worden.		]]></document>
	<document><![CDATA['Weet jij nog waar je was toen de nazomer van dit jaar in één dag veranderde in de herfst?'
'Dat weet ik over veertig jaar nog steeds.'		]]></document>
	<document><![CDATA[In de tram naar de kuip. Nog nooit zoveel mensen in de tram gezien op zondagmorgen. Dit wordt een mooie dag.		]]></document>
	<document><![CDATA[In de kuip schenken ze blijkbaar geen bier. Oplossing is een zaterdagnacht te hebben waar je u tegen zegt en gelijk door te gaan ????????????????		]]></document>
	<document><![CDATA[@username oorlog. Met uitjes.		]]></document>
	<document><![CDATA[Volgend jaar doe ik mee aan Heel Holland Bakt n		]]></document>
	<document><![CDATA[Als je nog geen depressie hebt krijg je 'm hier wel van @username Tilburg, Netherlands http://t.co/84Q1ewM1Qi		]]></document>
	<document><![CDATA[Als je nog geen depressie hebt krijg je 'm hier wel van @username Tilburg, Netherlands http://t.co/NpBCPGtBkS		]]></document>
	<document><![CDATA[De zomer is dood. Ik at andijvie.		]]></document>
	<document><![CDATA[Bij voorgestelde pagina's. Laat me met rust. http://t.co/qXqk9yPE5A		]]></document>
	<document><![CDATA[@username Staat je spellingscontrole uit haha		]]></document>
	<document><![CDATA[Hovenierde m'n baard de wasbak in en lijk nu wel twaalf ugh #scheerfie http://t.co/nMerPVxzER		]]></document>
	<document><![CDATA[@username Moet je nog uitkijken voor salmonella ook		]]></document>
	<document><![CDATA[@username Hahaha. Ben ik ook. Hij moet alleen zo vaak gesnoeid worden.		]]></document>
	<document><![CDATA[Dit doen alleen horeca-medewerksters, homo's, @username en ik http://t.co/j9GEGcu4ki		]]></document>
	<document><![CDATA[Crisis in de vakbond en de winnaar van de Elfstedentocht is dood. De jaren '70 belden, ze willen hun nieuwsonderwerpen terug.		]]></document>
	<document><![CDATA[@username @username iMoet je hem blijkbaar niet in een mapje zetten. http://t.co/SuCy6s8fg9		]]></document>
	<document><![CDATA[Op dit moment rolt zo'n beetje állerlaatste Sp!ts óóit van de pers. #besef. Op welke voorpagina kan ik nu lezen over de borsten van Barbie?		]]></document>
</author>