<?xml version="1.0" encoding="UTF-8" standalone="no"?><author id="user699">
	<document><![CDATA[@username Daar zou ik niet te hard op hopen :-p		]]></document>
	<document><![CDATA[@username Onze ploeg is heus niet meer het kneusje van vroeger hoor :-D Maar echt een prachtige goal !!		]]></document>
	<document><![CDATA[@username Als ze stoppen met scoren komt je voorspelling uit !		]]></document>
	<document><![CDATA[@username Inderdaad! Je voorspelling ben je ondertussen wel kwijt, maar daar ben je vast niet rouwig om ;-)		]]></document>
	<document><![CDATA[@username Als BE er voor NL zou uitliggen, hypothetisch uiteraard ;-) dan kom ik wel een keer mee voor Oranje supporteren in NL		]]></document>
	<document><![CDATA[@username of weten we pas nog later als ze beide naar 8e finales zouden gaan		]]></document>
	<document><![CDATA[@username Te koop in Kuiperstraat 50, Schoten voor het goede doel.		]]></document>
	<document><![CDATA[@username @username wat een gedoe toch		]]></document>
	<document><![CDATA[@username moest het nog niet geweten zijn: bussen van Roosevelt richting A'pen Noord vertrekken te vaak 1,2 of zelfs 3 min te vroeg #lastig		]]></document>
	<document><![CDATA[@username zal ik in toekomst doen, van daarnet ben ik lijnnr vergeten		]]></document>
	<document><![CDATA[@username al zo vroeg op de dag		]]></document>
	<document><![CDATA[Verkeerspolitie nodig op kruispunt bredastraat en ijzerlaan. Mensen rijden geblokkeerd kruispunt op, blokkeren zo andere richting.		]]></document>
	<document><![CDATA[@username Als het nu een dagje down blijft zou het nog wel eens een productieve dag kunnen zijn. Economie + 10%		]]></document>
	<document><![CDATA[@username de 610 stond op mijnlijn.be van halte 105890 stond mét signaal op 3 min. Even later is hij verdwenen, maar niet langsgekomen?		]]></document>
	<document><![CDATA[@username volgens mij het die van 17u55 geweest zijn		]]></document>
	<document><![CDATA[@username komt helemaal in orde! Succes!		]]></document>
	<document><![CDATA[@username @username Ze had gelijk !		]]></document>
	<document><![CDATA[@username Gelukkig geen examen spelling ;-) #aarDRijkskunde		]]></document>
	<document><![CDATA[@username Haha. prostitutie - f*ck. Zorg maar dat je niet aangeklaagd wordt door de prof wegens een te hoge factuur ;-)		]]></document>
	<document><![CDATA[@username Ben er net nog eens ingeraakt. Er staat nog niets online blijkbaar #fwo		]]></document>
	<document><![CDATA[@username En zelfs als de website dan eens laadt, staat de lijst nog niet online. ETA minus 40 min.		]]></document>
	<document><![CDATA[@username @username @username Idioten, kan iemand die elders uploaden en zo met ons delen?		]]></document>
	<document><![CDATA[@username Kunnen ze dat dan niet op twitter doen waar iedereen er aankan, in plaats van enkel de vrienden?  @username		]]></document>
	<document><![CDATA[@username @username Of zelfs een mailtje naar alle applicanten had sneller geweest #lt		]]></document>
	<document><![CDATA[@username @username héla gemeenschappen en gewesten niet doorheen halen hé, zijn andere dingen		]]></document>
	<document><![CDATA[@username bijten vind ik toch een categorie apart		]]></document>
	<document><![CDATA[Graag nog eens in Antwerpen! RT @username: Voor herhaling vatbaar? http://t.co/3LqHU4NB28 #workinthepark		]]></document>
	<document><![CDATA[@username Ik dacht ook dat Wilmots toch Lukaku weer zou laten starten. Hij wou Origi toch sparen?		]]></document>
	<document><![CDATA[@username Maar! Wel logisch dat we full house gaan en de best mogelijke ploeg op het veld zetten. Als we dit winnen is WK geslaagd.		]]></document>
	<document><![CDATA[@username Ik ben alleszins ook benieuwd! Gij moet trouwens nu van uw rust met Bert genieten ;-)		]]></document>
	<document><![CDATA[@username Het zijn de RODE duivels hé		]]></document>
	<document><![CDATA[@username haha, ja kzal u gemakkelijk vinden zo!		]]></document>
	<document><![CDATA[.@username Kan de voorstelling van zaterdag 17u misschien vervroegd worden? #1418 @username @username #argbel #wk2014		]]></document>
	<document><![CDATA[.@username Kan de voorstelling van #musical1418 zaterdag 17u misschien vervroegd worden?  #argbel #wk2014		]]></document>
	<document><![CDATA[#GoogleDown sneller opgelost dan #FacebookDown tijdje geleden		]]></document>
	<document><![CDATA[@username Zeg, maar hou het daar is wat netjes. De vloer ligt er daar bij alsof het uw kamer is.		]]></document>
	<document><![CDATA[Veel te beleven, maar geen mooie wedstrijd #BRACOL		]]></document>
	<document><![CDATA[@username @username Ouch, voor een leerkracht verdient dat ontslag, wat mij betreft. Maar ook een ernstig falen van de school/directie...		]]></document>
	<document><![CDATA[@username @username Veel plezier !!		]]></document>
	<document><![CDATA[@username Een 'uitje' is zeker nogal Noord-Nederlands, waarom niet gewoon 'uitstap' ?		]]></document>
	<document><![CDATA[@username Wat vond je ervan?		]]></document>
	<document><![CDATA[@username @username @username Of had even geen geld of tijd?		]]></document>
	<document><![CDATA[@username Ik zal eens zien of ik @username kan overtuigen om een reis naar Sydney te sponsoren volgend jaar #dh2015 ;-)		]]></document>
	<document><![CDATA[@username Ga je zaterdag nog op groot scherm kijken? Ik wil wel mee komen supporteren!		]]></document>
	<document><![CDATA[@username Wel, ik zou naar daar kunnen komen. Tilburg is niet zo ver hé. Maar jammer dat je niet kan!		]]></document>
	<document><![CDATA[@username Dat hoeft niet hoor. Wil me niet opdringen! Dacht dat jij als die-hard oranjefan wel zou gaan juichen voor 3e plaats		]]></document>
	<document><![CDATA[@username Ja, wij ook. Maar dat kunnen er slechts 2 zijn. Is jammer want Argentinië was zeker niet per sé beter (net als bij ons)		]]></document>
	<document><![CDATA[@username Bij ons was dat vlug over, omdat we al zo tevreden waren na 12 jaar zo ver te geraken. :-) en de match tegen USA was zo mooi		]]></document>
	<document><![CDATA[@username Ah, je bent serieus? Duisburg, nare geschiedenis met veel volk daar.		]]></document>
	<document><![CDATA[@username Denk ik en hoop ik ook! Mooi Brazilië ingemaakt alleszins!		]]></document>
	<document><![CDATA[@username waarom? Ze spelen vuil. #bracol nog niet vergeten en nu Silva weeral eigenlijk rood verdiend		]]></document>
	<document><![CDATA[@username dat trekken was wel degelijk gebeurd!		]]></document>
	<document><![CDATA[@username lief van je! Maar #bracol was werkelijk gepottestamp, agressie aan beide kanten en slecht gefloten		]]></document>
	<document><![CDATA[@username toch aant zien? :-) veel plezier opt feestje!		]]></document>
	<document><![CDATA[@username ik weet het. Ik kijk vanuit de Belgische zetel mee! ;-) hup holland hup!		]]></document>
	<document><![CDATA[@username penalty ipv de rode kaart dan, en supernipt inderdaad		]]></document>
	<document><![CDATA[Nederland stelde alle 23 spelers in selectie op tijdens dit wk. Sympathiek en blijkbaar ook eerste keer ooit. #braned		]]></document>
	<document><![CDATA[Hoep Deutschland hoep #duiarg		]]></document>
	<document><![CDATA[@username Die chauffeur moet dat toch al lang gemeld hebben. Weet @username echt nog van niets?		]]></document>
	<document><![CDATA[Ja, wij willen @username als nieuwe sidekick in @username !!		]]></document>
	<document><![CDATA[.@username nu even serieus, @username is de perfecte vervanger voor Jonas Geirnaert in  @username #diw		]]></document>
	<document><![CDATA[@username Haha, merci! Het heeft op facebook gestaan, maar Twitter blijkbaar niet :-p		]]></document>
	<document><![CDATA[@username Wat niet is kan nog worden, en misschien zelfs sneller dan je denkt ;-)		]]></document>
	<document><![CDATA[@username Overigens, vandaar deze vacature ter mijner vervanging op het #AMiCA project http://t.co/js5XBBoFbl		]]></document>
	<document><![CDATA[@username http://t.co/pNP131VCvN Zet jij je poster ook op de website bij talks? (tenzij publicatie, dan is’t conference paper)		]]></document>
	<document><![CDATA[@username als er iemand het kan, ben jij het! (Niemand anders heeft zeggenschap over jouw lichaam)		]]></document>
	<document><![CDATA[@username Ik had wel meer steun van @username verwacht, maar die zal haar roes aan’t uitslapen zijn.		]]></document>
	<document><![CDATA[@username @username het is nu eenmaal realiteit. Bij middenoosten rapportage worden ze ook getoond		]]></document>
	<document><![CDATA[@username Met de fiets was heerlijk :-)		]]></document>
	<document><![CDATA[@username Wat hele zomer toe? Net nu ik eens een iced latté of milkshake wil :-(		]]></document>
	<document><![CDATA[@username Totaal gebrek aan respect voor UA-personeel		]]></document>
	<document><![CDATA[@username (Ik kom daar eerlijk gezegd bijna nooit, maar met dit weer is een milkshake een beter vooruitzicht dan een warme koffie hier.)		]]></document>
	<document><![CDATA[@username Problemen met de wetenschapsquiz (via fb login). Liep 2 maal vast, achteraf ook een error, kon niet delen		]]></document>
	<document><![CDATA[@username Walter Broeckx in Mortsel heeft 2 x per week spreekuren zonder afspraak. Ga wel half uur voort begint! Hij is bekend en goed		]]></document>
	<document><![CDATA[@username Bedankt voor de opvolging!		]]></document>
	<document><![CDATA[@username Lees de nieuwe van Aspo, Verhulkt of Lanoya		]]></document>
	<document><![CDATA[.@username in #VlaReg? Vergeet jullie engagement tov @username niet !!		]]></document>
	<document><![CDATA[@username @username @username Investeren in welzijn. Da's goed. Dan gaan jullie dus toch eens naar @username luisteren?		]]></document>
	<document><![CDATA[@username @username @username Niet zolang hij aftredend MP is, en dat is hij, geloof ik, tot de inzwering van de nieuwe #vlareg ?		]]></document>
	<document><![CDATA[@username I would if I could. En dat zeg ik niet enkel om je beter te doen voelen :-p		]]></document>
	<document><![CDATA[Kan men bij @username eens staken tegen het BAM-tracé? (of voor @username) Zoek iemand nr wie @username @username @username mss luisteren		]]></document>
	<document><![CDATA[@username @username @username @username Een retweet tegen BAM?  https://t.co/mZ2xs5yM6u		]]></document>
	<document><![CDATA[@username Indien toch zo, dan is de Antwerpenaar alleszins een ontevreden klant.		]]></document>
	<document><![CDATA[@username dat is echt!! :-o		]]></document>
	<document><![CDATA[.@username kunnen we via twitter aan gemeente #schoten vragen dat ze in buurtpark snoeien? http://t.co/r57fmwpwdE		]]></document>
	<document><![CDATA[@username @username Klopt! Bedankt vr reactie!		]]></document>
	<document><![CDATA[@username @username Gezien er al ingeboet is op kwaliteit de laatste jaren denk ik dat de optie efficiëntie al lang opgebruikt is.		]]></document>
	<document><![CDATA[@username @username Maar besparing al jaren bezig. En universiteit is meer dan onderwijs, ook maatsch dienstverl & onderzoek lijden		]]></document>
	<document><![CDATA[@username @username Behalve het feit dat die oefening al jaren bezig is.		]]></document>
	<document><![CDATA[@username interessant! :-) tweet maar als je aan je deur bent		]]></document>
	<document><![CDATA[@username mathematisch is alles nog mogelijk		]]></document>
	<document><![CDATA[@username andere routes zorgen voor spanning :-D		]]></document>
	<document><![CDATA[@username ja, ben weer net voor je. Maar was achter je op ijzerlaan. Inderdaad snelle buschauffeur		]]></document>
	<document><![CDATA[@username weer ingehaald zeker? Wij hadden een gekke valler.		]]></document>
	<document><![CDATA[@username maar komt helemaal goed hoor #team610		]]></document>
	<document><![CDATA[@username ik zie je toch toekomstlaan inrijden? Wij voor t licht		]]></document>
	<document><![CDATA[@username vlak achter je in metropoolstraat #team610		]]></document>
	<document><![CDATA[@username En belangrijker: #dtv gebruikers, wie zijn ze, wat doen ze, en waar komen ze vandaag?		]]></document>
	<document><![CDATA[Ik wil post! Jullie ook? RT @username: Ik heb zin om jou te schrijven. #PostVanKamiel http://t.co/luwuEYaNON		]]></document>
	<document><![CDATA[@username Ja, onder een rokje of jurkje. http://t.co/iRkVr2K2BO		]]></document>
</author>