<?xml version="1.0" encoding="UTF-8" standalone="no"?><author id="user587">
	<document><![CDATA[Here we go again: Morgen zou wel eens de beste dag van mijn leven knn worden. En deze x komt hv @username. Da's tenminste e vrouw! M ballen!		]]></document>
	<document><![CDATA[En hopla! Weeral e bus @username die er niet doorkomt. 'k Sta hier nochtans van 9.20u. En 'k sta hier niet alleen. http://t.co/oUnZDOHnXV		]]></document>
	<document><![CDATA[“@username:Verstandelijke gehandicapte krijgt #GAS-boete vr dwarsfluit spelen op straat http://t.co/n8aVVHDUnE” Zijn ze nu helemaal! @username		]]></document>
	<document><![CDATA[“@username: Hoe bevorder je #creativiteit op de werkvloer? #hautekiet http://t.co/vjfJf9Mm2c” Lijkt me iets vr @username en @username		]]></document>
	<document><![CDATA[“@username: Hoe bevorder je #creativiteit op de werkvloer?” Maak gebruik ve intern #socialmedia netwerk zoals #Yammer vr ideegeneratie		]]></document>
	<document><![CDATA[Leuk om hier vnvnd ook Nath'je en @username tegen te komen. De leerkrachten hbb duidelijk ook vakantie! :-D #Christmas #FEEST		]]></document>
	<document><![CDATA[Dat komt al meer in de buurt! Dan toch nog een feestje vnvnd, oef! Infinity van Infinity Ink. #Shazam.  http://t.co/ui7B0PiuTS		]]></document>
	<document><![CDATA[En daarmee is weeral bewezen dat het soms beter is om niet te blijven waar je bent.Wat een feest! :-) Stilstaan is gn optie.
#change #moveon		]]></document>
	<document><![CDATA[@username Môh, hoe lief! Wordt ongetwijfeld een heerlijke kerstavond. :-) Geniet ervan. Zalig Kerstmis! En euhm.. drive home safely!		]]></document>
	<document><![CDATA[@username Fijn. Vnvnd ook weer plannen? Benieuwd nr je copiloot vr vandaag! :-)		]]></document>
	<document><![CDATA[@username kom nr ons; gewoon iets eten met een aantal individuen. Ik stuur je h adres		]]></document>
	<document><![CDATA[En net zoals vorig jaar: nog geen plannen en alleen vanavond? Kom gerust af! Laat mr weten. Onder h mom "Nodig eens een eenzame uit" :-D		]]></document>
	<document><![CDATA[Nog iemand h lumineuze idee om te gaan wandelen ih Peerdsbos en e gluhwein te gaan drinken ih Brasschaats Winterdorp? See you there!		]]></document>
	<document><![CDATA[@username en meer van lezen! http://t.co/YOdDVyPRXT		]]></document>
	<document><![CDATA[Operatie repatriëring uit Rwanda. Geslaagd. 
Met de nodige brancards, rolstoelen en krukken.		]]></document>
	<document><![CDATA[@username vooral breuken, barsten en schrammen.		]]></document>
	<document><![CDATA[Nieuwjaar is ook nt meer wat het geweest is. 07.30u en al onderweg naar huis. Mijn gezelschap wordt ouder.. :-) Mr wel 'een goei feestje'!		]]></document>
	<document><![CDATA[#twinspirations 3 op 7/2, een inspirerend initiatief van @username: ik wil er alvast bij zijn.  http://t.co/cua7eCLr07		]]></document>
	<document><![CDATA[Ik zal m'n 'kerstkaartjes' eens beginnen schrijven, hmmhmm. Wil je er ook eentje ontvangen? Stuur me je adres. :-) http://t.co/Zydj3S3bFR		]]></document>
	<document><![CDATA[“@username: @username niet een beetje vroeg om kaartjes voor kerst 2014 te schrijven? :p”
"'k Zen een rappe, he" ;-)		]]></document>
	<document><![CDATA[Ne mens heeft ni veel nodig om ne fijnen avond te beleven.'Bord & Spelen' #dungeonsanddragons
http://t.co/BpyRlM4cnt http://t.co/itXJVjxPvN		]]></document>
	<document><![CDATA[“@username: Zondag #Schotenschol zou ik gaan? Waarschijnlijk weer zoveel volk. #Schoten”
Ik zal er zijn! Mss tot morgen ergens tss de hoop..		]]></document>
	<document><![CDATA[“@username: #matchday #Beerschot de bezoekende ploeg zal Schriek hebben” 
:-) Enjoy, hopelijk komen de Kielse ratten er zonder Schriek vanaf		]]></document>
	<document><![CDATA[Voormalige #MissAmerica vandaag gespot in #Schoten. @username dat lijkt me een extra reden om morgen nr #SchotenSchol te gaan.. #EnjoyWE		]]></document>
	<document><![CDATA[“@username: Goedemorgen, is er iemand die ervaring heeft met de studie rechten in deeltijd? #dtv” @username als ik me niet vergis.		]]></document>
	<document><![CDATA[Heerlijk rustig hier op't werk. Al zou een pintje straks wel smaken. Anyone?! :-)		]]></document>
	<document><![CDATA[Schol. En doe de glazen nog eens vol! :-) http://t.co/JPEOjBZsd5		]]></document>
	<document><![CDATA[Nog steeds op zoek nr personen,bedrijven, organisaties,gemeentebesturen, scholen,.. die de Special Olympics willen sponsoren!		]]></document>
	<document><![CDATA[Vr luttele €1000 kan je jezelf al "Proud Sponsor of the Special Olympics" heten (Dit mag je op AL je producten vermelden!). Contacteer mij!		]]></document>
	<document><![CDATA[Ha, je bent me te snel af, @username! :-)
Hou 15 september maar al vrij voor een uitgebreide reportage over het symposium op @username :-)		]]></document>
	<document><![CDATA[Lees hier gratis hoofdstuk v "De #leider in de spiegel".
Over #leiderschap, zelfbewustzijn & empowerment #19thoughts http://t.co/D2UDmF0jVV		]]></document>
	<document><![CDATA[“@username: Wordt jouw organisatie ook ‘proud sponsor of the #specialolympics’? Check http://t.co/DWeL3x8vnC”
Je bent een topper, Ellen!		]]></document>
	<document><![CDATA[RT “@username: Brouwerij Bavik viert 120ste verjaardag met nieuwe naam & logo: 1894 De Brabandere Brouwerij http://t.co/FHdJAnzp9t”		]]></document>
	<document><![CDATA[#LT Lijkt me ideaal geschenk vr #huwelijk @username & @username #bandb #thewedding :-)
@username		]]></document>
	<document><![CDATA[#Goesting! Daar gaat 2014 over. Ik #BELIEVE ie inspirerend jaar, waarin we samen h verschil maken. Dixit @username http://t.co/2aQQJMhAga		]]></document>
	<document><![CDATA[I just supported #BELIEVE in 2014 on @username // @username http://t.co/5F8VHFjdsI
Voor een 2014 met #goesting		]]></document>
	<document><![CDATA[“@username: @username Nu pas begin het aanhang te krijgen @username is daar al langer mee bezig..” Fijn dat het wordt opgemerkt :-)		]]></document>
	<document><![CDATA[“@username: “@username: @username maar je hebt wel een punt dat  @username 'sterk' bezig is... @username #respect” dank je!” +1		]]></document>
	<document><![CDATA[WIN 4 #Superfan-kaarten twv €25 vr #ANYParty!Maak e creatief ontwerp m #AntwMgtSchool id hoofdrol, deel via #socialmedia & win! #AMSSuperfan		]]></document>
	<document><![CDATA[Hey @username, was jij tevreden over de navorming cross media management a kdg? Ben zelf op zoek naar "iets" van opleiding Conversation mngt		]]></document>
	<document><![CDATA[Dankjewel, @username!
Stuur gerust de link nr de Special Olympics Sponsorpakketten door nr geïnteresseerden!
http://t.co/XgHnccpnsW		]]></document>
	<document><![CDATA[@username nog niet. Maar ik ben ook niet de project manager; dat is Emmanuelle Duval (+ de collega's vd marketing). Vervangt zij dan Yves?		]]></document>
	<document><![CDATA[Move over, Nadine. Ik flaneer vanaf morgen door de #tramesantlei in ne #pelsenfrak. Totdat hij mij komt halen. 
:-D HELD! @username
#Schoten		]]></document>
	<document><![CDATA[Makes me feel at home! Deze uitgeweken West-Vlaming in Antwerpen is alvast fan!
@username @username @username @username		]]></document>
	<document><![CDATA[“@username: Speciale #FF voor mijn (nog verdeer af te werken) 'must follow tweeps' lijst: http://t.co/C9ayhNkNik”
Thanks for mentioning me!		]]></document>
	<document><![CDATA[Spontane zangstonde: "Je weer te ontmoeten; dat maakt me blij-blij-blij-blij! Dat heet dan gelukkig zijn." :-)
#Geluk zit in kleine dingen.		]]></document>
	<document><![CDATA[Twee vliegen in één klap;
Twee Lodi's in één foto. 
Fijne IRL ontmoeting! Tot op dat etentje, @username ;-) http://t.co/SwOF4a30VJ		]]></document>
	<document><![CDATA[+1. :-)) “@username: Aan al mijn medestudenten: interessante #FF @username Visie, lezingen, educatie,tips,all in one!” #waardering		]]></document>
	<document><![CDATA[Proficiat, Tom! Volgende week met iets meer exposure op @username - succes met je #startup! 
@username @username		]]></document>
	<document><![CDATA[Maar enfin!
Het 'GAS-vehikel'; episode 321.. #GAS http://t.co/nfgS4ZDgup		]]></document>
	<document><![CDATA[@username volgende week al elke middag en avond plannen..
21-22-28 en 31 knn. Overdag en/of 's avonds. Past daar iets?		]]></document>
	<document><![CDATA[Onderzoekers maken 3D printer die in 24u huis kan bouwen - mogelijke toepassingen bij natuurrampen, vluchtelingen,..?
http://t.co/X2JcADVRDM		]]></document>
	<document><![CDATA[@username Zotjes! Ze weten daar kwaliteit en schoonheid duidelijk te waarderen! Geniet van je vakantie. En van de heruitzending. :-)		]]></document>
	<document><![CDATA[@username @username En dat vermenigvuldigen doet ze door af te trekken. :p LOL		]]></document>
	<document><![CDATA[@username Ha, mss lukt het me dan dit jaar eens om  te komen luisteren naar je les over #socialmedia  keep me posted!		]]></document>
	<document><![CDATA[The love of my Life.
Die gulle lach, die vrolijke blik,dat leuke ventje! Heerlijk! :-) *SMAK* http://t.co/YPi5KtoYYm		]]></document>
	<document><![CDATA[Weer een fijne IRL ontmoeting. #luckygirl
CC @username		]]></document>
	<document><![CDATA["We maken er samen iets moois van"
Orry Van de Wauwer tijdens de nieuwjaarsreceptie in Schilde! cc @username #CDenV http://t.co/16MeDXkb5g		]]></document>
	<document><![CDATA[Heb al 3 versies gehoord. De gilden, de havenarbeiders en de ambtenaren die eed afleggen. Alle redenen zijn goed vr feest @username		]]></document>
	<document><![CDATA[Deze West-Vlaming in #Antwerpen kreeg voor vandaag al 4 uitnodigingen voor #worstenbrood & #appelbollen ter gelegenheid van #VerlorenMaandag		]]></document>
	<document><![CDATA[3 versies over herkomst #VerlorenMaandag. De gilden, de havenarbeiders ed ambtenaren die eed afleggen. Alle redenen zijn goed vr #feest		]]></document>
	<document><![CDATA[“@username: Vrijdag verschijnt er weer een nieuw artikel op http://t.co/2PoUcPX0et.”
Aantal topics v je bucketlist zie ik ook wel zitten		]]></document>
	<document><![CDATA[Hallo @username @username drukkerij Geers Offset doet dit ook.		]]></document>
	<document><![CDATA[Nog een lange weg te gaan.... #socialmedia
@username		]]></document>
	<document><![CDATA[Ongelooflijk. Hoe komen ze er bij?!
The 15 Worst Corporate Logo Fails http://t.co/5gIKo4hQhT via @username #fail		]]></document>
	<document><![CDATA[Hey @username, heb je deze al gezien :-) Hilarische opvolger vr The muscles from Brusels :-)
Greetings from Chuck: http://t.co/Mwwk8jbvQR		]]></document>
	<document><![CDATA[@username Bezoek alle landen/alle wereldwonderen, ga nr #BurningMan, #MardiGras, #Sziget, #Tibet,.. Vooral reizen, cultuur en muziek dus		]]></document>
	<document><![CDATA[Als dat niet het werk is van @username! Samen werken aan een propere stad! #Antwerpen #Bedankt http://t.co/tQ0ApvHJcE		]]></document>
	<document><![CDATA[“@username: #Sustainability is geld verdienen binnen de beperkingen v mensen & vd planeet #creatalks” #CSR dr Peter Wollaert @username		]]></document>
	<document><![CDATA[Ongehoord! En dat voor een bedrijf dat #duurzaamheid en #MVO zo hoog in het vaandel draagt! @username @username		]]></document>
	<document><![CDATA[Bedankt Jan! “@username: De slides van de @username/@username #creatalks van @username vind je hier: http://t.co/kZZAzTDavy” #CSR #MVO		]]></document>
	<document><![CDATA[@username @username @username Jammer genoeg.We zijn er ons nog steeds te weinig van bewust dat elke bijdrage, hoe klein ook, telt #duurzaam		]]></document>
	<document><![CDATA[@username neen, maar met kunst, cultuur, lekker eten en reizen, kom je al heel ver. :-)		]]></document>
	<document><![CDATA[“@username: Al gehoord van #Schoten Stikt In 't GROOT? Een gezellige selfmade markt op 27 april http://t.co/9TSngpcmzE”		]]></document>
	<document><![CDATA[Totally agree @username.Er zijn nog stds te veel (jonge) mensen die zich onvoldoende bewust zijn vh belang v #pensioensparen #toekomst #ABVV		]]></document>
	<document><![CDATA[Vraagje @username: volgde jij de Navorming Cross Media Management op kdg? Tevreden van? Kan ik ergens testimonials vinden? Of hashtag?		]]></document>
	<document><![CDATA[@username Blijkbaar wel.. We zullen zien wat het geeft. http://t.co/Fu1aAabNd4		]]></document>
	<document><![CDATA[@username @username Ik zal het de komende dagen eens bekijken en contact opnemen. Bedankt alvast vr de informatie en vr jullie antwoorden.		]]></document>
	<document><![CDATA[“@username: Inspiration @username Opening minds to impact the world. #inspiration #AMS” Geweldige tagline voor een geweldige missie!		]]></document>
	<document><![CDATA[Echt he! Vond ik er ook van! Vandaar dat ik het absoluut met jullie wilde delen.. Knn wij ook nt zoiets bedenken?! @username @username		]]></document>
	<document><![CDATA[Daarnet hotdog & gluhwein bij de studenten tvv community project; nu uitgebreide 5-gangendiner bij #Présence #Schoten
http://t.co/1BenxSPq8w		]]></document>
	<document><![CDATA[Geweldig he! #feest in den bureau! @username		]]></document>
	<document><![CDATA[We zijn ondertss 35 min. verder. Is die blogpost al beschikbaar, @username? Alleszins succes! cc @username @username		]]></document>
	<document><![CDATA[Proficiat @username! Dat verdient een pluim! En een RT! #duurzaamheid in de praktijk. #MVO & #CSR in woord & daad!
#sustainability		]]></document>
	<document><![CDATA[Aha, als dat ons Sofie -aka CC Titmouse- niet is! Topcollega geweest! Binnenkort mss jouw collega?! @username zoekt project manager
@username		]]></document>
	<document><![CDATA[#RESPECT! @username geeft haar #VasteBenoeming als #ambtenaar op! WAUW-WAUW-WAUW! #straffemadam! SUCCES, Lesley  http://t.co/tjCmhHUlfV		]]></document>
	<document><![CDATA[Haha, hedudagezien, @username? :-)) @username		]]></document>
	<document><![CDATA[Hmm.. @username @username: staatssecretaris John Crombez verwarren m organisator Miss-verkiezing Ignace Crombez #nigoebezig #deochtend #KBC		]]></document>
	<document><![CDATA[Heb je de nieuwste blog van @username al gelezen, Heidi?  http://t.co/ogxsn2bmIJ @username @username 
#VasteBenoeming		]]></document>
	<document><![CDATA[#Creativiteit in #Vlaanderen kent geen grenzen. Machtig! #BrokenCircleBreakdown 
http://t.co/CXfmEKeuUj		]]></document>
	<document><![CDATA[@username Geen probleem. 't Was eigenlijk "wreed goed"! Volledig akoestisch; heel intieme setting, maar ok!  Nog een fijne avond!		]]></document>
	<document><![CDATA[Akoestisch #tapijtconcert vd #Fixkes. Intiem kader, gezellige sfeer, lekkere hapjes, wijntje er bij, toffe muzikanten én een fijn weerzien.		]]></document>
	<document><![CDATA[Ingeschreven vr de "Conversation Day" volgende week zaterdag in Leuven. Over #SocialMedia & #Conversation/ #Community management.		]]></document>
	<document><![CDATA[RT “@username: Bedank jullie vrijwilligers en schrijf ze nu in voor de Prijs voor het Vrijwilligerswerk. http://t.co/mdV8y8IN03”		]]></document>
	<document><![CDATA[Goed om weten dat onze politici zich laten bijstaan in hun job door topambtenaren. #kabinetschef #ambtenaren #FOD http://t.co/VxYF3QObA1		]]></document>
	<document><![CDATA[Elke week meer volk op de markt in #Schoten! #Overdekoppenlopen. Ik zal wel rustig gaan ontbijten/brunchen in #CaféMarché. #EnjoyWE		]]></document>
	<document><![CDATA[Het gevaar is niet dat mensen te hoog mikken en vervolgens falen, maar dat ze te laag mikken en slagen. #believe in yourself! @username		]]></document>
	<document><![CDATA[Klinkt superboeiend, Bart! Ik ben benieuwd naar meer. Succes @username		]]></document>
	<document><![CDATA[@username hmm, lekker! Geniet ervan! Fijn weekend!		]]></document>
	<document><![CDATA[.@username dan ben je dus vlakbij! Ik zie je straks in #DeProf! :-)#EnjoyWE		]]></document>
</author>