<?xml version="1.0" encoding="UTF-8" standalone="no"?><author id="user959">
	<document><![CDATA[Vind massage niet eens fijn ofzo, meeste kunnen het niet eens goed.		]]></document>
	<document><![CDATA[Heb volgende week dus een schoonmaak toets op school... ????		]]></document>
	<document><![CDATA[De tijd gaat snel.		]]></document>
	<document><![CDATA[Snap niet hoe jongens op lopende make-up-dozen vallen..		]]></document>
	<document><![CDATA[Hinderlijk dat ik geen wifi heb tijdelijk, en mn mb's dus snel gaan.		]]></document>
	<document><![CDATA["@username: "@username: Alleen iemand waarvan je echt houdt, is in staat om je te kwetsen.""		]]></document>
	<document><![CDATA["@username: Altijd leuk wanneer snitches je tweets retweeten over vertrouwen."		]]></document>
	<document><![CDATA[Morgen tot 5 uur naar school ????????		]]></document>
	<document><![CDATA["@username: Bizar: In India gooien ze baby's van een tempel voor geluk... http://t.co/SgXfxmlS0v http://t.co/KnhXqLsw4B" wtf ????????		]]></document>
	<document><![CDATA[In de bus naar school.		]]></document>
	<document><![CDATA["@username: @username @username dat is sws onzin" geen idee.. kan		]]></document>
	<document><![CDATA[Eindelijk thuis van school.		]]></document>
	<document><![CDATA[Hoe sommige mensen je op straat aankijken.. wow		]]></document>
	<document><![CDATA[Bijna weekend, hellyeah.		]]></document>
	<document><![CDATA["@username: Wie komt er nog meer uit Fryslán?" Ik zit er op school.		]]></document>
	<document><![CDATA[Jahoor, 8 Mile komt vanavond op een zender die ik niet heb :s		]]></document>
	<document><![CDATA["@username: Ik zit echt nooit op FaceBook vind het maar een kutsite."		]]></document>
	<document><![CDATA[Ik heb geen eens facebook..		]]></document>
	<document><![CDATA["@username: "@username: Jahoor, 8 Mile komt vanavond op een zender die ik niet heb :s" welke zender? !" < HBO		]]></document>
	<document><![CDATA["@username: @username mweh heb ik ook niet meer" arme wij ????		]]></document>
	<document><![CDATA["@username: Volgensmij zitten er echt 25 mensen op onze wifi" ????		]]></document>
	<document><![CDATA[Whut.. op je 11e al autorijden		]]></document>
	<document><![CDATA["@username: RT @username: Whut.. op je 11e al autorijden // Kan gewoon" nou nee, gebeuren al genoeg ongelukken		]]></document>
	<document><![CDATA["@username: @username hahaha fa2" dacht al waar is je verstand... ????		]]></document>
	<document><![CDATA["@username: Ik heb jullie niet nodig,  alleen mijn ouders en zusje kan ik 100% vertrouwen en op bouwen." ????		]]></document>
	<document><![CDATA[Ludo met tranen in zn ogen.. 1e keer dat ik dat zie.		]]></document>
	<document><![CDATA["@username: Kk gay als een jongen zijn wenkies epileert" hahaah ????		]]></document>
	<document><![CDATA["@username: "@username: Zonder ludo zou gtst kk gaar zijn.""		]]></document>
	<document><![CDATA["@username: Teveel slangen, deel me denkwijze niet meer.." ????????		]]></document>
	<document><![CDATA[Volgende vakantie een weekje naar Rotterdam.		]]></document>
	<document><![CDATA["@username: Waarom halen ze die "online" ook niet weg als je je laatst gezien uitzet"		]]></document>
	<document><![CDATA[Ik haat het om mn wekker op 6 uur te moeten zetten, wil het liefst geen wekker hoeven zetten.		]]></document>
	<document><![CDATA["@username: 1e keer en 2e keer http://t.co/tGr4sheuuZ" je nieuwe verzameling? ????????		]]></document>
	<document><![CDATA[Jammer dat er geen app is die laat zien wie je tl lezen.		]]></document>
	<document><![CDATA["@username: @username :( kapotte ligge allemaal vuilinsbuilt" haha als je nieuwe hebt moet je er voorzichtig mee zijn		]]></document>
	<document><![CDATA[Slapen, verbinding uit, sweetdreams ????		]]></document>
	<document><![CDATA["@username: RT @username: Waarom beloftes maken als je die toch niet kan houden?"		]]></document>
	<document><![CDATA[Maar ey, zwarte piet is zwart door de schoorsteen toch, de kerstman gaat door die zelfde schoorsteen en hij blijft wit...		]]></document>
	<document><![CDATA["@username: @username hij blijft klemme omdat ie dik is" bullshit dit .		]]></document>
	<document><![CDATA["@username: @username Kerst is na sinterklaas waardoor de schoorstenen al schoon zijn ????" hahaha leuk bedacht ????		]]></document>
	<document><![CDATA[@username nou ik wil mensen alleen laten beseffen dat die hele shit niet klopt.. want ineens kom je als een neger uit die schoorsteen ????????		]]></document>
	<document><![CDATA["@username: Sommige dingen zijn nergens goed voor."		]]></document>
	<document><![CDATA["@username: Je moers vagina lijkt op een ouwe mandarijn met een bruin randje." ????????		]]></document>
	<document><![CDATA["@username: Jij neemt een relatie om vreemd te gaan dan is het voor poep eigenlijk maja ????????"		]]></document>
	<document><![CDATA["@username: Je lippen zijn een beetje droog ????????"		]]></document>
	<document><![CDATA[Straks 2 uurtjes  Skills, daarna 2 uurtjes Rekenen en daarna vrij.		]]></document>
	<document><![CDATA["@username: Altijd hoor je hoe jongens meisjes moeten behandelen, maar meisjes moeten precies hetzelfde doen hoor"  ????????		]]></document>
	<document><![CDATA["@username: Een echte relatie vind je niet in deze tijd hoor ????"		]]></document>
	<document><![CDATA[Net ff naar de jumbo geweest.. kan ik nu niet eens eten want de pauze is zo voorbij gvd.		]]></document>
	<document><![CDATA[Ik heb trek in eten maar zit in de les.. shit		]]></document>
	<document><![CDATA[Gtst kijken		]]></document>
	<document><![CDATA["@username: Als je geen respect voor mij hebt, heb ik ook geen respect voor jou.????"		]]></document>
	<document><![CDATA["@username: “@username: Ik wil ook zo graag op mezelf wonen joh”"		]]></document>
	<document><![CDATA[Vandaag komt April Alice weer bij tvoh.		]]></document>
	<document><![CDATA["@username: Morgen concert van @username ????" veel plezier morgen!		]]></document>
	<document><![CDATA["@username: Ooit ga je me missen, maar dan ben ik weg."		]]></document>
	<document><![CDATA[Je tweet allemaal slechte dingen over een persoon, en vervolgens neem je er een relatie mee... juist ????		]]></document>
	<document><![CDATA[Sommige mensen doen hun relatie heel mooi voor op twitter, maar hebben elke dag ruzie.		]]></document>
	<document><![CDATA[Wel tof van April dat ze hem mee neemt.		]]></document>
	<document><![CDATA[Ik heb eindelijk weer wifi.		]]></document>
	<document><![CDATA[Je beseft bepaalde dingen niet.		]]></document>
	<document><![CDATA[Na alles wat er tussen ons gebeurt is gaat het nooit meer worden zoals toen.		]]></document>
	<document><![CDATA[@username jaa dat zeker!!		]]></document>
	<document><![CDATA[Je lijkt op een hamster ????		]]></document>
	<document><![CDATA["@username: Als je deze tijd niet sterk in je schoenen staat ben je niemanddddd"		]]></document>
	<document><![CDATA["@username: Wees tevreden met wat je hebt."		]]></document>
	<document><![CDATA["@username: Wie niet probeert heeft al verloren"		]]></document>
	<document><![CDATA["@username: Kom dm'en ofzo als je wakker bent dan?????"		]]></document>
	<document><![CDATA[Je wil iets terug hebben dat er niet meer is, en ook niet meer gaat komen.		]]></document>
	<document><![CDATA[Blauwe ogen ????		]]></document>
	<document><![CDATA[Van die mensen die van alles aan je vragen om te doen, maar als je iets aan hun vraagt is het meteen teveel gevraagd.		]]></document>
	<document><![CDATA[Of zie ik gewoon alleen mn eigen tweets... lol wtf.		]]></document>
	<document><![CDATA[Vrienden zijn net stoepkrijt, wanneer het regent verdwijnen ze telkens.		]]></document>
	<document><![CDATA[Soms is het beter niet te weten wat je toch niet wist.		]]></document>
	<document><![CDATA[Wat je vandaag niet doet kan morgen te laat zijn.		]]></document>
	<document><![CDATA[Er komen altijd goede films op HBO.. maar die zender heb ik niet  ????		]]></document>
	<document><![CDATA[Het idee van ons 2 was te mooi om waar te zijn.		]]></document>
	<document><![CDATA[Ik ben de laatste tijd snel klaar met mensen.		]]></document>
	<document><![CDATA[3e kans krijg je zowieso niet meer.		]]></document>
	<document><![CDATA[Een 2e kans moet je verdienen.		]]></document>
	<document><![CDATA[Er zit een meid in mn klas en ze vraagt altijd eten aan mensen.. echt hinderlijk.		]]></document>
	<document><![CDATA[Volgens mij is ie weer aan het gamen, weet geen andere reden waarom hij anders zo laat reageert. ????		]]></document>
	<document><![CDATA["@username: net als titanic mag je van mij zinken."		]]></document>
	<document><![CDATA[Was leuk in de stad, heb eindelijk een nieuwe winterjas.		]]></document>
	<document><![CDATA["@username: Voel me net een ijsblokkie"		]]></document>
	<document><![CDATA["@username: "Krijg meer hoofd dan kussens"

Met deze line(s) ga ik volgend jaar naar #tvoh. 

Stem allemaal op mij dan ty." HAHAHA ????????		]]></document>
	<document><![CDATA["@username: Dinsdag eindelijk 15 jaar ????????????" ohyeay dan zijn we leeftijd genootjes ben ook 15 xxx		]]></document>
	<document><![CDATA["@username: @username jij bent 20 ofzo ????" niet, ben 15 hoor :s		]]></document>
	<document><![CDATA["@username: @username @username dus deze....." ga weg danny  ????		]]></document>
	<document><![CDATA["@username: @username @username Okeeee doeeei"  hun pesten mij @username help mij		]]></document>
	<document><![CDATA["@username: weetje wat ik jammer vind dat er heel veel mensen zijn met talent maar die worden niet ondekt vind dat wel minder"		]]></document>
	<document><![CDATA[Sommige denken talent te hebben, maar wat ze doen is afschuwelijk.		]]></document>
	<document><![CDATA["@username: RT @username: Sommige denken talent te hebben, maar wat ze doen is afschuwelijk./ hmmm" Denyel types ????????????????????????		]]></document>
	<document><![CDATA["@username: geen hart AHAHAHAAHAHAHAHAHAH" ik geen hart? Hmm je moest eens weten.		]]></document>
	<document><![CDATA[@username ondankbare mensen.. daar heb ik idd geen hart voor.		]]></document>
	<document><![CDATA[@username long story. Maar in iedergeval zocht ik vaak mensen waarmee hij kon samen werken. Nooit een bedankje. Wel schelden enshit.		]]></document>
	<document><![CDATA["@username: @username ewaja zo is de mensheid nou eenmaal he" valt mee ????		]]></document>
	<document><![CDATA[Als dankjewel zeggen al te moeilijk is, hoef je niet eens tegen me te praten.		]]></document>
	<document><![CDATA[Mn ma eet gewoon mn magnum ijsje ????		]]></document>
	<document><![CDATA["@username: Ik typ altijd troe ipv true. Omdat het kan." Theekan koffiekan		]]></document>
</author>