<?xml version="1.0" encoding="UTF-8" standalone="no"?><author id="user977">
	<document><![CDATA[Laatste half uurtje vandaag..		]]></document>
	<document><![CDATA[Op naar het bos! http://t.co/g8p0zNtV		]]></document>
	<document><![CDATA[Goedesmorregens..		]]></document>
	<document><![CDATA[Buurmanbaard, kut is op met je schuurmasjientje!		]]></document>
	<document><![CDATA[Imke laat me met rust.. http://t.co/HUrZ0uYy		]]></document>
	<document><![CDATA[Earlpeltoefen http://t.co/EIeLj1cm		]]></document>
	<document><![CDATA[Vandaag reflecteren wij http://t.co/r7VJRbV1		]]></document>
	<document><![CDATA[Ik wordt egt leyp van die kutbuurman met zn schuurmasjien. FUCKOP		]]></document>
	<document><![CDATA[Ilah in mijn boek http://t.co/llkiMVX4		]]></document>
	<document><![CDATA[Bbq op de braadslee thnx mom! http://t.co/VVo2ASqP		]]></document>
	<document><![CDATA[Laatste weekje #stage		]]></document>
	<document><![CDATA[Praktijkdossier nakijken... http://t.co/jrVGlEP1		]]></document>
	<document><![CDATA[@username het is zooooooo veeeeeel tekst!		]]></document>
	<document><![CDATA[Super saai! En waarom denken mensen dat ze meer weten?		]]></document>
	<document><![CDATA[Praktijkdossier af! http://t.co/yhlkWkhz		]]></document>
	<document><![CDATA[Mevrouw Hond http://t.co/ThqNzoA9		]]></document>
	<document><![CDATA[In dat torentje gooide mijn op 57 jaar geleden zakjes meel op Sinterklaas http://t.co/MmUJKqjs		]]></document>
	<document><![CDATA[Menig pauze doorgebracht.  http://t.co/9exEtfKx		]]></document>
	<document><![CDATA[ANW  was ook zo een vak... http://t.co/U1vavGkk		]]></document>
	<document><![CDATA[Op naar eindheuven http://t.co/3uh9u8oc		]]></document>
	<document><![CDATA[De gelogeerde aap http://t.co/JAZeq4R6		]]></document>
	<document><![CDATA[Ilah... Wat schrijf je nu.. http://t.co/OrjyQOjg		]]></document>
	<document><![CDATA[Nachoooooos http://t.co/QFK3koay		]]></document>
	<document><![CDATA[Plaatjes droaien http://t.co/UpeHW8DT		]]></document>
	<document><![CDATA[Hotel http://t.co/2wgFjPoK		]]></document>
	<document><![CDATA[Beer in Bryant Park http://t.co/13tvu3gn		]]></document>
	<document><![CDATA[Meelgevecht stratum was leuk. Zo weer terug voor een biertje!!		]]></document>
	<document><![CDATA[12 uur de bus pakken lukt nu ff niet. #brak		]]></document>
	<document><![CDATA[Wtf hoezo verkleed je je als konijn in de bus!		]]></document>
	<document><![CDATA[As vrijdag GRASMAAIER op UvA intro afsluiting in paradiso		]]></document>
	<document><![CDATA[@username groot houden! #pussy		]]></document>
	<document><![CDATA[@username nee overal 120 en niet 90		]]></document>
	<document><![CDATA[Er ligt een rus op de gang.. Jaaa jaaa een rus op de gang  http://twitpic.com/2jee0k		]]></document>
	<document><![CDATA[Kut bus rijd normaal je route en kut chauffeur praat abn		]]></document>
	<document><![CDATA[Melt vrijdag 01:51 http://t.co/uwBDtJE6		]]></document>
	<document><![CDATA[Nice amsterdam! http://t.co/7E2WtsUt		]]></document>
	<document><![CDATA[Amsterdam part 3 http://t.co/JKfv12Ia		]]></document>
	<document><![CDATA[Amsterdam http://t.co/XPbrajRU		]]></document>
	<document><![CDATA[Freeeeee shots http://t.co/PTWgKFUv		]]></document>
	<document><![CDATA[Doooooor http://t.co/uJQtXoXg		]]></document>
	<document><![CDATA[De k de e de r de k de kerk http://t.co/IcoqHnpO		]]></document>
	<document><![CDATA[Valenciaaaa http://t.co/70LGBNAW		]]></document>
	<document><![CDATA[Dat was me het feestje wel nu #slapen		]]></document>
	<document><![CDATA[Wtf doen al die vrachtautos op de jaagweg?		]]></document>
	<document><![CDATA[Terug in eeeindje		]]></document>
	<document><![CDATA[@username aaaaah we vinden je zielig!		]]></document>
	<document><![CDATA[we hebben een Letse immigrante van de design academy gehuisvest bij Elsje		]]></document>
	<document><![CDATA[Mensen proberen hun strippenkaart in te checken		]]></document>
	<document><![CDATA[Tim en Jip in DE RUPS op de kermis http://t.co/EwGBIWvy		]]></document>
	<document><![CDATA[Niels thnx voor het recept  http://yfrog.com/jvwyqlj		]]></document>
	<document><![CDATA[De meest onschuldige pannekoekenbakker van eindhoven #pancakes http://t.co/11crVRWT		]]></document>
	<document><![CDATA[Aardappels uit eigen tuin - Melvin #potatoes #homegrown http://t.co/P4LooCyC		]]></document>
	<document><![CDATA[Een opblaasboot		]]></document>
	<document><![CDATA[Max in de hoek #garden #punishment #donkey #maxisgemeen #horriblemax http://t.co/rP0tbaR2		]]></document>
	<document><![CDATA[Kut fietsenmaker schiet op		]]></document>
	<document><![CDATA[School. Die vrouw praat snel (@username Fontys Eindhoven R1) http://4sq.com/9vz5m0		]]></document>
	<document><![CDATA[Tijd om schoon te maken http://t.co/l3L9WHPS		]]></document>
	<document><![CDATA[Optimisme in zn puurste vorm: vandaag in mn tshirt mn sunbrill op de bike naar school		]]></document>
	<document><![CDATA[Feestje bij joey. Zo nach staddtt		]]></document>
	<document><![CDATA[Kempi rockt m hier ook		]]></document>
	<document><![CDATA[@username thnxxx maaar waar ben jij? Kom je weer s feesten met je ouwe klasgenoooootjes		]]></document>
	<document><![CDATA[De buurt wil ons weg. Ik wil de buurt weg. Bouvakkers zoek een eigen buurt met je herrie		]]></document>
	<document><![CDATA[2 stinkende bejaarden. samen maar op aparte plekken in de bus. Oma naast de enige andere gast in de bus. Gast boos		]]></document>
	<document><![CDATA[Feestje bij andré		]]></document>
	<document><![CDATA[Nieuw aanwinst van mijn vader #hog http://t.co/dTzYSWzd		]]></document>
	<document><![CDATA[#breakingbad op school! http://t.co/9joJ6NE6		]]></document>
	<document><![CDATA[Omg waarom nou weer die fucking storingen. Bus tussen den bosch en boxtel. #kutns oja en het stinkt hier!		]]></document>
	<document><![CDATA[En wat is up met de kunst in stoptreinen?		]]></document>
	<document><![CDATA[Weer zo een dag met mn hoofd er niet bij. Fijn....		]]></document>
	<document><![CDATA[Jeej weer een hoorcollege over liefde!! #kud		]]></document>
	<document><![CDATA[Boehoehoeeeeeee (@username Hoorcollegezaal R1.013) http://4sq.com/bGt8mh		]]></document>
	<document><![CDATA[#result #gardenbar #bobsonwhite De Laminaatbar is geopend! http://t.co/Q5gMQidH		]]></document>
	<document><![CDATA[Pils in het tussen uur #school #beer #bavaria http://t.co/nV3jRAxa		]]></document>
	<document><![CDATA[The gardenbar is open! http://t.co/8NUA5vW8		]]></document>
	<document><![CDATA[@username Half uur te laat op mn werk door uitval van bus 7 Bedankt!		]]></document>
	<document><![CDATA[Naar centje in de trein. Fuxing druk		]]></document>
	<document><![CDATA[@username met een d		]]></document>
	<document><![CDATA[Repeteren @username conservatorium amsterdam		]]></document>
	<document><![CDATA[@username heb je de rechten van die foto wel?		]]></document>
	<document><![CDATA[http://yfrog.com/2ozt8rj haarlem		]]></document>
	<document><![CDATA[In de bus. Start de tijd		]]></document>
	<document><![CDATA[@username stiekum tog kots!  Of was het nie zo een mop die te flauw voor woorden is?		]]></document>
	<document><![CDATA[Shit verkeerd seizoen house op mn iphone wat nu in de trein?		]]></document>
	<document><![CDATA["overleven in relaties" leuk boek zelfs in de trein		]]></document>
	<document><![CDATA[In bus 2 tijd loopt nog		]]></document>
	<document><![CDATA[Hoezo de fuxing kerstverlichting in ehv nu al?		]]></document>
	<document><![CDATA[#nikko #toshogu #boxing since 4 weeks http://t.co/nGtcJAzH		]]></document>
	<document><![CDATA[lkkr #koffietijd kijken		]]></document>
	<document><![CDATA[wtf die bas bij #koffietijd maakt constant grappen naar vincent bijlo(blind) "op wie lijkt die stem?, is wel beetje stevie wonder he"		]]></document>
	<document><![CDATA[nogmaals... Bas: "Verschrikkelijk om te zien"		]]></document>
	<document><![CDATA[Vanavond Beerpong spelen bij eric		]]></document>
	<document><![CDATA[Repeteren met de heer G. Maaier		]]></document>
	<document><![CDATA[Onderweg naar conservaaa t repetitie Gras M.		]]></document>
	<document><![CDATA[Hoezo heb ik in de ijtunnel wel 3g en in ilpendam niet?		]]></document>
	<document><![CDATA[@username lis wakker blijven!		]]></document>
	<document><![CDATA[Kijk eens wat ik heb gevonden! http://t.co/gdjAeCgQ		]]></document>
	<document><![CDATA[#glitter in het filter van de droger @username  http://t.co/JHIBBVL4		]]></document>
	<document><![CDATA[Onky en Donky was het toch? @username en @username  http://t.co/vgAJvKo8		]]></document>
	<document><![CDATA[Geen 14,30 maar 1,43. Domme cassiereeeee!!! http://t.co/5MneCYEt		]]></document>
	<document><![CDATA[Blijft een mooi doosje #säkerhets #tändstickor #swallow #sweden #uddevalla #matches #lucifers #fire http://t.co/NzMKGGDs		]]></document>
</author>