<?xml version="1.0" encoding="UTF-8" standalone="no"?><author id="user420">
	<document><![CDATA[Wat een avond, was weer vanouds gezellig in stad.		]]></document>
	<document><![CDATA[Me rooster is echt fraude, ik was afgelopen zondag vrij, maandag & dinsdag werken, woensdag donderdag vrij en vrijdag zaterdag werken. 1/2		]]></document>
	<document><![CDATA[Nu ben ik morgen vrij, maandag werken, dinsdag en woensdag weer vrij. Ik geniet.		]]></document>
	<document><![CDATA[Ik ben nog steeds aan het nagenieten van die chille donderdag avond.		]]></document>
	<document><![CDATA[@username heb ik verwijderd		]]></document>
	<document><![CDATA[@username reeds heb ik bij jullie een vervangede laptop accu gekocht, deze blijkt het helaas niet te doen. 1/2		]]></document>
	<document><![CDATA[@username nu heb ik hier reeds eerder over gebeld en toen zou mij een nieuwe toegestuurd worden, hier wacht ik echter nog steeds op.2/2		]]></document>
	<document><![CDATA[Hoe noem je het als je kennis opdoet van Instagram? Installeren.		]]></document>
	<document><![CDATA[Werd leuk onthaald in de buurt net, stap de bus uit net z'n vechtpartijtje daar.		]]></document>
	<document><![CDATA[Weer even op Twitter, wanneer was mijn laatste tweet? 
'bout a week ago *dancing*		]]></document>
	<document><![CDATA[Houd die in je achterhoofd.		]]></document>
	<document><![CDATA[Wel in je achterhoofd houden hé. Niet in je voorhoofd want die is al zo groot.		]]></document>
	<document><![CDATA[Heerlijke muzieknacht.		]]></document>
	<document><![CDATA[Wat een fijne werkdag vandaag, moest elf beginnen, van 11 tot 4 over het park gescheurt met de golfcar en laatste drie uurtjes lekker rustig		]]></document>
	<document><![CDATA[@username dat laatste zei 'n vriendin ook!		]]></document>
	<document><![CDATA[Word je toch schijt ziek van wat een kkr eikels		]]></document>
	<document><![CDATA[Als @username supporter dit seizoen.. https://t.co/tP3Re1mmWv		]]></document>
	<document><![CDATA[Wanneer ze je eindelijk appt. https://t.co/QZcV0pHr7u"		]]></document>
	<document><![CDATA[Ik wed dat je schattig bent als je mijn naam kreunt.		]]></document>
	<document><![CDATA[Mijn broer was van de verkeerde kant.
Was hij homo? Nee, NSB-er.		]]></document>
	<document><![CDATA[Wanneer ik me bankafschriften zie.. https://t.co/MPtPR374hW.		]]></document>
	<document><![CDATA[@username al kreeg ik er geld bij..		]]></document>
	<document><![CDATA[@username @username jullie weten wel wat je weggeeft. De el clasico van de polder.		]]></document>
	<document><![CDATA[@username @username gefeliciteerd pik!		]]></document>
	<document><![CDATA[Het is nooit te laat.		]]></document>
	<document><![CDATA[Wanneer je een verkeerd nummer krijgt.. http://t.co/OvUPUvyqN1		]]></document>
	<document><![CDATA[RT "@username: Eindelijk lekker weekend !!????"		]]></document>
	<document><![CDATA[@username wat word er gezegd		]]></document>
	<document><![CDATA[En dan noemen ze Sinterklaas rasistisch maar wel meedoen aan blackfriday shopping. http://t.co/OL0Zwsc4Uu		]]></document>
	<document><![CDATA[Topstage gehad bij TopVakanties. Nu van mijn welverdiende vakantie genieten. ????		]]></document>
	<document><![CDATA[Als we daten.. http://t.co/fabOyF6IoV		]]></document>
	<document><![CDATA[Kwam ik zowaar @username tegen, gelijk even geshopt.		]]></document>
	<document><![CDATA[Waar is het feestje? Onderweg naar het feestje.		]]></document>
	<document><![CDATA[Super chill feestie gehad.		]]></document>
	<document><![CDATA[Fijn een PS3 in de woonkamer, moeder pikt me PS3 voor Netflix erop...		]]></document>
	<document><![CDATA[Heerlijk dromen dat jij hier bent en ik jou kan voelen.		]]></document>
	<document><![CDATA[@username 2 weken geleden al		]]></document>
	<document><![CDATA[Wanneer mensen van een mug een olifant maken..

https://t.co/Tkm5JFwIRH		]]></document>
	<document><![CDATA[Ik ga helemaal stuk om mijn laatste tweet ????????????????		]]></document>
	<document><![CDATA[Wanneer iemand wat van je nodig heeft https://t.co/2Yhk5u9w15		]]></document>
	<document><![CDATA[Mam: we eten pizza vanavond.

Ik: lekker, van Domino's?

Mam: van supermarkt.

Ik: http://t.co/z3XYtlvWF8		]]></document>
	<document><![CDATA[Als ze vragen waarom je laat bent? http://t.co/qqAASkMkc8.		]]></document>
	<document><![CDATA[Il ben er klaar mee"@username: LMAO IM DONE http://t.co/cgrduUFUgY"		]]></document>
	<document><![CDATA[Als je eindelijk sex hebt na lange tijd.
http://t.co/bUlStr5r2Q.		]]></document>
	<document><![CDATA[Alle goede dingen komen ooit tot een einde.		]]></document>
	<document><![CDATA[En dat is één.		]]></document>
	<document><![CDATA[Man man man man man, die koekeracha died in the kitchen.		]]></document>
	<document><![CDATA[Drie clubstempels op de hand, nul geil tongetje op me lul.		]]></document>
	<document><![CDATA[Daar lig je dan, helemaal alleen in een 2,5 pers. Bed terwijl ik gewoon met Lianne en Lissa had kunnen liggen (en neuken).		]]></document>
	<document><![CDATA[Is lang geleden dat ik zo heb lopen bekken, je kan me bijna RZEBECCA NOEMEn.		]]></document>
	<document><![CDATA[Deze avond gaat uit naar Oliver (wij mogen Olly zeggen)  voor het laten proeven van t goede leven en het laten zien van de harde clubs. Dank		]]></document>
	<document><![CDATA[LIanne ik vind het jammer dat je vriendinnen weg wilde..k had je zo diep kunnen neuken dat je wou dat je bleef. #karma		]]></document>
	<document><![CDATA[Het waren wel 101 zoensessies, waarvoor dank.		]]></document>
	<document><![CDATA[Hartelijk dank meiden voor het cockblocken, anders was ik over 9 maanden vader geworden. ????		]]></document>
	<document><![CDATA[Een (Mario) been uit bed houden om niet té duizilig te zijn. #drunklife		]]></document>
	<document><![CDATA[Ben wel blij met dit bed, ik kan helemaal breed liggen zonder dar me voeten  buitenbeen djng noeit

M		]]></document>
	<document><![CDATA[Wat een kater, hallalujsh		]]></document>
	<document><![CDATA[Wanneer onze Düsseldorfse stamkroeg karaoke avond heeft. http://t.co/81FIaMbPjl		]]></document>
	<document><![CDATA[Harten worden gebroken door de woorden die niet worden besproken.		]]></document>
	<document><![CDATA[Weer terug in Holanda.		]]></document>
	<document><![CDATA[Wanneer je pa erachter komt dat je iemand wilt steken. http://t.co/pz9mRShWDf		]]></document>
	<document><![CDATA[Die trein staat kapot/heel lang stil bij Utrecht Centraal.		]]></document>
	<document><![CDATA[Jij verdient een sprookjes einde.		]]></document>
	<document><![CDATA[@username 's reactie nadat we as. zondag Ajax verslaan.

https://t.co/ArVO3OZI1K.		]]></document>
	<document><![CDATA[Me lippen zijn kronkante krab.		]]></document>
	<document><![CDATA[Wanneer je super zin in kerst hebt.. https://t.co/Bagtg7xOtw.		]]></document>
	<document><![CDATA[Als je eindelijk alleen thuis bent.

https://t.co/lxewmsJwys		]]></document>
	<document><![CDATA[@username ik zag het, maar is niet erg hahaha ga stuk		]]></document>
	<document><![CDATA[Wanneer je een harde boer laat.. http://t.co/dVkUEBVkXw		]]></document>
	<document><![CDATA[Wanneer je ex appt dat ze je mist.
 http://t.co/AQcpFOiM4m		]]></document>
	<document><![CDATA[Wanneer je een te hoge telefoonrekening hebt ontvangen (rechts achter)

http://t.co/TJXOnbJIFX"		]]></document>
	<document><![CDATA[Hij liet het gaan
https://t.co/jsgBJc0LP8		]]></document>
	<document><![CDATA[RT "@username: Wanneer de tap opengaat.
https://t.co/auctP8QXeF"		]]></document>
	<document><![CDATA[Me zus gaat het huis uit, op zichzelf. 

https://t.co/lxewmsJwys		]]></document>
	<document><![CDATA[RT "@username: Chillin bij MacDonalds in de nacht be like.
https://t.co/NB6OARMn75"		]]></document>
	<document><![CDATA[IK GA STUK "@username: Wanneer de tap opengaat.
https://t.co/auctP8QXeF"		]]></document>
	<document><![CDATA[@username 6e is wel balling		]]></document>
	<document><![CDATA[LEIP"@username: Vreugde en tranen! @username wint de eerste prijs in zijn historie: de tweede periodetitel! http://t.co/CMd1mxONNC"		]]></document>
	<document><![CDATA[Last van me spierpijn in me linkerbeen, sowieso door het koude weer.		]]></document>
	<document><![CDATA[Ik heb letterlijk een brok in mijn keel. Wat een tyfus gevoel alsof er iets vast zit.		]]></document>
	<document><![CDATA[Facebook is schijt, iedereen met die kut filmpjes.		]]></document>
	<document><![CDATA[Wanneer de leraar zegt dat de pauze voorbij is.. http://t.co/EVrJwZL3SV.		]]></document>
	<document><![CDATA[Na het scheren van mijn schaamstreek vind ik het er altijd zo lullig bijhangen.		]]></document>
	<document><![CDATA[Ik moet ook niet spelen met mijn privé. ????		]]></document>
	<document><![CDATA[Almere is er zo een. http://t.co/o7gGiIb0Hb		]]></document>
	<document><![CDATA[RT "@username: De hele avond fifa online gespeld samen met @username de gekste wedstrijd was 7-6???? #WijZijnBaas!?????"		]]></document>
	<document><![CDATA[Wanneer ze zegt dat je pik klein is waar je vrienden bij zijn. https://t.co/dRZVtgXWaO		]]></document>
	<document><![CDATA[Meisje: ik wil een jongen met carriere..
Ik: http://t.co/DrHlwHaGP7		]]></document>
	<document><![CDATA[@username @username oja verkeerd gelezen		]]></document>
	<document><![CDATA[Mijn leven in een notendop.  https://t.co/2N0E3KfeDV.		]]></document>
	<document><![CDATA[Hoe je afrekent met iemand die een schawlbe heeft gemaakt. https://t.co/nAu4ryU3p4.		]]></document>
	<document><![CDATA[@username face doesnt even looks		]]></document>
	<document><![CDATA[Walgelijke club dat Ajax, Mike van de Hoorn  eerst verguizen door een aantal fouten en nu doen alsof het Mesias de Verlosser is door de goal		]]></document>
	<document><![CDATA[@username achste? 7 te laag.		]]></document>
	<document><![CDATA[Doelstellingen http://t.co/ZbgYrz1h1P		]]></document>
	<document><![CDATA[Vandaag is mijn dag, bij cassie pak ik 56 winst euro en bij z'n speel machine bij de bowlingbaan pak ik 35,90 winst. God is met me.		]]></document>
	<document><![CDATA[Nachtje van der valk heeft me goed gedaan, alleen zonde dat ik nu toch echt weer thuis slaap.		]]></document>
	<document><![CDATA[Als ik een euro kreeg voor al mijn stomme grappen. http://t.co/5xftJyIWNP		]]></document>
	<document><![CDATA[Oh ik heb toch z'n zin in een pizza calzone. Dus maar even besteld via de Thuisbezorgd app.		]]></document>
	<document><![CDATA[@username zo is het leven jongeman.		]]></document>
</author>