<?xml version="1.0" encoding="UTF-8" standalone="no"?><author id="user476">
	<document><![CDATA[Ik vind een @username leuk: http://t.co/sRm8lAF1n1 Sesame Street: Upside Downton Abbey		]]></document>
	<document><![CDATA[Ik vind een @username leuk: http://t.co/NxnWFOKraY Belgian Asociality - Morregen		]]></document>
	<document><![CDATA[Ik vind een @username leuk: http://t.co/v8h7ARfcBL Alain van dam		]]></document>
	<document><![CDATA[Lachen met de Engelse 'erectie' van Bart Wellens http://t.co/CmevRCTKa0 via @username		]]></document>
	<document><![CDATA[@username @username Taalgebruik verraadt pedofielen op het internet http://t.co/6OMEM9RYBE		]]></document>
	<document><![CDATA["Pas op voor de theoretische fietser!" http://t.co/GjAXGdVDz3 #vier via @username		]]></document>
	<document><![CDATA[De groei van de Amsterdamse grachtengordel http://t.co/0ZiC60oRi7		]]></document>
	<document><![CDATA[Ik vind een @username leuk: http://t.co/3OUIdZVbKo Balthazar - Leipzig (Official Video)		]]></document>
	<document><![CDATA[sarcasm alert! >> Proefproject bereidt kankerpatiënten voor op reïntegratie in harde, verzuurde omgeving http://t.co/91aTyaTgHd		]]></document>
	<document><![CDATA[De Vlaamse ScriptieKrant 2014 | Scriptieprijs http://t.co/ZwGRnSHSQJ		]]></document>
	<document><![CDATA[Met @username bij Justin Timberlake ;) http://t.co/9UVPlmcVA4		]]></document>
	<document><![CDATA[@username http://t.co/u62T0JLdQz is het spelletje waarover ik het gisteren had		]]></document>
	<document><![CDATA[Teken de petitie -- Geen zorg zonder innovatie! http://t.co/pB5U81tCiT		]]></document>
	<document><![CDATA[Spectaculaire verbinding tussen UZA en nieuw Moeder & Kind Centrum http://t.co/Zw3jy2MHAS		]]></document>
	<document><![CDATA[de term 'eenmanszaak' verdient een update: eenvrouwszaak, eenmenszaak,... - Veel minder vrouwen starten eenmanszaak http://t.co/b3oDAhBz1L		]]></document>
	<document><![CDATA[Mandaatassistent in het domein Data Science - Universiteit Antwerpen https://t.co/o2MzZEfIya via @username		]]></document>
	<document><![CDATA[:D Ander woord voor 'synoniem' gezocht - http://t.co/Oj5kzv8MuB		]]></document>
	<document><![CDATA[Ik vind een @username leuk: http://t.co/7cSk6JGxg2 Moloko "Familiar Feeling"		]]></document>
	<document><![CDATA[Mannen met baarden in jurken zijn tegen mannen met baarde... - Het Nieuwsblad http://t.co/YiEmdUAkEH		]]></document>
	<document><![CDATA[Ik vind een @username leuk: http://t.co/rzFuL9dTOy Magnetic Man - Getting Nowhere ft. John Legend		]]></document>
	<document><![CDATA[#twitterbrengtraad van @username analyseerde mijn politiek profiel. Benieuwd met welke partij ik best gelinkt ben? http://t.co/xuvvIjhFcZ		]]></document>
	<document><![CDATA[Ik stem niet op N-Va! Ik heb graag over enkele jaren nog wat persoonlijke welvaart & een sociaal vangnet! #stemanders http://t.co/aMJRcymxxX		]]></document>
	<document><![CDATA[Ik vind een @username leuk: http://t.co/jrMwscgyf0 Arcade Fire - Rococo | Juno Awards 2011		]]></document>
	<document><![CDATA[very tempting... > Let’s #workinthepark op woensdag 11 juni in Citadelpark, Gent! Wie gaat mee? http://t.co/DRirwMjAai #workinthepark		]]></document>
	<document><![CDATA[@username 't is dat ik u ken dat je mij 'dude' mag noemen...		]]></document>
	<document><![CDATA[even de hashflag testen #BEL		]]></document>
	<document><![CDATA[Woordweetje: Groenland http://t.co/XaLSIOBxsN		]]></document>
	<document><![CDATA[uitdaging voor het weekend: mijn zoontje klaarstomen voor een spreekbeurt over 'het beroep van mama/papa' #hijheeftmamagekozen		]]></document>
	<document><![CDATA[Ik vind een @username leuk: http://t.co/MPhoF0vz8C OMG WHO THE HELL CARES!		]]></document>
	<document><![CDATA[Samster en Bramster voorspellen België - Algerije: http://t.co/hRdDvuT7tV		]]></document>
	<document><![CDATA[@username bwa, ik zag op Twitter dat Facebook down was		]]></document>
	<document><![CDATA[Siska Schoeters kondigt een liedje aan met de woorden: "Dit is een liedje" @username #noneedtosaymore		]]></document>
	<document><![CDATA[zo kan het ook #tipvoorblokker --> Blokker sluit vrede met de bonnenman.: http://t.co/pCWcsxW2B8		]]></document>
	<document><![CDATA[Van Gaal briljant - 'Jij wilt mij nu opzadelen met het imago van goede trainer' http://t.co/wNws0cYSoz		]]></document>
	<document><![CDATA[Ik vind een @username leuk: http://t.co/BqkDP7Lieg The Afghan Whigs: Debonair		]]></document>
	<document><![CDATA[Jaarverslag 2013 in Lego - AZ Sint-Lucas Gent: http://t.co/mauRWp4XGr		]]></document>
	<document><![CDATA[Ik vind een @username leuk: http://t.co/S7q6qadzFR Hoe je de prijs kunt vragen die je dienst echt waard is - Webinar 2 april		]]></document>
	<document><![CDATA[@username: http://t.co/LRtWGySdos lijkt me een heel mooi initiatief. Doet het UZA al mee?		]]></document>
	<document><![CDATA[Ik vind een @username leuk: http://t.co/wVJM0DAQ8H AZEALIA BANKS - 212 FT. LAZY JAY		]]></document>
	<document><![CDATA[cd ~ | Hansel And Geekel http://t.co/LyyS4OGzn6		]]></document>
	<document><![CDATA[ik hoor het graag zeggen... "Natuurlijk zal een goede data scientist moeiteloos werk vinden [...]" CIOBelgium.be http://t.co/7FjABZ6RYI		]]></document>
	<document><![CDATA[Wie denkt mee aan recepten voor gin tonics met peer? #SHAREaPEAR #ToffePeer		]]></document>
	<document><![CDATA[iets voor @username @username ? ||| Wie denkt mee aan recepten voor gin tonics met peer? #SHAREaPEAR #ToffePeer		]]></document>
	<document><![CDATA[check your grammar @username  'Trein in Zwitserland ontspoordt zeven gewonden' http://t.co/UWu9AJst7R		]]></document>
	<document><![CDATA[Fietsparaplu: stijlvol fietsen met een dak boven je hoofd! http://t.co/Y7tNK0RHCs via @username		]]></document>
	<document><![CDATA[is het gras groener aan de andere kant van de wetenschappen? | Neder-L: Geesteswetenschappennijd http://t.co/BE6ZXzeOaj		]]></document>
	<document><![CDATA[daar gaan we weer... | Zwarte Piet moet roetpiet worden http://t.co/3GVMr28JHd via @username		]]></document>
	<document><![CDATA[@username 'in een hoekje geduwd worden' noemen ze dat :-)		]]></document>
	<document><![CDATA[CJ Bollands 'Sugar is sweeter' lijkt erg op 'Poison' van The Prodigy, niet? @username		]]></document>
	<document><![CDATA[Gezellig filerijden #E17 richting Gent		]]></document>
	<document><![CDATA[het ideale weer voor een Irish coffee vanavond... #jay		]]></document>
	<document><![CDATA["Yoghurt voor mensen die weten hoe je het spelt.” http://t.co/lhsfPL705Z via @username		]]></document>
	<document><![CDATA[Radboud en Philips werken samen aan open cloud-gebaseerd zorgplatform http://t.co/I5ZADmjPRi		]]></document>
	<document><![CDATA[Te gek voor woorden... 'Hoe Apple en Facebook meer vrouwen willen aantrekken' http://t.co/6ZPVNOWZhE via @username		]]></document>
	<document><![CDATA[StartUpVillage in Lange Gasthuisstraat vanaf 2016 - Ondernemen in Antwerpen http://t.co/sFZ52Zom9a		]]></document>
	<document><![CDATA[pingpong! -- Gentse ondernemer bedenkt wereldprimeur voor originele netwerking http://t.co/NuKW2ItdN5		]]></document>
	<document><![CDATA[Nutteloosheid in het kwadraat (fotospecial) http://t.co/WybzpVDcjq via @username		]]></document>
	<document><![CDATA[Stem op keistraffe wetenschapper en schone mens @username voor de Eos Pipet 2014 http://t.co/ERyVR6m9Nb–1 via @username		]]></document>
	<document><![CDATA[:-) Leerkrachten moeten binnenkort klusjes uitvoeren in de vakantie http://t.co/77IKUhdGR4 via @username		]]></document>
	<document><![CDATA[Geef eens een stripclub in Lego cadeau http://t.co/bptf0pEv58 via @username		]]></document>
	<document><![CDATA["De teller sloeg tilt bij 2.147.483.647 views. Dat is het grootste getal dat een 32-bit integer kan stockeren." http://t.co/N8N7UzBqR8		]]></document>
	<document><![CDATA[@username @username 't is maar hoe je het bekijkt. Ik zou zeggen: 'te hoge vrachtwagen'...		]]></document>
	<document><![CDATA[Ik vind een @username leuk: http://t.co/jj3ZuufTMk Intergalactic Lovers - No Regrets		]]></document>
	<document><![CDATA["nieuwe uitdaging zoeken" = "niet tevreden zijn" (in mijn woordenboek) Helft academici overweegt overstap naar privé http://t.co/1cuFw8CkKz		]]></document>
	<document><![CDATA[Over de ziekelijke profileringsdrang en het lijkenpikkerij van Bart De Wever en Mia Doornaert http://t.co/hIsELIK9Mf via @username		]]></document>
	<document><![CDATA[I got "De Strijder" on "Wat voor Grammaticatype ben jij?" on Qzzr! What about you? https://t.co/8ogEcXB9Kt #quizzes via @username		]]></document>
	<document><![CDATA[Elektronisch dossier voor kinderen bij Kind en Gezin - De Standaard http://t.co/bsdMDyTQvL via @username		]]></document>
	<document><![CDATA[Ik vind een @username leuk: http://t.co/c9RUz7E0C2 The Sore Losers - Tripper		]]></document>
	<document><![CDATA[gisteren genoten van de BBC-serie 'The Private Life of a Masterpiece' over Caravaggio!		]]></document>
	<document><![CDATA[@username gedeelde smart, right? ;)		]]></document>
	<document><![CDATA[12 uur om #oeganda wet te stoppen die de doodstraf geeft voor homoseksualiteit. Teken de petitie! http://t.co/gopPeOf		]]></document>
	<document><![CDATA[@username 'k heb een chocolaatje gekregen bij #exki		]]></document>
	<document><![CDATA[@username nee, gewoon vriendelijk geweest! #exki		]]></document>
	<document><![CDATA[straks naar Den Haag		]]></document>
	<document><![CDATA[morgen geen e-mail		]]></document>
	<document><![CDATA[@username Venetië is warm en vochtig, maar mooie conferentielocatie!		]]></document>
	<document><![CDATA[grappig: ads zijn ook meteen in het Italiaans #invenice		]]></document>
	<document><![CDATA[dorstig als nooit tevoren! #invenice		]]></document>
	<document><![CDATA[@username gsm-batterijlader, tandenborstel, stopcontactding voor VS		]]></document>
	<document><![CDATA[@username heb jij er van gedronken? - Portland laat dertig miljoen liter drinkwater wegspoelen na plasje in reservoir http://t.co/FqHZHVT		]]></document>
	<document><![CDATA[@username of ben jij de dader? #gekdoeninportland		]]></document>
	<document><![CDATA[@username of zoals mijn mama dikwijls zegt: 'Met ons Kim kunnen we overal maar 1 keer komen'		]]></document>
	<document><![CDATA[@username nu zou 't gelukt moeten zijn		]]></document>
	<document><![CDATA[@username Ole zou de perfecte gesprekspartner zijn! die kan uren praten over cabrio's ;)		]]></document>
</author>