<?xml version="1.0" encoding="UTF-8" standalone="no"?><author id="user698">
	<document><![CDATA[@username @username En wat zijn de eerste indrukken?		]]></document>
	<document><![CDATA[@username Volgen is iets anders dan communiceren. Beter de interacties tellen.		]]></document>
	<document><![CDATA[Onderzoeksproject #AMiCA van @username als promo voor @username  http://t.co/wxEdm2SDJG		]]></document>
	<document><![CDATA[@username Niet helemaal eens. Je kan namelijk in interactie gaan met mensen die je niet volgt, bv. als zij jou aanspreken of vermelden.		]]></document>
	<document><![CDATA[@username Eindelijk mijn kans om je irl te zien!!		]]></document>
	<document><![CDATA[@username Leuk ! Waar kunnen we onze antwoorden checken?		]]></document>
	<document><![CDATA[@username Wat denk je @username ? :-)		]]></document>
	<document><![CDATA[.@username lijkt even afwezig te zijn. Wat denk je @username? Mag ik komen? Het wordt al aan de late kant om nog een date te vinden ;-)		]]></document>
	<document><![CDATA[@username Dat lijkt me verschrikkelijk moeilijk. Hoe selecteer je wie je volgt? Welke burger is belangrijker dan andere?		]]></document>
	<document><![CDATA[@username Bedankt !! Hopelijk kan  @username nog bevestigen :-) dan sta ik er niet voor niets :-p		]]></document>
	<document><![CDATA[RT @username: @username Perfecte plaats voor advertising. Bravo, UA. :) http://t.co/wxJc7NdZvH @username		]]></document>
	<document><![CDATA[@username merci voor fijne avond, zowel als actrice als weldoener! Heb genoten van #riot		]]></document>
	<document><![CDATA[@username wou eigenlijk live tweeten maar nauwelijks mobiel internet en aandacht te veel opgeëist door de performance		]]></document>
	<document><![CDATA[@username Heeft Kristien eigenlijk al nagedacht over een naam voor haar baby? #Daan		]]></document>
	<document><![CDATA[@username Haha :) de rechtse is echter wel oranje (om Janneke een plezier te doen)		]]></document>
	<document><![CDATA[@username Serieus, we gaan echt heel ernstig het overheidsgeld gebruiken en de robots vooral geen Gagnam Style laten dansen. of toch? :)		]]></document>
	<document><![CDATA[@username En nu echt: versch. ideeën lopende, mogelijk iets met modelleren van taalverwerving door ze te laten interageren		]]></document>
	<document><![CDATA[@username In eerste instantie dus vooral ervaring opdoen, zodat we later gefundeerd projectvoorstel kunnen doen.		]]></document>
	<document><![CDATA[@username Hier valt nog iets mee te doen, moest je’t nog niet kennen: http://t.co/f0RbqcFHRl #scheireendeschepping		]]></document>
	<document><![CDATA[@username prangende vraag, mag ik morgen een versterker lenen voor een mini-optreden savonds? Sorry dat zo laat is		]]></document>
	<document><![CDATA[@username denk het wel. Is enkel om één zangmicro te versterken. Ben jij er tevreden van?		]]></document>
	<document><![CDATA[@username zou ik die eventueel morgenochtend rond 8u mogen oppikken?		]]></document>
	<document><![CDATA[@username @username Jonas, bord enkel op plaatsen zonder hinder en geeft geen voorrang, fietsers moeten ook opletten		]]></document>
	<document><![CDATA[@username Exactly my point, die zijn dus zelf verantwoordelijk of in fout als ze aangereden worden.		]]></document>
	<document><![CDATA[@username Is mogelijk door federale wetgeving sinds vorig jaar. Nu, zo’n bord enkel op plaatsen waar fietsers auto’s niet kruisen		]]></document>
	<document><![CDATA[@username Maken jullie ook Facebook apps?		]]></document>
	<document><![CDATA[@username bedankt! Het was heel erg fijn :-)		]]></document>
	<document><![CDATA[Ik ga proberen langskomen. Moet je inschrijven? RT @username: http://t.co/SQURP0HKdZ #BeTU1		]]></document>
	<document><![CDATA[#BeTU1 Reserveer alvast je gratis bier op http://t.co/kFR6yKfp9c  cc @username http://t.co/8UtqXb0K9J		]]></document>
	<document><![CDATA[Wie komt er nog naar twitter meet-up #BeTU1 in Antwerpen nu donderdag? bvb @username of @username ?  http://t.co/SQURP0HKdZ		]]></document>
	<document><![CDATA[@username Hallo Jade ! :-) Leuk je hier te zien.		]]></document>
	<document><![CDATA[@username Maak je iets voor Ketnet?		]]></document>
	<document><![CDATA[@username Voorstel: vervolg op #invlaamsevelden waarbij we inzoomen op Marie die dokter wordt in mannenwereld		]]></document>
	<document><![CDATA[@username Nalezen aub, staan minstens twee fouten in http://t.co/cF5irWsYNW		]]></document>
	<document><![CDATA[@username Spoor Oost ligt ook in de stad, zelfs binnen de ring. Zuiderdokken is juridisch onmogelijk, dus hun eis is ridicuul.		]]></document>
	<document><![CDATA[Misschien kan in @username plaats voorzien worden voor een groot evenementenplein waarop de Sinksenfoor kan plaatsvinden?		]]></document>
	<document><![CDATA[@username @username Kazerne Dossin is dan wel niet 'leuk' maar blijkbaar erg de moeite !
Maar het speelgoedmuseum is een toppertje ! :-)		]]></document>
	<document><![CDATA[Onderweg naar #BeTU1 tot zo!		]]></document>
	<document><![CDATA[@username jij bent niet op #BeTU1 geraakt? Ik moest jammer genoeg weer door. Toch enkele interessante conversaties		]]></document>
	<document><![CDATA[@username neen, maar om 19u begint er een gerelateerde workshop daar		]]></document>
	<document><![CDATA[I'm ready! “@username: De eerste #speeddating sessie start zodadelijk! Iedereen welkom! #tedxuhasselt”		]]></document>
	<document><![CDATA[@username handdoeken op in mannenwc :-p #tedxuhasselt		]]></document>
	<document><![CDATA[@username bij begin van volgende break aan helpdesk?		]]></document>
	<document><![CDATA[@username gevonden @username		]]></document>
	<document><![CDATA[@username inderdaad! Alvast proficiat met supertof event!		]]></document>
	<document><![CDATA[@username ben jij nog hier? Zin in een praatje?		]]></document>
	<document><![CDATA[Zuster Jeanne Devos op #TEDxUHasselt http://t.co/2NcS2GVJBC		]]></document>
	<document><![CDATA[@username heb ook gedeeltelijk gehoorsverlies. Ervaringen uitwisselen? #TEDxUHasselt		]]></document>
	<document><![CDATA[@username Zijn er plannen om nog een editie te organiseren?		]]></document>
	<document><![CDATA[@username Komt er nog een editie van @username ?		]]></document>
	<document><![CDATA[@username @username Tof! Ben mogelijk geïnteresseerd om eraan mee te werken.		]]></document>
	<document><![CDATA[Misschien interessant voor @username haar blog? http://t.co/xAPKYFfZp6		]]></document>
	<document><![CDATA[@username De UA ziet U !		]]></document>
	<document><![CDATA[@username Wij nemen deze overtredingen erg serieus. Uw IP-adres en gegevens zijn al doorgestuurd naar de beveiliging en de FBI. #hebjem		]]></document>
	<document><![CDATA[@username Nu moet je enkel jezelf nog gaan aangeven bij de helpdesk ICT van de unief :-P dan is het plaatje compleet		]]></document>
	<document><![CDATA[@username Verklaring: je mixte de wapenstilstanden van de twee oorlogen. 11 nov - WO1 en 8 mei - WO2 (geen feestdag)		]]></document>
	<document><![CDATA[@username Al weet natuurlijk niemand de datum van die tweede		]]></document>
	<document><![CDATA[@username Iemand heeft geluisterd naar Jong CD&V me dunkt: http://t.co/Ex7itKgSV5		]]></document>
	<document><![CDATA[@username doe Vanessa de groeten! Da's echt een heel sympathieke :)		]]></document>
	<document><![CDATA[@username Ach, rond of niet, een coalitie draait toch altijd vierkant		]]></document>
	<document><![CDATA[@username Volgens mij moet er iets ‘korter’ (tweede woord), maar wat weet ik niet.		]]></document>
	<document><![CDATA[@username Misschien wel! Kan je wat meer info mailen? :)		]]></document>
	<document><![CDATA[Voorstel: #fietsstraat maken van #turnhoutsebaan in @username ? Veilig alternatief en wagens kunnen door @username @username @username @username		]]></document>
	<document><![CDATA[@username @username toch hoogst ongebruikelijk, en ‘3 bol’ blijft wel fout, toch? :-p		]]></document>
	<document><![CDATA[@username @username Tof! Maar zou je niet beter 'trappen om te overkappen' vandaag? http://t.co/VLv6ieWxgv		]]></document>
	<document><![CDATA[@username @username aja, gij valt op rossen!		]]></document>
	<document><![CDATA[@username Vooral een teken dat je geen beha moet dragen als je gaat sporten. En waar doe je dat ook alweer? :-)		]]></document>
	<document><![CDATA[@username Toevallig een witte t-shirt? En waar ben je juist?		]]></document>
	<document><![CDATA[@username dan toch beter 'eenpersoonszaak', klinkt beter en is gelijkaardig aan andere woorden als 'tweepersoonswagen', ....		]]></document>
	<document><![CDATA[@username Al geldt natuurlijk: 'what's in a word'. "Man" betekent ook gewoon "mens" oorspronkelijk (cf. Engels ea Germaanse talen) #LT		]]></document>
	<document><![CDATA[@username laat dat nu net wel (deels) het geval zijn		]]></document>
	<document><![CDATA[#ringland RT @username: ... ring overkappen om daar Sinksefoor en Tomorrowland op te laten doorgaan? Kunnen die bezoekers de boel financieren.		]]></document>
	<document><![CDATA[@username ggd, mr blijkbaar voldoet jullie online info nt vr zijn map: "information is slowed or limited, eg Antwerp” -kunnen we fixen?		]]></document>
	<document><![CDATA[@username Tof ! Hoop dat het lukt. Ik zal hem nog eens aanmoedigen.		]]></document>
	<document><![CDATA[Deze is voor @username http://t.co/70QkaxcpiJ #tegenGAS		]]></document>
	<document><![CDATA[@username Heb te regelmatig probleem dat sms niet kan verzonden worden, meestal opgelost na herstart (iphone 5S), ideeën vr oplossing?		]]></document>
	<document><![CDATA[@username @username Proficiat, Bram ! Ik zal er zijn, al ken ik je onderwerp ondertussen al		]]></document>
	<document><![CDATA[#dolletjes ... eigenlijk past die hashtag bij alles :-)		]]></document>
	<document><![CDATA[@username Bovenstaande was eigenlijk een reactie op jouw waxtweet. #LT		]]></document>
	<document><![CDATA[Bij grote omleidingen veranderen grote verkeersstromen. Aanpassen verkeerslichten in omgeving vaak nodig!! @username #bredabaan #help		]]></document>
	<document><![CDATA[@username Oh sorry, ik wist niet dat je er gehecht aan was.		]]></document>
	<document><![CDATA[@username de Meir is dichtbij ;-)		]]></document>
	<document><![CDATA[@username de ziekte heet deRmografisme  http://t.co/evkI6EkS4R #beternalezen		]]></document>
	<document><![CDATA[@username de ziekte heet deRmografisme http://t.co/evkI6EkS4R		]]></document>
	<document><![CDATA[@username @username Ongetwijfeld gerecycleerd papier. Jammer dat mensen die foldertje aannemen (niet verplicht trouwens) geen vuilbak kennen		]]></document>
	<document><![CDATA[@username onderzoeker is Benny De DECKER !!		]]></document>
	<document><![CDATA[.@username @username Kan je aub mensen correct vermelden?? Onderzoeker is Benny DE DECKER http://t.co/voecBgXh39		]]></document>
	<document><![CDATA[@username Omdat je te laat opstond.		]]></document>
	<document><![CDATA[@username averechts met één R ;-)		]]></document>
	<document><![CDATA[@username gaat wel duidelijk zijn: “that you touch” versus “that touches you”. Leve subject-verb agreement! Maar alles voor de pun!		]]></document>
	<document><![CDATA[@username het is pas een probleem als hij nee zei		]]></document>
	<document><![CDATA[@username Als er iemand daar kans op maakt, dan ben jij het wel !		]]></document>
	<document><![CDATA[@username Ge zijt nog maar 20 !! Vandaar dat ik u nog niet tegenkwam :-p		]]></document>
	<document><![CDATA[@username was site die niet reageerde. Net nog een keer geprobeerd, lijkt nu toch te lukken #merci		]]></document>
	<document><![CDATA[@username Dit mag duidelijker als OPINIE gemarkeerd worden. Staat ook op foute plek: genderblog?		]]></document>
	<document><![CDATA[Heel benieuwd! RT @username: Bekendmaking resultaten mandaten 2014 op woensdag 25 juni om 15u via http://t.co/hHFLUf2t5i #FWOVlaanderen		]]></document>
	<document><![CDATA[@username dat kan nog tot en met zaterdag geloof ik, maar ik ben er deze week niet meer		]]></document>
	<document><![CDATA[@username @username De beiaard is het instrument. De beiaardier daarentegen kan zeker al deze dingen zijn.		]]></document>
	<document><![CDATA[@username ah jammer, had graag nog wat verder gepraat, maar dat zal voor een andere keer zijn dan		]]></document>
	<document><![CDATA[@username Ik duim nu voor Nederland, hoop op een match België-Nederland verder in het WK :-p		]]></document>
</author>