<?xml version="1.0" encoding="UTF-8" standalone="no"?><author id="user756">
	<document><![CDATA[Cool art vs Lame art: http://t.co/BCuATC06 vs http://t.co/5s6a0K4P		]]></document>
	<document><![CDATA[@username https://t.co/Lq7gu9v9Zd geeft in Opera een 403 FORBIDDEN in plaats van placeholder-site. Is niet heel handig.		]]></document>
	<document><![CDATA[@username Er staan een aantal printers fout zoals http://t.co/Vu0T4NE2ho en http://t.co/wo9r2cEZrw kan ik dit ook op de website doorgeven?		]]></document>
	<document><![CDATA[@username Ik heb pas bij jullie sim-only afgesloten, en nu breekt mn (oud toestel) scherm, kan ik nog veranderen naar GSM+sim bundel?		]]></document>
	<document><![CDATA[@username De SIM gaat in oktober pas in, trouwens. Niet dat ik al een paar maanden in het contract zit.		]]></document>
	<document><![CDATA[@username Het onderscheid tussen harassment en discussie. Beide kanten hebben hufters, daar kun je de hele groep niet op afrekenen.		]]></document>
	<document><![CDATA[@username En er is onderling veel onduidelijkheid. Sommigen willen 100% 'objectieve' reviews. Ik vind transparantie belangrijker. (1/2)		]]></document>
	<document><![CDATA[@username Sommigen zeggen dat journos/reviewers totaal niets mogen aannemen, anderen dat game copies wel kunnen maar PR party's niet. 2/2		]]></document>
	<document><![CDATA[@username @username  Alle zevenentwintigduizend comments waren doxx en harassment? Dat lijkt me vrij sterk.		]]></document>
	<document><![CDATA[@username Dit is blijkbaar ook ge-semi-poeft, en hier lijkt me niets mis mee http://t.co/OfgEDJOYku Anyway tijd voor wat leukers nu.		]]></document>
	<document><![CDATA[@username Geen gedeleted comments, maar de OP, en dus niet meer te vinden op gewone manier. Vandaar semi-poef.		]]></document>
	<document><![CDATA[@username Je kunt deze thread niet vinden tenzij je google gebruikt omdat de link van de overzichtspagina is verwijderd.		]]></document>
	<document><![CDATA[@username @username @username NYT is een van de evenwichtigere, omdat ze het verschil tussen de grote groep en de extremisten noemt.		]]></document>
	<document><![CDATA[@username Echter het is nog steeds gespitst op harassment in plaats van op de game journos. Begrijpelijk vanwege interviewee, maar toch.		]]></document>
	<document><![CDATA[@username @username @username Kwam kijken of er updates waren, zag hier nog geen reactie. 15 min voor je gezocht. http://t.co/Ep7WWPxsst		]]></document>
	<document><![CDATA[@username @username @username En? Je vroeg om screen van bedreigde GGers. Ik weet dat er tegenstanders zijn, wat is nieuw in 't artikel?		]]></document>
	<document><![CDATA[@username @username @username Even geskimd. Ik zie rape threat, mysogynist, Sarkeesian etc. Geen relevantie met bedreigingen tegen GG?		]]></document>
	<document><![CDATA[@username @username @username En zelfs een leessnelheid van ~400 wpm is niet echt onmogelijk ofzo.		]]></document>
	<document><![CDATA[@username Ik zal het morgen iets oplettender lezen.		]]></document>
	<document><![CDATA[@username @username Nee dat artikel van die footballer heeft goeie bronnen en statistische onderbouwing. Barstensvol beledigingen, dat wel		]]></document>
	<document><![CDATA[@username @username Ze beweert dat het probleem dat er is, gepolariseert word door fanatieke feministen, en dat de discussie ophoudt.		]]></document>
	<document><![CDATA[@username @username Er zit onderzoek in naar hoe lang jongens/meiden gamen, en dat komt neer op een grofweg 4:1 ratio.		]]></document>
	<document><![CDATA[@username @username Ook het aantal 'core' gamers (non-facebook, mobile).4:1 En ook de spread tussen protagonisten in de top 25 sellers. 4:1		]]></document>
	<document><![CDATA[@username @username Is 't ongebalanceerd? Helaas, ja. Maar bij lange na niet 'slechts een game met een vrouw' ongebalanceerd.		]]></document>
	<document><![CDATA[En zelfs al WAS het een 24:1 verhouding: Ik hoor weinig mensen zo erg intens klagen over electriciens en juffen. http://t.co/rxrKJ5OEu0		]]></document>
	<document><![CDATA[@username @username Media schrijft alle problemen toe aan de kant die kritiek op de media heeft. Ik heb shots gelinkt. Is meer als je zoekt		]]></document>
	<document><![CDATA[@username @username Gejank bij adverteerders? http://t.co/mXW6HkeQOa Zowel bij GG als bij antiGG.		]]></document>
	<document><![CDATA[@username @username Wat is daar opinierend aan? Hij is Amerikaan, hij gamet, en is een broseph*. Geen waardeoordeel. (*even stomme term)		]]></document>
	<document><![CDATA[@username @username Met andere woorden; waarom is geslacht en locatie (en in zekere zin hobby) relevant aan de validiteit van een mening?		]]></document>
	<document><![CDATA[@username @username Ze hebben een andere mening dan GG maar ze gebruiken dezelfde methode, degene die jij bekritiseert.		]]></document>
	<document><![CDATA[@username @username Waar haal je dat uit? Er wordt niets gezegd over de reden waarom haar blogpost gelinkt is.		]]></document>
	<document><![CDATA[@username @username Baseer je dit enkel op het feit dat ze vrouwelijk is? En dat dat dus de enige reden is waarom ze relevant is?		]]></document>
	<document><![CDATA[@username @username Dat zou ik namelijk erg sexistisch vinden, zeggen dat haar artikel alleen genoemd wordt vanwege haar geslacht.		]]></document>
	<document><![CDATA[@username @username Het is logisch dat ze een vrouwelijke gamer mening bijsluiten als het onderwerp "gamer sexisme vs vrouwen" is. Of niet?		]]></document>
	<document><![CDATA[@username @username Dus waarom noem je het 'het hoogtepunt van twijfelachtig en random'?		]]></document>
	<document><![CDATA[@username @username Daarentegen kan een mannelijke gamer wel een 'super overtuigend' 'hout snijdend' opiniestuk schrijven over dat sexisme?		]]></document>
	<document><![CDATA[@username @username Ik gebruik het als argument dat antiGG dezelfde methodes gebruikt als GG. Omdat jij GG erop kritiseerde.		]]></document>
	<document><![CDATA[@username @username Het contacteren van adverteerders is OF goed, OF slecht. Niet good als 1 groep t doet en slecht als een andere t doet.		]]></document>
	<document><![CDATA[@username @username Alle gamers met een blog zijn experts?		]]></document>
	<document><![CDATA[@username @username Ze wordt niet als deskundige geciteerd. Ze wordt geciteerd als een gamer met een blog en een mening.		]]></document>
	<document><![CDATA[@username @username Nee maar ze heeft wel een persoonlijk inzicht op de situatie. Meer dan jij en ik en iedereen met een piemel.		]]></document>
	<document><![CDATA[@username @username Behalve mensen die ooit van piemelsituatie zijn veranderd.		]]></document>
	<document><![CDATA[@username @username Maar ik zeg niet dat mannen totaal geen inzicht kunnen hebben. Alleen dat we een bepaald aspect missen.		]]></document>
	<document><![CDATA[@username @username Tenzij we onzelf net als Norah Vincent 18  maanden als het andere geslacht vermommen.		]]></document>
	<document><![CDATA[@username is dat voor mij bedoeld, en zo ja, welke precies?		]]></document>
	<document><![CDATA[@username @username Sterk tegenargument! Oh nee wacht, gewoonweg een tweede link zonder relevantie. Waarom is footballbro > gamerchick?		]]></document>
	<document><![CDATA[@username @username Ja het is vermoeiend om ongemakkelijke tegenargumenten te ontwijken. Daarom doe ik t niet. Ben ook beniewd naar vnaaf.		]]></document>
	<document><![CDATA[@username @username Is het online nu? Cool ik zal kijken.		]]></document>
	<document><![CDATA[@username For starters, een beetje teleurgesteld in het achtergrondonderzoek. http://t.co/K3d1lcDA3V		]]></document>
	<document><![CDATA[@username En een moment later, stukje van HuffPoLive is deze https://t.co/T1NoqrEFun met 3 vrouwelijke GGers. Zijn zij ook vrouwenhaters?		]]></document>
	<document><![CDATA[@username Hey jullie backgroundcheck voor videomateriaal is niet geweldig. Brianna heeft zelf die tweets geplaatst. http://t.co/cZPxmn4s5p		]]></document>
	<document><![CDATA[@username En een seconder later zie ik deze man: https://t.co/T1NoqrEFun in een interview met 3 vrouwelijke gamergate aanhangers.		]]></document>
	<document><![CDATA[@username Waarna jullie voiceover verteld dat gamergate een haatgroep is tegen vrouwen.		]]></document>
	<document><![CDATA[@username En een moment later de tweet van gamergater https://t.co/lcbwWLrHtI om een harasser te reporten. http://t.co/zP22ERVECg		]]></document>
	<document><![CDATA[@username Toen besloot ik te pauzeren en dit te melden, want het beeldmateriaal strookt niet met met de boodschap "gamergate = bedreiging"		]]></document>
	<document><![CDATA[@username Afgekeken nu. Het kijkt met oogkleppen op naar geweld. GTA, Deus Ex, Hitman, Dishonored, allemaal optioneel en onnodige kills.		]]></document>
	<document><![CDATA[@username @username Ja, sorry. Ik had het bij die ene post nog niet door maar had je er vlak na uit mn @username mentions gehaald.		]]></document>
	<document><![CDATA[@username Kijk eens naar de verplichte storyline targets. Hitman: 9 vrouw, 24 man. Dishonored: 2 V, 16 M. Deus Ex: 1V, 3M.		]]></document>
	<document><![CDATA[Terrorists, meet Streisand effect "@username: Charlie Hebdo releases on phones to meet demand http://t.co/FJzRM2b3kv http://t.co/BifpDG48oA"		]]></document>
	<document><![CDATA[In tegenstelling tot wat je verwacht, is halal/koosjer slachten (mits goed gedaan) sneller en bijna pijnloos. http://t.co/pICm5tGSeW #rotop		]]></document>
	<document><![CDATA[@username Wel als het een afgesloten set is of met gecontroleerde omstandigheden. Moet je wel met politie etc regelen dan ofcourse.		]]></document>
	<document><![CDATA[@username Dacht ik ook jarenlang. Maar het blijkt niet veel uit te maken. Dieren gaan bijna meteen buiten bewustzijn, net als bij cattlegun.		]]></document>
	<document><![CDATA[@username sterker nog, t schijnt niet te registreren op EEG/ECG, en cattle guns wel. http://t.co/pN1qvWBChr		]]></document>
	<document><![CDATA[@username Geen persoonlijke ervaring maar wel gezien. En ja dat voorbeeld is gruwelijk. Hier is een ander voorbeeld. 30 minuten, 2 delen,		]]></document>
	<document><![CDATA[@username slachten gebeurt pas in deel 2. https://t.co/nzlT0HuyIg Dieren zien geen dode dieren. Lopen buiten en komen binnen in schone kamer		]]></document>
	<document><![CDATA[@username Is wel vrij grafisch, uiteraard. Dus kijk op eigen besluit of niet. Ik kan snappen dat jij als vega het niet wilt zien.		]]></document>
	<document><![CDATA[@username Daar ben ik het mee eens. Persoonlijk gaat het mij er om hoe de dieren in leven en tijdens slachten behandeld worden. En hoe deze~		]]></document>
	<document><![CDATA[@username man met de dieren om gaat is in mijn ogen beter dan menig westerse productiefabriek. Dan kost het maar wat meer.		]]></document>
	<document><![CDATA[@username Je kunt het gewoon online kijken hoor. =) http://t.co/J7xsxVIDHZ		]]></document>
	<document><![CDATA['Tis geen probleem dat Tsjechië vluchtelingen slecht behandelt, maar dat wij ze niet slecht genoeg behandelen'#rotop Willeke, heb medeleven.		]]></document>
	<document><![CDATA[@username En toch denk ik dat Willeke een grotere bek heeft.		]]></document>
	<document><![CDATA[Oh #rotop zeg. Wie moet er persé varkensvlees hebben? Koe is luxer, en kip is ook best. Wees blij dat er uberhaupt vlees en variatie is.		]]></document>
	<document><![CDATA[@username Niks mis met dat sentiment, maar als je bedenkt dat asielszoekers ons maar ~€41 per capita per jaar kosten... kan makkelijk.		]]></document>
	<document><![CDATA[@username ~€41 per Nederlander, voor het complete asielzoekers systeem.		]]></document>
	<document><![CDATA[@username Een overweldigende meerderheid is verdronken bij het overvaren van de Mediterrane zee. Wat heeft dat met NL beleid te maken?		]]></document>
	<document><![CDATA[@username Extreem *whatever* mensen zijn eng.		]]></document>
	<document><![CDATA[@username @username Armoede is een grens. We hebben genoeg middelen om iedereen boven die grens te houden. Daarboven kunnen we gaan		]]></document>
	<document><![CDATA[@username @username verdelen naar individuele inzet. Puur kapitalisme zorgt alleen steeds groter contrast tussen top en bottom.		]]></document>
	<document><![CDATA[@username @username Puur kapitalisme geeft alle macht aan bedrijven; absolute macht corrumpeert absoluut. Het is net zo onhaalbaar ~		]]></document>
	<document><![CDATA[@username @username Nee, alleen de medelevende en vrijgevende bevolking is dan belast, en daardoor dus extra.		]]></document>
	<document><![CDATA[@username @username Altruisme en delen van middelen zijn de primaire ondergrond voor een sociale samenleving. Zonder dat is er al~		]]></document>
	<document><![CDATA[@username @username leen recht van de sterkste, en ieder voor zichzelf.		]]></document>
	<document><![CDATA[@username @username Dan profiteer je dus van (een deel) van een socialistisch basissysteem. Afgezien van de staatssubsidie direct~		]]></document>
	<document><![CDATA[@username @username aan scholen, ben jij persoonlijk gesubsidieerd.		]]></document>
	<document><![CDATA[@username @username Helaas leidt totale vrijheid op den duur juist tot minder vrijheid voor de massa door machtsverschuiving.		]]></document>
	<document><![CDATA[@username @username Heb je hier data bij? Een veelgebruikt nummer is namelijk het aantal mensen dat leeft onder $1 per dag, maar dat is		]]></document>
	<document><![CDATA[@username @username natuurlijk erg aan inflatie onderhevig.		]]></document>
	<document><![CDATA[@username Am I dangerous and violent?		]]></document>
	<document><![CDATA[@username vannacht internet weggevallen. Steam werkt wel, tweakers.net ook, alle andere sites niet meer.  DNS oid kapot? Locatie: Hardinxveld		]]></document>
	<document><![CDATA[@username Meerdere malen. Ook 30min uitgezet om af te koelen. Hielp niet. Internet werkt vandaag wel weer - weet niet waarom.		]]></document>
</author>