<?xml version="1.0" encoding="UTF-8" standalone="no"?><author id="user414">
	<document><![CDATA[Bambam, weer even klaar met huiswerk		]]></document>
	<document><![CDATA[Was een gezellige avond c:		]]></document>
	<document><![CDATA[Best gezellig zo'n hw klas		]]></document>
	<document><![CDATA[Speciaal voor @username http://t.co/pUTHgcp		]]></document>
	<document><![CDATA[Ik heb zin in het weekend jongens c:		]]></document>
	<document><![CDATA[Met de klas :DD		]]></document>
	<document><![CDATA[Gefeliciteerd! @username		]]></document>
	<document><![CDATA[Goeeedemorgen -.-		]]></document>
	<document><![CDATA[Ik heb zoveel zin in het weekend. :3		]]></document>
	<document><![CDATA[Pauze, ik wil weekend		]]></document>
	<document><![CDATA[Surprise cadeautjes vandaag :3		]]></document>
	<document><![CDATA[Else: samen met lies en Hilde langs de weg :)		]]></document>
	<document><![CDATA[Ik ga naar Londeeeeeeen! Ergens tussen kerst en oud en nieuw :DD		]]></document>
	<document><![CDATA[Ja hoor de kerstboom was 10 min binnen, de eerste kerstbal sneuvelt al...		]]></document>
	<document><![CDATA[Oké en dan valt de kerstboom om net voordat je naar bed wilt gaan.. Jeetje wat geeft dat een rommel!		]]></document>
	<document><![CDATA[mijn stage was leuk (:		]]></document>
	<document><![CDATA[oehh keulen is nu al dichtbij...		]]></document>
	<document><![CDATA[Ik ben blij (:		]]></document>
	<document><![CDATA[D: wat nu? Ik heb nog geen plattegrond voor mijn presentatie! Grr stom internet		]]></document>
	<document><![CDATA[Ik heb zin in morgen! Keulennnn		]]></document>
	<document><![CDATA[Morgen naar keulen c:		]]></document>
	<document><![CDATA[Wifi bij de Starbucks c:		]]></document>
	<document><![CDATA[Keulen was zooo leuk mensen!		]]></document>
	<document><![CDATA[aargh, kijk ik op van die leuke site's zoals h&m en zara.. superleuke kleren gezien.. ZO DUUR!		]]></document>
	<document><![CDATA[Lasagna<33 (ik weet dat je lasagne schrijft maar ik schrijf het toch zo :3)		]]></document>
	<document><![CDATA[Moe		]]></document>
	<document><![CDATA[Vroeg op school..		]]></document>
	<document><![CDATA[Antm kijken		]]></document>
	<document><![CDATA[jeez mijn timeline staat he-le-maal vol, geen zin om te lezen haha.		]]></document>
	<document><![CDATA[Moe		]]></document>
	<document><![CDATA[Was gezellig op school vandaag :D		]]></document>
	<document><![CDATA[Oke, mijn handen waren zo koud dat ik er een kwartier over deed om de deur open te krijgen..		]]></document>
	<document><![CDATA[Heerlijk gedanst weer <3		]]></document>
	<document><![CDATA[Nu een film over Coco Chanel kijken :D		]]></document>
	<document><![CDATA[Op school bij de nulanderss ;p		]]></document>
	<document><![CDATA[Brownie in de oveeeeen (:		]]></document>
	<document><![CDATA[Mijn specialiteit ^^		]]></document>
	<document><![CDATA[Film kijken in de klas		]]></document>
	<document><![CDATA[Bijna naar Millingen		]]></document>
	<document><![CDATA[Vandaag voor het eerst sushi op, was lekker! Dankuu  @username  und evelien!		]]></document>
	<document><![CDATA[Frambozen<33		]]></document>
	<document><![CDATA[@username haha, ergens bij Nijmegen een klein dorpje :D		]]></document>
	<document><![CDATA[Ik ben best moe		]]></document>
	<document><![CDATA[Het is leuk maar ik wou dat ik bij nog meer mensen kon zijn nu		]]></document>
	<document><![CDATA[Hoppaa even een album van Coldplay cadeau via de 12 dagen app!		]]></document>
	<document><![CDATA[Leuke cadeautjes gehad :D		]]></document>
	<document><![CDATA[Ik ben alleen maar moe		]]></document>
	<document><![CDATA[Eindelijk is het wat gezelliger (:		]]></document>
	<document><![CDATA[onze kerstboom wordt even kaalgeknipt omdat hij anders niet door de deur past, oke?		]]></document>
	<document><![CDATA[schaatsdag		]]></document>
	<document><![CDATA[Feestje gehad, was gezellig		]]></document>
	<document><![CDATA[Mark marie huijbregts kijken met mam #lollollol		]]></document>
	<document><![CDATA[Weer op tijd gaan slapen -_-		]]></document>
	<document><![CDATA[Op school, jahoor ik ben weer vroeg...		]]></document>
	<document><![CDATA[Het was eigenlijk best wel een leuke dag :)		]]></document>
	<document><![CDATA[Morgen jarig (:		]]></document>
	<document><![CDATA[Hee we eten Chinees, muhaha omdat ik jarig ben! Standaard excuus voor alles vandaag :3		]]></document>
	<document><![CDATA[Ohyeah, heb ik het eerste uur vrij, kom ik nog vroeg -.-'		]]></document>
	<document><![CDATA[Op school, waarom ben ik altijd zo vroeg -_-		]]></document>
	<document><![CDATA[Ik kan officieel niet zonder muziek		]]></document>
	<document><![CDATA[Ik ben voor Paul, omdat hij gewoon grappig zichzelf is (: #tvoh		]]></document>
	<document><![CDATA[Paul maakt mij echt blij! #tvoh		]]></document>
	<document><![CDATA[@username Ah naomi, paul is gewoon een reuze kleuter waar je vrolijk van wordt :D		]]></document>
	<document><![CDATA[Aah neeee niet die Chris, hij is saaaahaaaaaaai		]]></document>
	<document><![CDATA[@username Ah nee hij is echt stom		]]></document>
	<document><![CDATA[@username haha dat vals zingen 
maakt niet uit, tvoh is toch een en al nep als je het mij vraagt ;p die Paul is gewoon grappig		]]></document>
	<document><![CDATA[Nouja, voice afgelopen. Ik slapen (:		]]></document>
	<document><![CDATA[Weltrusten peoplesss		]]></document>
	<document><![CDATA[): waarom een unfollow?		]]></document>
	<document><![CDATA[coldplay 11 at 11  (: daar word ik nou blij van op mijn vrije dag		]]></document>
	<document><![CDATA[nog 10 min en dan aan hw beginnen		]]></document>
	<document><![CDATA[done with: ned, een deel fra en een deel wis		]]></document>
	<document><![CDATA[yess morgen 1e uur vrij :D		]]></document>
	<document><![CDATA[Vandaag naar de HAN in Nijmegen met de klas		]]></document>
	<document><![CDATA[@username ja, ik kan niet komen oppassen zaterdag. Dus dan weet je dat even groetjes!		]]></document>
	<document><![CDATA[Op naar Nijmegen in de donkere bus van 3dH		]]></document>
	<document><![CDATA[In de bus is altijd wel relaxed, en gezellig met @username (;		]]></document>
	<document><![CDATA[In Nijmegen op de "HAN"		]]></document>
	<document><![CDATA[Was leuk in nijmegen today, en in de bus is altijd leuk!		]]></document>
	<document><![CDATA[Paul mag winnen van mij:D #tvoh		]]></document>
	<document><![CDATA[@username tjaa maar the voice is niet echt een geweldig programma als je het mij vraagt (; hij is gewoon zo enthousiast		]]></document>
	<document><![CDATA[Muziek luisteren met sophie (:		]]></document>
	<document><![CDATA[@username 16+? doe je goeed, welke film ben je heen geweest?		]]></document>
	<document><![CDATA[@username aaah daar wil ik ook heen! Ik ga morgen misschien (:		]]></document>
	<document><![CDATA[Lezen in passie #mooiboek		]]></document>
	<document><![CDATA[Mijn handen trillen..		]]></document>
	<document><![CDATA[alvast vooruit geleerd voor VRIJDAG, omg		]]></document>
	<document><![CDATA[Ik ga sparen voor een rayban clubmaster jongens		]]></document>
	<document><![CDATA[Op school		]]></document>
	<document><![CDATA[Morgen naar Avans in Denbosch		]]></document>
	<document><![CDATA[Wakkerwakker, over een uur in de bus naar Denbosch		]]></document>
	<document><![CDATA[In de bus naar Denbosch		]]></document>
	<document><![CDATA[Yo in de bus teruggg		]]></document>
	<document><![CDATA[Duits lernen		]]></document>
	<document><![CDATA[@username oeeh, hoe zien ze eruit? (:		]]></document>
	<document><![CDATA[Heeeuuj ik ben morgen vrij! Bedankt leraren staking (a)		]]></document>
	<document><![CDATA[Lerenlerenleren en dan de stad in (:		]]></document>
	<document><![CDATA[YES, geen duits pw morgen!		]]></document>
	<document><![CDATA[Mam beweert dat het nog siberisch koud gaat worden... -10 tot -20 JA DUH		]]></document>
	<document><![CDATA[Ik bak een ei		]]></document>
</author>