<?xml version="1.0" encoding="UTF-8" standalone="no"?><author id="user415">
	<document><![CDATA[En dan heb je buikpijn		]]></document>
	<document><![CDATA[ik hou van mijn nieuwe muziek		]]></document>
	<document><![CDATA[Ik krijg geen genoeg van The Kooks		]]></document>
	<document><![CDATA[En dan komt je zusje je wakker maken met doedelzak muziek op de iPad.. #BEDANKT		]]></document>
	<document><![CDATA[Sneeuw, oke even rustig ademhalen. Sneeuw is mooi, maar vallen gegarandeerd.		]]></document>
	<document><![CDATA[mijn neusspray werkt!! YES		]]></document>
	<document><![CDATA[@username haha wat heb je gekregen? :D		]]></document>
	<document><![CDATA[Ik had vandaag de slappe lach tijdens nederlands		]]></document>
	<document><![CDATA[@username haha het was zo erg, het was om niks en ik had de tranen in mijn ogen		]]></document>
	<document><![CDATA[online scheikunde hulp (: dankje thomas		]]></document>
	<document><![CDATA[Besteld bij Abercrombie YESS		]]></document>
	<document><![CDATA[Bijna in millingen (:		]]></document>
	<document><![CDATA[Ohja ik ben vandaag natuurlijk weer van mijn fiets gedondert -.-		]]></document>
	<document><![CDATA[Morgen ga ik beginnen in een boek van 576 bladzijden		]]></document>
	<document><![CDATA[Aan het tekenen		]]></document>
	<document><![CDATA[Ik heb zo raar gedroomd vannacht		]]></document>
	<document><![CDATA[@username Omg het was echt zo leuk! Doen we vaker jonguuh (;		]]></document>
	<document><![CDATA[@username Leuk gehad met nablijven? :D		]]></document>
	<document><![CDATA[@username jeeej dat was leuk! Alleen je mag geen sneeuw meer in mijn oor gooien (;		]]></document>
	<document><![CDATA[@username @username aaah vet lief <3		]]></document>
	<document><![CDATA[Pauze, drukdruk in de mini kantine van de korenstraat		]]></document>
	<document><![CDATA[Yes katja wil mijn valentijn zijn (:		]]></document>
	<document><![CDATA[@username got me good van celine cairo		]]></document>
	<document><![CDATA[@username gefeliciteerd met je moeder julia! Doe haar maar de groetjes (;		]]></document>
	<document><![CDATA[Spitsuur bij de rozen verkoop		]]></document>
	<document><![CDATA[@username ik komsnel weer een keertje (:		]]></document>
	<document><![CDATA[waa ik ben zo raar ik luister vanalles door elkaar, klassiek dubstep het maakt niet uit!		]]></document>
	<document><![CDATA[@username haha die van jou van fb met die charlie chaplin ofzo heb ik gehoord! Best vet! Ah ik faal ik heb geen youtube account sorry!		]]></document>
	<document><![CDATA[@username Ooit maak ik nog wel een account aan :D		]]></document>
	<document><![CDATA[@username omdat belgen relaxed zijn		]]></document>
	<document><![CDATA[Wanneer stopt dat gehoest nou eens -_-		]]></document>
	<document><![CDATA[@username echt dit is niet gezond meer, morgen hardlopen word ik misschien weer wat fitter van (:		]]></document>
	<document><![CDATA[@username meeeh mijn keel gaat dood		]]></document>
	<document><![CDATA[Al even terug van hardlopen		]]></document>
	<document><![CDATA[Nee neee niet one direction pleaaase		]]></document>
	<document><![CDATA[Ik ben best trots, 5 km hardgelopen! :D		]]></document>
	<document><![CDATA[Oh nee... Valentijnsdag o.o		]]></document>
	<document><![CDATA[Leuk op valentijnsdag alleen op de trap voor een lokaal zitten wachten		]]></document>
	<document><![CDATA[Valentijnsdag overleefd (:		]]></document>
	<document><![CDATA[Ik ben best lief ik maak warme chocomel voor mijn zusje ^^		]]></document>
	<document><![CDATA[Gefeliciteerd! @username xxxxx		]]></document>
	<document><![CDATA[Oke op het nieuws: "de ene meeehhh is de andere niet" uhhm oke?		]]></document>
	<document><![CDATA[Heerlijk koptelefoon mee naar school(:		]]></document>
	<document><![CDATA[Mislukte remix in de pauze... Oke mijn koptelefoon gaat op (:		]]></document>
	<document><![CDATA[Jippie mijn keel gaat echt kapot van al dat hoesten -_-		]]></document>
	<document><![CDATA[@username yaaay het is gezellig met u! x		]]></document>
	<document><![CDATA[Vanavond dice met @username, @username , @username en Sarah (:		]]></document>
	<document><![CDATA[Heel veel hagel, je moet wat doorstaan als je mee naar een optocht gesleept wordt		]]></document>
	<document><![CDATA[Dice was echt zo leuk, ik wil nog een keer!		]]></document>
	<document><![CDATA[Met @username en @username aan tafel		]]></document>
	<document><![CDATA[heerlijke dag		]]></document>
	<document><![CDATA[@username het is toch wat he..		]]></document>
	<document><![CDATA[Ik wil een wereldreis maken... Nu		]]></document>
	<document><![CDATA[@username zeker.. En dankje! :D		]]></document>
	<document><![CDATA[dadelijk naar mam, nu even ontbijten		]]></document>
	<document><![CDATA[Film kijken met @username :D		]]></document>
	<document><![CDATA[Appeltaart maken :D		]]></document>
	<document><![CDATA[@username @username ik maak betere appeltaart dan eva (:		]]></document>
	<document><![CDATA[@username @username nee eva gewoon nee.. Jij wist niet eens dat je bloem en een deegrol nodig had..		]]></document>
	<document><![CDATA[@username @username dankje wouter, respect maat		]]></document>
	<document><![CDATA[En dan zet IEMAND het raam open en wordt het freaking koud hier -_-		]]></document>
	<document><![CDATA[@username @username zegt degene die niet weet wat je nodig hebt om een appeltaart te maken...		]]></document>
	<document><![CDATA[Wedden dat liesbeth niet de mol is		]]></document>
	<document><![CDATA[jippie! ringen, oorbellen en trui is binnen! :D		]]></document>
	<document><![CDATA[OMO wast door en door schoon, niet duur!
#radio		]]></document>
	<document><![CDATA[Morgen maar weer hardlopen (:		]]></document>
	<document><![CDATA[@username @username heuj reüniee!		]]></document>
	<document><![CDATA[Skrillex is echt een aanrader als je gaat hardlopen! ben net terug (:		]]></document>
	<document><![CDATA[@username Nouuu, deze keer geen 5 km! hardlopen is best nice (:		]]></document>
	<document><![CDATA[En dan stoot je je hoofd aan een pan		]]></document>
	<document><![CDATA[Moooorning		]]></document>
	<document><![CDATA[@username had ik, controle gedoetje		]]></document>
	<document><![CDATA[Ik ben moe		]]></document>
	<document><![CDATA[Het is een grasplatmaak kar (: HIJ GAAT HARD http://t.co/KD2JgO7		]]></document>
	<document><![CDATA[Opendag was heel gezellig (:		]]></document>
	<document><![CDATA[OMG the wombats EN mumford and sons en nog veel meer vette bands komen op pinkpop! daar moet ik heen		]]></document>
	<document><![CDATA[Draw something is echt een geniaal spel :D		]]></document>
	<document><![CDATA[Nog iemand die drawsomething heeft?		]]></document>
	<document><![CDATA[@username stuur er dan een :D		]]></document>
	<document><![CDATA[@username dat is een leestoets (;		]]></document>
	<document><![CDATA[dat moment als je op iemands hyves komt en er begint ineens muziek te spelen en je denkt waar da fuq komt dat vandaan?!		]]></document>
	<document><![CDATA[@username wat is je tekenopdracht? :D		]]></document>
	<document><![CDATA[https://t.co/znHGVK6 probeer in 'm aan mam uit te leggen zegt ze: "OOOOH EN HIJ IS OBAMA!"		]]></document>
	<document><![CDATA[@username droomt over pratende dolfijnen		]]></document>
	<document><![CDATA[Ghehe het leuke aan een pww is dat school heeel laat begint (: voor mij is dat 11.45 AWWWYEAH		]]></document>
	<document><![CDATA[WIE IS DIE FREAKING MOL? IK KON NIET KIJKEN OMDAT IEMAND (genaamd mam) IETS ANDERS WILDE ZIEN		]]></document>
	<document><![CDATA[@username @username wich movieee? :D		]]></document>
	<document><![CDATA[@username ohja logisch natuurlijk!		]]></document>
	<document><![CDATA[@username jaja wrijf het er maar in		]]></document>
	<document><![CDATA[Onderweg naar Amsterdam in de trein		]]></document>
	<document><![CDATA[@username Amsterdam, klassiek viool concert (:		]]></document>
	<document><![CDATA[@username Amsterdam		]]></document>
	<document><![CDATA[Concert is heel mooi @username		]]></document>
	<document><![CDATA[Moee		]]></document>
	<document><![CDATA[@username jaa heel mooi, echt gaaf		]]></document>
	<document><![CDATA[Big momma kijken haahha		]]></document>
	<document><![CDATA[@username Gefeliciteeerd!!		]]></document>
	<document><![CDATA[Bijna lente guys biiijjjna, morgen is het LENTUH		]]></document>
	<document><![CDATA[Skeeleren met @username   (:		]]></document>
	<document><![CDATA[Het is een snelle hond @username		]]></document>
</author>