<?xml version="1.0" encoding="UTF-8" standalone="no"?><author id="user700">
	<document><![CDATA[@username Laten we zeggen dat je bekijks zou hebben...		]]></document>
	<document><![CDATA[@username Laten we zeggen dat je bekijks zou hebben … als je zoals die foto met beige legging over straat zou lopen. ;-)		]]></document>
	<document><![CDATA[@username Geen probleem, binnen 30 jaar hangen die borsten ervoor, en kan je het toch niet meer lezen.		]]></document>
	<document><![CDATA[@username Mag ik je contacteren met een vraag omtrent presentatie van wetenschappelijk event? En hoe dan best? http://t.co/2AD0SBZ93O		]]></document>
	<document><![CDATA[@username Sterkte en veel beterschap !		]]></document>
	<document><![CDATA[@username Zie naar alle objectieve commentaren van @username gespreid over partijen op tv en twitter en slik je woorden in.		]]></document>
	<document><![CDATA[@username http://t.co/HiwBdX7u81 Mooie kamers met hartelijke uitbating		]]></document>
	<document><![CDATA[@username @username @username ok, maar wat zijn weeë eenden? Als het geen betekenis heeft, is het geen woord, me dunkt.		]]></document>
	<document><![CDATA[@username @username @username Is het niet de op-een-na-laatste?		]]></document>
	<document><![CDATA[@username Spel niet mobiel mogelijk? "14 vragen over 1914" http://t.co/BoqQg9d2gQ		]]></document>
	<document><![CDATA[RT @username: Wie denkt mee aan recepten voor gin tonics met peer? #SHAREaPEAR #ToffePeer cc @username		]]></document>
	<document><![CDATA[@username Of als je - god forbid - weer een pauze zou nemen.		]]></document>
	<document><![CDATA[@username @username gaat niet enkel om talent ontdekken, gaat om iedereen die zichzelf wil leren kennen en zijn geest verrijken		]]></document>
	<document><![CDATA[@username Hier zijn 4253 nummers: http://t.co/eSEolk0via #wittegids		]]></document>
	<document><![CDATA[@username En Nonius ook, hoezee!		]]></document>
	<document><![CDATA[@username Is het niet eens tijd dat jij een leukere job zoekt? :-)		]]></document>
	<document><![CDATA[@username Of net een 10-jarige uit 1995? (momenteel zijn loombandjes de rage) #dolletjes		]]></document>
	<document><![CDATA[@username Dat zal wel zijn :-p Maar er wel van genoten, zag ik...		]]></document>
	<document><![CDATA[@username naslagwerkjes over moorden: encycluedo		]]></document>
	<document><![CDATA[Waar is @username in de #energie discussie? Dit is jullie moment om duurzame/hernieuwbare energie te promoten!		]]></document>
	<document><![CDATA[.@username Gebruik het moment van de noodzaak aan energie om het #nimby gevoel bij de Vlaming te verminderen! Cc @username #LT		]]></document>
	<document><![CDATA[@username is er dan mood detection geïntegreerd in spotify?		]]></document>
	<document><![CDATA[@username maar je kan wel voor foute muziek in de mood zijn :-P		]]></document>
	<document><![CDATA[@username Mag wel een kritische noot in jullie artikel, inspiratie vind je bv. hier: http://t.co/cpair6rqkC vooral reactie Jan Vanhove		]]></document>
	<document><![CDATA[@username de vorige tenuekes waren schoner, hé?		]]></document>
	<document><![CDATA[@username geef er een Leckie op, moederkeszalf helpt misschien		]]></document>
	<document><![CDATA[@username @username Was @username het?		]]></document>
	<document><![CDATA[Zorg dat iedereen van de bus geniet, uw afval hoort hier niet. #lijnspreuk		]]></document>
	<document><![CDATA[@username Dat het nergens beter is?		]]></document>
	<document><![CDATA[Prachtige speech "Geloof in de schoonheid van je eigen dromen" Afstudeerrede Letteren @username http://t.co/8n5MMYEmfA door @username		]]></document>
	<document><![CDATA[@username Graag gedaan! Was er zelf niet, maar kreeg hem te lezen via collega’s. Hij gaat rond ;-)		]]></document>
	<document><![CDATA[@username Lelies, musical in Fakkelteater Antwerpen http://t.co/vCPW4rKBcA		]]></document>
	<document><![CDATA[@username @username Allé De Lijn, iedereen kan het lezen. Nachtlawaai door werken aan tramlijn Hundelgemsesteenweg thv Delhzaize Botermarkt.		]]></document>
	<document><![CDATA[@username @username he doesn't :)		]]></document>
	<document><![CDATA[@username In Vlaanderen heet dat 'springuur'		]]></document>
	<document><![CDATA[@username Ik zie een hartje :-)		]]></document>
	<document><![CDATA[@username Hoe smaakt een broodje mevrouw? #letseatgrandma		]]></document>
	<document><![CDATA[@username Snel van coupé wisselen.		]]></document>
	<document><![CDATA[@username Ik blijf reageren tot je een teken van leven geeft. Wie weet ben je nu bewusteloos geraakt door een flesje tegen je hoofd.		]]></document>
	<document><![CDATA[@username Toi-toi-toi voor vanavond bij #kevins. Tweetup?		]]></document>
	<document><![CDATA[@username geen probleem, was een fijne show!		]]></document>
	<document><![CDATA[@username mijn roos voor "mee, die teren"		]]></document>
	<document><![CDATA[@username Ik denk er nu ook zo over.		]]></document>
	<document><![CDATA[Dutch errors on @username 'verstuurd' -> 'verstuurt' (twice) and 'limiteewr' -> 'limiteer' http://t.co/bV5xjAqyjS		]]></document>
	<document><![CDATA[@username Rest v m’n bestelling (11160425) is deels op voorraad maar wordt maar niet geleverd? Zonder verklaring?		]]></document>
	<document><![CDATA[Herdenking 100j #pontonbrug en 1000j tol op Schelde #Antigoon http://t.co/qxvsczXzJJ		]]></document>
	<document><![CDATA[@username Inderdaad je hebt eindelijk de mentale leeftijd van 11 jaar bereikt!		]]></document>
	<document><![CDATA[@username Als er ooit een subcategorie "Beste Literaire Twitteraar" komt, dan zeker!		]]></document>
	<document><![CDATA[@username Haha, twee schrijffouten in een intro van drie zinnen. :-D Triestig, @username		]]></document>
	<document><![CDATA[@username maar de lijn doet het wel goed op twitter, vind ik		]]></document>
	<document><![CDATA[@username ik heb alleszins een lid-woord.		]]></document>
	<document><![CDATA[@username Was jij ook op Radio 1? Ik was mss net te laat. Heb vanaf AIRbezen gehoord.		]]></document>
	<document><![CDATA[@username jammer! Maar veel succes de 13e, ik ben dan op verlof.		]]></document>
	<document><![CDATA[Deed net bijdrage aan @username en ik nodig jullie allen uit hetzelfde te doen op ringland.be -> Word één van de 5000 ! #ringland		]]></document>
	<document><![CDATA[@username jammer dat we deze vrolijke verschijning nu moeten missen!		]]></document>
	<document><![CDATA[“Wie communiceert best over wetenschap?” @username moet elk jaar genomineerd zijn @username http://t.co/db2PiN5dlg		]]></document>
	<document><![CDATA[Bij Coolblue is winnen belangrijker dan meedoen. Kies zelf je prijs en win! Zo makkelijk is het. Doe jij ook mee? http://t.co/mdp0w5IqxH		]]></document>
	<document><![CDATA[.@username Wordt het niet eens tijd om een proeflezer in dienst te nemen? Ik vind in bijna elk artikel typ- of taalfouten. #tehaastig		]]></document>
	<document><![CDATA[@username is dat goed of slecht? (Goed op tinder, maar hier?)		]]></document>
	<document><![CDATA[@username Sorry ben in Gent vanmiddag en vanavond om ook zelf een presentatie te geven ;-)		]]></document>
	<document><![CDATA[@username Niet denken, delen die handel!		]]></document>
	<document><![CDATA[@username @username voetgangerslicht verdraaid op kruispunt bredabaan-groenendaallaan http://t.co/Pub77GzOLJ		]]></document>
	<document><![CDATA[@username Of The Loft? (als je een boterham met kots wil)		]]></document>
	<document><![CDATA[@username Geef Hilde een kans!		]]></document>
	<document><![CDATA[@username ‘white hemd’ Ze spreekt uit ervaring dat het niveau omhoog moet :-P		]]></document>
	<document><![CDATA[@username @username Verzet tegen criminalisering. Behalve als ze criminele daden verrichten, mag ik hopen? #hoofdkwartierMR		]]></document>
	<document><![CDATA[@username Ik heb dat dus vorige maand al aan de twitteraccount van Doodle gemeld :-P https://t.co/oj5gRtq8fD		]]></document>
	<document><![CDATA[@username Ik had nochtans antwoord gekregen dat ze er naar zouden kijken :(		]]></document>
	<document><![CDATA[@username @username In Hongkong w actie gevoerd, relschoppers moeten gestraft worden, Mandela streed tegen gewelddadig regime		]]></document>
	<document><![CDATA[Wil je mijn stukje #Ringland bewonderen? Nog beter: word mijn buur door ook Ringland te steunen via ringland.be http://t.co/PN6fFvJE2q		]]></document>
	<document><![CDATA[.@username Al 2 maal met tussenpozen geprobeerd mijn gsmnr te valideren, maar ik krijg geen sms!		]]></document>
	<document><![CDATA[@username Spatiefoutje? Of ben ik fout en mag dit gewoon: "taal nodig die dichterbij het dagelijks leven staat." -> "dichter bij"? @username		]]></document>
	<document><![CDATA[@username Tenzij je het verdedigt als de standaardtaal voor bepaalde genres/gelegenheden, en alle dialecten verder in hun recht laat?		]]></document>
	<document><![CDATA[@username @username De vraag is of het altijd homofoob gebruikt wordt, en dan is het antwoord volgens mij 'nee'.		]]></document>
	<document><![CDATA[@username @username ook waar, maar ik denk aan al mijn holebivrienden die zelf regelmatig zulke woorden spontaan hanteren.		]]></document>
	<document><![CDATA[@username @username Goeie vervolgvraag! Andere optie is dat ze de termen kapen om zo de pejoratieve betekenis eraf te halen?		]]></document>
	<document><![CDATA[@username Inderdaad. Alvast bedankt voor jullie antwoorden! ;-)		]]></document>
	<document><![CDATA[@username zomaar weigeren op mijn bus te stappen? :)		]]></document>
	<document><![CDATA[@username ik verhuis nu zaterdag en ben vandaag en morgen in Gent, niet zeker dat het nog lukt dus		]]></document>
	<document><![CDATA[Vandaag en morgen #atila research meeting in Gent. Boeiende interacties met collega's !		]]></document>
	<document><![CDATA[Morgen 21 nov: praatje van @username op #atila research meeting. Bootstrapping voor text mining		]]></document>
	<document><![CDATA[@username staat #atila op lama events? :)		]]></document>
	<document><![CDATA[@username Wordt vandaag ng geleverd in België? Anders moet’k nie meer thuisblijven. Kan’k adres vn levering ng veranderen als’t morgen wordt?		]]></document>
	<document><![CDATA[@username Ik zal de chat proberen, want het gaat natuurlijk specifiek over vandaag, gezien de stakingen in België.		]]></document>
	<document><![CDATA[@username Uw informatie (en die van @username) blijkt foutief. Blijkbaar levert PostNL normaal nooit op maandag in België…?		]]></document>
	<document><![CDATA[@username Chathelpdesk van @username zegt dat ze standaard niet op maandag leveren in België. Waarom beloven jullie mij dat dan??		]]></document>
	<document><![CDATA[@username Uw chatmedewerker claimt dat op maandag enkel de zaterdagoverschot w geleverd, nooit nieuwe leveringen.		]]></document>
	<document><![CDATA[@username Onduidelijke informatie dus? Beter afstellen tss helpdesk, website en twitter lijkt me.		]]></document>
	<document><![CDATA[@username Niet erg klantvriendelijk. Mijn pakketje staat overigens ook op NL website. En BE website zegt dat men wel op maandag levert 1/2		]]></document>
	<document><![CDATA[@username Snap je dat we er niet meer aan uit kunnen? 2/2		]]></document>
	<document><![CDATA[@username Ok. Bedankt voor al jullie reacties, Onin, Frank, Femke en Maaike!		]]></document>
	<document><![CDATA[@username Ok, dan zien we wel. Bedankt! Heel verwarrende communicatie van PostNL.		]]></document>
	<document><![CDATA[@username @username Is het colloquium woensdag vrij toegankelijk? Zou iemand van bedrijfje uit Den Bosch willen komen.		]]></document>
	<document><![CDATA[@username Maar hoe evalueer je zoiets?		]]></document>
	<document><![CDATA[@username heeft ie geen indrukwekkende gestalte dan?		]]></document>
	<document><![CDATA[@username toch een schoon reisje op een jaar #gegevenpaard		]]></document>
	<document><![CDATA[@username @username gij ook! :)		]]></document>
	<document><![CDATA[@username Past er één van jullie inductiekookplaten in een nis van 49x55 cm? Heb blijkbaar geen standaardmaat in huurappartement.		]]></document>
	<document><![CDATA[@username Bedankt! verhoevenben@username.com		]]></document>
	<document><![CDATA[@username @username Aha medestanders met deze mening. Ik vind jullie koffie verkeerd ook niet te drinken, oa. ook Gent-Dampoort		]]></document>
</author>