<?xml version="1.0" encoding="UTF-8" standalone="no"?><author id="user934">
	<document><![CDATA[@username @username Als 't op 30 juni was wel ja, maar als 't in juli is kan ik gewoon, kick knowledge leggo		]]></document>
	<document><![CDATA[@username Haha niet denken dat ik duik, ik wou liever tegen B maar als jij nu niet zou battlen zou ik je alsnog battlen.		]]></document>
	<document><![CDATA[Mensen die ik nog wil battlen: @username sowieso, @username en dan de eerste helft, @username en @username omdat hij zo graag wil.		]]></document>
	<document><![CDATA["Nou ik zie je chick checken Opposites is hier, en d'r benen gaan open als een blikje bier" punchlines anno 2005		]]></document>
	<document><![CDATA[@username Ik heb ook jokes hoor, eerlijk. Maar ik eindig 't liefst met harde punches		]]></document>
	<document><![CDATA[Hoe kan je dit een goal noemen...?		]]></document>
	<document><![CDATA[@username Een Hollander dus		]]></document>
	<document><![CDATA[RT @username: @username "In een sportwedstrijd wordt een doelpunt gemaakt wanneer de bal over de doellijn van de tegenstander gaat"		]]></document>
	<document><![CDATA[@username "Behalve in Colombia, daar zijn alle lijnen al verdwenen in de neusjes van de spelers"		]]></document>
	<document><![CDATA[Denkbeeldige geru @username @username http://t.co/g1CugvQjRk		]]></document>
	<document><![CDATA[@username Oiii tegelijk omw tweet gegooid doe een wens #nohomo		]]></document>
	<document><![CDATA[@username 12.30 ongeveer		]]></document>
	<document><![CDATA[@username Neem je Sprinter richting Rosendaal?		]]></document>
	<document><![CDATA[@username Ja, dan zit je volgens mij bij mij in de trein. Als eindstation Rosendaal is ten minste.		]]></document>
	<document><![CDATA[Battle verloren, big thanks aan @username		]]></document>
	<document><![CDATA[En shoutout naar @username en @username, gestoorde performance		]]></document>
	<document><![CDATA[@username Haha 't boeit me niet. Mensen kunnen niet zeggen dat 't een mindere match was door ons en daar draait 't bij mij om.		]]></document>
	<document><![CDATA[@username Foto's die door mij zijn gemaakt ga ik één deze dagen wel online gooien, ben nu echt gesloopt. Ik hou je op de hoogte!		]]></document>
	<document><![CDATA[@username Alleen als je classic definieert met de oorspronkelijke betekenis ;)		]]></document>
	<document><![CDATA[@username Vind je? Ik vind die hele Funk vibe echt fucking chill. Niet elk nummer is even nice tho		]]></document>
	<document><![CDATA[@username genoten van 't event?		]]></document>
	<document><![CDATA[RT @username: @username & nick vayne waren ook aan vdg #realtalk // thanks man, je hebt me weer laten lachen vandaag		]]></document>
	<document><![CDATA[@username Eerst disappointed maar fuck it, ik ben tevreden over onze performance. Voor de rest gewoonweg verrast, no better definition.		]]></document>
	<document><![CDATA[Altijd blijven waarderen dat er mensen zijn die dat niet kunnen.		]]></document>
	<document><![CDATA[Tevreden over m'n performance, no stumbles/chokes. Terug naar solo de komende tijd, pauze zit er voor mij sowieso niet in #PunchOutBattles		]]></document>
	<document><![CDATA[@username No man, vlekkeloze performance zelfs. Maar ja, 't was performance van hun vs bars van ons		]]></document>
	<document><![CDATA[@username Moet 'm sowieso terugkijken man, dan kan ik 't pas echt beslissen. At the spot vond ik 'm 2-1 voor ons ja.		]]></document>
	<document><![CDATA[@username Spazzen is klote maar als je mij het gevoel geeft dat 't maybe beter is dat je tegenstander thuisbleef, dan zegt dat ook wel wat haha		]]></document>
	<document><![CDATA[@username Ja dat.. Wat voor scooter?		]]></document>
	<document><![CDATA[@username No man, als ik 'm zelf had opgenomen wel maar dat is dit keer niet gebeurd. Ik krijg 'm even snel te zien als iedereen.		]]></document>
	<document><![CDATA[@username Gebruik 't verleden in 't heden voor de toekomst. Done.		]]></document>
	<document><![CDATA[@username Hahaha tis goed met je		]]></document>
	<document><![CDATA[@username doe 1 ronde unlimited tegen 'm "Zoek geen fittie boy zo blaow ik die gum, bek dicht of je kauwt straks een gun" #oooooooo		]]></document>
	<document><![CDATA[Eerste week sinds januari dat ik zonder tegenstander voof een komende battle zit. Niet leuk.		]]></document>
	<document><![CDATA[@username @username @username Ik zeg yeah, make it happen!		]]></document>
	<document><![CDATA[Aight nieuwe match, battles zijn m'n zuurstof		]]></document>
	<document><![CDATA[@username Laat mijn Air Max met rust. Vans mag dood ja		]]></document>
	<document><![CDATA[Daryl Dixon aan het huilen.. Eén van de zieligste dingen die je ooit gaat zien in je leven.		]]></document>
	<document><![CDATA[Op je moeder dood zien gaan en JThomas in ronde 3 van 't 2 vs 2 toernooi na of course.		]]></document>
	<document><![CDATA[Laatste episode The Walking Dead en daarna tot oktober wachten.. Goddamn it.		]]></document>
	<document><![CDATA[@username Ben nu de laatste episode aan't kijken, baal echt dat ik dan bijna een half jaar moet wachten :/		]]></document>
	<document><![CDATA[@username Hahaha wtf is me niet eens opgevallen. Boeit niet, blijft een kk dope serie.		]]></document>
	<document><![CDATA[@username Hoe valt jou dit op? For real		]]></document>
	<document><![CDATA[@username @username je wordt harder in je pod gesmashed dan Paragus door Broly in Dragonball Z		]]></document>
	<document><![CDATA[Waarom zijn mensen zo kankerdom? Why, why, why?		]]></document>
	<document><![CDATA[@username Peace out? Echt waar? Moest dat nou?		]]></document>
	<document><![CDATA[Ik heb vandaag een 2deklasser tegen z'n kameraad horen zeggen dat hij een "wheelie moest trekken". Str8 from da Wassenaarsuh Ghetto		]]></document>
	<document><![CDATA[Eerst @username en daarna staat @username op m'n hitlist.		]]></document>
	<document><![CDATA[Hahaha @username ik laat @username jouw graf graven, komt goed		]]></document>
	<document><![CDATA[@username @username In leeftijd en aantal hersencellen		]]></document>
	<document><![CDATA[Je zal nu maar wakker moeten zijn. Fuck this.		]]></document>
	<document><![CDATA[@username No way José, tis kankerirritant, was meer om te laten zien hoe easy het is.		]]></document>
	<document><![CDATA[Fransexamen dader is geen moslim. Een moslim zou van het examen een paperplane gevouwen hebben en 'm door een gebouw gegooid hebben.		]]></document>
	<document><![CDATA[@username Het is donderdag teringdebiel, nu kan je die RT wel vergeten		]]></document>
	<document><![CDATA[RT @username: Shisha pen van papa gekregen hahaha // http://t.co/GL5RgplsGr		]]></document>
	<document><![CDATA[Vin verkoopt CD's, €3,90 per CD. Krae koopt 3 CD's en betaalt met een briefje van 20. Hoeveel wisselgeld krijgt Krae? #VMBOeindexamen #smfh		]]></document>
	<document><![CDATA[@username Dat is wss 1 van de goede antwoorden van dat examen.		]]></document>
	<document><![CDATA[Een fiets heeft 3 sloten en staat geparkeerd op de Weimarstraat. Bereken de kans dat je de fiets steelt binnen 70 seconden #VMBOeindexamen		]]></document>
	<document><![CDATA[@username Jij weet hoe je me boos moet maken :')		]]></document>
	<document><![CDATA[@username Buuuuuuuullshit. Wil je echt een @username beef gooien hier?		]]></document>
	<document><![CDATA[RT @username: Zeg niet dat je bars hebt als je alleen komt met jokes en ya mom raps		]]></document>
	<document><![CDATA[Nieuw bed! ???? http://t.co/mPZ3HDTQAC		]]></document>
	<document><![CDATA[@username Hahaha ongestelde vrouw? Ben zo rustig als maar zijn kan ;)		]]></document>
	<document><![CDATA[Best grappig hoe je tussen 2 tegenovergestelde culturen kan zitten.		]]></document>
	<document><![CDATA[@username @username De manier waarop hij rapt vind ik dope maar da's persoonlijke smaak. Sticks nr. 1 op die track though.		]]></document>
	<document><![CDATA[RT @username: Shavingtime van captain caveman naar meest begeerde!!! // have fun met je Venus		]]></document>
	<document><![CDATA[@username Ik schat een battle mc die zichzelf een titel met "mr" geeft qua niveau sowieso niet al te hoog in, dus ik zie dat als shots ja		]]></document>
	<document><![CDATA[@username wss had ik elke 3 woorden uit m'n vorige tweet met een streepje ertussen moeten gooien zodat je 't zou snappen whahahahaha		]]></document>
	<document><![CDATA[@username  Gefeliciteerd Yasser!! ????		]]></document>
	<document><![CDATA[RT @username: @username beetje hypocriet dat jij tweet dat mensen YS maar gewoon moeten laten niet? http://t.co/9QnVmkmKJh		]]></document>
	<document><![CDATA[Onthoofd @username met z'n eigen naam, leggo		]]></document>
	<document><![CDATA[@username Familie van je Albo?		]]></document>
	<document><![CDATA[RT @username: Spreken is zilver zwijgen is goud rappen is platinum		]]></document>
	<document><![CDATA[Ik vraag me af wie als eerste steakt in de beef tussen @username en @username		]]></document>
	<document><![CDATA["Click clack, impact (no Ser-G), Big BANG, voor deze Sheldon hier" Hardste bar van @username ever		]]></document>
	<document><![CDATA[@username Weet niet of je kan tellen, je hebt maar 140 tekens. En iscool, ik zag 't verband tussen Big Bang en Sheldon ofcourse niet, my bad		]]></document>
	<document><![CDATA[Peace out tijdens plassex zeggen, grappig.		]]></document>
	<document><![CDATA[Hahahahaha dit is toch godverdomme te mooi om waar te zijn http://t.co/BOyVrnkO5l		]]></document>
	<document><![CDATA[RT @username: Top 10 hiphop manieren om je pet te dragen. # 7: http://t.co/FJIdvIMPh5		]]></document>
	<document><![CDATA[RT @username: Top 10 hiphop manieren om je pet te dragen. # 6: http://t.co/4ujNyvmYXc // plat		]]></document>
	<document><![CDATA[@username Haha aight en wat vond je?		]]></document>
	<document><![CDATA[Eindelijk Mortal Kombat 9		]]></document>
	<document><![CDATA[Morgen DELF examen!! :/ Maar gelukkig niet voor mij :)		]]></document>
	<document><![CDATA[Stuiteren zonder ondersteuning #Geschiedenispeepsknow		]]></document>
	<document><![CDATA[@username @username @username Jullie lijken alle 3 op Tom Green		]]></document>
	<document><![CDATA[Ey @username geen rare shit met die girl doen op de achterbank vd bus eh		]]></document>
	<document><![CDATA[RT @username: Ik ga niet eens in discussie. Ik heb toch gelijk. // hahahahahaha oke		]]></document>
	<document><![CDATA[@username Omdat jij erop staat zeker		]]></document>
	<document><![CDATA[@username @username Jaimy maakt  wacke beats en ik praat niet over Solo		]]></document>
	<document><![CDATA[@username No man dat was fa2 heb alleen lobi voor arbeid van me homeboyz		]]></document>
	<document><![CDATA[Hahaha Boot draait ff rustig Steen in de les.		]]></document>
	<document><![CDATA[@username Moet ik Dirk roepen om je een knuffel te geven?		]]></document>
	<document><![CDATA[@username Is hij je wel waard?		]]></document>
	<document><![CDATA[@username Mogen er andere POB'ers mee?		]]></document>
	<document><![CDATA[@username @username Die sexiness op je profilepic doet 't 'm wel		]]></document>
	<document><![CDATA[@username @username Daarom.. .. Niet omdat ik er bij wil zijn ofzo hoor		]]></document>
	<document><![CDATA[@username @username Fuck dit, ik wil m'n revenge omdat hij vond dat m'n shit niet op een beat paste. Raymzter, BATTLE ME NU		]]></document>
	<document><![CDATA[@username @username @username Gap battle mij in zijn spot anders ga ik Witte bes en ik praat niet over BB		]]></document>
	<document><![CDATA[@username op beats is 'tzelfde als @username acapella		]]></document>
	<document><![CDATA[Ik ga een stanleymes namens @username  meenemen en dan ervoor zorgen dat hij nooit meer bij FunX mag battlen muhahahaha #dejavu		]]></document>
</author>