<?xml version="1.0" encoding="UTF-8" standalone="no"?><author id="user786">
	<document><![CDATA[Waarom stuurt iedereen vandaag een snap met de titel "treincoupé voor mij alleen"		]]></document>
	<document><![CDATA[@username oh, 2 bad. Hoe weet je dat?		]]></document>
	<document><![CDATA[@username ik heb vaak als ik wagenziek ben en ik eet iets van een plakje ham of kaas dat het werkt. Maar als het door alcohol is.. Hm nee		]]></document>
	<document><![CDATA[Iggi Azalea is verkleed als een van die dudechicks van White Girls? Ik vind dit geweldig.		]]></document>
	<document><![CDATA[Badoem tssjj.		]]></document>
	<document><![CDATA[OMG HAHAHAHAH @username is mijn held. http://t.co/MkjviZ0G8d		]]></document>
	<document><![CDATA[Mijn vader zag Beatrix net.		]]></document>
	<document><![CDATA[Beatrix bevindt zich in mijn straat.		]]></document>
	<document><![CDATA[Beatrix is ongeveer 500 meter van mij verwijderd.		]]></document>
	<document><![CDATA[Nu gaat de toets vast wel lukken.		]]></document>
	<document><![CDATA[Shit man. Morgen 2 weken alleen thuis.		]]></document>
	<document><![CDATA[Dit scheelt mij €1,- ik krijg gratis thee én een brochure! Man, de korting, thanks @username http://t.co/8Reeu4L7de		]]></document>
	<document><![CDATA[@username haha ja. En daarna "mean" want dan zet je je over je verdriet en word je boos.		]]></document>
	<document><![CDATA[@username oh ja ik vond het raar		]]></document>
	<document><![CDATA[Zo misselijk.		]]></document>
	<document><![CDATA[Dit doen ze nu al ieder jaar, voor je het weet kost het mij €10 om van Amersfoort in Utrecht te komen. @username http://t.co/Zf8zefL4kO		]]></document>
	<document><![CDATA[Hahahahahahaha, ik had laatst 3 uur vertraging, maar de @username beweert dat het minder dan 30 minuten duurde. http://t.co/qgLIdCXny6		]]></document>
	<document><![CDATA[Ik lach me dood.		]]></document>
	<document><![CDATA[Als je na twee weken eindelijk weer bier drinkt. http://t.co/nCeSnRLcH7		]]></document>
	<document><![CDATA[het bed van mijn ouders is zo groot.		]]></document>
	<document><![CDATA[@username het is denk ik even breed als ik lang ben. 1,75m		]]></document>
	<document><![CDATA[@username en deze heeft trilfunctie		]]></document>
	<document><![CDATA[@username omg. Voor de "beste fruit en groenten van het jaar"-reclame????		]]></document>
	<document><![CDATA[@username ooo dat is echt leuk! Laat me weten als het filmpje klaar is :)		]]></document>
	<document><![CDATA[@username @username deze foto is leuk.		]]></document>
	<document><![CDATA[@username @username @username hihi, en toch vond ik het een geweldig feestje		]]></document>
	<document><![CDATA[Ik heb een of andere gekke sushi verslaving opgelopen.		]]></document>
	<document><![CDATA[@username ik vind het alleen zo jammer dat ze zo hard probeert om sexy te zijn.		]]></document>
	<document><![CDATA[@username Neeee ik vind juist de laatste niet. Het komt zo geforceerd over vind ik, maar dat kan ook aan mij liggen haha.		]]></document>
	<document><![CDATA[@username Mijn hersenen kunnen het niet zo goed aan dat ze zich in 1 jaar ineens anders is gaan kleden en gedragen van 4 jaar dat ik		]]></document>
	<document><![CDATA[@username haar "ken". Haha. Ik wen er ooit wel aan denk ik		]]></document>
	<document><![CDATA[@username @username achja, bekende mensen hebben het maar moeilijk		]]></document>
	<document><![CDATA[Ik heb zin in pasta met pesto.		]]></document>
	<document><![CDATA["Hartverwarmend" http://t.co/GbiUtsqRrj		]]></document>
	<document><![CDATA[@username je hebt helemaal geen story bij mij :(		]]></document>
	<document><![CDATA[Lekker loner in de pauze ?		]]></document>
	<document><![CDATA[@username geen idee, maar ik noem dat friends with benefits, maar dan omgekeerd. Ofzo. Ik probeerde dit te beantwoorden maar, idk???????		]]></document>
	<document><![CDATA[AAAAAAAAAAAAAAAAAAAAAAAAAAA Dit heb ik gekocht bij http://t.co/w5gYUJiy0T: Motorola Moto 360 smartwatch - Zwart - http://t.co/WAA0OfUVPW		]]></document>
	<document><![CDATA[@username ik wacht al 2 maanden en nu ben ik dronken en ik dacht IK BESTEL HEM GEWOON HELP		]]></document>
	<document><![CDATA[@username ja en als ik hem al 2 maanden wil, dan moet het toch maar eens tijd worden;!!!!!		]]></document>
	<document><![CDATA[@username god dit voelt als seks na een lange tijd geen seks gehad te hebben. Spannend maar zo fucking geweldig.		]]></document>
	<document><![CDATA[Morgen €5,- doneren. Dit raakt mij diep in het hart. http://t.co/PU5SPGNlFm		]]></document>
	<document><![CDATA[De titel. http://t.co/0j9jddVlCw		]]></document>
	<document><![CDATA[Ik heb echt een goede week.		]]></document>
	<document><![CDATA[Ik gaf geld aan een collectant bij de Albert Heijn. Op de terugweg stond ieder stoplicht op groen. Toeval? Nahhh		]]></document>
	<document><![CDATA[Vanavond weer het Sinterklaas journaal!!!		]]></document>
	<document><![CDATA[Oh help het is 11 november.		]]></document>
	<document><![CDATA[@username ja ok maar ik vind het altijd leuker om van een ander te horen. Ik heb dus zo een overschot aan vitamine B, haha.		]]></document>
	<document><![CDATA[@username ik heb heel cheesy een e-mail account waar ik een deel van mijn dromen naar toe stuur als ik zin heb om ze op te schrijven :')		]]></document>
	<document><![CDATA[De stoel in deze bus heeft stoelverwarming.		]]></document>
	<document><![CDATA[Was dit een pleonasme?		]]></document>
	<document><![CDATA[Nieuwe uitvinding voor op brood: leverworst met pesto. ????		]]></document>
	<document><![CDATA[Ik voel me altijd een ninja op station Utrecht CS.		]]></document>
	<document><![CDATA[Al die stelletjes op Utrecht Centraal, cute.		]]></document>
	<document><![CDATA[Maar alsjeblieft, niet zoenen op de roltrap, dat is gewoon ongemakkelijk.		]]></document>
	<document><![CDATA[Het meisje zei dag tegen haar vriendin, "Ik facebookchat je nog wel". Meisje, zo werkt de wereld niet.		]]></document>
	<document><![CDATA[Kale man kijkt boos
Ik lach
Kale man kijkt nog steeds boos		]]></document>
	<document><![CDATA["We zijn in Best"
@username - "Dat zou best kunnen"
HA.		]]></document>
	<document><![CDATA[Van die mensen die zich in de avonds niets van de stilte coupés aantrekken. Zucht. ????		]]></document>
	<document><![CDATA[Chinezen snappen er ook niets van.		]]></document>
	<document><![CDATA[Iedereen die haat om Marokkanen en Turken. Chinezen zijn erger.		]]></document>
	<document><![CDATA[Misselijk, moe, slaaptijd.		]]></document>
	<document><![CDATA[Ik snap de starter pack tweets niet. Ik probeer ze grappig te vinden, maar het lukt me niet.		]]></document>
	<document><![CDATA[En ze blijven maar verschijnen.		]]></document>
	<document><![CDATA[Genieten van mijn mok. @username @username http://t.co/cX6cBNKNqz		]]></document>
	<document><![CDATA[@username @username ik vond het grappig totdat je het uitlegde. Toen voelde het awkward.		]]></document>
	<document><![CDATA[@username ik weet niet of ik de mijne wil update..		]]></document>
	<document><![CDATA[@username Nee, ik snap al wat er fout ging. Ik had de tickets besteld en wilde voor eetnje betalen, maar toen viel de app uit. Nu zijn ze dus..		]]></document>
	<document><![CDATA[@username .. Blijkbaar toch besteld. Alleen voor het normale ticket heb ik nog niet betaald en ik krijg ook geen reserverings bevestiging.		]]></document>
	<document><![CDATA[@username op de app staat echter wel dat ik de twee kaartje hebt gereserveerd. Dus ik vroeg me af of ik ze wel echt heb gereserveerd.		]]></document>
	<document><![CDATA[@username gewoon hier, waar ze altijd staan. http://t.co/e6tGzN6krr		]]></document>
	<document><![CDATA[@username dus de leverdatum is weer verschoven, dit keer 10 dagen. Over 10 dagen verschuift het zeker weer????? http://t.co/nFe0fPtfi6		]]></document>
	<document><![CDATA[@username @username eigenlijk ben ik de persoon die verdrietig. De moto360 zou gisteren beschikbaar zijn en nu is de datum wéér verplaatst.		]]></document>
	<document><![CDATA[@username @username is er een kans dat de datum volgende week weer verplaatst wordt?		]]></document>
	<document><![CDATA[@username is er een reden waarom het verschuift? Vertraging met verscheping vanuit een ander land?		]]></document>
	<document><![CDATA[Mijn ouders komen over een uur weer terug van vakantie. Hoe zagen ze er ook alweer uit?		]]></document>
	<document><![CDATA[@username ik snap het gewoon nog steeds niet. Er moet echt een foto tussen de rest en de laatste zitten.		]]></document>
	<document><![CDATA[@username het gaat van cute little boy naar prachtige ontpopte man. Gewoon echt mannelijk aantrekkelijk man. Explaination needed.		]]></document>
	<document><![CDATA[@username hahaha, de baard doet het 'm sowieso. Roken not so sure. Maar wat je ook doet nu, je doet het goed. ????		]]></document>
	<document><![CDATA[@username of alvast voor haar boodschappen doen?		]]></document>
	<document><![CDATA[@username dan kan ze je helpen inpakken bij de kassa ????		]]></document>
	<document><![CDATA[Ik huil diep van binnen. @username 
Het voelt bijna alsof ik mijn OnePlus weer opnieuw bestel. De vertragingen. ???? http://t.co/qESUAFD43H		]]></document>
	<document><![CDATA[Het lijkt de NS wel. Ha		]]></document>
	<document><![CDATA[@username het komt allemaal wel goed ????		]]></document>
	<document><![CDATA[@username de hele grondwet afwerken.		]]></document>
	<document><![CDATA["@username: lolz http://t.co/fDbsulG6WF" waarom draagt ze zelfs geen onderbroek eronder		]]></document>
	<document><![CDATA["@username: gonna get an A! http://t.co/Xe0kD8BWf0" .... We eten nou niet bepaald bevruchte eieren...?		]]></document>
	<document><![CDATA[Fijne dag allemaal. http://t.co/7sCC9YpG0V		]]></document>
	<document><![CDATA[@username nou, ze waren niet gereserveerd hoor ????		]]></document>
	<document><![CDATA[Zelfs TLC heeft nog een beter programma aan staan nu.		]]></document>
	<document><![CDATA[Oh ja ik heb net hunger games gezien in de bios.		]]></document>
	<document><![CDATA[@username @username aa ik heb de film net gezien		]]></document>
	<document><![CDATA[@username het had zo bij GLOW in Eindhoven gekund		]]></document>
	<document><![CDATA[@username hier, een foto van een kat http://t.co/kCEVD2TbUP		]]></document>
	<document><![CDATA[Mijn vader stapt over naar een andere zorgverzekering. We krijgen 50 condooms cadeau omdat ik een jongerenverzekering neem.		]]></document>
	<document><![CDATA[@username van mij krijg je er 5 ????		]]></document>
	<document><![CDATA[@username dat is goed, ik ook namelijk haha		]]></document>
	<document><![CDATA[Ga weg, ik houd niet van (de stereotype) Aziaten. http://t.co/2WeDyjwiDV		]]></document>
	<document><![CDATA[Ik ben slecht met emoties, welterusten.		]]></document>
	<document><![CDATA[@username ja het is al op		]]></document>
</author>