<?xml version="1.0" encoding="UTF-8" standalone="no"?><author id="user474">
	<document><![CDATA[@username @username ik ben nog wel steeds benieuwd of je vindt dat ik het niet begrepen heb?		]]></document>
	<document><![CDATA[@username @username da's nu jammer, begin je in je openingstweet te 'observeren' dat mensen niet reageren, nu reageer ik tot in...		]]></document>
	<document><![CDATA[@username @username ... detail, geef ik je waardevole tips en stel ik oprecht een vraag en nu wil je niet reageren? Erg jammer.		]]></document>
	<document><![CDATA[@username @username ik heb sterk het vermoeden dat je niet reageert omdat je een bepaalde speculatie over mij hebt. Kijk eens over...		]]></document>
	<document><![CDATA[@username @username ... de muur van aannames en ontdek misschien iets waardevol. :)		]]></document>
	<document><![CDATA[@username @username kruip niet in je schulp, spreek, ontdek, geniet van het leven! :)		]]></document>
	<document><![CDATA[@username @username niets meer dan dat je zelf eerder uitsprak als verwachting van anderen. #CirkelRond		]]></document>
	<document><![CDATA[@username @username ter afsluiting, ik vind je schijnheilig, onbeleefd en hypocriet. Je bekritiseert mensen op iets waar ze alle ...		]]></document>
	<document><![CDATA[@username @username ... Vrijheid in hebben. Zelf verlang je detail en reactie van hen, maar als het omgekeerd wordt schuw je elke ...		]]></document>
	<document><![CDATA[@username @username ... verantwoording voor je oordelen. Dat, mijn liefste, is hypocriet. Nog een fijn leven gewenst.		]]></document>
	<document><![CDATA[@username @username niet zo zeer beledigd, maar teleurgesteld. Ik hoop mensen te vinden die kunnen doen wat ze van anderen verwachten.		]]></document>
	<document><![CDATA[@username @username graag gedaan, ik dacht laat ik mijn energie dan maar aanpassen aan mijn gesprekspartner. Pas me graag aan.		]]></document>
	<document><![CDATA[@username @username wat echt opvalt is dat je deze convo opent met meerdere oordelen over anderen. En wanneer iemand je oogkleppen...		]]></document>
	<document><![CDATA[@username @username ... Probeert open te stellen, nieuwe invalshoeken aan te dragen, ga je precies dat doen wat je veroordeelde.Jammer		]]></document>
	<document><![CDATA[@username @username aaah ok, je reageerde op een directe tweet van mij. Daarom dacht ik dat je mij bedoelde. :)		]]></document>
	<document><![CDATA[@username @username en je hebt gelijk woman, diana kreeg EXACT wat ze vroeg. Iemand die reageert op haar vragen. ;)		]]></document>
	<document><![CDATA[@username @username vraagje: mag ik deze casus gebruiken in mijn workshop communicatie als onderdeel van teambuilding?		]]></document>
	<document><![CDATA[@username @username nope, weer een verkeerde specualatie. Ik verken, ik ging de inteactie aan met jou om te kijken of je in staat...		]]></document>
	<document><![CDATA[@username @username ... bent om zelfreflectie toe te passen op je eerste oordelende tweet. Zelfs na zoveel uitleg mijnerzijds heb ...		]]></document>
	<document><![CDATA[@username @username ... je toetsbaar nog steeds moeite om naar jezelf te kijken.		]]></document>
	<document><![CDATA[@username @username weet je wat echt jammer is, dat je in de convo alleen echt reageerde op mensen die het met je eens zijn, iemand...		]]></document>
	<document><![CDATA[@username @username ... zoals ik die je een andere invalshoek aanbiedt benader je defensief. Erg jammer.		]]></document>
	<document><![CDATA[@username @username en als je al reageerde op mij was het zonder enige argumentatie, logica of samenhang. Slechts ontwijkend.		]]></document>
	<document><![CDATA[@username @username tuurlijk heb ik daar aan gedacht, ga nog eens terug naar mijn eerste tweet.		]]></document>
	<document><![CDATA[@username @username aanval kwam pas op het laatst, toen je al meerdere keren ontwijkend reageerde.		]]></document>
	<document><![CDATA[@username @username murv slaan is een uitleg. Ik heb een andere uitleg voor je, ik blijf openstaan voor iedereen. En blijf braaf...		]]></document>
	<document><![CDATA[@username @username dat gevoel snap ik, ik begrijp je, heb ik zelfs uitgelegd. Je hoopt alleen op mesen die het met je eens zijn, ...		]]></document>
	<document><![CDATA[@username @username ... Een andere, conflicterende mening is iets waar je voor wegduikt. Waarom dan wel zelf meningen verkondigen?		]]></document>
	<document><![CDATA[@username @username dat doe ik bewust om te spiegelen, je openingstweet zat vol met aannames.		]]></document>
	<document><![CDATA[@username @username je hebt helemaal niet gereageerd, behalve ontwijkende reacties, geen enkele uitleg heb je gegeven.		]]></document>
	<document><![CDATA[@username @username terwijl ik daaar meerdere malen naar heb gevraagd.		]]></document>
	<document><![CDATA[@username @username vervolgens reageer je alleen op mesen die het met je eens zijn, dus je lokt een bevestigingsreactie uit?		]]></document>
	<document><![CDATA[@username @username alles is een reactie op wat je zegt, sterk inhoudelijk zelfs, dus geen monoloog.		]]></document>
	<document><![CDATA[@username @username ik zal je een monoloog van mij linken. Wacht ff.		]]></document>
	<document><![CDATA[@username @username DIT https://t.co/4cuqejGqO9 is een monoloog. Geen verkeerde trouwens. :P		]]></document>
	<document><![CDATA[@username @username zei ik al tegen woman in deze convo, gaat me niet om winnen of gelijk. Percepties verdiepen, ook de mijne.		]]></document>
	<document><![CDATA[@username @username oftewel, ik wacht en luister wat je hier toezegt te doen https://t.co/38wOhQ2Qp9		]]></document>
	<document><![CDATA[@username @username ik kan je wel een convo opzoeken waarin ik terugkwam op mijn eerste oordeel, maar je kunt me ook geloven. :)		]]></document>
	<document><![CDATA[@username @username maar doe me een plezier, vanuit etiquette, doe gewoon wat je hier toezegt https://t.co/38wOhQ2Qp9		]]></document>
	<document><![CDATA[@username @username 'je'? Als in ik? Ik hou het juist gaande door het weer in balans te brengen? Jammer dat je je eerdere toezegging..		]]></document>
	<document><![CDATA[@username @username ... Niet nakomt. Ik geef je met alle plezier de tijd die je vroeg. https://t.co/38wOhQ2Qp9		]]></document>
	<document><![CDATA[@username @username ach ja, een waarheid die men niet wil horen wordt vaak afgedaan als belediging.		]]></document>
	<document><![CDATA[@username @username klaarblijkelijk vind je het wel nodig jezelf te blijven herhalen, maar de 1e vraag uitleggen? Ho maar.		]]></document>
	<document><![CDATA[@username @username dus als jij een observatie als mening deelt mogen reageer je wel inhoudelijk als mensen het 100% met je eens zijn.		]]></document>
	<document><![CDATA[@username @username maar als iemand (na de convo te hebben gelzen) met kritiek komt dan is het ineesn, je bent zo intens, je vermurwt		]]></document>
	<document><![CDATA[@username @username ... me, je bent beledigend, je bent dit, je bent zus, allemaal jij-bakken. Maar je reageert NIET inhoudelijk.		]]></document>
	<document><![CDATA[@username @username zelfs terwijl je dat toezegt. Ik weet dondersgoed dat ik provocatief overkom, en dat ik overweldigend ben (bij ...		]]></document>
	<document><![CDATA[@username @username ... Keuze) en dat ik zelf narcistisch overkom. Vertel me eens wat nieuws. En DAT is wat ik zocht: iets nieuws.		]]></document>
	<document><![CDATA[@username @username je verkondigde namelijk een mening die ik nog niet eerder had gezien. het was zelfs interessant om meer over te...		]]></document>
	<document><![CDATA[@username @username ... weten, daarom las ik de HELE convo alvorens ik er op reageerde. Met mijn mening, die jij bleef ontwijken.		]]></document>
	<document><![CDATA[@username @username ik heb in ieder geval weer iets gelerd; over mezelf en over jou. Daarvoor dank ik je. jammer dat je er zelf zo...		]]></document>
	<document><![CDATA[@username @username ... weinig van hebt opgestoken (ja, dat is een aanname). En nee, dit is geen monoloog, reageer nu eens inhoudelijk		]]></document>
	<document><![CDATA[@username @username zoals je zelf aangaf in je openingstweet. Doe het. Verras jezelf. Ik wacht.		]]></document>
	<document><![CDATA[@username @username 'je stuurt'=ik heb een doel, 'aanvallend'=provocatief, 'beledigend'=waarheid die je niet wil horen. Alles klopt.		]]></document>
	<document><![CDATA[@username @username dus jij prefereert een positieve toon over een denigrerende boodschap? Want dat is jouw openingstweet righting...		]]></document>
	<document><![CDATA[@username @username ... mensen die graag monologen op twitter houden en daar alle recht toe hebben ondanks jou mening.		]]></document>
	<document><![CDATA[@username @username in dit geval geldt meer het gezegde dat chroom de buitenkant doet glimmen, maar ja, de inhoud ontbreekt.		]]></document>
	<document><![CDATA[@username @username tsja, niet helemaal, jij oordeelt objectief gezien overduidelijk onterecht (monologen mogen volgens de EULA van...		]]></document>
	<document><![CDATA[@username @username ... Twitter) en je bent objectief gezien hypocriet dat je negatief oordeelt over het niet krijgen van een reactie		]]></document>
	<document><![CDATA[@username @username waarna jezelf inhoudelijk weigert te reageren. Dus ja, dat maken mijn oordelen over jou van iets substantiëlere...		]]></document>
	<document><![CDATA[@username @username dat bevestig ik net, dat ik oordeel. Ik voeg, in tegenstelling tot jou, een argumentatie aan mijn oordeel.		]]></document>
	<document><![CDATA[@username @username dat heb je al gezegd, helaas heb je mijn vraag ter verduidelijking daarvan niet kunnen beantwoorden.		]]></document>
	<document><![CDATA[@username @username nee, al mijn oordelen zijn objectief toetsbaar in deze convo.		]]></document>
	<document><![CDATA[@username @username link me eens de tweet waar jij wat hebt uitgelegd? Heb ik die gemist?		]]></document>
	<document><![CDATA[@username @username oooh je bedoeld de jij-bak als excuus waarom je niks wil uitleggen? Ik snap het.		]]></document>
	<document><![CDATA[@username @username foute aanname: ik communiceer alleen met mensen van mijn niveau, m.a.w. Met mensen.		]]></document>
	<document><![CDATA[@username @username mijn woorden? Neerdalen en nivo heb ik nergens gezegd.		]]></document>
	<document><![CDATA[@username veel plezier met BZV. ?? PS. Ik heb bewondering voor je hoe rustig/correct je bleef reageren.		]]></document>
	<document><![CDATA[@username @username Veel dingen wel, jouw avi nog niet.		]]></document>
	<document><![CDATA[@username @username mooi, vet weg, nu nog wat spiertjes erbij. :)		]]></document>
	<document><![CDATA[@username in-between? between what?		]]></document>
	<document><![CDATA[@username je site is aangemaakt. correct deze keer. GG :)		]]></document>
	<document><![CDATA[@username ik heb je gemist ;)		]]></document>
	<document><![CDATA[@username Wel ff fotootje tweeten vanavond donker		]]></document>
	<document><![CDATA[@username Beetje zoals dit? http://t.co/LwHZtlcQYH		]]></document>
	<document><![CDATA[@username om het spammen tegen te gaan vind ik dat je voor elke PLOP-tweet een flesje bier moet drinken.		]]></document>
	<document><![CDATA[@username ik wou je gewoon beschermen, om nu gelijk voor elke tweet een fles sherry af te dwingen is ook weer zo wat... ;)		]]></document>
	<document><![CDATA[@username Mr Handyman, veel street customs gekeken?		]]></document>
	<document><![CDATA[@username ik vind die programma's ook altijd leuk, combinatie van auto's, creativiteit en psychologisch ge-ouwehoer. :)		]]></document>
	<document><![CDATA[@username Ja hoor, Yin.NL is beschikbaar op ReflexGT		]]></document>
	<document><![CDATA[@username hij vergat de 4e: spotten.		]]></document>
	<document><![CDATA[@username geen apk?		]]></document>
	<document><![CDATA[@username Clash of Clans is een FarmVille kloon. Speel ik samen met me dochter. Suf spel.		]]></document>
</author>