<?xml version="1.0" encoding="UTF-8" standalone="no"?><author id="user419">
	<document><![CDATA[@username stickers van paarden zoals de echte goons?		]]></document>
	<document><![CDATA[Mensen met een slotje op hun twitter, wat verberg je? Staatsgeheimen?		]]></document>
	<document><![CDATA[Wanneer je je bankrekening ziet nadat al je rekening zijn betaald.. http://t.co/BsphdqwFzQ		]]></document>
	<document><![CDATA[Als plan A niet lukt, heb je nog 25 andere manieren om je plannen te laten slagen.		]]></document>
	<document><![CDATA[Chris Brown - Add Me In, veel van Chris Brown een beetje van Micheal Jackson. ????????		]]></document>
	<document><![CDATA[TV aan: kijkend naar Expeditie Robinson.
TV uit: kijkend naar Expeditie Robinsoff.		]]></document>
	<document><![CDATA[Ik ben toe aan de zomer.		]]></document>
	<document><![CDATA[Een buitenlandse zomer welteverstaan.		]]></document>
	<document><![CDATA[Op de bankie met een bierie. ????		]]></document>
	<document><![CDATA[@username staat al een minuut 2-1		]]></document>
	<document><![CDATA[Ik ben er helemaal klaar me voor vandaag, zuig eens even goed me pik zou ik zeggen.		]]></document>
	<document><![CDATA[Morgen naar Almere voor m'n eerste weekend vrij in 16 dagen, ik ben blij.		]]></document>
	<document><![CDATA[Ik zeg mezelf elke dag ik stop vandaag, wetende dat het niet waar is.		]]></document>
	<document><![CDATA[Zo geil		]]></document>
	<document><![CDATA[Me nekharen gaan ervan overeind staan		]]></document>
	<document><![CDATA[Ik ontplof als een vulkaan en bedek haar met mijn liefde.		]]></document>
	<document><![CDATA[Deze, deep feels. http://t.co/XcMe8eg9kc.		]]></document>
	<document><![CDATA[Je kapper en en je vriendin verdrinken, wie red je? Me kapper, zodat ik met een freshe coupe naar mijn vriendins verjaardag kan.		]]></document>
	<document><![CDATA[@username hahaha shit val door de mand much		]]></document>
	<document><![CDATA[@username die fractievoorzitter was slechts een fractie voorzitter.		]]></document>
	<document><![CDATA[Hoe dan, ik sterf van de honger maar ik moet ook schijten als een beer.		]]></document>
	<document><![CDATA[Normaal is het een, of het ander.		]]></document>
	<document><![CDATA["Dat zou ik nooit doen" http://t.co/2aRqBEGIxS.		]]></document>
	<document><![CDATA[@username @username hen*		]]></document>
	<document><![CDATA[@username @username hun in deze zin is hen		]]></document>
	<document><![CDATA[@username deze lines zijn dik, en dat voor z'n dun mannetje.		]]></document>
	<document><![CDATA[@username toepasselijke titelsong bij de situatie.		]]></document>
	<document><![CDATA[Wanneer de bal bij de buren ligt die het niey willen teruggeven.
http://t.co/dl8u5ylDD0		]]></document>
	<document><![CDATA[Op zoek naar het bonnetje van een speler na een fifa15 miskoop

http://t.co/CLsr1x8l3g.		]]></document>
	<document><![CDATA[Ik ben een hoop verloren, maar heb de hoop nog niet verloren.		]]></document>
	<document><![CDATA[Lens heeft duidelijk z'n lenzen niet in.		]]></document>
	<document><![CDATA[Dit Oranje doet pijn aan me ogen. Is dit dezelfde ploeg als in Brazilië?		]]></document>
	<document><![CDATA[Oke moet gezegd worden, deze teams hebben al direct de bus geparkeerd bij de eerste aftrap en krijgen met geluk een vroege voorsprong.		]]></document>
	<document><![CDATA[Waardoor ze de bus gepakkeerd kunnen houden en Nederland het werk kunnen laten doen.		]]></document>
	<document><![CDATA[Jij geeft mij 100%, ik geef jou 100%.????
Jij geeft mij 50%, ik geef jou 0%. ????		]]></document>
	<document><![CDATA[Op de dag dat je salaris is betaald http://t.co/QCbtcfWWDA		]]></document>
	<document><![CDATA[@username @username @username welk level moet je zijn om het te kunnen dragen?		]]></document>
	<document><![CDATA[Servië - Albanië is eeeen dikke ruwina  oorlog op het veld wedstrijd gestaakt w		]]></document>
	<document><![CDATA[Vergeet de gene die jou zijn vergeten.		]]></document>
	<document><![CDATA[Wat is de voltooid verleden tijd van het woord komkommer? Kwamkwammer.		]]></document>
	<document><![CDATA[Vandaag is mij uitgelegd hoe ik credit card betalingen in, terwijl dat eigenlijk helemaal niet in mijn takenpakket zit. Nice.		]]></document>
	<document><![CDATA[Ik eet vanavond spruiten, of zoals mijn moeder altijd zegt: vitamine bommetjes. Ik heb gelijk even IS uitgenodigd om mee te eten.		]]></document>
	<document><![CDATA[COD MW3 blijft hard, al hele avond bezig.		]]></document>
	<document><![CDATA[Ik kan niet wachten op de dag dat ik Nederland voorgoed verlaat.		]]></document>
	<document><![CDATA[Gekke drukte en dat terwijl ik alleen zit, lache!		]]></document>
	<document><![CDATA[Vandaag heb ik letterlijk en figuurlijk last van opvliegers. Klote vliegen die telkens rondom en tegen me vliegen.		]]></document>
	<document><![CDATA[Zij: "Ik houd van mannen die kunnen koken"..

Ik: http://t.co/yCz921V9bL		]]></document>
	<document><![CDATA[@username jankerdje ben je ook he		]]></document>
	<document><![CDATA[Morgen nog strijden en dan voor 2 dagen terug van het front om herenigd te worden met familie en vrienden.		]]></document>
	<document><![CDATA[@username ben ook verkouden, maar hoor je mij piepen. Tough up		]]></document>
	<document><![CDATA[Oh gadver blijkt dat vanavond het grootste galbakkenfestijn van Nederland op tv was.. blij dat ik de televiziering gala niet heb gezien.		]]></document>
	<document><![CDATA[Dames en heren, hier is ie dan. DE STROOPWAFEL PIET! http://t.co/G9n97JWSlo		]]></document>
	<document><![CDATA[Het moment dat je met fifa verliest en je maat zegt dat het "maar een spelletje" is. http://t.co/jg9Bu9vwNL		]]></document>
	<document><![CDATA[Elke keer als ik in de spiegel kijk. http://t.co/6lySVpqOp9		]]></document>
	<document><![CDATA[Avondje vervelen en bankhangen in Almere. Ook wel eens fijn. Alsof ik dat in Noordwijk nooit heb.		]]></document>
	<document><![CDATA[Van die late night gesprekken met me moeder, super fijn.		]]></document>
	<document><![CDATA[Wat heeft de toekomst voor mij in petto?		]]></document>
	<document><![CDATA[Je houd alleen van bad boys? Ik eet ontbijtkoek terwijl het middag is.		]]></document>
	<document><![CDATA[Chaos op de voetbalvelden!		]]></document>
	<document><![CDATA[Chille avond gehad met mijn nigga Rozay.		]]></document>
	<document><![CDATA[Hou altijd in oog wat belangrijk voor je is! http://t.co/s0Sc7uz0tE		]]></document>
	<document><![CDATA[@username toch niet zo populair als jullie dachten?		]]></document>
	<document><![CDATA[@username @username zozo twit beef, klasse hoor.		]]></document>
	<document><![CDATA[@username dat denk ik als ik in de spiegel kijk.. ????????		]]></document>
	<document><![CDATA[Omg wat ligt me verschoonde bed lekker in Noordwijk, hoeslaken etc. van huis mee genomen. Beste beslissing ooit!!		]]></document>
	<document><![CDATA[Al die vliegen omdat naast ons een veld met koeien staat die om de zoveel tijd bemest word. En die beesten paren dan bij ons		]]></document>
	<document><![CDATA[@username lachman is nu huilman.		]]></document>
	<document><![CDATA[@username dus we staan al met 0-1 achter voor we beginnen.		]]></document>
	<document><![CDATA[Nog één maand stage dan heeeerlijk 2 weken vakantie.		]]></document>
	<document><![CDATA[HET ANP NIEUWS VAN TWAALF UUR: je bent een verrekte mongol!		]]></document>
	<document><![CDATA[Tot en met vrijdag avond home alone in Noordwijk, no life pssen here I come.		]]></document>
	<document><![CDATA[Deze week van maandag t/m zaterdag werken, zondag vrij vervolgens van maandag t/m vrijdag. ????		]]></document>
	<document><![CDATA[Voordeel van op je zelf wonen, je leert koken en op je geld letten.		]]></document>
	<document><![CDATA[Heerlijke pot zover tussen Liverpool en Real Madrid. Tempo ligt er hoog.		]]></document>
	<document><![CDATA[En dat is tweeeeee!! BENZEPA?? NEEEE BENZEMAAAA!!		]]></document>
	<document><![CDATA[Met een stijve piemel kijken naar Liverpool - Real Madrid.		]]></document>
	<document><![CDATA[Oh wacht, ze zijn al thuis.		]]></document>
	<document><![CDATA[Liverpool fans zo van http://t.co/nwlrCWuBew		]]></document>
	<document><![CDATA[Hoe me zus auto rijd..
https://t.co/DR6XcrmcTQ.		]]></document>
	<document><![CDATA[Heel fifa seizoen naar de kanker. 2e worden in competitie met 2 punten achterstand en bekerfinale 4-3 verliezen in laatste 5 mins.......		]]></document>
	<document><![CDATA[@username zet em op meid, je kunt het! Have faith, in de profeet.		]]></document>
	<document><![CDATA[Voel alles glippen uit m'n handen.		]]></document>
	<document><![CDATA[Nieuwe carriere, met Arsenal. Veeel snelheid in me team, helaas matige verdediging.		]]></document>
	<document><![CDATA[Super gekke droom gehad vannacht en tot overmaat van ramp had ik me bijna verslapen.		]]></document>
	<document><![CDATA[Bijna verslapen, iets wat je niet wilt als je de hele dag alleen op kantoor zit.		]]></document>
	<document><![CDATA[Me tweets slaan de laatste tijd echt als kut op Dirk. (Inclusief deze)		]]></document>
	<document><![CDATA[Na 6 volle werkdagen één hele dag vrij. Ik zeg: volop genieten!		]]></document>
	<document><![CDATA[Over één uur weer thuis.		]]></document>
	<document><![CDATA[@username heeel veel plezier!		]]></document>
	<document><![CDATA[Ik zit me echt moeilijk te irriteren aan z'n tyfus kind voor me in de trein, lawaai maken en irritant doen. Die moeder? Precies niks doet ze		]]></document>
	<document><![CDATA[@username hij scoorde het vaakst bij Irina.		]]></document>
	<document><![CDATA[Wil me ogen even dicht doen, alleen ben bang dat ik in Leeuwarden wakker wordt.		]]></document>
	<document><![CDATA[(Eindstation van deze trein is Leeuwarden)		]]></document>
	<document><![CDATA[Dank een ieder voor het mogelijk maken van deze gezellige avond!		]]></document>
	<document><![CDATA[Lekker naar FC Utrecht - PSV!		]]></document>
	<document><![CDATA[RT @username: Gezellige avondje gehad met @username		]]></document>
	<document><![CDATA[Van een Samsung S4 naar een BlackBerrry is net zoals van een Masserati naar een Fiat...		]]></document>
	<document><![CDATA[Heerlijk twee dagen vrij. Nu lekker pitten en uitslapen..		]]></document>
	<document><![CDATA[RT @username: GOAL! Almere City maakt er een wedstrijd van tegen PSV! Sander Keller tekent vlak voor rust voor de gelijkmaker! #almpsv		]]></document>
	<document><![CDATA[Afrika heeft de wereld gevoedt. De wereld eet zonder Afrika.		]]></document>
</author>