<?xml version="1.0" encoding="UTF-8" standalone="no"?><author id="user880">
	<document><![CDATA[@username @username sit gwn lekker ik voel me echt niet ok in te wijde kleding behalfen in cosyy oversisedt christmas sweaters ;3		]]></document>
	<document><![CDATA[@username doe wel met beflapje....		]]></document>
	<document><![CDATA[WAt zijn jullie insta's ..		]]></document>
	<document><![CDATA[Ik wil zo graag een self appreciation iets tweeten, zal ik het gewoon doen of gaat karma me kontneuken dan		]]></document>
	<document><![CDATA[@username ik ben hier te bijgelovig voor help		]]></document>
	<document><![CDATA[Oké genoeg self appreciation want ik ga gal kotsen ervan		]]></document>
	<document><![CDATA[Ik dacht ineens aan Deventerchillings en ik wil weer pizza eten enz @username @username		]]></document>
	<document><![CDATA[@username @username en met henna want ze is zo lief		]]></document>
	<document><![CDATA[Ik zweer kan m'n baard opschieten mss		]]></document>
	<document><![CDATA[Smh @username de NS dat ze op sommige trajecten ongegeneerd met 50 jaar oude stoptreinen rijdt		]]></document>
	<document><![CDATA[Waarom is dit zo groot nieuws http://t.co/UdNdOcyiru		]]></document>
	<document><![CDATA[De dag dat ik serieus blazers begin te dragen, mogen jullie me met mijn toestemming neerknallen		]]></document>
	<document><![CDATA[@username het is naar mening allemaal zo aangelegd en kil, maar genoeg voorzieningen dus eigenlijk heb ik niets te klagen		]]></document>
	<document><![CDATA[@username wij gaan woensdag lekker vlaai chappen als ik weer kan eten		]]></document>
	<document><![CDATA[Staat 2 Broke Girls op de Nederlandse Netflix		]]></document>
	<document><![CDATA[Ik cringe kk hard door jullie grammatica		]]></document>
	<document><![CDATA[ik moet alle afleveringen van s4 van amerikaans griezelverhaal nog kijken tfoe		]]></document>
	<document><![CDATA[@username je bent iconisch		]]></document>
	<document><![CDATA[@username nee ik weet dat het uit is maar ik heb moeite met op de hoogte blijven van dingen		]]></document>
	<document><![CDATA[@username @username kzweer dacht dat het serieus was doeeeg		]]></document>
	<document><![CDATA[Ik zat vandaag in de trein bij toeristen die vanuit Schiphol naar A'dam CS moesten en er pas bij Zwolle achterkwamen dat ze fout zaten		]]></document>
	<document><![CDATA[@username ik zou je ws gepest hebben op die eerste foto		]]></document>
	<document><![CDATA[Wanneer er te weinig suiker in je pap zat http://t.co/t8HwGidvzG		]]></document>
	<document><![CDATA[Deze foto vind ik zo leuk hahaha http://t.co/hSYsgotf5G		]]></document>
	<document><![CDATA[M'n oren klopten echt niet in verhouding met m'n hoofd zo cute		]]></document>
	<document><![CDATA[@username ik ben een en al cliché, wat verwacht je anders van me?		]]></document>
	<document><![CDATA[Ik wil ook een geldslaaf		]]></document>
	<document><![CDATA[Mijn vrienden hebben een geldslaaf wbu		]]></document>
	<document><![CDATA[“@username: WHEN YOUR VILLAGE IS THE ONLY ONE NOT TO GET INFECTED WITH EBOLA https://t.co/OgZ3B1HRIQ” wat de kk fuck dijjsijhghh		]]></document>
	<document><![CDATA[jullie zeuren allemaal over je wenkies van vroeger maar ze zijn alsnog beter dan die van velen tegenwoordig hier op twitter		]]></document>
	<document><![CDATA[@username het zijn geen borstels/dunne kk emo streepjes		]]></document>
	<document><![CDATA[Ik heb onderzoek gedaan en ben er achtergekomen dat iedereen uit Groningen zo fucking vreemd is		]]></document>
	<document><![CDATA[@username idk het lijkt net alsof je provinciegenoten helemaal niet meekrijgen wat er in de rest van t land gebeurd		]]></document>
	<document><![CDATA[@username nee dat zijn gewoon probleemkinderen en junkies		]]></document>
	<document><![CDATA[@username ik wil het leven van boer gert		]]></document>
	<document><![CDATA[@username hoe ben jij kut		]]></document>
	<document><![CDATA[@username jij bent SERIEUS een van de chillste hiero dus maak je geen zorgen schat		]]></document>
	<document><![CDATA[Op naar het ziekenhuis ??????????????????		]]></document>
	<document><![CDATA[Als ik straks weer thuis ben ga ik de hele dag series kijken heeeeeerlijk		]]></document>
	<document><![CDATA[2/4 ???? (no toetsweek, maar verstandskiezen)		]]></document>
	<document><![CDATA[@username Jj ook schat		]]></document>
	<document><![CDATA[Lekker shoppen met de maaaaidunnn http://t.co/I7qiXVSgoU		]]></document>
	<document><![CDATA[Ik reis om naar m'n huis omdat ik een bushalte wil die dichtbij een apotheek is smh		]]></document>
	<document><![CDATA[Als ik naar m'n eigen apotheek wil moet ik zo ver lopen van de bus ????		]]></document>
	<document><![CDATA[Ik ben zo zo zo bang dat ik m'n tong helemaal stukbijt zonder iets door te hebben		]]></document>
	<document><![CDATA[@username zeggen jullie in België serieus wijsheidstanden		]]></document>
	<document><![CDATA[Deze bitch slayt mijn hele leven http://t.co/dnNFhnZTPo		]]></document>
	<document><![CDATA[@username @username jongens mijn vader heeft een keer harissa in mn neus gedaan toen ik 4/5 was of zo doei		]]></document>
	<document><![CDATA[Mijn vader heeft NO chill maar ik heb nooit een lijfstraf gehad el hamdoulillah		]]></document>
	<document><![CDATA[Ik twijfel zo hard hoe ik moet straffen later: de allochtone manier of de "Kees, dit was niet de afspraak, in de hoek jij"-manier		]]></document>
	<document><![CDATA[@username @username AHawHWDHWHA Isa (as) is er voor iedereen !		]]></document>
	<document><![CDATA[@username jij bent egt erggg :s ! doe normaal ofs racsict		]]></document>
	<document><![CDATA[@username liever allocht00n dan een kk bleekschitta !		]]></document>
	<document><![CDATA[@username ik stuur een snap		]]></document>
	<document><![CDATA[@username i know in oujda enz toch (is dit bij de grens)		]]></document>
	<document><![CDATA[@username true ik versta hun helemaal maar ken zo'n chick uit kenitra en daar heb ik al een stuk meer moeite mee		]]></document>
	<document><![CDATA[@username waar kom jij vndn in mrc		]]></document>
	<document><![CDATA[@username ja maar dacht dat daar alleen amazighiyin vandaar komen		]]></document>
	<document><![CDATA[@username da zijn mn nichies hhh		]]></document>
	<document><![CDATA[Hoe trouw je met beroemdheden (Emma Roberts)		]]></document>
	<document><![CDATA[Wanneer iemand je vertelt dat Emma Roberts en Evan Peters daten http://t.co/XzfG8L0Iok		]]></document>
	<document><![CDATA[@username ik ben hier te bipolair voor		]]></document>
	<document><![CDATA[Jongens wat is eetbaar voor iemand met twee verstandskiezen eruit en wat GEEN yoghurt of zo is		]]></document>
	<document><![CDATA[Weten mensen wel wat ghetto betekent met hun "Almere is ghetto"-geklets		]]></document>
	<document><![CDATA[Almere is een fucking goed verzorgde stad met veel grote huizen, is een multiculturele bevolking de definitie van ghetto in hun visie dan?		]]></document>
	<document><![CDATA[@username @username ja maar dat heb je in alle grote steden, ik voel me in ally veiliger dan Amsterdam of zo		]]></document>
	<document><![CDATA[@username @username ja precies het is een best veilige stad en vooral in vergelijking met de andere grootste steden van nl		]]></document>
	<document><![CDATA[Hopelijk vergeet degene met wie ik morgen heb afgesproken dat we hebben afgesproken want ik wil series kijken		]]></document>
	<document><![CDATA[@username als ik nu deze combinatie lees, ga ik over m'n nek		]]></document>
	<document><![CDATA[Zometeen naar huis lopen vanaf station mag ik dood		]]></document>
	<document><![CDATA[@username je vond het wel lekker eerlijk		]]></document>
	<document><![CDATA[@username @username ik moest echt even 2 minuten denken tot ik erachter kwam wat voor zaad hij bedoelt		]]></document>
	<document><![CDATA[Het is zo kut om door Almere te reizen met de sprinter		]]></document>
	<document><![CDATA[Almere Poort
Almere Muziekwijk
Almere Centrum
Almere Parkwijk
Almere Buiten
Almere Oostvaarders
Almere ik wil dood		]]></document>
	<document><![CDATA[@username ik zag daar een vacature vandaag in easterwood		]]></document>
	<document><![CDATA[Nederlandse politiek ????		]]></document>
	<document><![CDATA[Nee ik ben helemaal niet zo links tbh		]]></document>
	<document><![CDATA[@username dat wilde ik ook doen ooit en toen besloot ik toch maar klote uni te doen waar ik nu spijt van heb		]]></document>
	<document><![CDATA[@username ik studeer aan de uva ????		]]></document>
	<document><![CDATA[Ik heb zo lang geen FKA twigs meer geluisterd ik krijg zomerkriebels		]]></document>
	<document><![CDATA[Strakjes bij het ontbijt E7 van Freak Show kijken ????????????		]]></document>
	<document><![CDATA[@username @username zeker eyebrow gang		]]></document>
	<document><![CDATA[Waarom is er al de hele dag een grote politieactie op Almere Centrum doe iets anders of zo		]]></document>
	<document><![CDATA[Die controleurs bestormen je gewoon terwijl je rustig zit met een geldig vervoersbewijs		]]></document>
	<document><![CDATA[@username hoe heet hij ook alweer hij zit toch op ovc wat een kanker downie		]]></document>
	<document><![CDATA[@username wie was/is zijn vriendin ook alweer		]]></document>
	<document><![CDATA[@username skkl dat ken je toch wel zelf bedenken		]]></document>
	<document><![CDATA[Ik ga AHS S3 een nieuwe kans geven want ik heb toch niks te doen in m'n leven		]]></document>
	<document><![CDATA[Niall lijkt echt op een Fries uit Dokkum of zo, Zayn is gewoon ???? en Harry op een UvA-student http://t.co/7E97BHUwR7		]]></document>
	<document><![CDATA[@username alleen kom dan van een fissa		]]></document>
	<document><![CDATA[Ik vind dit programma zo leuk oh my		]]></document>
	<document><![CDATA[Ik heb zo veel wax in m'n haar vandaag dat het nooit meer uit model gaat volgens mij		]]></document>
	<document><![CDATA[Ik heb zo kk veel zin in chicken tikka masala en dan het warme, verse naanbrood in de saus te dopen		]]></document>
	<document><![CDATA[Mijn leven: eten		]]></document>
	<document><![CDATA[Ik kwijl oprecht http://t.co/HZWIgclf45		]]></document>
	<document><![CDATA[@username ja vooral wanneer het net net uit de oven komt OMG		]]></document>
	<document><![CDATA[JOngens in lach mn hechtingen eruit		]]></document>
	<document><![CDATA[Hoe is Ariana uitverkocht		]]></document>
	<document><![CDATA[De huidige president van Tunesië was vroeger een hippie die ook naar India heeft gereisd, love him kijk z'n hoofd http://t.co/HbtSflglay		]]></document>
	<document><![CDATA[Beter wordt hij herkozen zondag		]]></document>
</author>