<?xml version="1.0" encoding="UTF-8" standalone="no"?><author id="user961">
	<document><![CDATA["@username: Is altijd mijn fout."		]]></document>
	<document><![CDATA["@username: Ga zo even rondje lopen buiten, afkoelen." Hou je rustig..		]]></document>
	<document><![CDATA["@username: blijf lachen want dan maak je ze boos"		]]></document>
	<document><![CDATA["@username: RT @username: Soms wil ik met je zijn maar dan doe je uit de hoogte."		]]></document>
	<document><![CDATA[Ik ga zo slapen.. wekker gaat weer eens veelste vroeg.		]]></document>
	<document><![CDATA[Ohja, moet mn tas nog inpakken.. maar heb geen zin om mn bedje uit te gaan.		]]></document>
	<document><![CDATA["@username: Ga niet in de avond chillen met alleen een trui en een vestje. #Brrrr koud." HAHAHA alleen jij doet dat.		]]></document>
	<document><![CDATA["@username: @username poeh volgende keer ski-pak aan buiten." HAHAHA dan weet je zeker dat je het lekker warm hebt!		]]></document>
	<document><![CDATA[Wanneer gaan we weer schoenen kijken in de stad? @username ????		]]></document>
	<document><![CDATA[@username noujaaa, oke dan gaan we op kleding jacht ????		]]></document>
	<document><![CDATA[Was echt te blij nadat ik @username had gemeet & een handtekening in mn agenda kreeg. ????		]]></document>
	<document><![CDATA[Moet echt stoppen met te lief doen tegen mensen, volgens mij kotsen sommige me gewoon uit.		]]></document>
	<document><![CDATA["@username: RT @username: Mensen zijn achterbaksss these days."		]]></document>
	<document><![CDATA[Maar ik had vanmiddag echt iets doms meegemaakt en als ik eraan denk moet ik gewoon lachen. ????		]]></document>
	<document><![CDATA[Ff paar tweets verwijderd.		]]></document>
	<document><![CDATA[Ik hou van Chocola ????		]]></document>
	<document><![CDATA[Je hoeft ook niet met sorry bij me te komen, vind het wel goed zo.		]]></document>
	<document><![CDATA[Gelukkig heb ik morgen geen whatsapp tot 5 uur. Heerlijk.		]]></document>
	<document><![CDATA["@username: Endan vraag k me af op welke dag zou k gaan, zou ik gaan met n traan of zou ik liggen met n lach ?"		]]></document>
	<document><![CDATA["@username: Normaal zeik ik niet om die suffe dingen maar meisjes/vrouwen met bier kan écht niet." ????????????????		]]></document>
	<document><![CDATA[Altijd reageert een raarwijf als ik vraag wat is je insta ????		]]></document>
	<document><![CDATA[Mensen maken ook van alles een spelletje eh..		]]></document>
	<document><![CDATA[Speel niet met mijn gevoelens, want ik ga je leven zuur maken als ik er achter kom.		]]></document>
	<document><![CDATA[Ik doe altijd moeite voor de verkeerde, hoop dat dat snel veranderd.		]]></document>
	<document><![CDATA[Mensen lopen over je heen als je laat zien dat je om ze geeft.		]]></document>
	<document><![CDATA[Je zou maar 'Elmo' heten HAHAHAHA ????		]]></document>
	<document><![CDATA["@username: Kanker, concentratie is ook naar mars gevlogen. Bedankt." Geen dank ????????		]]></document>
	<document><![CDATA[Moest ff grappig doen ofzo ok.		]]></document>
	<document><![CDATA[Nu pizza bestellen zou fijn zijn.		]]></document>
	<document><![CDATA["@username: Ik haat hopsin echt als hij volgend jaar niet weer gaat touren door europa." Je kunt hem niet haten ????		]]></document>
	<document><![CDATA[Hij blijft ook gewoon lief ookal deed ik dom. Thats cute.		]]></document>
	<document><![CDATA["@username: @username als hij komt iscool" afgesproken. ????		]]></document>
	<document><![CDATA[Ik heb morgen een toets maar heb niet geleerd.. Hallo 1e onvoldoende ????		]]></document>
	<document><![CDATA[Teringtyfusaids wat een pijn als je je kleine teen stoot jeetjemina ????		]]></document>
	<document><![CDATA[Voelt alsof mn teen dood gaat. Omg		]]></document>
	<document><![CDATA["@username: Energy is echt vies ????????" nietus		]]></document>
	<document><![CDATA[Ik feliciteer mensen ook via alles waar ik ze op heb, best stom eigenlijk ????		]]></document>
	<document><![CDATA[Waarom favo ik dingen zomaar ????		]]></document>
	<document><![CDATA[Ze moeten die ster echt uit die kanker vakje halen.		]]></document>
	<document><![CDATA[@username zeur niet zo, alsof ik het in elke tweet doe :s en anders unfollow maar lekker bye.		]]></document>
	<document><![CDATA["@username: @username snap jij geen sarcasme?" Alsof er iets sarcastisch aan was :s		]]></document>
	<document><![CDATA[@username je tweet zoveel onzin in een minuut dus ga geen tweet van je zoeken ofzo		]]></document>
	<document><![CDATA[Rare shit.. ook echt alleen op twitter krijg je domme reacties.		]]></document>
	<document><![CDATA[Slapen, goodnight. ????		]]></document>
	<document><![CDATA[We vliegen earlyyy		]]></document>
	<document><![CDATA["@username: "@username: "@username: "@username: Goodmorning."Gm" lekker geslapen?"ja hoor jij? :)" zekerss		]]></document>
	<document><![CDATA["@username: hoest de longen uit me lijf + barstende koppijn , pff" beterschap!		]]></document>
	<document><![CDATA[Rond 20 over 7 richting de bus.		]]></document>
	<document><![CDATA[Ohjaaa, kan eindelijk mn nieuwe winterjas aan ????		]]></document>
	<document><![CDATA["@username: @username thankss" geen dank!		]]></document>
	<document><![CDATA["@username: "@username: Wat valt er vandaag te doen?""		]]></document>
	<document><![CDATA[Omw home.. barstende hoofdpijn.		]]></document>
	<document><![CDATA[Lekker voor je dat slecht met je gaat, heb geen medelijde met je. Je verdient niet beter.		]]></document>
	<document><![CDATA[Je ziet eruit als een snol.		]]></document>
	<document><![CDATA[Ik volg echt veel mensen die volgens mij een twitter relatie hebben.. ze tweeten de hele dag naar hun lovie.		]]></document>
	<document><![CDATA[Chinees eten gegeten met mamsie ????		]]></document>
	<document><![CDATA["@username: wie kan ik nog wel vertrouwen deze tijd?"		]]></document>
	<document><![CDATA["@username: als je me echt wilt moet je andere voor mij laten vallen zo niet dan wil je niet echt voor me gaan ..."		]]></document>
	<document><![CDATA[Afstandsrelaties zijn wel te doen, maar het is zo moeilijk soms.		]]></document>
	<document><![CDATA["@username: “@username: sommige moeten echt opdonderen met hun ''relationshipgoals''”"		]]></document>
	<document><![CDATA[Sinds dag 1 haat ze me, blijft grappig.		]]></document>
	<document><![CDATA[Iedereen tweet boo dit  boo dat, en ik.. ik heb niet eens een boo ????		]]></document>
	<document><![CDATA["@username: 'Het spijt me' helpt niet altijd." < eigenlijk nooit, maar je doet alsof omdat je diegene niet kwijt wil.. meestal		]]></document>
	<document><![CDATA["@username: "@username: Iedereen tweet boo dit  boo dat, en ik.. ik heb niet eens een boo ????" • Jij had toch een boo?.." had????		]]></document>
	<document><![CDATA["@username: @username Ohhhhh, fuckedup.." true, maar wel de beste 10 maanden van mn leven, had het voor geen goud willen misse		]]></document>
	<document><![CDATA[Mijn langste relatie was 10 maanden & die van jou?		]]></document>
	<document><![CDATA[Denk dat ik nooit meer zo gek op iemand zal worden.. bang om weer op zo een harde manier gekwetst te worden.		]]></document>
	<document><![CDATA[@username zijn gevoel voor mij is weg..		]]></document>
	<document><![CDATA["@username: "@username: Mijn langste relatie was 10 maanden & die van jou?" - 3 jaar ????" haha van jou weet ik het wel		]]></document>
	<document><![CDATA[@username vond het ook apart. Maar uiteindelijk zijn we zo beide beter uit. Ik geloof dat wat bij elkaar hoort bij elkaar terug komt.		]]></document>
	<document><![CDATA[@username hmm, jaa maar op een geef moment word het gewoon kut want je kan elkaar niet zomaar zien...		]]></document>
	<document><![CDATA[@username was ik ookal opgekomen, maar maakt ook allemaal niet meer uit haha. Heb veel geleerd ervan.		]]></document>
	<document><![CDATA[Wil een love binnen de 2 uur reistijd.		]]></document>
	<document><![CDATA[@username oh ik had ook geen problemen hoor haha. Maar miste hem veel. Het is ook goed te doen hoor.		]]></document>
	<document><![CDATA[Wil een love die toe is aan samen wonen, dus 1tje die volwassen nadenkt.		]]></document>
	<document><![CDATA["@username: Ben benieuwd naar volgende maand."		]]></document>
	<document><![CDATA[Volgende maand lieve vriendinnetje Samantha jarig. ????		]]></document>
	<document><![CDATA[Ineens krijg ik allemaal volgverzoeken op insta van mensen uit Groningen ????		]]></document>
	<document><![CDATA["@username: Jaloezie is een bitch.????"		]]></document>
	<document><![CDATA["@username: RT @username: SO naar de followers die mij in real life groeten"		]]></document>
	<document><![CDATA["@username: Mijn lovie woont nog geen 2 min van me vandaan ????" kijk dit is pas goeie ????		]]></document>
	<document><![CDATA["@username: @username ja Davey ook, maar ik hoef geen 5 uur ????" haha wees blij!		]]></document>
	<document><![CDATA[Oke genoeg over dat haha.		]]></document>
	<document><![CDATA[@username als je dicht bij elkaar woont ga je ook niet elke dag naar elkaar toe, maar je kan elkaar zien wanneer je wil..dat is het fijne		]]></document>
	<document><![CDATA["@username: @username de meeste die dichtbij elkaar wonen doen dat dus wel." Jaa klopt, die relaties duren vaak ook niet lang..		]]></document>
	<document><![CDATA["@username: @username ben ik ook zeker wel hahaa" haha mooizo, veel geluk samen! ????		]]></document>
	<document><![CDATA["@username: Vandaag 5 Uur gereist om lovie even te verrassen toen ze op 't werk was." Super cuteeee		]]></document>
	<document><![CDATA[Vrijdag is het halloween, nog ff kijken of ik uit ga of niet ... hmmm		]]></document>
	<document><![CDATA["@username: goverdina klinkt als een wat vrouwelijke vorm voor godverdomme"		]]></document>
	<document><![CDATA[Weet iemand een goede film?		]]></document>
	<document><![CDATA[Maar Orphan is echt een gekke film, wow..		]]></document>
	<document><![CDATA["@username: "@username: "@username: In slaap vallen met het geluid van de regen ????"""		]]></document>
	<document><![CDATA[Primark verkoopt dus kleren die door kinderen zijn gemaakt ????		]]></document>
	<document><![CDATA["@username: "@username: Primark verkoopt dus kleren die door kinderen zijn gemaakt ????" fuck" was op het nieuws.. h&m ook		]]></document>
	<document><![CDATA["@username: @username precies." Veel geluk samen ! ????		]]></document>
	<document><![CDATA[@username ook raar dat het goedkoop is terwijl er zo hard aan gewerkt is..		]]></document>
	<document><![CDATA[Als het niet meer is ..		]]></document>
	<document><![CDATA[@username jaa nouja, reken er maar niet op dat ze betaald krijgen zoals dat zou moeten..		]]></document>
	<document><![CDATA["@username: echte vrienden hebben dezelfde vijanden"		]]></document>
	<document><![CDATA[Ik ben weer eens zomaar wakker en altijd om iets in de buurt van 3 uur :s		]]></document>
</author>