<?xml version="1.0" encoding="UTF-8" standalone="no"?><author id="user589">
	<document><![CDATA[GEWELDIG! #instanthappiness :-)) Tovert ongetwijfeld glimlach op gezicht
"Ik denk West-Vlaams; als ik me niet vergis"
http://t.co/rGekrIQFSS		]]></document>
	<document><![CDATA[Een uitdaging op het vlak van management binnen je bedrijf of organisatie? Onze studenten nemen met plezier de hands…http://t.co/FNkiJoFXgF		]]></document>
	<document><![CDATA[Als alles goed gaat, zie ik vandaag @username - lunchen in Antwerpen!		]]></document>
	<document><![CDATA[Altijd vreemd; die mensen die je profiel bekijken op LinkedIn en er dan niets mee doen.. Het is zo'n maand..		]]></document>
	<document><![CDATA[Geweldig. :-))
“@username: Zat Daft Punk zonder helm in het publiek? http://t.co/mtZnOjoo6t”		]]></document>
	<document><![CDATA[Vanavond naar de nieuwjaarsreceptie van de @username #Jongerenkamer. Lange dag..		]]></document>
	<document><![CDATA[@username is het boeiend? Ben zelf op event Voka, mr las dat @username in #telefacts zou komen..		]]></document>
	<document><![CDATA[Was al vaker nr #VOKA-events geweest, mr ben blij dat ik via @username hoorde over de nieuwjaarsreceptie vd @username v @username		]]></document>
	<document><![CDATA[Zeer goed netwerkevent vd @username; heel fijne mensen mogen ontmoeten en de agenda voor 2014 ziet er alvast veelbelovend uit! @username		]]></document>
	<document><![CDATA[@username @username Nog snel Yelo ingeschakeld. Duurde nogal lang voor "opname geslaagd". Hopelijk heb ik het nog net in beeld #warroom		]]></document>
	<document><![CDATA[“@username: Vegetarische lasagna in Den Trol Schoten. 9€ en enorm lekker. #aanrader” Mijn stamcafé! :-D
Zit je er nog? Anders kom ik af!		]]></document>
	<document><![CDATA[“@username: Zitten is dodelijk . Heeft jouw kantoor sta-zitplekken?” Dat kan bij ons allemaal! Gewoon even vragen a HR-lady @username		]]></document>
	<document><![CDATA[“@username: @username Het einde van de examens maakt wat los in een mens… http://t.co/CDz4FdtK8D #wedoeniszot!” You're the BEST!		]]></document>
	<document><![CDATA[Met veel plezier, @username! Succes met jullie volgende activiteiten  @username @username		]]></document>
	<document><![CDATA[True story! :-)) “@username: @username Bedankt! Had de tweet gestuurd toen we net weg waren. ;-) Spaghetti van Den Trol = the best.”		]]></document>
	<document><![CDATA[Deze wilde ik jullie niet onthouden
http://t.co/esDpxa0Yjb
recognize something?! ;-)
#amslab 
Met oprechte dank ad mannen v @username		]]></document>
	<document><![CDATA[“@username: Schitterende manier om 'reclame'  vr jezelf te maken. Zou iedereen zo moeten doen! @username @username”
Zo is dat		]]></document>
	<document><![CDATA[Luister NU nr @username -Alumna #MPM- nu op @username over de #dinobusters! #boeklancering vanavond op @username #totuwdienst		]]></document>
	<document><![CDATA[Over de #vastebenoeming bij #ambtenaren als een #goudenkooi (valkuil) ipv als e#goudenkans (mobiliteit). @username @username #totuwdienst		]]></document>
	<document><![CDATA[Today = D(inobusters)-Day! 
Veel succes a deze drie ambitieuze ambtenaren @username @username @username aka K3 aka @username		]]></document>
	<document><![CDATA[Het kan nt op vr @username @username @username @username:
@username @username @username ....
What's next?! #dinobusters		]]></document>
	<document><![CDATA[#poppoezie (1/2)
Ik wil wel m je meegaan,
mr je weet dat ik nt zo meegaand ben;
Ik wil wel m je slapen,
mr je weet dat ik nt zo slaperig ben		]]></document>
	<document><![CDATA[#poppoezie (2/2)
Ik wil wel v je houden,
Mr je weet dat ik toch nt te houden ben;
Want als ik m je vrij, 
bewijst dat nt dat ik vrijer ben		]]></document>
	<document><![CDATA[Dat is een lied van Kris De Bruyne, my All time favorite Vlaamse #Kleinkunst held, @username #poppoezie
Leuk spelen met woorden he! :-)		]]></document>
	<document><![CDATA[Leuke IRL ontmoeting met één van de #Dinobusters, @username. Hier duidelijk geen zenuwen! :-) http://t.co/pD2ZAregIC		]]></document>
	<document><![CDATA[“@username: Een leuke babbel met @username op café, als dat geen goeie start vd avond is ;) #dinobusters” Inderdaad! Dankjewel :-)		]]></document>
	<document><![CDATA[#dinobusters blijft de hashtag, Koen. Tot zo! @username @username @username		]]></document>
	<document><![CDATA[Aan alles is gedacht; zelfs aan prijzen voor de #dinobusters quiz. #totuwdienst http://t.co/bKPoXzOTJB		]]></document>
	<document><![CDATA[#dinobusters & #socialmedia gaan duidelijk hand in hand. :-)
cc @username @username @username @username http://t.co/yHognLiEeF		]]></document>
	<document><![CDATA[Voor alles een eerste keer: vanavond de eerste keer dat ik zo lang op @username rondhang zonder drank! #dorst #din0busters		]]></document>
	<document><![CDATA[“@username: Ook heel fijne mensen op boekvoorstelling #totuwdienst --> @username & @username. :-) http://t.co/MJoz1H2Rbn”
Dankjewel		]]></document>
	<document><![CDATA[“@username: @username @username onder West-Vlamingen altijd leuk, niet @username ;-) #TotUwDienst”
Wider, gider en zider! Toetànaastekè!		]]></document>
	<document><![CDATA[@username Dit is geen privé tweet. Ik wil je hooking up pogingen met nathalie liever knn mee volgen.. cc @username		]]></document>
	<document><![CDATA[@username @username Ok, ik ben veel te goed voor deze wereld. Heb hem dan toch mr uitgelegd hoe het moet.. Stom van mij.		]]></document>
	<document><![CDATA[“@username: Officieel geselcteerd voor @username ! #ChallengeAccepted”
'duidelijke mening en veel enthousiasme'?! Sounds like you!		]]></document>
	<document><![CDATA[#ff vr @username omdat dezen Tsjeef gisteren alvast @username IRL mocht ontmoeten en verder indoctrineren. :p		]]></document>
	<document><![CDATA[@username @username Gelukkig zijn er nog aspecten aan mijn persoon(lijkheid) die wél in mijn voordeel spelen. #Anderlecht		]]></document>
	<document><![CDATA[@username @username Bwa, drie jaar abonnement gehad v #PSV. En toen ik in Barcelona zat verschillende matchen in Nou Camp. Barca is de top		]]></document>
	<document><![CDATA[Vanochtend 2 bussen ervan tussen. Gelukkig thuis al veel gedaan. Nu maar hopen dat het nt op m'n humeur slaat. :-)) #luckgirl		]]></document>
	<document><![CDATA[@username soms. Als echte vrienden m'n vertrouwen beschamen bv :-)		]]></document>
	<document><![CDATA[Ik moet toegeven dat ik h toch wel een beetje jammer vind dat de identiteit van @username (deels) bekend werd
http://t.co/AVzmLNrBfG		]]></document>
	<document><![CDATA[@username No worries!Vertel je ma ma dat jij in plaats daarvan bij fijn clubje @username'ers behoort & mss nr @username gaat #preek		]]></document>
	<document><![CDATA[THX!  “@username: Een #FF voor @username en @username omdat je met beiden heerlijk kunt babbelen over van alles en nog wat!”		]]></document>
	<document><![CDATA[Hoge verwachtingen v #bardumatin @username worden voorlopig nt ingelost; al helemaal nt me Hollander in 1ste afl. Zondagochtend -> IPod-time		]]></document>
	<document><![CDATA[Vdaag Lunchroom Steffie uittesten. Prachtig maatschappelijk project in prachtig park #Vordenstein #Schoten 
https://t.co/N5ji989zaI		]]></document>
	<document><![CDATA[Altijd welkom in #Schoten om er eens een koffie te gaan drinken, @username #LunchroomSteffie #DeVlinder		]]></document>
	<document><![CDATA[.@username nog een voorbeeldje van #iedereenheefttalent http://t.co/hDUsiUNISd		]]></document>
	<document><![CDATA[Zalige ZONdag!
#Schoten #Vordenstein #EnjoyWE http://t.co/u9W4AODY8t		]]></document>
	<document><![CDATA[Trots op #Schoten!
Geslaagd openingsweekend v #DeVlinder #LunchroomSteffie - project vr personen m mentale beperking http://t.co/kh2rBqK9VS		]]></document>
	<document><![CDATA[Er is de voorbije dagen heel veel gezegd en geschreven over de #dinobusters, mr neem even de tijd vr blog @username http://t.co/HdUHaNIfFf		]]></document>
	<document><![CDATA[@username @username Vdaag eerste keer dat ik keek. Grappig, vrolijk, ontroerend, echt. 
En die Burgemeester uit m'n geboortedorp: gieren		]]></document>
	<document><![CDATA[Jesse Segers en Koen Marichal over #vertrouwen en #leiderschap - Antwerp Management School http://t.co/xuw4K8j7NW #leadership #trust		]]></document>
	<document><![CDATA[Ik hou van die dinsdagavonden op Antwerp Management School: rust in de bureaus, maar gezellige drukte in de leslokalen. #lovemyjob		]]></document>
	<document><![CDATA[Hoe zou het nog zijn met de Klout-score van Nathalieke Michiels? :-) Elk nadeel heb z'n voordeel. cc @username		]]></document>
	<document><![CDATA[RT #preventie
“@username:Jaarverslag interne dienst preventie & bescherming op het werk: indienen vóór 1 april 2014! http://t.co/jw1RBg7RjF”		]]></document>
	<document><![CDATA[Goed dat je het nog eens herhaalt, @username! Was er al aan begonnen, mr voorbije weken weer wat op het achterplan geraakt. #geenzinin		]]></document>
	<document><![CDATA[RT “@username: Als je niet weet wat te doen vandaag: @username wordt 150 jaar, doe goede daad en geef bloed!” #bloedgevendoetleven		]]></document>
	<document><![CDATA[@username zag op Twitter dat je vdaag les had. Laat volgende keer vroeger weten he, dan kom ik ns af. Is weeral v november geleden.. :-) CYA		]]></document>
	<document><![CDATA[@username moet toevalstreffer geweest zijn. Gisteren mr 4 min beneden geweest. :-) see ya		]]></document>
	<document><![CDATA[“@username: Big day! #Launch14! Vnv 18u30, Katoen Natie Gent http://t.co/g9LPP3Tywf”
Ik zal er zijn! Succes met #OpenBedrijvendag 2.0		]]></document>
	<document><![CDATA[@username @username Ha,leuk! Dankjewel Stefaan.Ben wel een fervent twitteraar, doch geen fervent Flair-lezeres.. Mr lijkt me fijn project!		]]></document>
	<document><![CDATA[@username @username vraag me af of ze daar bij Flair Jacques Recordon en Bénédicte Lobelle (nog) zouden kennen.. Eergisteren leren kennen		]]></document>
	<document><![CDATA["De sfeer is superbelangrijk vr een bedrijf" zegt Brecht, @username vr één jaar.Elke week een andere job/een andere sector/andere collega's		]]></document>
	<document><![CDATA[Efkes tussendoor: dat #launch14-event van @username zit echt perfect in elkaar! Perfecte timing, perfecte hosting, perfecte lancering!		]]></document>
	<document><![CDATA[Mss toch ook een minpuntje ah perfect event:de temperatuur in deze hangar is perfect om sorbet te maken.. #freezing #Launch14 @username		]]></document>
	<document><![CDATA[@username Ik zal hen vanaf nu vaker zien. Worden mijn coaches binnen m'n organisatie :-) #digitalmarketing #ConversationManagement :-)		]]></document>
	<document><![CDATA[A great #performance deserves a great #audience. 

Een grootse #prestatie verdient een groot #publiek.

Slogan vd Special Olympics #SO2014		]]></document>
	<document><![CDATA[Succes @username, we volgen je 'op de voet'.. Of moet ik zeggen 'op het board'?!.. #supportSeppe #Sochi2014

http://t.co/R2R0dJS06i		]]></document>
	<document><![CDATA[Alléjoppa.. En de bus staat weeral een half uur in panne. En deze ochtend liet de fiets het ook weeral afweten. #noworries *maar toch* Grrrr		]]></document>
	<document><![CDATA[De 620 v #Schoten nr #Antwerpen staat weer in panne, @username!		]]></document>
	<document><![CDATA[@username @username Nt overal jammer genoeg.Gisteren was hij nt op lancering open Bedrijvendag. Had 'm graag gehoord over ondernemen in Vl		]]></document>
	<document><![CDATA[“@username: Gezocht: startups m innovatieve oplossingen rond mobiliteit - Ondernemen in Antwerpen http://t.co/rUDl1Y1Q3z” CC @username		]]></document>
	<document><![CDATA[“@username: Ook eens richting Gent vertrekken om een kijkje te nemen op het congres HRM in de overheid #hrovbe” Net @username al gezien		]]></document>
	<document><![CDATA[Geen probleem hoor! De koude zorgde voor "onverwachte contacten" ;-) Verder echt helemaal niks aan te merken op #Launch14 @username!		]]></document>
	<document><![CDATA[@username den overschot nemen wij wel mee! :-))		]]></document>
	<document><![CDATA[RT “@username: N=1 en R=G ! HR in formules. Doet beetje denken aan de talentformule van @username #hrovbe”		]]></document>
	<document><![CDATA[RT “@username: Het organisatie NETWERK is nieuwe organisatievorm die essentieel wordt nu zoveel uitdagingen op ons afkomen. #hrovbe”		]]></document>
	<document><![CDATA[“@username: #hrovbe en alweer pleidooi voor i-deals #maatwerk  -> ik ga me daar toch eens wat meer in verdiepen..”
http://t.co/fUlighPmBx		]]></document>
	<document><![CDATA["De mens maakt een gedomesticeerde versie van zichzelf; kleiner, fijner, zachter" zegt @username "Daarom w onze hersenen lichter" #HRovBE		]]></document>
	<document><![CDATA["H actieve vaderschap heeft ervoor gezorgd dat de moderne mens op grote schaal kan interageren" zegt Draulans #HRovBE http://t.co/sMXS6HnfPT		]]></document>
	<document><![CDATA[Haha,verwijzing nr #boeklancering vd @username waar @username zei "Doe mij mr de #dinobusters ipv die BungaBunga-girls" :-D #HRovBE		]]></document>
	<document><![CDATA[.@username @username Echt??Was afsluitende "uitsmijter" na z'n keynote over #boeklancering #totuwdienst."Doe mij mr #Dinobusters"		]]></document>
	<document><![CDATA[Nu op #hautekiet over #HNW #NWOW - Het Nieuwe Werken.		]]></document>
	<document><![CDATA[Bedankt voor je bezoek, @username! Succes met al je projecten en tot binnenkort!		]]></document>
	<document><![CDATA[RT “@username: delen van kennis en goede praktijken.... de kracht van verandering... innovatie... #a20dag zegt het nogmaals!”		]]></document>
	<document><![CDATA[RT -Nieuw Industrieel Beleid “@username: "Industry matters" Interessante speech van @username vorige week op Business Europe #madedifferent”		]]></document>
	<document><![CDATA[@username Aha, #madedifferent! Net nog over gehad met @username ihkv Nieuw Industrieel Beleid @username :-) #wordtvervolgd		]]></document>
	<document><![CDATA[Iemand die morgenvroeg wil opstaan om mijn ticket voor #Tomorrowland te vrijwaren?! Merci!		]]></document>
	<document><![CDATA[@username Super! enjoy. Hier nog niks. En denk dat ik het vandaag niet lang volhoud. #quitter Eerste keer in 9j dat ik er nt bij zal zijn..		]]></document>
	<document><![CDATA[@username 
Denk dat ik h vandaag ook snel vr bekeken houd. #quitter Eerste keer in 9j dat ik er wellicht nt bij zal zijn..		]]></document>
	<document><![CDATA[@username Dat is het 'em nu net. Voorbije jaren nooit tickets moeten kopen; altijd vrijkaarten gekregen. Nu wel via verkoop, mr gn geduld vr		]]></document>
	<document><![CDATA[1ste x in 9j gn vrijkaarten vr #Tomorrowland en e 1ste x in 9j er nt bij. Had geen geduld om te blijven wachten voor m'n pc #Bummer #quitter		]]></document>
	<document><![CDATA[RT “@username: Heb je ideeën om #Antwerpen ecologischer te maken? Geef ze hier door: http://t.co/P05oUpKEIC #weloveAntwerp”		]]></document>
	<document><![CDATA[Even op en af v zee vr de Lotto Cup Finals #Volleybal id Lotto Arena. Leuke sfeer! Spannende match. #TopVolleyBelgium http://t.co/NGiFM2B40C		]]></document>
	<document><![CDATA[“@username: Antwerpen drie punten voor tegen Roeselare. #antroe 't is nu of nooit...”		]]></document>
	<document><![CDATA[@username @username Wauw,geweldig. Moet eens opzoeken of ik invite ergens duidelijker vind;foto is beetje beperkt. Mr nu al overtuigd v concept		]]></document>
	<document><![CDATA[Zelf nt nr de #mia13 gekeken (blijkbaar ook niets gemist; cfr Nathalia en Laurent),MAAR....
Trixie Whitley én DAAN vallen id prijzen! GREAT!		]]></document>
	<document><![CDATA[Tussen al die publiciteit vr andere sportmanifestaties door zou je haast vergeten dat #Antwerpen .... (1/2) http://t.co/pj1U1nhhrg		]]></document>
	<document><![CDATA[.@username @username @username #Schoten city #ftw! #welkVlaanderen? Dat van Kris en van de @username! http://t.co/7DsGEQ3Use		]]></document>
	<document><![CDATA[Na decadent WE v eten & drinken & eten & drinken (& uitgaan), weer stevige week van eten & drinken & eten & drinken (en uitgaan) #indigestie		]]></document>
</author>