<?xml version="1.0" encoding="UTF-8" standalone="no"?><author id="user286">
	<document><![CDATA[@username voor welk vak? Zo genaaid..		]]></document>
	<document><![CDATA[@username je mag tentamen thuis maken en die lessen zijn ook echt onzin		]]></document>
	<document><![CDATA[Oude iPhone gebruiken als me oude iPod. Nieuwe iPhone gebruiken als me schatje! ???? ????		]]></document>
	<document><![CDATA[Zijn gewoon bitches! RT @username: Zodra vrouwen moeten samenwerken, en er sprake is van competitie, gaat hun #IQ naar beneden.		]]></document>
	<document><![CDATA[Als ik geen rozen krijg, dan drink ik ze maar. #kopjethee  http://t.co/psDuElN		]]></document>
	<document><![CDATA[Twijfel: weer gaan fitnessen? Of dik worden....		]]></document>
	<document><![CDATA[@username hahaha schattttjepatatje waarom zitten wij niet bij elkaar in de klas?		]]></document>
	<document><![CDATA[Eindelijk! Elle - luncheten - rozenthee - muziek #chillleven		]]></document>
	<document><![CDATA[@username die man hè. Ik zei het toch....		]]></document>
	<document><![CDATA[Grootste kreeft ever! 7 kilo....  http://t.co/5h0TJuF		]]></document>
	<document><![CDATA[@username gekke Wendy!!! Doe voorzichtig ook al ben je jarig. Gefeliciteerd lieffie! X		]]></document>
	<document><![CDATA[Cooking queen  http://t.co/L1fYD74		]]></document>
	<document><![CDATA[Sneeuwpret!!! Net zoals vroeger.. :D 'onze meisjessneeuwpop' http://t.co/cYgB1zk		]]></document>
	<document><![CDATA[@username is het blijdorp geworden??		]]></document>
	<document><![CDATA[@username hahaha ik krijg ook trek! Met een blokje kaas		]]></document>
	<document><![CDATA[@username omg krijg gewoon spontaan honger!!!		]]></document>
	<document><![CDATA[#JasminePalace “@username: @username @username mooi begin Aziatisch Gastronomie boek! http://t.co/7KBEP8t”		]]></document>
	<document><![CDATA[@username hahah ja had ik ook nog gezien... Wtf		]]></document>
	<document><![CDATA[@username zag ook op nieuwsuur enzo		]]></document>
	<document><![CDATA[@username @username wil ook nog cijfers van Crossmediaal.....		]]></document>
	<document><![CDATA[Adele op Ned. 3, zij is echtt goeddddd!! Migaddoo #amazing		]]></document>
	<document><![CDATA[Kaviaarbehandeling voor mijn haar, beter kan ik niet krijgen. Alleen ik moet wel stil zitten voor anderhalf uur, haalbaar??		]]></document>
	<document><![CDATA[Mee eens 'RT @username: Carnaval. Ga dood'		]]></document>
	<document><![CDATA[@username haha Wendy zo bedoel ik het niet. Sorry als je beledigt voelt...!  Xx		]]></document>
	<document><![CDATA[@username Hahaha misschien, als carnaval afgelopen is ok? :P		]]></document>
	<document><![CDATA[Ik zeg natuurlijk geen nee tegen lekker uiteten. Helaas moet ik wel bobben..		]]></document>
	<document><![CDATA[Waar kan ik een mooie jurk vinden? 'Provence' achtig is het thema.		]]></document>
	<document><![CDATA[Rijst is mislukt. Alweer! Te veel water gegeven.....:( #Chineesdienietrijstkankoken #shame		]]></document>
	<document><![CDATA[Ik geniet, ook al ben ik Eenmans! :) #lifeisgreat #single http://t.co/h3v5LxC		]]></document>
	<document><![CDATA[Vroeg slapen is niet voor mij weggelegd. #wakker #bitch		]]></document>
	<document><![CDATA[@username ja dat is apart... Heb ik niet kant-en-klaar. Of je moet even mailen?		]]></document>
	<document><![CDATA[Oeps... Opeens zit ik naar mannenonderbroeken te kijken. #davidbeckham #hm http://t.co/zZ07AuB		]]></document>
	<document><![CDATA[@username haha zeker jouw lievelingsfilm geworden!		]]></document>
	<document><![CDATA[@username hahaha we ronden het wel af! :p ik ben ook blij :D hoe is op stage??		]]></document>
	<document><![CDATA[@username hahah en je her ook gehaald?		]]></document>
	<document><![CDATA[@username gefeliciteerd met je nieuwe job! Van mij mocht je komen, was super lekkerrr: Ciel Bleu!		]]></document>
	<document><![CDATA[@username nee lelijke kleur		]]></document>
	<document><![CDATA[@username hoelaat begint Mya & Marques Houston?		]]></document>
	<document><![CDATA[@username kan je kaartjes voor mij regelen?		]]></document>
	<document><![CDATA[@username ga jij wel draaien dan??		]]></document>
	<document><![CDATA[Ik mocht de lichten doen!! Hahaha #kutkind http://t.co/uxF3Kqt		]]></document>
	<document><![CDATA[@username waar werk je nu? Bij arena of hoofdkantoor?		]]></document>
	<document><![CDATA[@username so so, dus wel hogerop! Geen glazen plafond meer voor mijn zus		]]></document>
	<document><![CDATA["Nee, ik heb geen 9-5 mentaliteit. Ik werk de HELE dag door!		]]></document>
	<document><![CDATA[Chinezen en Wijnhandel: RT @username: Franse wijnbeurs draait om duurzaam en China http://t.co/zFasn1F		]]></document>
	<document><![CDATA[@username wat eet je dan? :p		]]></document>
	<document><![CDATA[@username owww dat bruin doorzichtige elastiek achtig en buikspek!		]]></document>
	<document><![CDATA[Ik maakte een grapje: 'Ga je op vakantie naar Afghanistan?' uhhmmm.... 'Weetje wel wat er aan de hand is daar?' OORLOG		]]></document>
	<document><![CDATA[Moeilijke keuze: Gucci horloge of een nieuwe Maclaptop?		]]></document>
	<document><![CDATA[Nog een moeilijke keuze: Boblijn weer knippen of haar lang laten??		]]></document>
	<document><![CDATA[@username ja hè als zomer is en dan gelijk een MacBook pro halen de nieuwe		]]></document>
	<document><![CDATA[@username WENDYYYY ik mis jullie op school		]]></document>
	<document><![CDATA[@username @username hahahaha Willem dat wordt hem niet hoor, helaas. Ben ik daar niet zo Chinees in		]]></document>
	<document><![CDATA[@username neppe Chi meids daar!		]]></document>
	<document><![CDATA[Is wel zo....."Twitter en Facebook verslavender dan alcohol en tabak" - http://t.co/6265KpE		]]></document>
	<document><![CDATA[Hoe maak je dit?  http://t.co/0v5PIbm		]]></document>
	<document><![CDATA[Toppunt van bureaucratie; KPN en al die telecom bedrijven.......		]]></document>
	<document><![CDATA[In me eentje het hele huis versieren in een kerstsfeer. Ja, ik weet dat wij er nu pas mee beginnen, maar we hadden het druk ..		]]></document>
	<document><![CDATA[Vogue!!! RT @username: Het hoge woord is eruit: 22 maart ligt Vogue #1 in de winkel!		]]></document>
	<document><![CDATA[@username nee een dag eerder is die bij de Bijenkorf met een speciale editie. Ik heb al een abbo!		]]></document>
	<document><![CDATA[@username RT @username: Het hoge woord is eruit: 22 maart. Een dag eerder is een speciale editie te koop bij De Bijenkorf.		]]></document>
	<document><![CDATA[Ben nog steeds een Chinees met een beetje Hollands..... #satesausmetstamppot http://t.co/SbR6NFb		]]></document>
	<document><![CDATA[@username jaja hahah heerlijke combi		]]></document>
	<document><![CDATA[H&M en Marni, valt tegen.... http://t.co/LsntR2e		]]></document>
	<document><![CDATA[Chinees krijgt 14jaar voor doden snackbarhouder. Crazy shit... http://t.co/Fc1ERhG		]]></document>
	<document><![CDATA[@username ja echt vorig jaar hakte een Chinees een Chinees in stukjes en dan in de container....... :O		]]></document>
	<document><![CDATA[Misschien moet Prins Friso wakker worden gekust door een prinses.... :( #wordtdiemisschienwelwakker		]]></document>
	<document><![CDATA[Eerder thuis dan je ouders... Omgedraaide wereld ofzo??? #loser :(		]]></document>
	<document><![CDATA["Als het schip zinkt, dan zie je wat er over blijft...." #nietveel		]]></document>
	<document><![CDATA[De lijn tussen: moeten en willen.....		]]></document>
	<document><![CDATA[Waarom worden bomen gekapt in het park? #zozonde #geenzuurstof  http://t.co/mYz3WKe		]]></document>
	<document><![CDATA[@username wc papier wordt toch ook van oud papier gemaakt? :p. Tja, leven voor een boom is niet eerlijk		]]></document>
	<document><![CDATA[Slechte openingszin: 'Heb je met je nagels aan je hoofd gekrabd? Want ze zijn zwart.' Nee, en mijn nagellak is trouwens paars..		]]></document>
	<document><![CDATA[Een duur grapje: ''70 euro boete voor ‘no show’ in sterrestaurant'' http://t.co/ysdtfi1		]]></document>
	<document><![CDATA[Een jongen in HK ontvangt geen WhatsApp van zijn vriendin en springt van de flat.. #dood		]]></document>
	<document><![CDATA[@username Gekke Chinezen!		]]></document>
	<document><![CDATA[@username jep zag in de Chinese nieuws! Dat meisje had al eerder met hem uitgemaakt, en zij had waarschijnlijk een ander.....		]]></document>
	<document><![CDATA[@username moesten ze maar niet van de grote flats bouwen, dan krijg je zelfmoordneigingen hahaha		]]></document>
	<document><![CDATA[Geen internet. Thuis niet. Op de zaak ook niet. #alsofzuurstofopis		]]></document>
	<document><![CDATA[@username @username china ook wel :( zo saai op school		]]></document>
	<document><![CDATA[Ik vind het zo raar als mensen mij met 'u' aanspreken.... #oma		]]></document>
	<document><![CDATA[@username ielgh.. Geen vaatwasser ofzo. Duurzaamafwassen!		]]></document>
	<document><![CDATA[@username Willem beterschap! Weet jij al wat je hebt?		]]></document>
	<document><![CDATA[@username bek houden		]]></document>
	<document><![CDATA[@username zal altijd brutaal blijven..... :p		]]></document>
	<document><![CDATA[Ik zeg eerlijk; het voelt goed om een schouderklopje te ontvangen! #hardworkpaysoff		]]></document>
	<document><![CDATA["Ja, ik wil! " RT @username: Win: een leven lang ELLE op de deurmat http://t.co/80n8AFx		]]></document>
	<document><![CDATA[Hoe irritant is deze reclame van fb/twitter echofon?? #misleidend  http://t.co/hmkxrjf		]]></document>
	<document><![CDATA[Wordt een Moskee ook Halal gebouwd? Richting Mekka?		]]></document>
	<document><![CDATA[@username wiehoeee.. Komt Mio morgen om het te vieren?		]]></document>
	<document><![CDATA[Nog steeds mis ik een goede playlist voor het hardlopen.... Iemand ideeën? House/hiphop iets.		]]></document>
	<document><![CDATA[#NP Deze Wereld Is Van Jouw  http://t.co/bfARLr6		]]></document>
	<document><![CDATA["Boeddha beeldje redde het leven van een 15-jarige jongen. De kogel kwam eerst in het beeldje"  #boeddhisme		]]></document>
	<document><![CDATA[@username hahahaha ik heb het nu, maar ik vind je wel sweet		]]></document>
	<document><![CDATA[@username klopt heb ik ook de laatste tijd. Succes met je toets zo		]]></document>
	<document><![CDATA[@username het maakt niet meer uit als je het nog een keer typt... HAHA loser ga lekker spaans praten		]]></document>
	<document><![CDATA[Ik gebruik altijd Becel. Lekker dan "RT @username: Nieuws: Foodwatch wil Becel pro-activ uit de schappen" http://t.co/TMfYzlZ		]]></document>
	<document><![CDATA[De vraag: ''Hoezo ben je opeens zo Chinees geworden?''.... Was ik dat niet dan...		]]></document>
	<document><![CDATA[@username ja zijn leuk hè! Hoeveel kosten ze? Of vans of allstars		]]></document>
	<document><![CDATA[The Face: stelletje homo's, ego's en 1 knappe jongen :p #theface		]]></document>
</author>