<?xml version="1.0" encoding="UTF-8" standalone="no"?><author id="user412">
	<document><![CDATA[Yes yes yes dadelijk gym! Leuuuk		]]></document>
	<document><![CDATA[Nu naar stans en naar school		]]></document>
	<document><![CDATA[@username denmark is very nice		]]></document>
	<document><![CDATA[Lalala veel huiswerk		]]></document>
	<document><![CDATA[morgen eerste 3 uur vrij :0		]]></document>
	<document><![CDATA[1e 3 uur vrij is echt heel fijn :)		]]></document>
	<document><![CDATA[eindelijk wordt het slechter weer! Leuke klerenn		]]></document>
	<document><![CDATA[Steve Jobs was eigenlijk best wel een geniale man c:		]]></document>
	<document><![CDATA[Ik ben voor Paul :D @username		]]></document>
	<document><![CDATA[Konijn/cavia hok schoongemaakt ^^		]]></document>
	<document><![CDATA[Huiswerk planner met cu gemaakt vrijdag, werkt best goed :)		]]></document>
	<document><![CDATA[Greenteaaa <3		]]></document>
	<document><![CDATA[Het beste idee van Nederland kijken :)		]]></document>
	<document><![CDATA[Kat op schoot ^^		]]></document>
	<document><![CDATA[Dadelijk maar eens slapen		]]></document>
	<document><![CDATA[Wat zal ik vandaag eens doen.		]]></document>
	<document><![CDATA[Ohja er komen een paar films die misschien wel leuk zijn :)		]]></document>
	<document><![CDATA[film kijken :]		]]></document>
	<document><![CDATA[mijn handen zijn koud		]]></document>
	<document><![CDATA[nog 19 tweets en ik heb er 1000 haha		]]></document>
	<document><![CDATA[Dag mensen ik ga naar school!		]]></document>
	<document><![CDATA[pauze, nog 1 uur en dan ben ik uit		]]></document>
	<document><![CDATA[Homework almost done		]]></document>
	<document><![CDATA[gegeten, dadelijk wiskunde afmaken.		]]></document>
	<document><![CDATA[niewe vesten bij de vero moda gekoch :}		]]></document>
	<document><![CDATA[vanavond eten we lasagna!		]]></document>
	<document><![CDATA[1e uur vrij :3		]]></document>
	<document><![CDATA[mtv kijken :)		]]></document>
	<document><![CDATA[Brownies voor pap gemaakt :)		]]></document>
	<document><![CDATA[Pap heeft hele lekkere biefstuk gemaakt :3		]]></document>
	<document><![CDATA[ben moe slapen x		]]></document>
	<document><![CDATA[in Millingen c:		]]></document>
	<document><![CDATA[de lucht was net heel mooi <3		]]></document>
	<document><![CDATA[Ik heb een iPhone gekregen :DDD		]]></document>
	<document><![CDATA[Wil ik gewoon even gaan douchen, ligt er een iPhone in mijn kamer! Hou van je paps c:		]]></document>
	<document><![CDATA[Morgen feestje Jan :)		]]></document>
	<document><![CDATA[Kiwi's zijn jammie :)		]]></document>
	<document><![CDATA[Al mijn contacten bijgewerkt c:		]]></document>
	<document><![CDATA[Naar Millingen c:		]]></document>
	<document><![CDATA[Taart eten :3		]]></document>
	<document><![CDATA[@username jij mag ook komen heur		]]></document>
	<document><![CDATA[@username weet ik eigenlijk niet, Sophie en Else in ieder geval wel		]]></document>
	<document><![CDATA[@username ik nieet! sneeuw is zo leuk c:		]]></document>
	<document><![CDATA[Hntm kijken (:		]]></document>
	<document><![CDATA[Wakker, aankleden, eten, school ;3		]]></document>
	<document><![CDATA[Met Sjoerd, Vera en Astrid in de gang gitaar gespeeld en gezongen :D		]]></document>
	<document><![CDATA[Dadelijk bijles		]]></document>
	<document><![CDATA[Terug van school, iPhone hoesje is er :3		]]></document>
	<document><![CDATA[We eten vanavond mijn lievelingseten!
Spaghetti carbonara<33		]]></document>
	<document><![CDATA[@username twitter doet raar ]:		]]></document>
	<document><![CDATA[@username nee dat hoeft niet nu meteen hoor we hebben nog twee weken ofzo		]]></document>
	<document><![CDATA[1e uur vrij c:		]]></document>
	<document><![CDATA[Regenregenregen		]]></document>
	<document><![CDATA[@username Ah paranormal activity lijkt me in de bios echt heel eng!		]]></document>
	<document><![CDATA[Weltrusten mensen		]]></document>
	<document><![CDATA[Staan we met z'n alle voor het Frans lokaal, komen we erachter dat het uitvalt -.-'		]]></document>
	<document><![CDATA[Pauzee		]]></document>
	<document><![CDATA[Nog twee lessen en dan vakantie c:		]]></document>
	<document><![CDATA[Nagels lakken met Sophie c:		]]></document>
	<document><![CDATA[munt thee drinken ^^		]]></document>
	<document><![CDATA[Seinpost den haag kijken		]]></document>
	<document><![CDATA[Ik ben niet moe, heb zin om te dansen :D		]]></document>
	<document><![CDATA[Ach toch maar proberen		]]></document>
	<document><![CDATA[wakker wakker, en wat voelt het goed dat ik gewoon op maandag om half 11 mijn bed pas uit kom :DD		]]></document>
	<document><![CDATA[morgen met krisje (zusje) naar de bios :]		]]></document>
	<document><![CDATA[straks naar de bios met mijn zusje :) KUIFJEE ;p		]]></document>
	<document><![CDATA[rugpijn :[		]]></document>
	<document><![CDATA[vandaag bios niet gelukt, dan maar morgen		]]></document>
	<document><![CDATA[Ging vandaag niet door maar morgen wordt vast leuk c:		]]></document>
	<document><![CDATA[In de bioscoop n_n naar de Kuifje film met paps en zusje		]]></document>
	<document><![CDATA[Nu braaf telefoon op stil zetten ^^		]]></document>
	<document><![CDATA[Morgen naar de Efteling! :DDD		]]></document>
	<document><![CDATA[Nog even getekend c:		]]></document>
	<document><![CDATA[Nu kleren voor morgen klaarleggen #efteling		]]></document>
	<document><![CDATA[alvast wakkerrrr		]]></document>
	<document><![CDATA[Jeeeej straks Efteling :D		]]></document>
	<document><![CDATA[Jeejjj bijna naar de Efteling c:		]]></document>
	<document><![CDATA[In de auto naar de Efteling :3		]]></document>
	<document><![CDATA[Films kijken :3		]]></document>
	<document><![CDATA[Net superleuke oude schoolstoeltjes gevonden voor op mijn kamer, stonden gewoon langs de weg! :D		]]></document>
	<document><![CDATA[@username zal ik nog wel maken :)		]]></document>
	<document><![CDATA[Weltrusten allemaal		]]></document>
	<document><![CDATA[ik ben de tijd kwijt.		]]></document>
	<document><![CDATA[wilde ik iets van h&m op internet kopen, moet je 18 of ouder zijn ):		]]></document>
	<document><![CDATA[In de groene engel eten :3		]]></document>
	<document><![CDATA[Mijn vegetarische eten was lekker!		]]></document>
	<document><![CDATA[Heeel mooi http://t.co/dTRD3Ow		]]></document>
	<document><![CDATA[Morgen weer school		]]></document>
	<document><![CDATA[Wiskunde op school afgemaakt! :D		]]></document>
	<document><![CDATA[@username dat is in dat andere gebouw, grote ramen, houten vloer (ik heb daar op school gezeten hè c: )		]]></document>
	<document><![CDATA[Straks eerste 2 uur gym c:		]]></document>
	<document><![CDATA[Nog 1 uur en dan bijles		]]></document>
	<document><![CDATA[Jeeeej ik kan volgende week weer oppassen c:		]]></document>
	<document><![CDATA[Geshopped vandaag :3 hemdje, sjaal, muts en nog wat dingetjes jeeeeej		]]></document>
	<document><![CDATA[Net #tvoh gezien en thuiscoach gedaan :)		]]></document>
	<document><![CDATA[Hoofdpijn :(		]]></document>
	<document><![CDATA[Televisie kijken		]]></document>
	<document><![CDATA[Morgen hw afmaken		]]></document>
	<document><![CDATA[Straks naar denbosch :D		]]></document>
	<document><![CDATA[Nieuwe broeken en een mooi uiltje voor in de kerstboom <33		]]></document>
</author>