<?xml version="1.0" encoding="UTF-8" standalone="no"?><author id="user367">
	<document><![CDATA[@username @username @username @username @username @username krijg kaaaankeeerrrrr		]]></document>
	<document><![CDATA[@username @username @username @username @username @username krijg jij dan kanker in je baarmoeder zodat er nooit mislukte		]]></document>
	<document><![CDATA["@username: @username je moeder had kanker inder baarmoeder moeten krijgen toen ze jou kreeg bitch" goeie comeback origineel		]]></document>
	<document><![CDATA[@username @username @username wat ben jij nou weer voor mislukte kankersnol		]]></document>
	<document><![CDATA[@username hdks ek kakensbaj zo goed kankerhoer		]]></document>
	<document><![CDATA[@username goed is nederlands en zinsopbouw ook		]]></document>
	<document><![CDATA[@username dus daarom volg je mij niet ????		]]></document>
	<document><![CDATA[Wachten op mn broertje http://t.co/k1ogvziale		]]></document>
	<document><![CDATA[Hij is kk traag vandaag ????		]]></document>
	<document><![CDATA[@username wat heel toevallig is dat ik dat zeg want dat nummer luister ik nu dus misschien niet zo toevallig http://t.co/LVLLe5oZMW		]]></document>
	<document><![CDATA[Ik moet iets toegeven		]]></document>
	<document><![CDATA[Ik vind Good Girls van 5sos best een tof nummer		]]></document>
	<document><![CDATA["@username: Wanneer hebben jullie voor het laatst in je broek geplast?" bruh		]]></document>
	<document><![CDATA[@username fb en ik kan redelijk goed tekenen hahah		]]></document>
	<document><![CDATA[@username ligt eraan wat je wilt ik kan vooral abstract		]]></document>
	<document><![CDATA[@username wat heb je al op je arm?		]]></document>
	<document><![CDATA[@username je hebt gelijk gwen hahaha		]]></document>
	<document><![CDATA[Ik ga even film kijken en mezelf misselijk eten aan deze badboys http://t.co/jj38evnIue		]]></document>
	<document><![CDATA[Ookal boeit t me niks of ik ergens wel of niet mag zijn. Als ik in coffeeshop zit en mn ma belt om te vragen waar ik ben zeg ik dat gewoon		]]></document>
	<document><![CDATA[@username ging jij merge nou mee eindje		]]></document>
	<document><![CDATA[Mayke heeft down ???? http://t.co/YbQzr9kMV1		]]></document>
	<document><![CDATA[Mijn bed ruikt naar bier		]]></document>
	<document><![CDATA[Ik ben een 2 en een 2,3 als eerste cijfers van mn tentamenweek terug		]]></document>
	<document><![CDATA[Moet ik huilen nu		]]></document>
	<document><![CDATA[Ik ga m'n studieresultaten even vergeten en douchen doei		]]></document>
	<document><![CDATA[Jongens het is echt kutweer @username @username		]]></document>
	<document><![CDATA[Over 3 jaar zijn er geen iPhones meer maar iHouses		]]></document>
	<document><![CDATA[Haha dan loopt iedereen met een huis aan z'n oor grapje niemand belt nog doei		]]></document>
	<document><![CDATA[@username rt fav screenshot. Bewijs verzameld		]]></document>
	<document><![CDATA["@username: Heb @username ook is gezien" jaaaa ????		]]></document>
	<document><![CDATA[@username je bent zelf gezwellig ????		]]></document>
	<document><![CDATA[Lisanne is echt een lekkerding jongens		]]></document>
	<document><![CDATA[@username ja die begonnen te groeien toch? ????		]]></document>
	<document><![CDATA["@username: @username @username laat deze swerver zijn kk smoel houdn" swerver ????????????????????		]]></document>
	<document><![CDATA[@username @username @username ey hoe oud is zij		]]></document>
	<document><![CDATA[@username @username @username omdat er staat "proud mommy" ik wil je kankerhard uitlachen		]]></document>
	<document><![CDATA[Boelshit ????????????????		]]></document>
	<document><![CDATA[@username weet ik. Maar je hebt catfish		]]></document>
	<document><![CDATA[@username true that. Ga je personeelsfeest?		]]></document>
	<document><![CDATA[@username ja nouja 15 euro voor de hele avond gratis drinken.. Haha		]]></document>
	<document><![CDATA[Als je cocktail wilt trakteer ik pik		]]></document>
	<document><![CDATA[@username volgens mij toch meer dan 100 man haha ik moet nog betalen oeps		]]></document>
	<document><![CDATA[@username volgens mij moest je inschrijven en ja idk ik denk dat ik morgen als ik moet werken ff betaal		]]></document>
	<document><![CDATA["@username: @username ik zit weer helemaal lekker in mijn comfyzone hoor" ????????		]]></document>
	<document><![CDATA[@username @username ze doet hitlergroet zie je dat het zijn Nazi pieten		]]></document>
	<document><![CDATA[Echt een dooie dag		]]></document>
	<document><![CDATA[@username "eigenlijk moet ik maar gewoon nooit foto's van mezelf maken dit kan echt niet" zoiets		]]></document>
	<document><![CDATA[Heb kkveel dorst		]]></document>
	<document><![CDATA[1e dag les na 2 weken, gelijk 9 facking kanker uur		]]></document>
	<document><![CDATA[Sterven vandaag		]]></document>
	<document><![CDATA[Adam's Song is redelijk herkenbaar vandaag		]]></document>
	<document><![CDATA[@username RIP bedoel je		]]></document>
	<document><![CDATA[Als iemand vandaag nou es tegen mij zei "Hey je hebt echt een kutdag hier is het Air Huarache Love X Hate pack alsjeblieft" dan ging het wel		]]></document>
	<document><![CDATA[@username ja dat hartje maakt t echt helemaal goed...		]]></document>
	<document><![CDATA[@username haal ook voor mij		]]></document>
	<document><![CDATA[@username ik zie een shirt zitten		]]></document>
	<document><![CDATA[Babadook kijken		]]></document>
	<document><![CDATA[@username ik ga eerder voor jou vechten hoor		]]></document>
	<document><![CDATA[Ik heb eigenlijk les maar ik zit een film te kijken		]]></document>
	<document><![CDATA[@username met je zwarte nagels		]]></document>
	<document><![CDATA["@username: WOEZEL" hij is wel beast ????????????????????		]]></document>
	<document><![CDATA[@username @username jij bent slecht in mensen linken ???????????? http://t.co/Ijg7hkybd6		]]></document>
	<document><![CDATA[@username @username het ligt niet aan jou het ligt aan mij		]]></document>
	<document><![CDATA[@username @username er zat nietecht iets achter ik verveelde me gewoon haha		]]></document>
	<document><![CDATA[@username hahahaha wat. Ben je nonstop porno aan t kijken ofzo		]]></document>
	<document><![CDATA[@username heb je frontcam gehackt ????		]]></document>
	<document><![CDATA[@username getraumatiseerd voor leven		]]></document>
	<document><![CDATA[@username mijn counselors zijn nooit op tv geweest		]]></document>
	<document><![CDATA[Net voor de eerste keer iemand met dezelfde schoenen als ik gezien. Leverde heel awkward oogcontact op		]]></document>
	<document><![CDATA[Doe ik een keer iets met ask word de eer door iemand anders opgeeist. Ik ga socialmediazelfmoord plegen		]]></document>
	<document><![CDATA[@username @username altijd goeie seks		]]></document>
	<document><![CDATA[@username ik meen t hoor http://t.co/8FyFCEUBaq		]]></document>
	<document><![CDATA[@username @username wie ben jij ????		]]></document>
	<document><![CDATA[@username ik ken iemand die heeft besloten dat ze ineens lesbisch was ????????		]]></document>
	<document><![CDATA[Verveel me zo kk erg		]]></document>
	<document><![CDATA[@username ja. Echt om te huilen		]]></document>
	<document><![CDATA[Hallo geef mij een goeie film die ik kan kijken		]]></document>
	<document><![CDATA[De nieuwe set van TBS is kankerhard		]]></document>
	<document><![CDATA[En we zijn weer klaar met werkeeenn		]]></document>
	<document><![CDATA[@username ik kan 2 bier drinken en dan ga ik over op wijn/sterke drank (ligt eraan wat er is)		]]></document>
	<document><![CDATA[Altijd zo awkward als je per ongeluk iets retweet		]]></document>
	<document><![CDATA[@username klein maar fijn		]]></document>
	<document><![CDATA[@username mag jij wel Amen zeggen van satan		]]></document>
	<document><![CDATA[@username @username denk ik, ik ben kk slecht in dagen tellen		]]></document>
	<document><![CDATA[@username kunde weer lachen ja?		]]></document>
	<document><![CDATA[@username ik heb gewoon een hekel aan 95% van de mensheid tbh		]]></document>
	<document><![CDATA[@username ik negeer echt niet altijd hoor. Alleen heel vaak		]]></document>
	<document><![CDATA[@username waarom geilt iedereen zo op wat jij "allemaal" gedaan hebt ????????		]]></document>
	<document><![CDATA[Eigenlijk heb ik nog les. Maar ik zit in de trein naar huis shit vervelend ja nu lukt t echt niet meer om daarheen te gaan		]]></document>
	<document><![CDATA[@username bij "aanbevolen door Netflix" kijken en constateren dat je dat allemaal niet leuk vind. Dan in een hoekje huilen		]]></document>
	<document><![CDATA[Taric Top wordt niet gewaardeerd. Kanker league community		]]></document>
	<document><![CDATA[Jij hebt echt een leuk hoofd @username		]]></document>
	<document><![CDATA[@username ja ik las iets over instagram en toen dacht ik hey ik heb mayke toch op insta dus toen ging ik kijken en ja		]]></document>
	<document><![CDATA[@username vooral op deze foto vond ik je echt prachtig http://t.co/vRpmnwq7Jy		]]></document>
	<document><![CDATA[Oke die was flauw nu komt het compliment niet meer serieus over		]]></document>
	<document><![CDATA[@username beste foto bij uitstek. Maar ff serieus ja, hoe is het leven		]]></document>
	<document><![CDATA[IK verveel me		]]></document>
	<document><![CDATA[Ik zal de naam Kelsey altijd relateren aan het syndroom van down omdat de eerste Kelsey die ik kende down had		]]></document>
	<document><![CDATA[@username misschien moest je dan je telefoon wegleggen meisje		]]></document>
	<document><![CDATA[@username #STRIJDER maar je bent nu toch thuis thuis?		]]></document>
</author>