<?xml version="1.0" encoding="UTF-8" standalone="no"?><author id="user790">
	<document><![CDATA[Met mijn slofjes in de bioscoop.		]]></document>
	<document><![CDATA[Morgen weer lekker ontbijten bij de HEMA, met de school chickas. ????		]]></document>
	<document><![CDATA[@username Heel even dacht ik dat het een foto van Vanessa Hudgens was.		]]></document>
	<document><![CDATA[De bioscoop stoelen zouden leuningen moeten hebben die naar benden kunt doen, zodat je je eigen loveseats kan creëren. Goed ideetje? @username		]]></document>
	<document><![CDATA[Ik kreeg het niet op. http://t.co/muCgLei7ly		]]></document>
	<document><![CDATA[Lkkr biologie skippen. Bn zo hxc.		]]></document>
	<document><![CDATA[Even een momentje stilstaan bij dit natuurkundige wonder. http://t.co/vs3qGzMTiC		]]></document>
	<document><![CDATA[Waarom kan ik alleen schattige foto's van mezelf maken? Ik wil ook stoere foto's kunnen maken.		]]></document>
	<document><![CDATA[Dat is precies wat ik nodig heb. "@username: Oh mensen ik heb echt een puik biertje uitgekozen"		]]></document>
	<document><![CDATA[Dit zo erg. http://t.co/sAvGWj5USe via @username		]]></document>
	<document><![CDATA[God, deze droom..		]]></document>
	<document><![CDATA[Ik ben aan het kijken naar kamers in Utrecht. Gewoon kijken, want voorlopig zit ik toch nog wel op school.		]]></document>
	<document><![CDATA[De kriebels voor het uit huis gaan stijgen wel met de dag.		]]></document>
	<document><![CDATA[@username Jaaa aaaa stop het haha. Ik moet nog wachten tot de zomervakantie.		]]></document>
	<document><![CDATA[@username Wat is de juiste tijd om echt 'officieel' naar kamers te kijken als je er in de zomervakantie (eind mei) eentje wil?		]]></document>
	<document><![CDATA[@username Yess en bij de ssh :) maar nog geen betaalde bij kamernet, is dat nodig?		]]></document>
	<document><![CDATA[@username En het moet er gezellig zijn !!!		]]></document>
	<document><![CDATA[Eindelijk af. ????? http://t.co/rp90h8ky6C		]]></document>
	<document><![CDATA[Nu zegt mama "ach joh, je moet gewoon een heel rijke man trouwen". Prima, doe ik ff.		]]></document>
	<document><![CDATA[@username Haha jij bent rijk?		]]></document>
	<document><![CDATA[Hm. Papa zit in Brussel hm.		]]></document>
	<document><![CDATA[Ik geniet altijd zo van mama's telefoongesprekken.		]]></document>
	<document><![CDATA[@username maar het is zo perfect.		]]></document>
	<document><![CDATA[@username Echt. Heel perfect.		]]></document>
	<document><![CDATA[Ik droomde dat ik familie was van Willem-Alexander en dat ik ruzie had met Maxima.		]]></document>
	<document><![CDATA[Blijkbaar was Willem-Alexander al eens eerder getrouwd in mijn droom. Maar hij was ook alweer gescheiden van Maxima.		]]></document>
	<document><![CDATA[Zo zou ik er uit moeten zien met make-up badoem tssj. http://t.co/Idm38oEU6b		]]></document>
	<document><![CDATA[@username En jij mag mijn aanhang wel zijn.		]]></document>
	<document><![CDATA[Waarom heb ik zoveel lol hiermee hahaha		]]></document>
	<document><![CDATA[Ik ben best mooi met een donkere huidskleur. Geef mij een donkere huidskleur aub.		]]></document>
	<document><![CDATA[@username Maar serieus, ik wil jou weer een keer zien. De laatste keer was op moigimy's feestje en dat is 2,5 jaar terug ofzo.		]]></document>
	<document><![CDATA[@username Ik heb een Berliner bol		]]></document>
	<document><![CDATA[@username ???????????? jij ook hoor, met je nieuwe lookz		]]></document>
	<document><![CDATA[@username Hahaha nee ik zeker niet.		]]></document>
	<document><![CDATA[De volgende muts met deze steken wordt zwart met groen. Dan lijken het net wietplantjes. http://t.co/YXjryx1yjT		]]></document>
	<document><![CDATA[@username Ik zou het doen als de wasbak op de hoogte van mijn knieën zouden zitten. En ik uberhaupt een wasbak zou hebben.		]]></document>
	<document><![CDATA[@username Ik denk dat het te warm is. Ik heb het al heet als ik 10min fiets.		]]></document>
	<document><![CDATA[@username het komt goed. Gewoon de aflevering weer kijken en dan weet je wat je moet doen! Al bleef de jas niet helemaal heel..		]]></document>
	<document><![CDATA[@username nou. Soms voelt iets als een week aan, maar dan blijkt het al een maand te zijn?		]]></document>
	<document><![CDATA[Waarom heb ik zoveel mensen al zolang niet gezien en mis ik iedereen ineens op hetzelfde moment. Hallo, ik kan dit niet aan.		]]></document>
	<document><![CDATA[@username Aw dankjewel! Ik zit eraan te denken om ze een keer te verkopen, maar het is nu niet echt het juiste seizoen er meer voor.		]]></document>
	<document><![CDATA[@username Zeker omdat ik dan €10,- per muts wil vragen (wat goedkoop is gezien de tijd die ik erin steek). Maar overal is uitverkoop nu		]]></document>
	<document><![CDATA[@username En kan je al mutsen voor €3 kopen haha. Dus voor nu maak ik ze gewoon en zie ik later wel hoe en wat.		]]></document>
	<document><![CDATA[@username @username Aww  ? ik wil er nu ook wel eentje voor jullie maken! Kan ook op verzoek :) heb verschillende modellen en		]]></document>
	<document><![CDATA[@username @username Kleur kan je altijd kiezen ! Dan stuur ik ze gewoon op.		]]></document>
	<document><![CDATA[@username @username beanie2. Zelfde model, verschillende soort wol.De roze/oranje is veel dikker zoals je ziet http://t.co/1BH1Mp2YzH		]]></document>
	<document><![CDATA[@username @username beaniemuts. Iets ertussen in. http://t.co/kOlhHejeZa		]]></document>
	<document><![CDATA[@username @username hoofdband. En ik heb ook nog eentje met een andere steek, alleen die heeft oma haha http://t.co/u7ytlZHkct		]]></document>
	<document><![CDATA[@username @username en dit is een normale muts. Ik denk dat als ik het al beanie maak hij niet zo mooi wordt. http://t.co/HlrY3rwscU		]]></document>
	<document><![CDATA[@username @username Of een kleur met dikke wol of een/twee kleur met dunne wol zodat je hem meer binnen kunt dragen. Eigenlijk kan je		]]></document>
	<document><![CDATA[@username @username Alles verzinnen! Oh en als je hem op m'n hoofd wil zien moet je het zeggen, dan maak ik morgen even een foto		]]></document>
	<document><![CDATA[@username @username Mijn haar zit nu namelijk best oke ????		]]></document>
	<document><![CDATA[@username @username Ik wil jullie ook op snapchatttt		]]></document>
	<document><![CDATA[@username Ik ben zojuist door al je foto's heengegaan en liet aan mijn vriendje zien hoe mooi je was. Is dit interessant om te weten?		]]></document>
	<document><![CDATA[Ik kijk de beste film ooit.		]]></document>
	<document><![CDATA[Ik vermaak mij.		]]></document>
	<document><![CDATA[Ik vermaak mij heel erg.		]]></document>
	<document><![CDATA[@username Sexpot. Echt. Plz laat het stoppen. Plzzzzz		]]></document>
	<document><![CDATA[@username ik dacht ook "HOE DAN" haha		]]></document>
	<document><![CDATA[Moe meisje.		]]></document>
	<document><![CDATA[Mag ik deze week even overslaan aub????		]]></document>
	<document><![CDATA[@username Hoe heet het?		]]></document>
	<document><![CDATA[Ik heb zon nodig.		]]></document>
	<document><![CDATA[Ik ben mijn breiwerk vergeten. Nu zit ik hier, met niets.		]]></document>
	<document><![CDATA[@username het schijnt inderdaad een nieuwe psychische 'stoornis' te zijn. Ik heb er ook last van. Yay 21st century. ????		]]></document>
	<document><![CDATA[@username Ik zou ook wegrennen.		]]></document>
	<document><![CDATA[@username Ik vind Pia Bella wel leuk klinken. Mijn ouders keken het journaal, mama was zwanger. Pia Dijkstra was de nieuwslezeres en toen		]]></document>
	<document><![CDATA[@username had ik ineens een naam. ????		]]></document>
	<document><![CDATA[Ik droomde vannacht over Kim Kardashian, Ed Sheeran en kip. Ik wil helemaal niet wakker zijn en die biologie toets maken.		]]></document>
	<document><![CDATA[Ik dacht dat een eierkoek met jam wel lekker zou zijn.		]]></document>
	<document><![CDATA[Het valt tegen.		]]></document>
	<document><![CDATA[Toen het leven nog goed was. http://t.co/3098m0WCFg http://t.co/jm6lkRsmi5		]]></document>
	<document><![CDATA[@username Volgens mij smelt de boter dan. Tenzij je praat over koude pannenkoeken, dan kan alles.		]]></document>
	<document><![CDATA[Waarom is het hier 17 graden.		]]></document>
	<document><![CDATA[@username ik vond het al zo koud hier. Zag het net staan. Haha http://t.co/xo2KXgFz0c		]]></document>
	<document><![CDATA[Dit wordt een onvergetelijke tijd.		]]></document>
	<document><![CDATA[Wie heeft er zin in sushi??? Ikkkkkkkk		]]></document>
	<document><![CDATA[Wie heeft er geen sushi??? Ikkkkkkk.		]]></document>
	<document><![CDATA[@username Wáár heb jij het over? Ik heb helemaal niets.		]]></document>
	<document><![CDATA[@username De reden dat je dit stuurt, maar nvm dus		]]></document>
	<document><![CDATA[@username Maar dat maakt niet uit, ik heb er gewoon zin in.		]]></document>
	<document><![CDATA[@username @username Doe mij ook maar.		]]></document>
	<document><![CDATA[@username @username vast wel		]]></document>
	<document><![CDATA[Ik heb een muts op United Wardrobe gezet. Nou, ben benieuwd of mensen er interesse in hebben. Haha		]]></document>
	<document><![CDATA[Ik wil dat deze week en de maandag daarna voorbij is.		]]></document>
	<document><![CDATA[@username Bij mij zit het meestal beter als ik het niet kam		]]></document>
	<document><![CDATA[@username behalve op deze foto's. Toch ging ik gewoon naar school. #hxc http://t.co/7X8pdeiZ2g		]]></document>
	<document><![CDATA[@username Ik heb sowieso altijd dat het heel pluizig word als ik het kam.		]]></document>
	<document><![CDATA[@username Hahaha dankje. Ik vond het ook wel iets hebben, maar ik heb helemaal niet zoveel krullen. Tenminste aan de voorkant niet.		]]></document>
	<document><![CDATA[@username wauw precies dat! Volgens mij hebben we hetzelfde soort haar.		]]></document>
	<document><![CDATA[Ik ben verliefd en het is kkkkuuttttt		]]></document>
	<document><![CDATA[Deze vrouw. http://t.co/Vyc3w9Hk5C		]]></document>
	<document><![CDATA[Met een blik en een kus en het topje van mijn zus, maak ik jou stapelgek verliefd op mij.		]]></document>
	<document><![CDATA[Had ik maar een zus.		]]></document>
	<document><![CDATA[Willen we het kouder of warmer in Nederland? Warmer warmer warmer.		]]></document>
	<document><![CDATA["@username: En ze hebben ook nog eens aan mijn levensmotto gemorreld http://t.co/TBZ36uC03x" @username ook aan jouwe?		]]></document>
	<document><![CDATA[@username @username Ik heb een facebookpagina aangemaakt :) https://t.co/M4YUOUCPkj (dan weten jullie dit)		]]></document>
	<document><![CDATA[Ik ben er achtergekomen dat "????" "oké" betekent. HET IS DUS WEL MOGELIJK OM OP EEN LEUKE "OKE" TE ZEGGEN.		]]></document>
	<document><![CDATA[Manier* er moest manier tussen.		]]></document>
	<document><![CDATA[Yes! Doel bereikt. http://t.co/8GyggyQ6Ot		]]></document>
</author>