<?xml version="1.0" encoding="UTF-8" standalone="no"?><author id="user933">
	<document><![CDATA[@username @username @username Wat heeft dat te maken met sterk zijn in een battle? Jimmy G vangt veel en die kwam ook niet zo dope		]]></document>
	<document><![CDATA[Hey eerlijk wie regelt een chick voor @username die het 100% eerlijk leuk vindt als hij haar complimenteert op haar nieuwe ava?		]]></document>
	<document><![CDATA[Okay wacht even, even deze schandalige taalfout herstellen. God god god wat zouden mijn voorouders boos op me zijn, woon ik in NL en toch..		]]></document>
	<document><![CDATA[Niet kwaad bedoeld hoor, ik gun @username echt zo'n lady. En dan beertjes op de kermis winnen en schoolfeesten checken enzo, real love!		]]></document>
	<document><![CDATA[@username Ik zou er vandaag eigenlijk naartoe gaan hahaha, wat was er slecht aan?		]]></document>
	<document><![CDATA[@username Ja de trailer leek mij ook wel nice, en tsja.. Lijkt me eigenlijk juist zo'n jongensfilm qua lady gehalte, maar idd ook wel zo		]]></document>
	<document><![CDATA[@username een film die eigenlijk helemaal nergens over gaat :')		]]></document>
	<document><![CDATA[@username Tsja dat zegt dan wel genoeg eigenlijk..		]]></document>
	<document><![CDATA[@username Boonies en Kouz vond hem niet leuk!? Wat gaan we nou krijgen? Sowieso omdat z'n girlfriend erbij was!		]]></document>
	<document><![CDATA[@username God wat is dat voor een film? Dit gaat ver hahaha		]]></document>
	<document><![CDATA[@username Aan de andere kant, Vanessa Hudgens en Ashley Benson.. Daar heb ik de tijd wel voor over haha		]]></document>
	<document><![CDATA["Ja m'n chick.." Oké daar ga je al de fout in.		]]></document>
	<document><![CDATA[@username Ik vind haar zeker niet lelijk maar iets aan haar doet me denken aan een eekhoorn, don't ask me what or why..		]]></document>
	<document><![CDATA[@username @username Ja klopt, ze kan echt heel goed acteren		]]></document>
	<document><![CDATA[@username @username En de vrouwelijke boys sowieso niet, die zouden eerder bff's met 'r worden		]]></document>
	<document><![CDATA[Shoutout naar de laptop van @username		]]></document>
	<document><![CDATA[Respect voor @username, vond de punchdichtheid iets minder dan vs KC maar alsnog, 3-0 DASHIKI BODYBAG		]]></document>
	<document><![CDATA[Damn je slaat de pagga finaal mis.		]]></document>
	<document><![CDATA[Gister Jodenherdenking, vandaag Bevrijdingsdag #020isdebaasinNL		]]></document>
	<document><![CDATA[@username Je mag trots zijn op je performance bro, je hebt total murder geleverd. Weet je al wie je volgende tegenstander wordt?		]]></document>
	<document><![CDATA[@username Pervert ben je ook		]]></document>
	<document><![CDATA[@username @username @username Fucking morons, Ab-Soul is een guy uit Kendrick Lamar's groep		]]></document>
	<document><![CDATA[@username @username @username @username Die is moeilijk man.. Maar ik kan snappen dat je dat zegt		]]></document>
	<document><![CDATA[Ik heb een belachelijk slechte knipperlichtrelatie met vakantie.		]]></document>
	<document><![CDATA[Heerlijk weer en school begint weer. Dit is Illuminati shit, geen andere verklaring voor.		]]></document>
	<document><![CDATA[@username @username @username @username Financieer skeere profeten jwz giro 666		]]></document>
	<document><![CDATA[RT @username: Ik sta met me bb in me hand onder de douche, where did it go wrong? #lol // 't moment dat je een BB aanschafte..		]]></document>
	<document><![CDATA[@username Zelfgemaakt :p		]]></document>
	<document><![CDATA[@username Is goed, even een envelop zoeken om daarin de koffie te gieten.. 't Is letterlijk een cappuccino met een schep Nutella en suiker		]]></document>
	<document><![CDATA["Mail van Twitter: Ken je ..?" Ja die ken ik maar er is een reden dat ik hun namen niet meteen heb opgezocht.		]]></document>
	<document><![CDATA[Twitter is voor mensen die constant willen blijven klagen maar geen geld voor een reisje Israël hebben.		]]></document>
	<document><![CDATA[RT @username: mensen die me volgen, kennen jullie een rapper genaamd Krae? Nee? Goedzo. // ik bal je bezeten mallemoer		]]></document>
	<document><![CDATA[Er was eens een rapper genaamd Hightower, die kreeg een kind dat met Beats werd geboren, hij was zo dronken dat ie 'm Henne-C noemde		]]></document>
	<document><![CDATA[3de HB event valt midden in m'n proefwerkweek, wordt 'm dus niet #fuckthis		]]></document>
	<document><![CDATA[RT @username  aan iedereen die vage mailtjes van mij krijgt ben gehacked door een colombiaan. Sorry // ze verschillen niet zoveel hoor..		]]></document>
	<document><![CDATA[Je mag niet haten op Married With Children. Rule #28		]]></document>
	<document><![CDATA[@username En daarom vind ik 'm zo dope, Michael Madsen speelt 'm fuuuuucking geweldig.		]]></document>
	<document><![CDATA[@username Die was al eerder gepland maar gecancelled toch? Zonde		]]></document>
	<document><![CDATA[RT @username: @username Heeft Vito weer inspiratie nodig? // Hahaha		]]></document>
	<document><![CDATA[@username Kloppie, ben je de 26ste aanwezig als jurylid?		]]></document>
	<document><![CDATA[RT @username: Iedereen die nu slaapt is gewoon boeler he dat je het weet		]]></document>
	<document><![CDATA[@username @username En op 't forum had je het nog over het feit dat shit zomaar met toeval 'gejat' kan worden.. Niet zo hypocriet man.		]]></document>
	<document><![CDATA[@username No way man, als je je woorden spreekt moet je er ook achter kunnen staan toch? Als battle mc zal je 't daar met me over eens zijn		]]></document>
	<document><![CDATA[@username Ik vind de samples en background vocals die ze gebruiken altijd fuuuuucking nice. Maakt 't echt plezierig om naar te luisteren.		]]></document>
	<document><![CDATA[Ik verheug me op @username en @username vs @username en @username, kijken wie 't eerst een H-Suna gaat gooien #heat		]]></document>
	<document><![CDATA[@username Ga ik zo ff checken dan. Trouwens, hoe lang zit je nog op Curacao? Ben erop gebrand om je ooit nog te battlen.		]]></document>
	<document><![CDATA[Aight good luck met de examens over een paar uur folks!		]]></document>
	<document><![CDATA[@username @username @username @username @username Tegenstander even een goeie smack geven als ie stoer komt doen		]]></document>
	<document><![CDATA[Metro is best wel een underground krant.		]]></document>
	<document><![CDATA[Deze maandag heeft me gebroken.		]]></document>
	<document><![CDATA[Ik heb niet eens de kracht om wakker te blijven.		]]></document>
	<document><![CDATA[@username Tegenwoordig worden ze nog harder belachelijk gemaakt dan toen. Je beseft wel dat de kans klein is dat ze dit wouden nadoen?		]]></document>
	<document><![CDATA[Als 't aan mij ligt is m'n eerstvolgende tegenstander na het 2 vs 2 toernooi @username		]]></document>
	<document><![CDATA[@username Heeft er niks mee te maken. Als ik beloof geen personals over je ma en privé leven te gebruiken? Is sowieso niet mijn stijl.		]]></document>
	<document><![CDATA[@username En ik ben wel een man van m'n woord. Ik wil gewoon een dope match, no grudge, no detective bullshit.		]]></document>
	<document><![CDATA[http://t.co/khRRHD2mTL, waar je carriere begint of ophoudt!		]]></document>
	<document><![CDATA["Je bent geen battlecat als je niet kan incasseren" toepasselijke quote voor vandaag van @username		]]></document>
	<document><![CDATA[@username Mark my words, binnen 2 maanden is er een scheiding tussen Brad en haar.		]]></document>
	<document><![CDATA[@username En jij bent?		]]></document>
	<document><![CDATA[RT @username: Slapen doe ik niet meer.. Thanks @username @username @username http://t.co/ikihhYo2GI // opeens dat muziekje om 3.00.. ????		]]></document>
	<document><![CDATA[Ik laat je kind zelfmoord plegen door jou, alsof je 'm telkens laat luisteren naar de muziek van Lavender Town #POKEMONBARSS		]]></document>
	<document><![CDATA[Feit dat deze ditto faggot een kloon is, wat is je status dan? O,nyx.. #POKEMONBARSS		]]></document>
	<document><![CDATA[Deze golem heeft niets te doen, laat je de benen nemen ook al heet je Gio, dude #POKEMONBARSS		]]></document>
	<document><![CDATA[@username Niet waar, als ze de kans hebben iemand de tering in te slaan met knuppels worden ze actief.		]]></document>
	<document><![CDATA[MC's kunnen humor pas waarderen wanneer het niet over hen gaat.		]]></document>
	<document><![CDATA[Voor de depressieve examenkandidaten: er zijn mensen die in iets meer shit zitten http://t.co/5udpQQQSoF		]]></document>
	<document><![CDATA[@username Zit je op 't battleraps forum nu? Anders is 't een fake		]]></document>
	<document><![CDATA[Check de 10 Punchout geboden http://t.co/MY7IVM8h4D		]]></document>
	<document><![CDATA[The Art of Trolling is al eeuwenoud: woede van de één is vermaak voor de ander.		]]></document>
	<document><![CDATA[Verkouden en keelpijn, Strepsil gaat nu zwaar gefriendzoned worden.		]]></document>
	<document><![CDATA[@username @username Dat snap ik eigenlijk wel, je zou een heel andere stijl verwachten. Ben pas op 3 kwart tho, dus nog ff..		]]></document>
	<document><![CDATA[De beats op dit album laten me elke keer denken dat Michael Jackson ieder moment in de track kan springen om te gaan zingen.		]]></document>
	<document><![CDATA[Volgende week zondag wordt het mayhem at @username http://t.co/ffdI5JTgNU		]]></document>
	<document><![CDATA[RT @username: Beter schijnt morgen nog steeds de zon. Ik word helemaal para als ik morgen weer kletsnat thuiskom. / 95% kans op neerslag..		]]></document>
	<document><![CDATA[@username Gebruik 't nooit man, Whatsapp rockt 'm gewoon		]]></document>
	<document><![CDATA[Om een voorbeeld te stellen waar je nooit van zal afwijken, moet je je fouten uit het verleden bekijken.		]]></document>
	<document><![CDATA[Oost west, wc thuis best		]]></document>
	<document><![CDATA[@username Word on the streets is dat ze je familie binnenkort gaan choppen voor een appartementencomplex		]]></document>
	<document><![CDATA[RT @username: @username vs @username is bevestigd! Op 7 juli bij @username RT		]]></document>
	<document><![CDATA[RT @username: Waarom volgen mensen eigenlijk parody accounts? Het blijft voor mij onduidelijk als mensen die hun gehele foto blurren. // BARS		]]></document>
	<document><![CDATA[Meesterlijke foto @username https://t.co/qAZFFoUgxB		]]></document>
	<document><![CDATA[@username Hoezo kan je ze niet zien? Heb ik weer iets opgefokt?		]]></document>
	<document><![CDATA[En toch voelt dit lang niet zo kut als een maandagochtend.		]]></document>
	<document><![CDATA[@username En je bent nu al wakker, o oke		]]></document>
	<document><![CDATA[@username Ik vond Killing Them Softly bijzonder sterk, maar da's ook mijn soort film. Verder vond ik Looper ook erg interessant.		]]></document>
	<document><![CDATA[@username Je lacht erom? Yeaaaaaah right.		]]></document>
	<document><![CDATA[Kudo's naar je ghostwritten tweets.		]]></document>
	<document><![CDATA[Zilt maakt me belachelijk vrolijk.		]]></document>
	<document><![CDATA[RT @username: Apple lanceert goedkopere iPhone omdat economie op de tocht staat haha hoe kan het nou tochten als je geen Windows hebt		]]></document>
	<document><![CDATA["Mama zei me" Mama zei je niks wannabe, mama zou je met de deegroller geven als ze erachter kwam dat je rapte.		]]></document>
	<document><![CDATA[@username @username Hij verkoopt aan elke Arc 1 #BREH		]]></document>
	<document><![CDATA[RT @username: weer op dat punt van wat moet ik met me leven :') // Zondag godverdomme naar Punchout, dat moet je met je leven		]]></document>
	<document><![CDATA[@username @username Het enige waar ik op ga choken is de tepel van je omgekapte moeder.		]]></document>
	<document><![CDATA[RT @username: @username Vast niet voor Nederlands. Anders had je geslaagd wel met een D geschreven. // Dude..		]]></document>
	<document><![CDATA[Het is je favoriete Ariër @username http://t.co/Y0Nhto3TaJ		]]></document>
	<document><![CDATA[Net tot tweede keus gemaakt door @username #vernederd #watisdit		]]></document>
	<document><![CDATA[En nu vindt ze me ook nog iel, nou @username ik voel me erg depressief ik ga even een scheermesje zoeken		]]></document>
	<document><![CDATA[Sommige mensen geven me al moordneigingen door te verschijnen.		]]></document>
	<document><![CDATA[@username Ik check 'm als ik thuis ben man		]]></document>
	<document><![CDATA[@username Gooi mij maar vs Santios.		]]></document>
</author>