<?xml version="1.0" encoding="UTF-8" standalone="no"?><author id="user590">
	<document><![CDATA[Ben eens benieuwd of @username h vnvnd op h debat v @username ook zal hbb over z'n Nieuw Industrieel Beleid.. Benieuwd nr bouwstenen!		]]></document>
	<document><![CDATA[#LT @username: anders zal jij me de opzet vh #NIB eens moeten toelichten.. :-) #madedifferent - #IndustryMatters cc @username		]]></document>
	<document><![CDATA[RT “@username: Dit jaar kunt u opnieuw meedoen aan de Sustainable Partnerships Award 2014 #suspar - meer info volgt binnenkort!”		]]></document>
	<document><![CDATA[Van Hoornyck, zorg eens voor een avatar! #EI

@username		]]></document>
	<document><![CDATA[+1 “@username: Zo hard waar! "Achter elke sterke vrouw staat een fantastische poetsvrouw" @username #hautekiet”		]]></document>
	<document><![CDATA[Ai, @username is in tha house.. Dat wordt weer een Twitter oorlog vanavond. #furoremaken :-))		]]></document>
	<document><![CDATA[Leuke sms ontvangen v @username & @username:
"Heb je nog zin in een dessertje? Wij serveren u een heerlijke MP" ;) @username		]]></document>
	<document><![CDATA[RT “@username: Vanavond langverwachte lezing bij de jongeren van @username voor de opening van het tweede semester. @username”		]]></document>
	<document><![CDATA["#Energie wordt enorme uitdaging id toekomst. Niet enkel in #Vlaanderen of #Belgie, maar over de hele wereld." Zegt @username #innovatie		]]></document>
	<document><![CDATA[#MPCDS - @username: ik wil een pint gaan pakken; zijn we weg?! Jij mag nadien 'afdrogen' ;-) - nieuwe #energie opdoen. #fan		]]></document>
	<document><![CDATA[Wel @username @username @username @username @username Ik pleit vr dezelfde # als vandaag #MPCDS - 
"Meer Politiek bij CDS"		]]></document>
	<document><![CDATA[#MPCDS"Hoeveel tijd heb ik nog" vraagt hij. "Ik ben niet vermoeid na 3 kwartier zenne. Doe er nog mr een uurke bij" #opengoal		]]></document>
	<document><![CDATA[Dju, ik wilde toch graag een korte toelichting over de bouwstenen vh #NIB Nieuw Industrieel Beleid van @username @username #MPCDS		]]></document>
	<document><![CDATA["Economische groei moet #duurzaam & #innovatief zijn, mr mag nooit gepaard gaan m sociale afbraak"
Economische groei MET sociale vooruitgang		]]></document>
	<document><![CDATA[Verstandige vraag v @username aan @username over het nieuw decreet #kinderopvang. Wordt vervolgd. 
@username - de Vlaamse Marianne #MPCDS		]]></document>
	<document><![CDATA[#WootWoot @username - 
Merci! Kus voor alle drie!
cc @username @username @username		]]></document>
	<document><![CDATA[RT “@username: @username U vraagt?@username draait! Politiek debat, bezoek aan Fed Parlement en Christendemocratie4dummies!”		]]></document>
	<document><![CDATA[Ziet er ook heel erg mooi uit. Alleen jammer dat wij geen koffie mogen drinken in ons #amslab.. cc @username @username @username		]]></document>
	<document><![CDATA[Goed gek! In #Schoten zouden ze er alles aan doen om de koers #Scheldeprijs in #Schoten te kunnen houden! Brengt mensen samen #hautekiet		]]></document>
	<document><![CDATA[“@username: Aandacht besteden in de opleiding? #tismaareengedacht http://t.co/g4TUSGcz8S” Interessante vaststelling! Even delen @username		]]></document>
	<document><![CDATA[Oooohhhh. *glunderglunder* “@username: @username Excuses, een foutje! Waar het hart van vol is lopen de tweets van over zeker? ;)”		]]></document>
	<document><![CDATA[.@username en wat is de gemiddelde leeftijd bij een eerste lening voor de aankoop van vastgoed?! #MRE #RealEstate #vastgoed2013		]]></document>
	<document><![CDATA[#Antwerpen op 9de plaats id top 10 belangrijkste modesteden ter wereld. Waarom? http://t.co/e7b21t9gVn #mode #fashion #fashionmanagement		]]></document>
	<document><![CDATA[#NMP2014 - lijkt me een hashtag die de nodige aandacht verdient van de enige echte Conversation Party! @username cc @username #conversationday		]]></document>
	<document><![CDATA[Schrijf je in vr de Sustainable Partnership Awards v @username & @username http://t.co/IogAYIiFeI #Sustainability #duurzaamheid #CSR #MVO		]]></document>
	<document><![CDATA[@username Jammer. Toch bedankt om het voor me uit te zoeken. #MRE #RealEstate		]]></document>
	<document><![CDATA['Succesvolle bedrijven nemen geen bekwame mensen aan om ze te motiveren, ze nemen gemotiveerde mensen aan om ze te inspireren.' #SimonSinek		]]></document>
	<document><![CDATA[In m'n opleiding Politieke en Sociale Wetenschappen @username moesten wij voor #Sociologie ook gaan observeren op café. :-)
cc @username		]]></document>
	<document><![CDATA[Ben eigenlijk wel eens benieuwd of dat practicum momenteel nog id opleiding zit.. @username @username @username @username??		]]></document>
	<document><![CDATA[.@username Idd! :-)) Niet alleen voor dit practicum trouwens. Maar zal wel één vd weinige 'kennisdomeinen' zijn dat ik nog wekelijks toepas!		]]></document>
	<document><![CDATA[.@username @username @username Merci voor de reacties! :-) Precies toch liever een café, dan een station of Be Colmar! :-)		]]></document>
	<document><![CDATA[Merci Telenet. Bellen of gebeld worden op gsm is weeral 2 dagen onmogelijk. Op zich nt verschrikkelijk. Tenzij je baas probeert te bellen..		]]></document>
	<document><![CDATA[#Leiderschap & #Management: kritische succesfactoren vr Industriële Transformatie | Nieuw Industrieel Ondernemen #NIB http://t.co/FifZBlkn2l		]]></document>
	<document><![CDATA[13/3: Paneldebat 'Leiderschap & Management': Kritische succesfactoren vr Industriële Transformatie - Vlaanderen moet…http://t.co/FifZBlkn2l		]]></document>
	<document><![CDATA[Vanavond nr "A State of Trance" in Utrecht. Beetje bewegen op de plaatjes v @username . :-)
#ASOT650NL 
http://t.co/POvYoE2Wnr		]]></document>
	<document><![CDATA[Ik zal nog efkes solidair zijn @username. Beetje bijwerken. En vanavond afreageren op "A State of trance" in Utrecht. :-) #ASOT650NL		]]></document>
	<document><![CDATA[@username de voetbal. Altijd ne winner. Al heb ik altijd een abonnement gehad ve andere club. :-) 'k Zou er nu de tijd nt meer vr hbb. Enjoy		]]></document>
	<document><![CDATA[Sfeerbeeldje vd set v #arminvanbuuren op "A State of Trance".
#ASOT650NL 
http://t.co/POvYoE2Wnr 
#FEEST #EnjoyWE http://t.co/n6HGsjVLqX		]]></document>
	<document><![CDATA[Genoten v 
* geweldige avond Trance gisteren; 
* stevige wandeling (18km!) dr prachtig Schoten deze ochtend;
* heerlijke Latte deze middag;		]]></document>
	<document><![CDATA[* zalig ontspannende sauna deze namiddag;
* exquise viergangenmenu vanavond. 
Heb ik al gezegd dat ik heb *genoten* v dit weekend? #EnjoyWE		]]></document>
	<document><![CDATA[Nog twee nachtjes slapen tot de opening vh #amslab.... :-))		]]></document>
	<document><![CDATA[Bachata op de IPod en je onmiddellijk weer op één of ander Caraïbisch eiland wanen. One of those days. Ik wil op reis! :-)		]]></document>
	<document><![CDATA[RT “@username: Na BMW, nu ook Total en Siemens van plan emails tijdens weekend te bannen. #modernminds via @username http://t.co/ruDDrt10F8”		]]></document>
	<document><![CDATA[“@username: We vliegen erin voor weer een dagje 'Eat, sleep, tsjeef, repeat' bij cdenv. http://t.co/OF0taSv9eK” Slogan #Startcongres?! :-D		]]></document>
	<document><![CDATA[Succes vanavond @username @username @username @username @username "Eat, Sleep, Tsjeef, Repeat"! :-D #MPCDS blijft de hashtag?!		]]></document>
	<document><![CDATA[Vanavond #GrootDebat @username @username @username @username @username 
"Eat, Sleep, Tsjeef, Repeat"! :-D 
Check ook #MPCDS		]]></document>
	<document><![CDATA[@username @username @username Nathalie, zorg je voor een plaatsje? Ben zelf nog even op event.		]]></document>
	<document><![CDATA[@username @username @username Dat dacht ik er idd ook van! #FEEST		]]></document>
	<document><![CDATA[Onderzoek v @username uit 2012 toont aan dat slechts 22% vd werknemers vindt dat ze e 'kwalitatieve job' hbb. Dringend nood a duurzaam HR!		]]></document>
	<document><![CDATA[De vraag is evenwel of HR-managers (proactief) focussen op aspecten om de performantie v mens/organisatie te verhogen http://t.co/gVywmhjH69		]]></document>
	<document><![CDATA[Neen, ook bandwerkers bv die hun uren doen (9 to 5) en dan nr huis gaan om eindelijk echt een zinvolle taak op te nemen @username #hnwams		]]></document>
	<document><![CDATA[#GrootDebat wordt ingeleid door nen echten baas! You rock, @username 
@username		]]></document>
	<document><![CDATA[“@username: 'Alle medailles gaan naar oranje".. is er een nieuwe peiling @username ? Maar het betrof olympisch schaatsen...” #GrootDebat		]]></document>
	<document><![CDATA[#GrootDebat Rector Alain Verschooren @username betreurt dat de aanwezigen id zaal geen afspiegeling zijn vd Antwerpse samenleving #agree		]]></document>
	<document><![CDATA[Ook de opgeblazen kabouters v @username krijgen een eervolle vermelding op h #GrootDebat van @username cc @username		]]></document>
	<document><![CDATA[“@username: .@username the place to be vanavond: ook nog Groot Fiscaal Debat met slottoespraak van @username” #GrootDebat		]]></document>
	<document><![CDATA[RT #Proficiat! “@username: Een fantastische opkomst. Politiek leeft op de @username! #GrootDebat http://t.co/kVR1x2yabg”		]]></document>
	<document><![CDATA[RT - klokkenluider Snowden wordt rector! 
“@username: Edward Snowden wordt rector van universiteit van Glasgow http://t.co/ZvzMB5DZt2”		]]></document>
	<document><![CDATA[GE-WEL-DIG! “@username: Vergaderen met #hautekiet. Do's and don'ts. http://t.co/kwPqEMyngG” @username - leuke tips vr Company Meeting! :-D		]]></document>
	<document><![CDATA[#Vlaanderen bij de TOP op vlak v #innovatie en #duurzaamheid! Geweldige doelstelling @username & @username! 
http://t.co/gk5vYejNJw		]]></document>
	<document><![CDATA[+ 1. Er kan er maar één de #ConversationParty zijn
“@username: Fijn dat @username als enige partij de moeite doet #GrootDebat live te tweeten.”		]]></document>
	<document><![CDATA[#GrootDebat diene Vandevelde wil z'n 'five minutes of Fame'. Hij ziet dit debat duidelijk als springplank v lokale nobody nr?? #NOT #nietdus		]]></document>
	<document><![CDATA[#grootdebat @username speelt voor #Cupido. Interesse in deze knappe, jonge, hoogopgeleide éénverdiener? Tweet! CC @username #TIP		]]></document>
	<document><![CDATA[“@username: .@username "aantal #allochtone ambtenaren in #Antwerpen is voorbije jaar met 7% gedaald".” Klopt dit @username?!?!		]]></document>
	<document><![CDATA[BTW @username @username @username #LT was uitspraak De Coninck tijdens #GrootDebat @username		]]></document>
	<document><![CDATA[+ 1: Het is nt iedereen gegeven om vr een publiek te spreken.. “@username: @username Liever jij dan die blonde van vorige week ;-)”		]]></document>
	<document><![CDATA[#FEEST in 'De Prof': Kasteelbier aan €2! #GrootDebat http://t.co/TehU43y1bP		]]></document>
	<document><![CDATA[@username BOE! Heb ik dan zo'n verkeerde dingen gezegd?! Kom gauw terug nr de Prof. Dan kan ik het goedmaken met een pint. :-) #Schol		]]></document>
	<document><![CDATA[@username en daarmee heb jij meteen gezorgd vr een extra hashtag. :-)) Tot donderdag!		]]></document>
	<document><![CDATA[@username @username ai, ai. Dit wordt een ramp. En ik wil niet gaan eten in den Da Giovanni!! Alternatief vr de niet-hopeloze Vlaming?!		]]></document>
	<document><![CDATA[“@username: Maar voor ik ga slapen toch even dit: #muskatnuss.” Mijn collega toen ik nog bij Think Media werkte.... :s		]]></document>
	<document><![CDATA[To check: “20 business Model Innovations for #Sustainability”, verdeeld over 5 (sociale) domeinen waarin bedrijven i…http://t.co/vok992sebo		]]></document>
	<document><![CDATA[Als je deze week nog ergens tijd voor maakt, laat het dan zijn om dit eerste artikel te lezen in de reeks #ModernMin…http://t.co/TD7qPh14Ms		]]></document>
	<document><![CDATA[“@username: @username Blijkt niet te kloppen. Het aantal allochtone ambtenaren is stabiel gebleven, ongeveer 13%.” #GrootDebat		]]></document>
	<document><![CDATA[Nog één (1!) nachtje slapen en dan..

.. EINDELIJK..

De officiële opening van ons #Creativity Lab! #amslab 
http://t.co/6iQdLFF1Oz		]]></document>
	<document><![CDATA[Al nieuwsgierig naar ons fonkelnieuwe #amslab?! Hier al een #SneakPeek:
Get out of the box & into the Lab! | Facebook http://t.co/6zr0hS8Tl6		]]></document>
	<document><![CDATA[@username @username @username allemaal goed en wel als ze dan de bussen vd rand nr 't stad Antwerpen nt zouden afschaffen op termijn #nothappy		]]></document>
	<document><![CDATA[Tot vanavond op de opening vh #amslab
cc @username @username @username @username @username @username @username @username 1/3		]]></document>
	<document><![CDATA[2/3 Tot vanavond op de opening vh #amslab cc @username @username @username @username @username @username @username @username		]]></document>
	<document><![CDATA[3/3 Tot vanavond op de opening vh #amslab cc @username @username @username 
.. En vele anderen.. #FullHouse #FEEST		]]></document>
	<document><![CDATA[Kom zeker op tijd vanavond nr de opening vh #amslab! De eerste 25 aanwezigen krijgen als enigen de kans om m mij af te dalen nr 'de kelder'!		]]></document>
	<document><![CDATA[@username Sint-Jacobsmarkt 9-13, 2000 Antwerpen		]]></document>
	<document><![CDATA[“@username: Eerste deelnemers ontdekken #amslab. @username Jochei!” EN ZE DOEN DAT MET VERVE! #creativiteit http://t.co/7F5qWHO6gG		]]></document>
	<document><![CDATA[Heel leuk die "chill-out sessie" m Dean:
#creativiteit op zich is nt voldoende; er moet ook aandacht zijn vr 'Closing-The-Loop' #amslab		]]></document>
	<document><![CDATA[“@username: Navolging  brainstorm, creatief is 1, maar hoe dan... #amslab” >> Daar zullen we eens een creatieve sessie rond houden :-)		]]></document>
	<document><![CDATA[In één woord: #awesome!		]]></document>
	<document><![CDATA[Toch wel zalig gedaan@username! Heel tof.		]]></document>
	<document><![CDATA[@username Ik denk het wel. :-) check for yourself op #amslab :-)		]]></document>
	<document><![CDATA[Wat. Een. Geweldige. Week. So. Far!
En dan moet HÉT WEEKEND nog beginnen! :-D
#FEEST #enjoyWE		]]></document>
	<document><![CDATA[Zondag 2 maart #SundaySunday 
Hier wil ik wel eens een kijkje gaan nemen. Iemand?!..
https://t.co/m65fp4hEnJ		]]></document>
	<document><![CDATA[Het beste aan het leven?
De mensen die er deel van uitmaken!		]]></document>
	<document><![CDATA[Jullie zijn meer dan welkom om ons #amslab te komen uittesten @username @username #toplocatie #Antwerpen @username		]]></document>
	<document><![CDATA[BTW:de overheersende kleur in ons #amslab.. U raadt h al.. ORANJE! Indien gewenst m aangepaste wijn @username @username @username		]]></document>
	<document><![CDATA[Hey Maarten, you just made my week! Bedankt vr de lovende woorden! :-D 
#hip & #cool - YEAH!
cc @username @username		]]></document>
	<document><![CDATA[Ikke! Absoluut! De #koffie van #Normo in #Antwerpen is heerlijk! En bovendien vlakbij het werk! 
:-)) Fijn weekend, Lodi @username		]]></document>
	<document><![CDATA[“@username: @username Joepie. Likeminded mensen op Twitter vandaag! ;-) Jij ook een fijn weekend Veerle!” En alle andere dagen! ;-)		]]></document>
	<document><![CDATA[Hey @username kom je trouwens naar de Unconference HR die onze studente HRM organiseren op 5/3?! Over duurzame loopbanen		]]></document>
	<document><![CDATA[@username je moet zelf e mailtje sturen. Wordt volledig door de studenten georganiseerd. @username - er komen nog 3 vrienden v me		]]></document>
	<document><![CDATA[Wat mij betreft open @username! Jammer dat ik je gisteren gemist heb bij de opening van ons #amslab		]]></document>
	<document><![CDATA[@username ik was te druk bezig allicht met live blogging en luisteren naar de reflecties vd deelnemers in de 'Chill-out' bij de decaan :-)		]]></document>
</author>