<?xml version="1.0" encoding="UTF-8" standalone="no"?><author id="user50">
	<document><![CDATA[Video resumen de la corrida de ayer para quien se perdio a @username en @username  @username 
http://t.co/ZjWYL95M #SanIsidro2012		]]></document>
	<document><![CDATA[@username @username 
Excelente vuelo, nos vemos en México!
@username		]]></document>
	<document><![CDATA[Toros de Torrestrella para una terna internacional http://t.co/PIByZcAq vía @username		]]></document>
	<document><![CDATA[“@username: hola a todos” / hola!!!		]]></document>
	<document><![CDATA[#SanIsidro SanIsidro Video de la tarde de ayer. Toros de "Torrestrella" para Juan Bautista, Matías Tejela y @username http://t.co/6WFTp7uy		]]></document>
	<document><![CDATA[No hay mejor encuesta que el voto, hace casi 6 años ya lo hicimos, #VotaNOaPeñaNieto! http://t.co/QLGJV8vT		]]></document>
	<document><![CDATA[@username: Programa de mano del 22 de mayo http://t.co/8xe2KJ5B #SanIsidro2012 @username		]]></document>
	<document><![CDATA[Plaza de Toros de Las Ventas. Programa de mano del 22 de mayo http://t.co/X27Azv9Z		]]></document>
	<document><![CDATA[Plaza de Toros de Las Ventas. Programa de mano del 21 de mayo http://t.co/j4GTnO2e		]]></document>
	<document><![CDATA[Plaza de Toros de Las Ventas. Programa de mano del 21 de mayo http://t.co/j4GTnO2e
@username @username 
@username 
@username		]]></document>
	<document><![CDATA[“@username: Plaza de Toros de Las Ventas. Programa de mano del 21 de mayo http://t.co/j4GOQdT4
Mucha suerte maestro! @username”		]]></document>
	<document><![CDATA[Muere Robin Gibb, cantante del grupo británico Bee Gees (adjuntamos lista de Spotify con las mejores canciones) http://t.co/AZ85k8L2”		]]></document>
	<document><![CDATA[¡Gaviota, tu marido es un idiota! | José Cárdenas http://t.co/caUUiWzI vía @username		]]></document>
	<document><![CDATA[Mucha suerte para esta tarde!! @username  y @username 
Saludos, fuerte abrazo.		]]></document>
	<document><![CDATA[@username 
http://t.co/BXmKCKlw
Señal de #SanIsidro2012		]]></document>
	<document><![CDATA[Una felicitacion a @username y @username excelente la presentacion de @username a #CableCom		]]></document>
	<document><![CDATA[@username Muchas gracias, a la orden, buen dia!		]]></document>
	<document><![CDATA[@username: Programa de mano del 22 de mayo http://t.co/8xe2KJ5B #SanIsidro12 
@username @username		]]></document>
	<document><![CDATA[@username Muchas gracias por seguirme. 
Cual es tu postura con relacion a las corridas de toros en la Plaza de Toros Mexico?

Sigue>		]]></document>
	<document><![CDATA[@username 
Como piensas resolver el grave problema de los ambulantes de comida en insurgentes y en @username 

Sigue >		]]></document>
	<document><![CDATA[@username 
Finalmente cual es su postura con relacion a lis parquimetros que quieren poner en @username 

Saludos, excelente dia.		]]></document>
	<document><![CDATA[@username Ya te sigo, bienvenido!!!		]]></document>
	<document><![CDATA[@username muchas gracias, te gustaría tener una reunión con empresarios de la zona?		]]></document>
	<document><![CDATA[@username Como delegada tendrá que la responsabilidad de ver todo lo que suceda en la plaza México		]]></document>
	<document><![CDATA[@username correcto, estamos en comunicación, gracias, buenas noches.		]]></document>
	<document><![CDATA[@username @username @username @username @username
Excelente jornada, muy productiva!		]]></document>
	<document><![CDATA[5 razones para cerrar tu cuenta de Facebook		]]></document>
	<document><![CDATA[@username cuando piensas reaccionar, tu equipo de campaña es tu peor enemigo, sé tú!!!! No quieras ser diferente...		]]></document>
	<document><![CDATA[@username: @username Mexico está preparando el 1er. estudio completo de las #Elecciones2012 de México en internet y las redes sociales		]]></document>
	<document><![CDATA[Mucha suerte a @username esta tarde de su confirmación en @username !!
@username		]]></document>
	<document><![CDATA[Hoy en @username  @username confirma la alternativa Juan Pablo Sánchez, estará al lado de Morante de la Puebla y Talavante.”		]]></document>
	<document><![CDATA[Hoy, tercer día de jornada muy activa en @username México @username @username @username y @username 
Excelente día para todos!!!		]]></document>
	<document><![CDATA[Siguen llegando jóvenes manifestantes al zocalo, #MarchaYoSoy132 http://t.co/3jWLQh8g		]]></document>
	<document><![CDATA[@username y que culpa tiene platanito,		]]></document>
	<document><![CDATA[Golpes con guantes de seda en tercer grado.		]]></document>
	<document><![CDATA[Golpes con guantes de seda en #TercerGrado		]]></document>
	<document><![CDATA[Estoy convencido y hoy lo compruebo en #tercerGrado @username es #patetico		]]></document>
	<document><![CDATA[Gracias a #tercergrado por confirmar lo que ya sabia, NO QUIERO A ESE IDIOTA EN LUGAR DE CALDERON		]]></document>
	<document><![CDATA[@username Los Cóndores no pertenecen a la secretaria de educación publica.		]]></document>
	<document><![CDATA[“@username: Flores, firmeza y actitud: Se lidian novillos de Fuente Ymbro y Navalrosal. http://t.co/jXyLKPTy”		]]></document>
	<document><![CDATA[No me parece que el Athletic esté haciendo un mal partido a pesar del 3-0. Pero ante la primera media hora del Barça no hay mucho que hacer		]]></document>
	<document><![CDATA[Gol de Pedro (min. 25). Athletic 0 - 3 Barcelona		]]></document>
	<document><![CDATA[@username y que te pareció por que aquí en Mexico no la podemos ver.
Saludos		]]></document>
	<document><![CDATA[“@username: BIL 0 - 3 BAR Tiro Libre en favor de  Barcelona.”		]]></document>
	<document><![CDATA[Se despide Pep del Barsa ganando Copa del Rey : Pep Guardiola cerró su ciclo como técnico blaugrana con un triunfo .. http://t.co/3f3eUY9Q		]]></document>
	<document><![CDATA[Inicio de operaciones en Mexico de #Autoritas
@username @username @username @username @username http://t.co/eaIrr8Xw”		]]></document>
	<document><![CDATA[Vuelve Deportivo a la Primera División : Gracias a un gol de Xisco, el Deportivo La Coruña venció 2-1 al Huesca par.. http://t.co/fVMU0WDj		]]></document>
	<document><![CDATA[Me voy al Valencia.- Guardado : Luego de militar cinco años en el Deportivo La Coruña, Andrés Guardado anunció que .. http://t.co/sxPymdYp		]]></document>
	<document><![CDATA[“@username: El tranvía llegará el lunes en pruebas hasta César Augusto http://t.co/YBJOxILO #Zaragoza #Heraldo”		]]></document>
	<document><![CDATA[Fuerte #tormenta eléctrica aqui en		]]></document>
	<document><![CDATA[En estos momentos esta iniciando una fuerte #tormenta #lluvia aquí en el #puerto de #Acapulco		]]></document>
	<document><![CDATA[Tengo gran curiosidad por saber si lloverá todo el día en  #Acapulco		]]></document>
	<document><![CDATA[Después de la #tormenta viene la calma aqui en #Acapulco. Dejo de llover.		]]></document>
	<document><![CDATA[Muy productiva la visita de @username @username @username a Mexico. Muchas gracias hasta pronto.
@username http://t.co/Ex2K1lS6		]]></document>
	<document><![CDATA[@username @username 
Buen viaje, regresen pronto.
#AutoritasMexico		]]></document>
	<document><![CDATA[Escucha activa es una técnica de comunicación por la que el oyente identifica, interpreta y evalúa lo que escucha de su público en internet		]]></document>
	<document><![CDATA[Por tanto, las acciones estratégicas de su organización pueden alinearse con los intereses de las personas que interaccionan en la red.		]]></document>
	<document><![CDATA[Doblete de El Juli y regreso de Padilla en San Fermín http://t.co/ixi6WR3U vía @username		]]></document>
	<document><![CDATA[@username buenisimo!!! Estaremos pendientes de mas fotos de la galeria.		]]></document>
	<document><![CDATA[@username Ganadero, buenos dias.		]]></document>
	<document><![CDATA[“@username: Pamplona hace oficiales sus carteles para San Fermín http://t.co/puXrjIng		]]></document>
	<document><![CDATA[Muchas felicidades a los marinos de México. Su lealtad, su entrega y su responsabilidad merecen el mayor de los reconocimientos.		]]></document>
	<document><![CDATA[No perdemos detalles de @username en @username @username http://t.co/qjwLD2ql		]]></document>
	<document><![CDATA[@username @username @username @username 
No hay luz en la @username 
indiana esq Georgia
Gracias		]]></document>
	<document><![CDATA[@username @username @username @username @username 
Ya llego la luz en indiana esq Georgia
Gracias		]]></document>
	<document><![CDATA[Mi estimado @username ya te sigo, buen fin de semana.		]]></document>
	<document><![CDATA[@username Bienvenido a #Pumas 
Mexico, Pumas, Universidad...		]]></document>
	<document><![CDATA[Pone Lang Lang Bellas Artes a sus pies : Ni la lluvia, ni el viento, impidieron que el pianista chino Lang Lang con.. http://t.co/Jr0F7OH3		]]></document>
	<document><![CDATA[Se queda Garibay con las ganas [Cancha]
http://t.co/cZO3GC3y		]]></document>
	<document><![CDATA[Va Juan José Padilla a la México [Cancha]
http://t.co/WE5j4T0F		]]></document>
	<document><![CDATA[“@username: Y tambien #FF para @username @username @username @username @username @username @username”		]]></document>
	<document><![CDATA[@username Hola! Recibiste la información de cablecom?		]]></document>
	<document><![CDATA[#LigaMX Así se llamara ahora la nueva liga de fútbol en Mexico.		]]></document>
	<document><![CDATA[@username pasó ocho horas “guardado” en El Torito… y quedó a deber otras 12. ¡Salud! http://t.co/VT8zdp3U vía @username”		]]></document>
	<document><![CDATA[@username tuvo una noche de copas… una noche loca… y lo pescó el alcoholímetro http://t.co/VT8zdp3U 
@username		]]></document>
	<document><![CDATA[¿Si borracho te ofendí, en la cruda te salgo debiendo? @username http://t.co/VT8zdp3U		]]></document>
	<document><![CDATA[José Tomás matará seis toros en Nimes el 16 de septiembre http://t.co/7K2B4HKT vía @username		]]></document>
	<document><![CDATA[@username Con todo respeto y sin afán de ofender a nadie yo creo que usted ya no esta en edad de buscar un puesto de elección, 
Buen dia!		]]></document>
	<document><![CDATA[Plaza de Toros de Las Ventas. Programa de mano del 5 de junio http://t.co/s8GseMfM		]]></document>
	<document><![CDATA[Premian a Meléndez en San Isidro [Cancha]
http://t.co/sxabGvnj		]]></document>
	<document><![CDATA[Plaza de Toros de Las Ventas. Carteles para las novilladas de junio http://t.co/aHFtXYeP		]]></document>
	<document><![CDATA[Delta Airlines adquiere 4.17% del capital accionario de @username 
http://t.co/zMlJoHnp		]]></document>
	<document><![CDATA[@username se queda con el 4,17% de @username y un asiento en su Junta - http://t.co/jGxEobqb”		]]></document>
	<document><![CDATA[@username: @username se pronuncia contra los PLURINOMINALES en la IBERO		]]></document>
	<document><![CDATA[Verano típico en el Pirineo y especialmente cálido en el resto de Aragón: http://t.co/wI1lMy9j		]]></document>
	<document><![CDATA[Los engañados | Opinión | EL PAÍS http://t.co/3P0TBLFT vía @username		]]></document>
	<document><![CDATA[Muchos inmigrantes en México no son ilegales y no lo saben: INM :: Noticieros Televisa http://t.co/RYHJQMmx		]]></document>
	<document><![CDATA[Va JVM por presencia mediática.-Zavala : El vocero de la campaña de JVM, Juan Ignacio Zavala, dijo que planean más .. http://t.co/zimzxTba		]]></document>
	<document><![CDATA[Enviado a través de la aplicación de Proceso para Iphone. http://t.co/G5mSmQyV		]]></document>
	<document><![CDATA[@username @username @username cuando es?		]]></document>
	<document><![CDATA[Las encuestadoras le dicen a su cliente lo que quiere escuchar.
Yo ya no le creo a las encuestas y menos a MITOfsky		]]></document>
	<document><![CDATA[Sharapova venció a Kanepi por 6-2 6-3 y avanza a semifinales en #RolandGarros @username		]]></document>
	<document><![CDATA[¡…y en esta esquinaaa! | José Cárdenas http://t.co/US152Fob vía @username		]]></document>
	<document><![CDATA[#AMLO habla tan lento qué parece que le pusieron la #phantom		]]></document>
	<document><![CDATA[I'll Have Another se lesionó un tendón, quedó fuera del Belmont Stakes y su campaña pistera está en peligro http://t.co/TXcITRlb		]]></document>
	<document><![CDATA[Le robaron esta vez a #Pacquiao Increíble los jueces !!! Y el box pierde mas credibilidad!		]]></document>
	<document><![CDATA[Terminó el invicto de 7 años que poseía #Pacquiao		]]></document>
	<document><![CDATA[La ultima derrota de Manny Pacquiao fue en Marzo 2095 vs Erik Morales @username		]]></document>
	<document><![CDATA[Toda la arena abuchea a Bradley... y con toda razón. #fraude		]]></document>
	<document><![CDATA[Los números hablan por si solos: PacMan golpeo mas, gano todos menos 1 round, pero perdio la pelea!		]]></document>
</author>