<?xml version="1.0" encoding="UTF-8" standalone="no"?><author id="user75">
	<document><![CDATA[Podrán decir maravillas de Polanco pero si camino más de 20 minutos y no encuentro un cielito, no la considero una zona habitable.		]]></document>
	<document><![CDATA[Como que últimamente siento repele por el resto de la raza humana. ????

#BienRaro		]]></document>
	<document><![CDATA[Si hoy es el día de la felicidad... 

¿Porqué no estás en mi cama causándola?		]]></document>
	<document><![CDATA[Ese momento incómodo en el que stalkeas a alguien y descubres que sigue vivo. ????		]]></document>
	<document><![CDATA[Chocolate de Agua y pan de yema. ¿Hay algo más Oaxaqueño? (@username Iglesia de Santo Domingo de Guzmán) http://t.co/Gsz3EE2Riu		]]></document>
	<document><![CDATA[Es que si no te quemas la lengua con el chocolate de agua de la Iglesia, no viniste a Oaxaca.		]]></document>
	<document><![CDATA[@username OBVIO! 
Perate que voy por partes, apenas estoy llegando =D		]]></document>
	<document><![CDATA[@username ya los tengo contemplados, junto con Monte Alban. ;D		]]></document>
	<document><![CDATA[@username OBVIO Pavelito, aunque sea te llevo una muestrita ;0)		]]></document>
	<document><![CDATA[¿Cómo pasar por aquí sin entrar y comprar algo? http://t.co/brrTil4nrN		]]></document>
	<document><![CDATA[Cuando hay que comer en el mercado, confía en "la abuelita" #Oaxaca http://t.co/9M7vlgiBR8		]]></document>
	<document><![CDATA[Esos mezcales me pegaron, pero esee barman me flechó.		]]></document>
	<document><![CDATA[Salir de antro sin identificación #ErrorDeNovata		]]></document>
	<document><![CDATA[Worlale, "la calle de las sirenas", ¿esas no son de cuando ya te corren?		]]></document>
	<document><![CDATA[Que mal me la estoy pasando http://t.co/yK00yTfueM		]]></document>
	<document><![CDATA[Caminando sobre el agua #oaxaca #visitmexico http://t.co/TWsi2q6t0z		]]></document>
	<document><![CDATA[Manteniendo las tradiciones #oaxaca #visitmexico http://t.co/SmuqvgVdNK		]]></document>
	<document><![CDATA[@username jajaja ni lo sentí Vic, así que todo está perfecto. 
Muchas gracias 
Un abrazo grande a los dos		]]></document>
	<document><![CDATA[Gracias @username 
Te sacaste un diez con el detallazo del pastel y el mesero delicioso felicitandome.		]]></document>
	<document><![CDATA[NADIE! NADIE! Agradecería de regalo 100 pesos en una tarjeta Mixup. 
No sirven de nada! 
Alguien se quedó en los 90'! ????		]]></document>
	<document><![CDATA[Puras ya me voy! Ahí se quedan en chilangolandia. (@username Caseta México-Cuernavaca - @usernamecapufe) http://t.co/6ASgZOAvOG		]]></document>
	<document><![CDATA[@username gracias cuñis. <=P		]]></document>
	<document><![CDATA[La verdad me quedan muy buenos los mojitos. #AcapulcoMood http://t.co/mW7GxIhqKV		]]></document>
	<document><![CDATA[#típico que quieres aplicar "el que busca encuentra" 
Pero encuentras los que no buscabas ????		]]></document>
	<document><![CDATA[No puedo negar que realmente disfruto viendo #LaSopa 
#GustoCulpable		]]></document>
	<document><![CDATA[Ya se que este procesos de ignora al mundo los tengo abandonados. 

Lo lamento followers, lo hice sin darme cuenta ????		]]></document>
	<document><![CDATA[¿Y si mientras como mi ensalada libre de transgénicos, escucho @username?		]]></document>
	<document><![CDATA[Encender la radio para escuchar @username y toparme el #FALORANKING #Priceless		]]></document>
	<document><![CDATA[Escuchando el #FALORANKING de hoy me da gusto no acordarme de lo que sonaba en el 93.		]]></document>
	<document><![CDATA[No conozco un lugar que tenga mejor servicio. <3 (at @username) http://t.co/gT3Ot26rFG		]]></document>
	<document><![CDATA[Esos pequeños placeres de la vida, como que te digan que a los 26 luces de 22 #Priceless		]]></document>
	<document><![CDATA[I'm at Fogonazo Florida - @username (Distrito Federal, México DF) http://t.co/OasBWB3FQj		]]></document>
	<document><![CDATA[Ammm no entiendo a los hombres a los que no les importa sufrir torticolis por ver una falda. 
Por muy larga y porno sexy que ésta sea.		]]></document>
	<document><![CDATA[Primavera = calor= faldas = mirones = epidemia de tortícolis varonil.		]]></document>
	<document><![CDATA[Ese momento incómodo en el que te dicen "yo te conozco, de la secundaria"
Te dicen los detalles y tu ni idea.

(Nunca se manejarlo =S)		]]></document>
	<document><![CDATA[El cerebro debería tener una pequeña parte de la memoria llamada: "gente poco significativa" 
Para qué si los encuentras los recuerdes.		]]></document>
	<document><![CDATA[¿Cómo supieron los de cielito que me gusta Lana del rey? (at @username w/ 2 others) http://t.co/oVBt0PgCrA		]]></document>
	<document><![CDATA[Esas canciones que me hacen sonreír. (Y que espero escuchar el 13 de marzo) ? "This Is Your Life" by @username http://t.co/LMdD82Pejm		]]></document>
	<document><![CDATA[Debo confesar que me prende un argentino cuando dice: "Que linda que estás Morocha"		]]></document>
	<document><![CDATA[Buen provecho. (@username Fogonazo Florida - @usernameelfogonazo) http://t.co/NjNMWRmTqT		]]></document>
	<document><![CDATA[@username: EUA, nueva ley de Seguridad Agraria protege a productoras de semillas transgénicas, como #Monsanto http://t.co/O5bUjyR2vj /PUTOS ????		]]></document>
	<document><![CDATA[#típico que te ves rodeada de Godínez y te acuerdas que tienes que llamarle a #QueridoCliente		]]></document>
	<document><![CDATA[Que rola! y que sexy Cerati Te para tres unplugged #fuerzaCerati http://t.co/yMJ2hzKmPL		]]></document>
	<document><![CDATA[Y así de pronto un día desperté y aunque si pensé en ti, ya no te extrañaba...

#BienRaro		]]></document>
	<document><![CDATA[#mancerahazmeunparo y pon @username  el la delegación coyoacán.		]]></document>
	<document><![CDATA[#mancerahazmeunparo y facilitarme los permisos de activación. 
Cc @username		]]></document>
	<document><![CDATA[Mandar un Mail a las 23:28 para ver mañana un adelanto de un proyecto que es para el jueves...
Con todo respeto ¡NO MAMEN!		]]></document>
	<document><![CDATA[Y que además "el de cuentas" conteste 
"Claro ¿a qué hora lo quieres ver"...

Se escuchó como se abría el frasco de vaselina ????		]]></document>
	<document><![CDATA[Perdida en el congreso de ESR jajaja (at @username w/ 13 others) http://t.co/uESY05OVQk		]]></document>
	<document><![CDATA[Y bueno, en lo que comienza la siguiente conferencia. (@username Havanna) [pic]: http://t.co/vcVUkz8clg		]]></document>
	<document><![CDATA[Caldito de camarón de cortesía #Priceless (@username Mariscos Chayito) http://t.co/2FXYy5ETkD		]]></document>
	<document><![CDATA[Ay algo en los salones llenos de gente en silencio que me hace sentir incómoda al abrir una pastilla.		]]></document>
	<document><![CDATA[Ser ESR es como el matrimonio: 
"Nadie te obliga a hacerlo pero si tienes un chingo de responsabilidades"		]]></document>
	<document><![CDATA[Ser ESR es como pertenecer a un selecto club. 
Te cobran un chingo por todo, igual de mamones e igual de excluyentes =D		]]></document>
	<document><![CDATA["La vida sólo te pide que la vivas" 
@username 

(Amo ese comercial)		]]></document>
	<document><![CDATA[Del cero al "pobre naquita" 
¿Que tan mal se ve robarse la lata de mentas de la mesa del camino real?		]]></document>
	<document><![CDATA[La Dir. De CEMEFI diciendo que con la nano tecnología son miles de japonecitos dentro de los aparatos. 
Me parece algo racista.????		]]></document>
	<document><![CDATA[Es curioso, pero cuando me visto como adulto parezco adolescente y cuando me visto como adolescente parezco adulto. ???? #fail		]]></document>
	<document><![CDATA[Pues aquí...
Aplaudiéndole a las empresas que reciben el distintivo ESR #Casual		]]></document>
	<document><![CDATA[Me da como roña cuando alguien dice "Gentes".		]]></document>
	<document><![CDATA[Todas las personas son coresponsables de la educación 
#ESR 
#Priceless		]]></document>
	<document><![CDATA[¿Alguien de mi TL está en el camino real para la entrega del Caracol de plata?		]]></document>
	<document><![CDATA[Proeza Slai se lleva el Caracol en la categoría de impresos.
#PorSiOcupan		]]></document>
	<document><![CDATA[Vamos con la categoría de radios #CaracolDePlata		]]></document>
	<document><![CDATA[El Caracol es para la agencia Amén de Uruguay, por su radio titulado "perreo" 
#CaracolDePlata		]]></document>
	<document><![CDATA[Seguimos con medios digitales
Carta de recomendación /Publicis
Tweetbalas/ Ogilvy & Mather Mx.
Domingo en cuatro patas/ Loft media		]]></document>
	<document><![CDATA[Y el ganador es.... 
Publicis por la campaña "carta de recomendación"		]]></document>
	<document><![CDATA[@username mi'ja...
Apúntante que el siguiente año venimos al #CaracolDePlata como finalistas, no sólo de invitados. =D		]]></document>
	<document><![CDATA[La campaña "el tipo de los baños de Mini" #Priceless #CaracolDePlata		]]></document>
	<document><![CDATA[Pues creo que por hoy es todo 
Hay que levantarse temprano mañana para el último día del congreso.		]]></document>
	<document><![CDATA[El resumen de lo que pasó en #CaracolDePlata también está en el TL de @username...
(Yo me quedé sin pila ????)		]]></document>
	<document><![CDATA[Y en otras noticias...
Sabes que recuperaste tu sonrisa cuando saliendo del camino real un chico lindísimo te dice: 
"Que bonita sonrisa"		]]></document>
	<document><![CDATA[@username "y no es por eso, que haya dejado de quererte un sólo día"		]]></document>
	<document><![CDATA[Mi reino porque @username me felicite el día de mi cumpleaños.
*^^* 
#MujerDePequeñosPlaceres		]]></document>
	<document><![CDATA[@username voltea y amablemente di: 
"Es poco a poco, yo también estaba como tu" mientras lo escrutiñas. ????		]]></document>
	<document><![CDATA[Mi cama nunca lució tan suculenta.		]]></document>
	<document><![CDATA[@username cha!...
Ya me arruinaste el manjar ='(		]]></document>
	<document><![CDATA[Con tanto ajetreo casi me olvido que este sábado los voy a ver *^^* ? "A Dustland Fairytale" by @username http://t.co/bcUHey9bcI		]]></document>
	<document><![CDATA[Porque nadie me dijo que no había hecho mi Check in (es como pasar lista) (at @username w/ 6 others) http://t.co/U4u0bT32vz		]]></document>
	<document><![CDATA[Este año se entrega el distintivo #ESR a 768 empresas mexicanas y 6 de América ladina, de éstas más de 300 son pymes.
#PorSiOcupan		]]></document>
	<document><![CDATA[Después de 4 días en el encuentro Latinoamericano de ESR's
Es triste darse cuenta que las empresas usan a las ONG's para limpia conciencias.		]]></document>
	<document><![CDATA[Tenían que ser los panboleros, la verdad los vi y me aterré, parecen de la Mara salva trucha ???? http://t.co/kFutYINM62		]]></document>
	<document><![CDATA[Que en el informe anual de socios @username te den la bienvenida con un tango argentino #Priceless		]]></document>
	<document><![CDATA[Lo malo es que todos los socios queremos comprar playeras de @username y es lo único que no hay. ????		]]></document>
	<document><![CDATA[Tolerancia es cuando la niña junto a tu come guillabas y tu te bancas el olor. ????		]]></document>
	<document><![CDATA[Oso de @username ¡cásate conmigo! =D (@username Palacio de Bellas Artes w/ 24 others) [pic]: http://t.co/Rjtk6sZ5Dl		]]></document>
	<document><![CDATA[Después de 45 min bajo el sol y con 1% de batería. Literal "COMO CAÍDO DEL CIELO" (@username cielitoquerido) [pic]: http://t.co/LWMPyhoVSk		]]></document>
	<document><![CDATA[Todo listo para ver |R|evolución Forestal By @username (@username Cafebrería El Péndulo - @usernameel_pendulo w/ 2 others) http://t.co/nuzfO47DoO		]]></document>
	<document><![CDATA[@username y bueno para este tipo de cosas Twitter tiene algo llamado mensaje directo. 
(Te lo dejo de tarea)		]]></document>
	<document><![CDATA[La verdad superman se me hace algo ñoño, juzguen ustedes.  Man of Steel - Official Trailer 3 [HD] http://t.co/6tFqzee1mX		]]></document>
	<document><![CDATA[París! ????????
París!????????????
París!????????????
París!????????????

¡Yo también los extraño amigos!

París! ????????
París! ????????
París! ????????		]]></document>
	<document><![CDATA[Yo sólo digo que si alguien te picha el viaje a París...

¡TIENES QUE IR!		]]></document>
	<document><![CDATA[Hoy siento que por mas rápido que yo avanzo el pasado me alcanza.		]]></document>
	<document><![CDATA[Porque @username no decide por mí. ¡No a las siembras de maíz transgénico en México! #QueNoDecidanPorTi. Únete. http://t.co/2edzXSWYJg		]]></document>
	<document><![CDATA[No se a ustedes pero en primavera a mi me gusta terminar el día con una paleta de hielo #HablaMiGordaInterior.		]]></document>
	<document><![CDATA[@username ¡que grande! Suerte a ambos, son de los mejores líderes que tiene Latinoamérica.		]]></document>
	<document><![CDATA[@username a pues sí quieres te llevo unas botellas para que sigas la receta a la perfección.		]]></document>
	<document><![CDATA[@username bueniiiisimo, no iré a cinépolis Diana para que alguien que no lo haya visto también pueda apreciarlo =D		]]></document>
	<document><![CDATA[Cuando un oaxacaqueño te dice: "Hola mi cielo" si debe ser un piropo, porque el cielo de Oaxaca es ¡Hermoso!		]]></document>
	<document><![CDATA[Mientras tanto en Oaxaca un ñoño come nieve de flor de Jamaica con chapulines.		]]></document>
</author>