<?xml version="1.0" encoding="UTF-8" standalone="no"?><author id="user200">
	<document><![CDATA[Escuchando Arrietty's Song por Cécile Corbel #nowplaying http://t.co/odA3umTU vía @username		]]></document>
	<document><![CDATA[Ya no es tan fácil controlar a "las masas". http://t.co/i2JnByrD		]]></document>
	<document><![CDATA[La Universidad de Jaén ocupa el tercer puesto en el ránking de universidades españolas en la disciplina de informática: http://t.co/dVSZXAK7		]]></document>
	<document><![CDATA[El BCE ha decidido esta mañana dar luz verde a la intervención y rescate total de España | Diario El Aguijón http://t.co/KtY86Bzv		]]></document>
	<document><![CDATA[Visiones de un futuro de infoxicación... http://t.co/woIR9ol2		]]></document>
	<document><![CDATA[Día 30J: HUELGA http://t.co/U9e6lOf1		]]></document>
	<document><![CDATA[La máquina de Turing en Lego http://t.co/Bo7qXdJn		]]></document>
	<document><![CDATA[Os recomiendo Dropbox para tener un disco duro en Internet y poder acceder a vuestros archivos en cualquier lugar! http://t.co/tqNmtAdw		]]></document>
	<document><![CDATA[Descubierto el bosón de Higgs [EN] http://t.co/4psiGJN6		]]></document>
	<document><![CDATA[Firefox se estrenará como sistema operativo con Alcatel y ZTE  / A principios de 2013 http://t.co/soCJClrx vía @username		]]></document>
	<document><![CDATA[¿Qué es el bosón de Higgs? (ENG) http://t.co/ot5P19F8		]]></document>
	<document><![CDATA[Empieza la rueda de prensa sobre el nuevo descubrimiento del CERN... Higgs, estás ahí? http://t.co/vmuT03XU		]]></document>
	<document><![CDATA[@username El mundo basura en el que vivimos, impasibles ante nuestra propia autodestruccción...		]]></document>
	<document><![CDATA[En la ACL, escuchando a Rhada Mihalcea hablando sobre multimodal sentiment analysis		]]></document>
	<document><![CDATA[@username @username Sólo dinos dónde escucharte. La radio es algo más que las emisoras. Un locutor es algo más que un programa.		]]></document>
	<document><![CDATA[http://t.co/MlCTfaP6 Una tecnología a tener en cuenta... (gracias Marcos)		]]></document>
	<document><![CDATA[Una localidad de 30.000 habitantes ahorra 2 millones de euros gracias a la administración electrónica http://t.co/Mir6nn2l		]]></document>
	<document><![CDATA["Si queremos salvar la paz social tenemos que limitar la desigualdad económica" http://t.co/52IkPFzZ vía @username		]]></document>
	<document><![CDATA[Deshielo extremo en Groenlandia  http://t.co/XCaBDl3b vía @username		]]></document>
	<document><![CDATA[La Generalitat quiere eliminar las elecciones en las universidades  http://t.co/OPrM2G9C vía @username		]]></document>
	<document><![CDATA[¡¡¡Espectante a los "7 minutos de terror" a partir de las 7h30 de mañana lunes!!! http://t.co/PNQsS6ze		]]></document>
	<document><![CDATA[Enlace recomendado para seguir el evento: http://t.co/VXZN4l7K		]]></document>
	<document><![CDATA[Descansa, gran Vargas...		]]></document>
	<document><![CDATA[Retransmisión comentada en directo de la entrada del Curiosity en Marte http://t.co/mU1QGi8K vía @username		]]></document>
	<document><![CDATA[¡Curiosity ya está posada en Marte! Comienza la búsqueda de indicios de vida...		]]></document>
	<document><![CDATA[@username Oleeee ¡la montaña siempre esconde secretos, maravillas y sufrimiento recompensado!		]]></document>
	<document><![CDATA[Un precioso día en La Aliseda, con muchos corredores y una ruta magnífica que disfrutar. ¡El club se ha portado!		]]></document>
	<document><![CDATA[Los primeros que cobrarán del rescate autonómico serán los bancos; las universidades, las últimas http://t.co/29oxS1gT		]]></document>
	<document><![CDATA[Este sí es el auténtico origen de los problemas http://t.co/UHIddQwz #lavanguardia		]]></document>
	<document><![CDATA[España sufre la mayor caída de poder adquisitivo en 27 años  http://t.co/NlXZDhRU vía @username		]]></document>
	<document><![CDATA[La tasa de paro en Jaén es del 39,13%. La más alta de TODA España en TODA la historia. http://t.co/T8qqFg2D		]]></document>
	<document><![CDATA[Norman Finkelstein duro con niña en la audiencia: http://t.co/1aobKaI8 vía @username		]]></document>
	<document><![CDATA[Un enlace para los autodidactas: http://t.co/rsK7OFmf		]]></document>
	<document><![CDATA[@username @username ¿Cuál es la huella ecológica en la producción y desechado de las bombillas de bajo consumo? Sería interesante		]]></document>
	<document><![CDATA[Pide a los anunciantes de Telecinco que retiren su publicidad #todosconpablo http://t.co/LH2ZJXxI vía @username		]]></document>
	<document><![CDATA[Una interesante regalo para estas Navidades: Nunca me aprendí la lista de los Reyes Godos http://t.co/ceEZQBH4		]]></document>
	<document><![CDATA[.@username @username No participeis de la persecución a Pablo. Retirad la publi de T5 #LaVozdePablo http://t.co/XuPjGRRg		]]></document>
	<document><![CDATA[Owned como la copa de un pino!!!
http://t.co/CYz7B2Ol vía @username		]]></document>
	<document><![CDATA[Un español confirma la relación directa entre los pesticidas y el Parkinson  via @username http://t.co/VG0QtVA8		]]></document>
	<document><![CDATA[Estado del Revés http://t.co/axEhDlI7		]]></document>
	<document><![CDATA[Para sumarlo al programa de Evolé sobre la energía en nuestro país: http://t.co/ACGNPTVY		]]></document>
	<document><![CDATA[Bruselas pide a los Estados que ofrezcan por ley un empleo a los jóvenes en paro  http://t.co/tMBceyxv vía @username		]]></document>
	<document><![CDATA[Los rectores alarman del deterioro universitario: http://t.co/l3jlNYDC		]]></document>
	<document><![CDATA[Ha muerto Maurice Herzog. Que en las montañas quede el eco de sus gestas. http://t.co/Tli0Ucp4		]]></document>
	<document><![CDATA[Maurice, gracias por tu apasionado libro sobre la conquista del Annapurna. Tu humilda y valor son inspiración.		]]></document>
	<document><![CDATA[Replicantes. Tan fríos. Tan humanos. http://t.co/gIhES9Y7		]]></document>
	<document><![CDATA[Dos citas importantes en marcha sobre Análisis de Emociones: WASSA2013 y SEMEVAL-TWEET-2013		]]></document>
	<document><![CDATA[Toma: http://t.co/1TbMsMyD y toma: http://t.co/lHf9MBHd
PSOE=PP=Dictadura		]]></document>
	<document><![CDATA[Libros de texto de tus hijos gratis http://t.co/qbcE9uyn		]]></document>
	<document><![CDATA[Andalucía, que no ha mostrado nunca pujos ni petulancias de   particularismo; que no ha pretendido nunca ser un Estado aparte, es ...		]]></document>
	<document><![CDATA[, de   todas las regiones españolas, la que posee una cultura más radicalmente  suya.
Ortega y Gasset.		]]></document>
	<document><![CDATA[¿Queréis saber cómo acabará el caso Bárcenas? Pues basta con hacer memoria: http://t.co/3GQGwjgJ ¡Ay esa España mía con memoria de pez!		]]></document>
	<document><![CDATA[Microcquimerismo, o cómo las células del feto se instalan en el cerebro de la madre con efectos muy beneficiosos: http://t.co/yAUIPjwPW7		]]></document>
	<document><![CDATA[¡Es la lucha de clases, estúpido! http://t.co/WxbpyudGwk		]]></document>
	<document><![CDATA[Al final, la plataforma total llega los teléfonos móviles. Es la web, sencillamente la web... https://t.co/AgLy4BPkfL		]]></document>
	<document><![CDATA[Casi la mitad de los españoles con intención de voto se decantan por PPSOE. Así nos va... http://t.co/NNJUtiGYBf		]]></document>
	<document><![CDATA[José Luis Sampedro sobre las reformas en educación:
http://t.co/iFFEIOwQTQ		]]></document>
	<document><![CDATA[A España le importa un pito la ciencia, el desarrollo y el progreso
http://t.co/ex4uji9v7D		]]></document>
	<document><![CDATA[Un anillo para dominarlos a todos. O al menos para guardar todas las contraseñas... http://t.co/0p2uWptQhA		]]></document>
	<document><![CDATA["Softwear", cada vez más cerca.		]]></document>
	<document><![CDATA[La justicia europea dice "Stop desahucios!" http://t.co/8AFi9YaYIT		]]></document>
	<document><![CDATA[Estamos en el puesto 23 en el Índice de Desarrollo Mundial ¿seremos capaces de mantenerlo? http://t.co/43UMqnOTIj		]]></document>
	<document><![CDATA[A pesar de los recortes, mi donación de 5€ para Wikipedia es inexcusable.		]]></document>
	<document><![CDATA[El 25S llama a "asediar" el Congreso el 25 de abril y a no abandonar hasta que dimita el Gobierno http://t.co/OVEmT1zUY8 vía @username		]]></document>
	<document><![CDATA[El lector de noticias definitivo: http://t.co/TAsvjSftRU		]]></document>
	<document><![CDATA[Julio Anguita sobre el escrache y la ILP: http://t.co/YjtPvT2YeT vía @username		]]></document>
	<document><![CDATA[Moby Dick, un libro excepcional y otras estadísticas en el universo Gutemberg: http://t.co/rLohLI24pX		]]></document>
	<document><![CDATA[Aviso a la clase política: la indignación puede convertirse en revuelta: http://t.co/0RU6AZGIlL vía @username		]]></document>
	<document><![CDATA[¿Estás sufriendo la crisis? La Ciencia debería importarte, y MUCHO: http://t.co/f7VpejzM4E		]]></document>
	<document><![CDATA[Y seguimos, sin enterarnos, andando camino de la cámara de gas... http://t.co/8jUPlCiY8t		]]></document>
	<document><![CDATA[Para esto han servido los recortes y subidas de impuestos: http://t.co/i5oFpbmAHC		]]></document>
	<document><![CDATA[@username  Luego hacemos lo segundo...		]]></document>
	<document><![CDATA[El Gobierno prevé congelar la inversión pública en I D hasta 2020 http://t.co/WbqC2FCMfM vía @username		]]></document>
	<document><![CDATA[De la belleza de la sucesión de Fibonacci a la proporción áurea en la Naturaleza http://t.co/z9SojHY8sm		]]></document>
	<document><![CDATA[La concentración de CO2, en el nivel más alto de hace 3 millones de años http://t.co/4pBNyPsY4H vía @username		]]></document>
	<document><![CDATA[Tubular Bells cumple 40 años http://t.co/yycrS0IHKU vía @username		]]></document>
	<document><![CDATA[El CSIC: 15.000 científicos en un corralito sin salida http://t.co/kDFTl0kA5H vía @username		]]></document>
	<document><![CDATA[Cuando las barbas del vecino veas cortar...  http://t.co/nufE2GKOVD vía @username		]]></document>
	<document><![CDATA[Recomendable lectura donde se retrata la división social. Hagamos como Fuenteovejuna... http://t.co/067l2urp90 @username		]]></document>
	<document><![CDATA[Primeros indicios experimentales de una nueva física más allá del modelo estándar http://t.co/15SbTtgPjk vía @username		]]></document>
	<document><![CDATA[http://t.co/ayrcbna7ny terrible carta de despedida que refleja la dirección suicida que ha tomado nuestro país.		]]></document>
	<document><![CDATA[8.000 millones gastados en candidaturas a JJOO. Luego hay que recortar en pensiones, educación, sanidad...		]]></document>
	<document><![CDATA[Sobre el boom en bolsa del dinero virtual (bitcoin y similares), que se preparen para el batacazo ¡el dinero actual YA es virtual!		]]></document>
	<document><![CDATA[Más importante que los JJOO. Aquí es donde Japón gana a España en el 2014
http://t.co/oAIdvQNl9T		]]></document>
	<document><![CDATA[La 'Asamblea de la UJA en defensa de una universidad pública' condena las multas a los estudiantes por el 9M. Ideal http://t.co/jNSf5F3IIP		]]></document>
	<document><![CDATA[Discurso de Mujica, presidente de Uruguay, en la ONU http://t.co/1cQY6u9WAs		]]></document>
	<document><![CDATA[Presupuestos Generales del Estado 2014: Nuevo hachazo a la ciencia española http://t.co/qx9A051k4F vía @username		]]></document>
	<document><![CDATA[MongoDB es bastante sencillo de utilizar		]]></document>
	<document><![CDATA[El alcohol, la droga más peligrosa... http://t.co/lVXgQlibvq Legalización YA: http://t.co/VmADLeW9Nw (y eso que yo no consumo)		]]></document>
	<document><![CDATA[Por una educación pública, el #24O iré a la huelga.		]]></document>
	<document><![CDATA[Otro signo más del nuevo caciquismo en España http://t.co/ySxwhFf3dB		]]></document>
	<document><![CDATA[Por qué SÍ hay que ir a la huelga: http://t.co/Y1Grf0bADP		]]></document>
	<document><![CDATA[Más recortes, ahora en derechos: http://t.co/2JNnonLtXF Es como volver a otros tiempos...		]]></document>
	<document><![CDATA[Índices ignominiosos... http://t.co/QF2rUUcySl		]]></document>
	<document><![CDATA[Mi deseo para este año es que este país despierte con creatividad,  compromiso, responsabilidad y mucha ilusión. Otro mundo es posible.		]]></document>
	<document><![CDATA[Investigación y Ciencia nos trae este mes un especial sobre "macrodatos", es decir, Big Data.		]]></document>
	<document><![CDATA[Pero si lo iban a devolver con intereses, ¿no? http://t.co/JzpKxkyyrA vía @username		]]></document>
	<document><![CDATA[Las vasquización de España: http://t.co/Yi0EViLESh		]]></document>
	<document><![CDATA[Aprendizaje profundo también prometedor en TLH http://t.co/05z09X2PsR		]]></document>
	<document><![CDATA[Deep Learning, el aprendizaje automático más revolucionario: http://t.co/u18L7vFJqm		]]></document>
</author>