<?xml version="1.0" encoding="UTF-8" standalone="no"?><author id="user425">
	<document><![CDATA[@username Cantar.		]]></document>
	<document><![CDATA[Aaaaah. Avalancha de recuerdos D':		]]></document>
	<document><![CDATA[“¿Te vas a comer esas rosas?” “No, las voy a pegar en un cuaderno cuando se sequen.”		]]></document>
	<document><![CDATA[Si sigo recordando se me van a salir los ojos de llorar, oigan.		]]></document>
	<document><![CDATA[@username Ok, ok. Fuerza, pequeña.		]]></document>
	<document><![CDATA[Decisiones, decisiones....		]]></document>
	<document><![CDATA[@username Somos unos animales temibles.		]]></document>
	<document><![CDATA[@username I adore you????		]]></document>
	<document><![CDATA[Primero Nachtmusik y luego Dj Ötzi... Maldito iPod. (?)		]]></document>
	<document><![CDATA[@username Yo era una patata pasiva que escuchaba la novena sinfonía de Beethoven...		]]></document>
	<document><![CDATA[@username Yo extraño la capacidad de asombro en esos años.		]]></document>
	<document><![CDATA["Corazón de caballero" en Universal  ??????		]]></document>
	<document><![CDATA[@username Saque un Screenshot en el momento jiji http://t.co/LsGJC39vAf		]]></document>
	<document><![CDATA[@username Salimos cachetones.		]]></document>
	<document><![CDATA[@username Todo se me aclara ahora que ha oscurecido jajaja :(		]]></document>
	<document><![CDATA[@username Que veo todo más tranquila y feliz ahora que es de noche.		]]></document>
	<document><![CDATA[@username y yo muy poco clara?		]]></document>
	<document><![CDATA[@username Es para ti????		]]></document>
	<document><![CDATA[@username Oye, te extrañaba :')		]]></document>
	<document><![CDATA[Esteban es amor, hoy me dio pasta con pesto. ????		]]></document>
	<document><![CDATA["La verdad dudo que Griselda haya visto a los Thunder Cats."		]]></document>
	<document><![CDATA[Pinches culeros ????????		]]></document>
	<document><![CDATA[@username "Y cuando despertó, el dinosaurio seguía ahí."		]]></document>
	<document><![CDATA[Escribir como el Sin Cara me deja una sensación muy extraña.		]]></document>
	<document><![CDATA[@username Gracias. Así me siento. Soy el Sin Cara. Con hambre de vida, de platillos, de todo.		]]></document>
	<document><![CDATA[Malditos esquemas :( ¿Neta no ubican que tengo estilo caricaturista?		]]></document>
	<document><![CDATA[¿Cuando es "luego"?		]]></document>
	<document><![CDATA["Adiós, champ."		]]></document>
	<document><![CDATA["Te hubieras quedado con los románticos, con los poetas malditos."		]]></document>
	<document><![CDATA[@username ¬n¬  que coma cola.		]]></document>
	<document><![CDATA[Alguien no puede dormir :(		]]></document>
	<document><![CDATA[@username No me esperaba ese tweet, prima.		]]></document>
	<document><![CDATA[@username :') Jajajajaja, nuestra súper emoción. Aún conservo mi playera de Navas.		]]></document>
	<document><![CDATA[Si no se quedaron sordos en el coche, fue una suerte que prueba nuestra familia es fuerte. "Wavin' Flag" a todo volumen con @username		]]></document>
	<document><![CDATA[@username Bueno, en la casa del pueblo, cuando salía Villa o Navas nos convertíamos en gallinas con sobre ingesta de chocolate...		]]></document>
	<document><![CDATA[Horas nalga para terminar el ensayo y otros cuentos de fin de Semestre.		]]></document>
	<document><![CDATA[Pinches subíndices, güey.		]]></document>
	<document><![CDATA[Tres páginas más...		]]></document>
	<document><![CDATA[@username Esto de los cuerpos es muy raro.  Y bello sin embargo.		]]></document>
	<document><![CDATA[@username Hay variedad infinita. Si el humano no sintiera odio sería un ser completamente hermoso. ¿No?		]]></document>
	<document><![CDATA["Comprendí que el trabajo del poeta no estaba en la poesía; estaba en la invención de razones para que la poesía fuera admirable." Borges		]]></document>
	<document><![CDATA[Ya extraño a mi Godita...???????? http://t.co/cMoNfuWwE6		]]></document>
	<document><![CDATA[@username Estaba súper ahuevada cuando le saqué la foto ??????????????		]]></document>
	<document><![CDATA[Mandar o no eso... He ahí la gran cuestión.		]]></document>
	<document><![CDATA[@username *la abraza*		]]></document>
	<document><![CDATA[@username Yo digo que sí... Hay que ser valientes de vez en cuando ????		]]></document>
	<document><![CDATA[¿Por qué el vato no me manda a la chingada? Yahoo respuestas.		]]></document>
	<document><![CDATA[Sólo tú me dices Pauli...		]]></document>
	<document><![CDATA[@username ??¿cuál ha sido el mejor gol?		]]></document>
	<document><![CDATA[¿Te acuerdas del pastel de tres leches?		]]></document>
	<document><![CDATA[Mis padres tuvieron una hermosa y macabra forma de acercarme a la ópera.		]]></document>
	<document><![CDATA[Perdón, pero sí lo hiciste... (?)		]]></document>
	<document><![CDATA["Yo hubiera sido un porfirista de hueso colorado supongo."		]]></document>
	<document><![CDATA[@username ¿has tomado agua suficiente?		]]></document>
	<document><![CDATA[@username Toma un té y escribe.		]]></document>
	<document><![CDATA[@username Este lobo prometió cuidarte y quererte. Así será, en esta y todas las realidades.		]]></document>
	<document><![CDATA[He dejado a @username sin palabras... Sí debe ser eso... xD		]]></document>
	<document><![CDATA[@username ¿En qué vas? Yo estoy terminando el ensayo.		]]></document>
	<document><![CDATA[@username Uff D: yo acabando voy a hacer la guía de Biología		]]></document>
	<document><![CDATA[Ale ya me regañó ????????		]]></document>
	<document><![CDATA[Mi amor por la música árabe regresa...		]]></document>
	<document><![CDATA["Los portugueses están locos, eso explica muchas cosas" ??		]]></document>
	<document><![CDATA[@username Mandé una canción a una amiga y Ale dijo que debía estudiar porque #física		]]></document>
	<document><![CDATA[@username ya estudié en la tarde. ????????		]]></document>
	<document><![CDATA[@username Buenas noches, guapa. Te amo muchísmo :)))		]]></document>
	<document><![CDATA[Con el corazón más confundido que nunca :I		]]></document>
	<document><![CDATA["Pero tengo miedo, no quiero ser una persona oscura."
"Ser oscuro no es malo. Recuerda que no hay sombras sin luz."		]]></document>
	<document><![CDATA[Eres ya todas mis emociones.		]]></document>
	<document><![CDATA["¿Por qué lloras blanca niña? ¿Por qué lloras blanca flor?"		]]></document>
	<document><![CDATA[@username No la he escuchado, ¡gracias! Lo haré.		]]></document>
	<document><![CDATA[Al fin que ni quería dormir...		]]></document>
	<document><![CDATA[Quiere que acabe, aw.		]]></document>
	<document><![CDATA[Esta tarea no se acaba nunca D:		]]></document>
	<document><![CDATA[*Breve momento de esperanza*		]]></document>
	<document><![CDATA[Felices 87, dondequiera que estés...		]]></document>
	<document><![CDATA[@username ayer pusieron “El son de la negra”. http://t.co/p6Hm0JitKk		]]></document>
	<document><![CDATA[@username oye... Te extraño ????		]]></document>
	<document><![CDATA[@username No eres la única :)		]]></document>
	<document><![CDATA[No te despediste ni volteaste a verme, pero sigo repitiendo lo que me dijiste. Amigos.		]]></document>
	<document><![CDATA[Al fin cambio de nombre???? (?)		]]></document>
	<document><![CDATA[Ya vi que los sueños sí se cumplen.		]]></document>
	<document><![CDATA[@username :) Gracias.		]]></document>
	<document><![CDATA[Simplemente no he podido abrazarte y en verdad quiero hacerlo...		]]></document>
	<document><![CDATA[Estrés post-mandado de mensaje.		]]></document>
	<document><![CDATA[Aunque hoy fue diferente :))		]]></document>
	<document><![CDATA[Él es la mejor persona del mundo, no mamen.		]]></document>
	<document><![CDATA[Sì, es verdad, me estreso por los exámenes. Y por mi Extra.		]]></document>
	<document><![CDATA[¡Güey, nunca dejes de existir!		]]></document>
	<document><![CDATA["Y créeme que en el mundo hay cosas mucho peores que nuestros problemas. Relax. Todo va a estar bien."		]]></document>
	<document><![CDATA[@username Digamos que yo me enamoro de personas que viven en realidades paralelas.		]]></document>
	<document><![CDATA[@username Anota en alguna libreta, despeja y peina las ideas.		]]></document>
	<document><![CDATA[I (Pastel de zanahoria) You		]]></document>
	<document><![CDATA[Me urgen las vacaciones, 'ora sí tengo que pasar el Extra...????		]]></document>
	<document><![CDATA[@username bonitas charlas y las que tengo contigo. ????		]]></document>
	<document><![CDATA[@username Algún día haremos intercambio de libros e ideas y así... (:		]]></document>
	<document><![CDATA[Tener a alguien como realidad paralela impacta. Y mucho...		]]></document>
	<document><![CDATA[@username @username Una pesadilla ????		]]></document>
	<document><![CDATA[@username Quizá porque quiere a la luna para él solito...		]]></document>
	<document><![CDATA[Algún día haré noche de chicas y tocino con @username ??????		]]></document>
	<document><![CDATA[Sensualón		]]></document>
</author>