<?xml version="1.0" encoding="UTF-8" standalone="no"?><author id="user951">
	<document><![CDATA["Los trenes pasan cada mucho tiempo, y no has de dejarlos pasar, y menos si la persona que hay dentro te importa." - @username		]]></document>
	<document><![CDATA[Perdemos por miedo a perder.		]]></document>
	<document><![CDATA[Si no arriesgas no pierdes, pero tampoco ganas.		]]></document>
	<document><![CDATA[No he nacido para complacer al mundo.		]]></document>
	<document><![CDATA[Prefiero que me odien por lo que soy a que me admiren por lo que nunca seré.		]]></document>
	<document><![CDATA["Hay vida más allá de los problemas, de los complejos..."		]]></document>
	<document><![CDATA[No sueñes tu vida, vive tu sueño.		]]></document>
	<document><![CDATA[@username ya te gustaría a ti que te metiese mano, que todo el mundo ha visto como intentas seducirme con tus calcetines de colorines		]]></document>
	<document><![CDATA[@username jajajajajajaja no sé a quien me recuerda... ¡graaaaande Santi!		]]></document>
	<document><![CDATA[@username si no me vas a pegar, que más te vale que no ????; #hermana ????		]]></document>
	<document><![CDATA[@username, @username y @username :))))))		]]></document>
	<document><![CDATA[@username @username awwww sé la ilusión que os haría a ti y a @username así que, yo intento que conozcáis a @username :)		]]></document>
	<document><![CDATA[Pensándolo bien: pensé mal.		]]></document>
	<document><![CDATA[Hola. Este es un tweet al azar que @username debería dar RT para llevar a @username a conocer a @username #MayniacsLoveEuropaFM		]]></document>
	<document><![CDATA[@username @username @username @username @username i agree bitches! Pero pensad que es el último examen de geo ya!!!		]]></document>
	<document><![CDATA[Yo creo que @username se merece conocer a @username. @username ayudala a cumplir su sueño, por favor.		]]></document>
	<document><![CDATA[Yo creo que @username se merece conocer a @username. @username, ¿puedes ayudarle a cumplir su sueño, por favor?		]]></document>
	<document><![CDATA[Yo creo que @username se merece conocer a @username. @username, ¿puedes ayudarle a cumplir su sueño, por favor? Se lo merece		]]></document>
	<document><![CDATA[@username y yo nunca tenemos suerte en este tipo de concursos, así que por favor, @username, Paula se merece conocer a @username		]]></document>
	<document><![CDATA[@username y yo nunca tenemos suerte en este tipo de concursos, así que por favor, @username, ayudala conocer a @username		]]></document>
	<document><![CDATA[Eres el único que puede cumplir su sueño, que es conocer a @username, así que @username haz que @username conozca a Conor		]]></document>
	<document><![CDATA[@username merece conocer a @username y @username es el único que puede hacer ese sueño suyo realidad		]]></document>
	<document><![CDATA[@username merece ganar el concurso, merece conocer a @username. Por favor, @username eligela a ella.		]]></document>
	<document><![CDATA[@username @username elige a @username, se lo merece! #MayniacsLoveEuropaFM		]]></document>
	<document><![CDATA[@username "veremos el tiempo mañana" el tiempo no ha acompañado, pero tú lo has conseguido igual, tercero. ¡Que grande eres, Marc!		]]></document>
	<document><![CDATA[Dani Pedrosa. Marc Márquez. ¡Muy grandes!		]]></document>
	<document><![CDATA[@username @username y yo nos ofrecemos voluntarias para ver a @username. Por favor, Xavi, necesitamos verla. Es nuestro sueño.		]]></document>
	<document><![CDATA[@username relájate. Todo saldrá bien, ya lo verás. Yo tengo la selectividad el martes, así que te comprendo. En serio, estáte tranquila		]]></document>
	<document><![CDATA[@username ¡igualmente! Ya verás como todo sale bien. Ya me contarás la experiencia jajajaja. ¿Necesitas mucha nota?		]]></document>
	<document><![CDATA[@username yo solo necesito un 5, así que lo tengo más fácil, pero voy a intentar sacar más nota ya que esa nota es para siempre :)		]]></document>
	<document><![CDATA[@username yo sigo estudiando, el martes tengo los dos primeros, ya te contaré. ¡Suerte para el de hoy! :)		]]></document>
	<document><![CDATA[Ocho horas y veinte minutos y estaré haciendo mi primer examen de selectividad. ¡Suerte a todos los que os examinéis!		]]></document>
	<document><![CDATA[Catalán y castellano ?. Mañana filosofía, inglés y latín. ¡Último esfuerzo y seré libre! ¡Suerte a todo el mundo!		]]></document>
	<document><![CDATA[Adiós selectividad. Hola vacaciones.		]]></document>
	<document><![CDATA[13 de Junio de 1995. 10 en punto de la mañana. 18 años dando por culo ya :)		]]></document>
	<document><![CDATA[Para eso, ahórratelo.		]]></document>
	<document><![CDATA[Ai, que puta es la vida... Entre otras.		]]></document>
	<document><![CDATA[Una parte de Topoland #family http://t.co/jq2MJhdjAT		]]></document>
	<document><![CDATA[Hay gente que da mucha pena. ¿Lo peor? Algunos creen que 'molan' y todo... Así va el mundo.		]]></document>
	<document><![CDATA[Quiero salir de aquí. Quiero dejar de trabajar. Quiero vacaciones.		]]></document>
	<document><![CDATA[Fascinante... ???????????? @username Platja Cubelles http://t.co/mHlgKZpYVV		]]></document>
	<document><![CDATA["Y no olvides que solo soy una chica, delante de un chico, pidiendole que la quiera."		]]></document>
	<document><![CDATA[Fuck cancer.		]]></document>
	<document><![CDATA[Todo trabajo acaba teniendo su recompensa.		]]></document>
	<document><![CDATA[Gracias mamá.		]]></document>
	<document><![CDATA[David Muñoz. #Estopa @username L'Arrosseria de l'Andreu http://t.co/pJWuJaRx9Y		]]></document>
	<document><![CDATA[La normalidad no es tan buena como la pintan.		]]></document>
	<document><![CDATA[@username pero ja saps que a la próxima estaré allí la primera, no? ????		]]></document>
	<document><![CDATA[@username te haré un llama cuelga a las diez ???? jajajajaja		]]></document>
	<document><![CDATA[@username @username yo no la estoy viendo. Me alegra saber que no soy la única.		]]></document>
	<document><![CDATA[Soy un poquito puta jeje :) pero @username es la mejor! Eso seguro		]]></document>
	<document><![CDATA[Gente que suspende y como recompensa van a un M&G con su ídolo. Mientras tanto yo, voy a empezar la universidad y aquí estoy viendo youtube.		]]></document>
	<document><![CDATA[Entrar en Stradivarius y preguntarse: "¿Estoy en una discoteca o en una tienda de ropa?"		]]></document>
	<document><![CDATA[“@username: Tarde por la gran #Barcelona con la mas grande aun @username Testimu Puta :)” love ya babe! ?		]]></document>
	<document><![CDATA[Y mientras la mayoría mañana esta haciendo clase, yo estaré sobre volando sus cabezas dirección Londres. ¡Benditas vacaciones!		]]></document>
	<document><![CDATA[El amor es la fuerza más poderosa del mundo. El amor puede conseguir cualquier cosa.		]]></document>
	<document><![CDATA[Tanto correr para no llegar a ningún lado.		]]></document>
	<document><![CDATA[El amor es una contradicción.		]]></document>
	<document><![CDATA[Nada es gratis. Tenemos que pagar por todo. Si una cosa da beneficio, tenemos que pagar por otra. Por cada vida, una muerte.		]]></document>
	<document><![CDATA[Me parece increíble que en un país, en el cual se vive del turismo, la carrera de turismo solo esté en universidades privadas.		]]></document>
	<document><![CDATA[Como cambian las cosas en un par de años. Un día tan amigos y ahora mira. En fin, unos van y otros vienen...		]]></document>
	<document><![CDATA[Felicidades. Solo espero que te vaya todo bien...		]]></document>
	<document><![CDATA[Con que facilidad te aparta la gente de su vida...		]]></document>
	<document><![CDATA[@username tseeeee! A estudiar estos minutos que quedan!! Jajajaja		]]></document>
	<document><![CDATA[@username venga va... te perdono esta vez, pero solo porque yo he pasado por eso jajaja		]]></document>
	<document><![CDATA[RT “@username: "Sin locura, no existe la felicidad."”		]]></document>
	<document><![CDATA[Buena carrera. @username como siempre, increíble. #proud		]]></document>
	<document><![CDATA[Como te pasas Pedrosa...		]]></document>
	<document><![CDATA[Quiero viajar. Quiero ver mundo.		]]></document>
	<document><![CDATA[@username jajajajajaja todas las que quieras! Con heladito de vainilla y todo si quieres! ????????????????????????		]]></document>
	<document><![CDATA[@username @username jajajaja veeeenga, pero solo porque estas resfriada		]]></document>
	<document><![CDATA[Os leo mientras me como esto: ?????? http://t.co/dXaePcU0xY		]]></document>
	<document><![CDATA[No todo el mundo entiende la importancia de la música en mi vida.		]]></document>
	<document><![CDATA[Mucha gente no aprecia la música como debería.		]]></document>
	<document><![CDATA[@username si, en el de Barcelona; ¿tú?		]]></document>
	<document><![CDATA[@username alguna tengo, pero pocas porque se me murió el móvil justo después de grabar la salida de Justin; si quieres te las envío:)		]]></document>
	<document><![CDATA[@username lauuuragarcia		]]></document>
	<document><![CDATA[@username estas son todas las que tengo en las que se vea la pista :/		]]></document>
	<document><![CDATA[@username jajajaja no hay de que :)		]]></document>
	<document><![CDATA[¿Acaso no merecemos perdón y una segunda oportunidad?		]]></document>
	<document><![CDATA[@username: "¡Ha sido una carrera muy divertida! Me lo he pasado muy bien." Me ha encantado.		]]></document>
	<document><![CDATA[Muy divertido el trabajo de estadística... ????		]]></document>
	<document><![CDATA[@username so true...		]]></document>
	<document><![CDATA[Los méritos de una persona son inversamente proporcionales a la cantidad de palabras que usa para definirse.		]]></document>
	<document><![CDATA["Cuando vean que no pueden alcanzar, te intentarán cambiar."		]]></document>
	<document><![CDATA[La humildad es la única defensa contra la humillación.		]]></document>
	<document><![CDATA[Siendo un desastre también se puede ser feliz.		]]></document>
	<document><![CDATA[love you, sister ? @username Cervelló http://t.co/5yp0Alk6v5		]]></document>
	<document><![CDATA[Profesor de Economía ????????: "Creo que tenéis un problema de concentración y deberías solucionarlo que sino no vais a 'DigiEvolucionar' bien." ????		]]></document>
	<document><![CDATA[Dar lo mejor de ti. Recibir lo peor de los demás.		]]></document>
	<document><![CDATA[Hay gente que debería darse cuenta de quien le engaña y de quien no. Deben aprender a confiar en la persona correcta. Y poner soluciones.		]]></document>
	<document><![CDATA[Las cosas se repiten una vez. Dos. Tres. Hasta yo creo que si eres muy tonto, hasta 10. ¿Pero 100 veces? Se acabó. Es suficiente.		]]></document>
	<document><![CDATA[Ella merece lo mejor del mundo. Lo mejor. Y esto no lo es. No se puede ser feliz así. No se puede vivir de esta manera.		]]></document>
	<document><![CDATA[@username si, si yo lo mandaría a tomar viento todo y a todos, pero es muy complicado... Pero gracias, en serio ??????		]]></document>
	<document><![CDATA[@username me too! Ja m'he acabat el llibre ??		]]></document>
	<document><![CDATA[Se agradece la gente educada y amable de buena mañana ??		]]></document>
	<document><![CDATA[“@username: Me voy a llorar, http://t.co/JNIzunmhjJ” te acompaño... ????		]]></document>
	<document><![CDATA[Quizás es cierto... Pero lo que me falta de un lado, lo tengo de cerebro. ????		]]></document>
	<document><![CDATA[¿Todo el mundo compró el mismo cotillón anoche o que? En todas las fotos de fin de año que he visto hay alguien con una flor en la cabeza.		]]></document>
	<document><![CDATA[Acordarte de que tienes un trabajo sobre un libro para la universidad y hoy por hoy no tener ni el libro. Genial ????????		]]></document>
</author>