<?xml version="1.0" encoding="UTF-8" standalone="no"?><author id="user424">
	<document><![CDATA[@username mñeh, no te preocupes. Hay ilusiones que salen de marco y se hacen reales.		]]></document>
	<document><![CDATA["Si hiciera un viaje a mis adentros... Y sobreviviera a los lamentos... Pediría fuerzas para decir cuánto... lo siento..."		]]></document>
	<document><![CDATA[Me duele el corazón.		]]></document>
	<document><![CDATA[@username fue bellísimo		]]></document>
	<document><![CDATA[Deja de roncar ????		]]></document>
	<document><![CDATA["Es muy violento, muy feo... Y tiene cara de loco."		]]></document>
	<document><![CDATA[Chocolate con lavanda para la poca ánima que me queda.		]]></document>
	<document><![CDATA[A solas estamos mejor, ¿eh?		]]></document>
	<document><![CDATA[Cuchillo Parado me saludó... #isthisreallife #love		]]></document>
	<document><![CDATA["Hay que salir... Para que te relajes."		]]></document>
	<document><![CDATA[Con la @username http://t.co/tdTXaeDm6T		]]></document>
	<document><![CDATA[@username exceptuando el que se tiene a los tacos al pastor o a los amigos de hace tiempo ????		]]></document>
	<document><![CDATA[@username ya te caché viendo lo que retuiteo y las personas que lo escriben		]]></document>
	<document><![CDATA[@username ??ni pedo, todo sigue bien ajajaja (¿qué?)		]]></document>
	<document><![CDATA["Necesitaba esas bocinas porque si no me iba a morir." @username http://t.co/8yd5YBjdbA		]]></document>
	<document><![CDATA[Regresamos a los mayos lluviosos y la calma.		]]></document>
	<document><![CDATA["No hagas eso, que tus patas son armas mortales."		]]></document>
	<document><![CDATA[Es divertidísimo ver el historial de búsquedas en la cuenta de Youtube de la banda #fact		]]></document>
	<document><![CDATA[@username Yo tomo un poco de té de limón, duermo e intento leer el libro que más me ha cambiado.		]]></document>
	<document><![CDATA[Está bien padre que me des la peor parte del cuestionario, bien padre.		]]></document>
	<document><![CDATA["Escribe sin pensar en los demás. Escribe para ti."		]]></document>
	<document><![CDATA[Es ya verano
y el cielo llorará
porque tú te vas.		]]></document>
	<document><![CDATA[Ni las palabras más bonitas te las puedo decir. No son suficientes		]]></document>
	<document><![CDATA[“@username: Entra Godzilla a un bar, lo rompe.”@username		]]></document>
	<document><![CDATA[Es tan bonito que quiero llorar.		]]></document>
	<document><![CDATA[Me escribieron y dibujaron algo súper bonito. ??????????????????????		]]></document>
	<document><![CDATA[@username Yo digo que Panetela debe repetirse.		]]></document>
	<document><![CDATA[@username ¿nos ponemos de acuerdo cuando salga de vacaciones? ????		]]></document>
	<document><![CDATA[@username ????Perfecto. #Tip hay que llevar paraguas jajaja.		]]></document>
	<document><![CDATA[@username Merezco el Nobel ?		]]></document>
	<document><![CDATA[@username Excelentísimo conocimiento del clima en la Ciudad de México.		]]></document>
	<document><![CDATA[@username Te mandó un fuerte abrazo, Fer.		]]></document>
	<document><![CDATA["Aquí en la prepa ya no me siento alto."
     Mi primo, que mide 1.83 ????		]]></document>
	<document><![CDATA[@username Hay una leyenda creo que inuit que decía: Los perros con ojos de colores distintos pueden ver el pasado y el futuro.
:)		]]></document>
	<document><![CDATA[@username ¿cuánto tiempo llevas con él!		]]></document>
	<document><![CDATA[@username Tssss, a ti sí te duran (lo mínimo que me han durado han sido dos meses).		]]></document>
	<document><![CDATA[@username ya sé :( y fue por una torpeza, la verdad.		]]></document>
	<document><![CDATA[Buenas pláticas y las que tengo con @username ???		]]></document>
	<document><![CDATA[Perdón, Koala ????????		]]></document>
	<document><![CDATA[@username Me hiciste sonreír muchísimo. Gracias. ????		]]></document>
	<document><![CDATA["¿Qué hago ahora contigo? Ahora que eres la luna, los perros, las noches, todos los amigos?"		]]></document>
	<document><![CDATA[@username El cambio es después de un tiempo, no te presiones.		]]></document>
	<document><![CDATA[Tu huella el mar sé la llevó, pero la luna sigue ahí. Pero esa luna es mi condena.		]]></document>
	<document><![CDATA[@username ?????? Que tus noches sean maravillosas como tú??????		]]></document>
	<document><![CDATA["Si te fijas, tu poesía no empieza siendo alegre. Te vas por la noche, el mar, la soledad..."		]]></document>
	<document><![CDATA[@username ¿Cómo?		]]></document>
	<document><![CDATA[@username Aquí falta media hora para la una de la mañana...		]]></document>
	<document><![CDATA[@username :( tengo el cerebro frito y pienso en cámara lenta.		]]></document>
	<document><![CDATA[@username por el sueño.		]]></document>
	<document><![CDATA[Pinche ataque de ira, nunca regreses.		]]></document>
	<document><![CDATA[@username Ahora sí :) Gracias.		]]></document>
	<document><![CDATA[@username Luego te cuento bien.		]]></document>
	<document><![CDATA[@username ¿cómo sería la sombra de ese árbol?		]]></document>
	<document><![CDATA[@username pensaba que sería de crayones derretidos :)		]]></document>
	<document><![CDATA[@username ???????????? (fuerza).		]]></document>
	<document><![CDATA[@username El de la cárcel.		]]></document>
	<document><![CDATA[@username Claro :)		]]></document>
	<document><![CDATA[@username creo que no está mal, digo... Ahí cada quién.		]]></document>
	<document><![CDATA[@username Hola primo, soy Paula :D		]]></document>
	<document><![CDATA[Ya que sea mañana, quiero ver a mis primos cuanto antes.		]]></document>
	<document><![CDATA[No entiendo absolutamente nada, todo es taaaan confuso...		]]></document>
	<document><![CDATA[Oye, te extrañé.		]]></document>
	<document><![CDATA[@username Bien, bien. ¿Tú cómo sigues?		]]></document>
	<document><![CDATA[@username Me alegro (: Yo ayer estuve bastante bien, pro ahora tengo que hacer tarea y luego comprar algunas cosillas, jaja. :)		]]></document>
	<document><![CDATA[@username ¡Vale! Te tengo una propuesta, pero te la haré luego ñ.ñ		]]></document>
	<document><![CDATA[Maldito Sistema Circulatorio con cantidad inmensa de venas :(		]]></document>
	<document><![CDATA[Tengo sueño-oh.		]]></document>
	<document><![CDATA[@username ¿Qué libro es? Lo tienes al revés.		]]></document>
	<document><![CDATA[¿Qué canción uso para musicalizar mis escritos?		]]></document>
	<document><![CDATA[@username ¿Dónde estás?		]]></document>
	<document><![CDATA[Espero que a @username le haya gustado la sorpresa...		]]></document>
	<document><![CDATA[¿Puede contar un beso como ser vivo?		]]></document>
	<document><![CDATA[Azul eléctrico, bien casual. ????		]]></document>
	<document><![CDATA[Eso fue de lo más dulce que me han dicho en la vida. ??		]]></document>
	<document><![CDATA[Ahora sé a lo que se refería. Mira @username http://t.co/6OZAzap05e		]]></document>
	<document><![CDATA[@username Guadalajara de mis amores, ¿cierto? ????		]]></document>
	<document><![CDATA[“@username: "Las señoritas de Avignon", 1907. Pablo Picasso Cubismo http://t.co/iw9Cgzxcii” ????????		]]></document>
	<document><![CDATA[¿Escuchará los suspiros que tanto intento esconder?		]]></document>
	<document><![CDATA[Alguien estuvo viendo "The Thundercats"...		]]></document>
	<document><![CDATA[I (Pastel de zarzamora con nuez) you!		]]></document>
	<document><![CDATA[Regresó esta parte de mí...		]]></document>
	<document><![CDATA[@username tristeperosigoadelante		]]></document>
	<document><![CDATA[Steve es bien chido??		]]></document>
	<document><![CDATA[@username A lo mejor y el de hierbabuena no le hace daño.		]]></document>
	<document><![CDATA["R                                                                                          egresa estoy por ti."		]]></document>
	<document><![CDATA[Primer experiencia surrealista.		]]></document>
	<document><![CDATA[De alguna u otra forma, Avril Lavigne le puso música a los momentos clave de nuestra relación. (?)		]]></document>
	<document><![CDATA[No quiero...		]]></document>
	<document><![CDATA[Pues espero que no sea así...		]]></document>
	<document><![CDATA[¿Cuándo y quién?		]]></document>
	<document><![CDATA[@username El tinte lila cuenta con ciertos electrones, al perderlos se queda naranja por el número de estos.		]]></document>
	<document><![CDATA[@username ¿Y los demonios?		]]></document>
	<document><![CDATA[@username ¿Y saben derrochar luz?		]]></document>
	<document><![CDATA[@username Algo de luz habrán de tener para que se vean los colores.		]]></document>
	<document><![CDATA[Para @username con amor ???????? http://t.co/LpBrUjp9AV		]]></document>
	<document><![CDATA[@username Casi tan bellos como tú.		]]></document>
	<document><![CDATA[@username ¿y sin corajes?		]]></document>
	<document><![CDATA[@username Encontré algo en mi diario sobre ti, lo escribí cuando fuimos a Puebla. ????????????????		]]></document>
	<document><![CDATA["vi, sentí y comprobé que Juliana es una de mis mejores amigas. Más allá del chocolate, las risas y las despertadas temprano" @username		]]></document>
	<document><![CDATA[@username Pero es momentáneo (por suerte) ja ja ja.		]]></document>
</author>