<?xml version="1.0" encoding="UTF-8" standalone="no"?><author id="user251">
	<document><![CDATA[@username Había soluciones intermedias hasta qie HTML5 se consolidase. La virtud está en el puto medio! Que diria un colega mío!!!		]]></document>
	<document><![CDATA[@username Ha copiado como unos fabricantes de neveras a otros,  como todo el que imprime a Gutemberg. Los conceptos no se deberían patentar		]]></document>
	<document><![CDATA[@username Es verdad lo del cargador, pero el artículo no debería mezclar cosas de diseño con periféricos, con hardware y con software...		]]></document>
	<document><![CDATA[@username Vida espartana. Uh Ah!! Por putearte, me voy 10 días a Ibiza!! xD		]]></document>
	<document><![CDATA[@username Bi-po-lar!		]]></document>
	<document><![CDATA[@username Rubia de bote, chocho morenote!!!		]]></document>
	<document><![CDATA[@username @username @username @username Qué mieeeerda es eso???		]]></document>
	<document><![CDATA[@username me dibuja un pajaro y el escudo del Sevilla F.C. para adivinar Nido. Personaje!!		]]></document>
	<document><![CDATA[Ayuda con la Falderada!! @username http://t.co/CR4eveBt		]]></document>
	<document><![CDATA[Yaaaa!! La proxima vez dibuja la de españa mamonn @username  yo estaba buscando ecuador, rumanía...		]]></document>
	<document><![CDATA[Me levanto, desayuno, trabajo mis turnos atrasados de Draw Something y me voy a la playa. #Vidajodidaesta		]]></document>
	<document><![CDATA[@username Godofredo, sabes algo de las becas en Telefónica? Me ofrecen una y me gustaría que me dieses tu opinión...		]]></document>
	<document><![CDATA[@username Lo adivinaré!! Solo lo publico para que la gente vea lo dificil que es jugar contra una locaaaaaaaaaa http://t.co/5GKFci0W		]]></document>
	<document><![CDATA["La virtud de tirarse un cuesco y que huela a fresco"		]]></document>
	<document><![CDATA[@username andas bien de la mano ya?? Cuando tengamos motos en condiciones haremos rutitas. Dentro de 20 años ^^		]]></document>
	<document><![CDATA[@username Eso no es un dilema mamón, eso es la descripción de tu tarde...		]]></document>
	<document><![CDATA[@username Pues yo lo tendria bieeeeen claro. Viva Er...		]]></document>
	<document><![CDATA[@username Teniendo en cuenta que estoy de vacaciones en Ibiza, por mucho que nade....nop!!		]]></document>
	<document><![CDATA[@username Además las rubias me gustan calientes mamona!! Jajajajaujajaja. En septiembre empiezo a currar en sevilla. Una birrica echaremos!		]]></document>
	<document><![CDATA[No sé en qué momento una casa de Bingo online ficha la Esteban para su anuncio. #InsultaATusClientesCuandoPuedas		]]></document>
	<document><![CDATA[Sacabó :(		]]></document>
	<document><![CDATA[DrawSomething contra @username @username @username @username o como pegarse el dia con la lengua fuera dibujando		]]></document>
	<document><![CDATA[Aaaaa @username lo que me he reio con la que has liao pa adivinar Kobe Bryant!!		]]></document>
	<document><![CDATA[@username Moña		]]></document>
	<document><![CDATA[@username Pues por ahora no porque era en Madrid y mu poca pasta.Voy a Inabensa(Abengoa) Sevilla seis meses beca y luego a ver si me contratan!		]]></document>
	<document><![CDATA[@username @username la semana que viene me dijeron		]]></document>
	<document><![CDATA[@username @username pero tu llevas currando mil so mamon		]]></document>
	<document><![CDATA[@username @username Jajajaja. Google no sabe mucho de Andalusiaaaa. Paso de la localizacion, que me raya estar controlao.		]]></document>
	<document><![CDATA[@username @username Ojalá se llegasr a esa precisión. Así podríamos manejar mucho mejor a la masa...buahahhahaa		]]></document>
	<document><![CDATA[@username Ahora sobre octubre siempre salen algunos. Mira webs como la de Andalucia Avanza y mira el boletín informativo binus		]]></document>
	<document><![CDATA[@username @username Obviamente, no cabe. Ayer vi uno por Córdoba. Patético. Píllate una scooter de 125 Faldero!		]]></document>
	<document><![CDATA[Iré al cine con los precios nuevos...sip...con lo bien que va el torrent....yeahhh		]]></document>
	<document><![CDATA[@username @username Esto es un mojón. Pa esto una motito!!		]]></document>
	<document><![CDATA[Estoy oyendo ruido de obras, la sinfonía de mi juventud. Hacía mucho que no las oía...		]]></document>
	<document><![CDATA[@username 5 años de experiencia, ingles, francés, alemán alto y dominio de todos los programas del mundo ademas de saber hacer el pino...		]]></document>
	<document><![CDATA[Me he levantado de mala hostia de la siesta. A quien se me cruce, le cruzo la cara. Y punto.		]]></document>
	<document><![CDATA[Próximamente | http://t.co/RZvIqnJ7 http://t.co/pRhtsYs9 vía @username		]]></document>
	<document><![CDATA[@username @username @username @username Alguien en la ESI? Si no voy a desayunar solo....		]]></document>
	<document><![CDATA[La musica de fondo del anuncio de optocalia es una base de Elphomega o yo lo flipo?????		]]></document>
	<document><![CDATA[Por favor, que llegue el finde. Me estoy trangando un partido de ciegos!		]]></document>
	<document><![CDATA[Acabo de Instalar Asnet 4 (MIUI v4). Increíble!		]]></document>
	<document><![CDATA[Si Sanchez Gordillo entrase en mi casa anda que iba a pillar poco plomo el flipao...		]]></document>
	<document><![CDATA[Este curso acaba de empezar. Seguramente os interese, @username @username @username @username @username https://t.co/sAumAtBs		]]></document>
	<document><![CDATA[Me flipa el anuncio nuevo de los raperos de Mixta...		]]></document>
	<document><![CDATA[@username El mío dice que pasa de llegar al mediodía con bateria, que se quiere echar una siestaca!! Sera mamon!		]]></document>
	<document><![CDATA[@username Otros nos toquetearemos hechos un ovillo y ya nos creeremls algo!		]]></document>
	<document><![CDATA[@username No ha ido bien entonces?		]]></document>
	<document><![CDATA[@username Jajajaja! O de combustible...que últimamente se estila mucho.		]]></document>
	<document><![CDATA[@username Borra esto, anda, que pareces unos que yo me sé en El Hormiguero		]]></document>
	<document><![CDATA[El mejor disco de rap español que ha salido en los últimos años ? Hazhe – Meid in Espein http://t.co/6xfArBPn #Spotify		]]></document>
	<document><![CDATA[Deme 3 cajas.
Subnormalizante | http://t.co/RZvIqnJ7 http://t.co/IGTdzvnJ vía @username		]]></document>
	<document><![CDATA[@username No es ninguna tonteria hacer la aplicacion...		]]></document>
	<document><![CDATA[@username @username Estoy aburrido. Guarros. Alguna idea??		]]></document>
	<document><![CDATA[@username @username aburrimiento del tipo: nada que hacer hasta recibir una llamada		]]></document>
	<document><![CDATA[Es mi coelga.
RT @username: No teng ni put ide de catalá per acort las palabrs e parec que si. #felizdiada		]]></document>
	<document><![CDATA[Escándalo en RyanAir! http://t.co/1LdbflKq		]]></document>
	<document><![CDATA[Sorteo GRATIS de un iPad 3 gracias a @username y su nueva joya Wild Blood #WildBloodiPad3 http://t.co/vgASGoJ4 vía @username		]]></document>
	<document><![CDATA[@username Las cosas!!		]]></document>
	<document><![CDATA[@username  Gracias, que falta me va a hacer. Como dé con las teclas justas le entrego 1 puto folio en blanco. El puto enano y el tio raro.		]]></document>
	<document><![CDATA[@username  Lístame luego lo que metiste en el simulacro que no tengo tiempo de hacerlo!		]]></document>
	<document><![CDATA[5 € me ha cobrao el mecánico por cambiarme la bombilla. Le ha costado una barbaridad. Ese trabajo no me gusta.		]]></document>
	<document><![CDATA[Procratisno que a las 13.30 me voy pa Sevilla. Va a repasar un guardia.		]]></document>
	<document><![CDATA[@username Estás de vacaciones. Busca cómo coño vamos a ver la liga en Polonia. No pienso verlo en el PC a lo pobre. Paso.		]]></document>
	<document><![CDATA[Poopooing! Explícito el tío! http://bit.ly/d7qbNC		]]></document>
	<document><![CDATA[@username Esa era mi esperanza al volver a mirar hoy la hora. Que la hubiesen cambiao a las nueve y se me hubiese pasao. Pero no! Shit!		]]></document>
	<document><![CDATA[Quiero irme ya. Quiero irme ya.Quiero irme ya. Quiero irme ya.Quiero irme ya. Quiero irme ya.Quiero irme ya. Quiero irme ya.Quiero irme ya.		]]></document>
	<document><![CDATA[Gracias al fontanero que taladra en el jardín de mi casa. Tengo un examen en 3 horas. Me duele la cabeza. Hijo de puta.		]]></document>
	<document><![CDATA[@username Practica que a la vuelta quiero ver a ese muro en la red en plena forma.		]]></document>
	<document><![CDATA[Sólo prometo cogerme el sábado un primer ciego Polaco LE-GEN-DARIO.		]]></document>
	<document><![CDATA[@username  Al primo de tu colega le patinan las neuronas. No 2 problems de 5 y 5. Uno de 8 imposible y otro de 2 facil.		]]></document>
	<document><![CDATA[La universidad es mentira, no se engañen.		]]></document>
	<document><![CDATA[@username Lo haré. Ya te tocará el turno, y te diré lo mismo.		]]></document>
	<document><![CDATA[@username No te ría del chaval, que pa una vez que tiene gracia el jodío...		]]></document>
	<document><![CDATA[Dicen que los extranjeros pillan    http://www.youtube.com/watch?v=zwx23naMFCg		]]></document>
	<document><![CDATA[@username No, es que en Sevilla nuestra simpatía te embriaga ;) NOTA: Muchas gracias por indicar que la m era de montaditos presiosaaa		]]></document>
	<document><![CDATA[@username ............muchas gracias......		]]></document>
	<document><![CDATA[@username Con los lunis....		]]></document>
	<document><![CDATA[La espera es cansina. Lodz!		]]></document>
	<document><![CDATA[@username @username Definiendo a RaqSotSet: Per-so-na-ja sin maldad.		]]></document>
	<document><![CDATA[@username Fuerte mierda de 100m. Montamos en Lodz el "One hundred little mounteds"?? Se saldría. Eso junto con el JuiSex me daría un Jaguar.		]]></document>
	<document><![CDATA[@username nooo. Tengo puesto que cuando alguien me siga se publique un mensaje asi! No se ni quienes son....		]]></document>
	<document><![CDATA[Me voy a medir maletas, dar de baja del gym, facturar onilne, cerrar asuntillos y a casa del tito Mike a cenar. Buena tarde!		]]></document>
	<document><![CDATA[@username A mi me pasa igual. Con los teletubbies. Época oscura.		]]></document>
	<document><![CDATA[@username Wapa, te han dejao en Wizz Air facturar online? Me sigue diciendo que la facturación online no está disponible en ese aeropuerto.		]]></document>
	<document><![CDATA[Así maleteaba así así		]]></document>
	<document><![CDATA[@username Va bien esa ROM? Esta experimental esta empezando a quedarse demasiao pillada...		]]></document>
	<document><![CDATA[@username Te da la opcion de elegir kernel al instalar la ROM?		]]></document>
	<document><![CDATA[Voy a terminar la maleta que está cogiendo unas dimensiones monstruosas.		]]></document>
	<document><![CDATA[A las 10 recojo a @username en la estación de tren y nos vamos pa Madriiiiiiiiiiiiiiiiiii!		]]></document>
	<document><![CDATA[La maleta no cerraba. Saco unos vaqueros y una sudadera. Le voy a hacer el salto del tigre a ver si así cierra. La jodía pesa 25 kilacos.		]]></document>
	<document><![CDATA[@username Jajaja. No! Mira, sigue a @username  y verás para qué sirve. Mira a quién sigo yo a ver si alguien te interesa!		]]></document>
	<document><![CDATA[@username Sigo sin nervios. Aun no me lo creo...creo! Xas gracias capulla		]]></document>
	<document><![CDATA[Mas insomnio que un lagartorl.		]]></document>
	<document><![CDATA[Llegar el primer día a currar y que no haya nadie en recepcion para atenderte. Epic Fail. Odio esperar.		]]></document>
	<document><![CDATA[Parezo jardinero plantando un pino en horario laboral...@username @username @username		]]></document>
	<document><![CDATA[A sobar que el curso de polaco cansa.		]]></document>
	<document><![CDATA[@username Enanuska, dame tu mail. Uno que mired frecuentemente.		]]></document>
	<document><![CDATA[No hay huevos #FrasesQueConducenAlDesastre @username @username @username		]]></document>
	<document><![CDATA[En @username hablando de Bollullos de la mitacion...manda webs...		]]></document>
	<document><![CDATA[@username Al intertar registrarme me da el error: ERROR

LOS DATOS RECIBIDOS NO PERMITEN PROCESAR LA PETICIÓN. Help!		]]></document>
</author>