<?xml version="1.0" encoding="UTF-8" standalone="no"?><author id="user261">
	<document><![CDATA[Tengo ganas de Philadelphia.		]]></document>
	<document><![CDATA[@username sales muy favorecido		]]></document>
	<document><![CDATA[@username tienes complejo de pez.		]]></document>
	<document><![CDATA[Intersequemos juntos.		]]></document>
	<document><![CDATA["Ven... ven a mi encuentro hoy. En los árboles anidaran mis sueños".		]]></document>
	<document><![CDATA["Bajo las estrellas... guardo tu recuerdo".		]]></document>
	<document><![CDATA[@username y las PTROTEÍNAS.		]]></document>
	<document><![CDATA[@username mi habilidad mecanográfica con la barbilla es extraordinaria.		]]></document>
	<document><![CDATA[Voy a estrenar el Civilization III #AmosQueSí		]]></document>
	<document><![CDATA[@username también. tú estate atento a las noticias de las 9 que sacarán mi suisidio ya verás		]]></document>
	<document><![CDATA[Cómo mola esto de que el portátil se quede sin batería cuando no estás presente y se te cierre tó ._.		]]></document>
	<document><![CDATA[Baile pre- y postducha.		]]></document>
	<document><![CDATA[Profesores que PODRIAN APRENDER A VOCALIZARRRRRRRRRRR		]]></document>
	<document><![CDATA[A esto nos dedicamos los biotecnólogos. #DíQueSí http://t.co/1xccJygkaG		]]></document>
	<document><![CDATA[Nasí sorro porque prinsesos sobraban.		]]></document>
	<document><![CDATA[No se me conecta el LoL con el wifi de la uni. #Lloro		]]></document>
	<document><![CDATA[Es un objeto de Teemo. Es un timo de objeto.		]]></document>
	<document><![CDATA[@username @username @username poj claro. soy un twistar no reconocido :_( XDDDDDD		]]></document>
	<document><![CDATA[Las cinesinas tienen un estilo tan swag al caminar.		]]></document>
	<document><![CDATA[Twitter es público, pero a la vez mazo de privado.		]]></document>
	<document><![CDATA[@username que pasaaaaa jajajajaj es cierto o no es cierto?? XDDDD		]]></document>
	<document><![CDATA[Todo suena distinto en directo. Todo suena mejor.		]]></document>
	<document><![CDATA["La nuestra es una historia que merece otro final."		]]></document>
	<document><![CDATA[Me da pereza echarme una partida pero también me da pereza no echármela. #DilemaExistencialista		]]></document>
	<document><![CDATA[Hola temporada 4 de Juego de Tronos venía a comentarte tan sólo que QUIERO QUE SEA YA PUTO 6 DE ABRIL.		]]></document>
	<document><![CDATA[No quiero salir de la cama.		]]></document>
	<document><![CDATA[El lof está overrated.		]]></document>
	<document><![CDATA[@username menudas fotazas serra!		]]></document>
	<document><![CDATA[Pues yo he pasado gran parte de San Valentín con una de las personas que más quiero en este mundo.		]]></document>
	<document><![CDATA[@username jajajajaj corrector de guasap powah		]]></document>
	<document><![CDATA[Geuapeo.		]]></document>
	<document><![CDATA[Whatsapp -> Ajustes -> Info de cuenta -> Uso de red -> Flipa con la cantidad de mensajes que has enviado -> Replantéate tu vida.		]]></document>
	<document><![CDATA[A los cultivos de bacterias con las que trabajaré en el futuro le importan las derivadas parciales tanto como a mí.		]]></document>
	<document><![CDATA[@username vacia los chatssssssssssssssssss jajajajaja quiero ver cuánto tarda en borrartelos todos XD		]]></document>
	<document><![CDATA[Cómo pronunciar Tumblr. #FirstWorldProblems		]]></document>
	<document><![CDATA["Porque, sin buscarte, te ando encontrando por todos lados."		]]></document>
	<document><![CDATA[No quiero hacer nada.		]]></document>
	<document><![CDATA[El calor se va a la puta.		]]></document>
	<document><![CDATA[- Hola. + Compruébalo.		]]></document>
	<document><![CDATA[Dat @username atendiendo mazo en bioquímica.		]]></document>
	<document><![CDATA[@username o los dos XD pero es que son tan guays todosssssssssss		]]></document>
	<document><![CDATA[Ya no me quedan ganas de perseguir imposibles.		]]></document>
	<document><![CDATA[Estudiar bioquímica mientras hablas por Skype y escuchas música. #EsPosible		]]></document>
	<document><![CDATA[¿QUIÉN ES ESE SEGUNDO EMILIO QUE LE MATOOOOOOOOOOOOOOO? E soy yo, y no hay máscablar.		]]></document>
	<document><![CDATA[Pues con esto y un bizcocho, otro día que duermo 5 horas.		]]></document>
	<document><![CDATA[Que tengáis feliz merlechuga.		]]></document>
	<document><![CDATA[Fuerzas de Van der Mar. #AmosALaPlaya		]]></document>
	<document><![CDATA[@username deja de darte por aludido.		]]></document>
	<document><![CDATA[Quiero ir a pescar pero no me dejan.		]]></document>
	<document><![CDATA[¿A que no lo cuelgo en el Moodle? #AmenazasUniversitarias		]]></document>
	<document><![CDATA[@username lo mejor ha sido el "que me voy eh?" y es como SIIIIIIIIIII ASI NO HAY EXAMENNNNNNNNNN xDDD		]]></document>
	<document><![CDATA[@username hola hola vecinitooooooooo jajajaja y no, no puedo parar de twittear :(		]]></document>
	<document><![CDATA[@username JAJAJAJAJAJ WTF y esas confesiones a estas horas?!?!?! jajajajajaj		]]></document>
	<document><![CDATA[Ir sentado en el bus mirando hacia atrás y no tener ni guarra de dónde coño estás. #EstáPasando #EncimaRima		]]></document>
	<document><![CDATA[Que alguien me explique que hago tan pronto en la cama XD		]]></document>
	<document><![CDATA[Sé que esto te gustará @username XDDDDDDDDDDDDDDD http://t.co/jC9ecWPMcj		]]></document>
	<document><![CDATA["El sistema es bueno porque elimina lo que no es correcto". El de BCT y sus frases turbias turbias. Qué hombre más siniestro.		]]></document>
	<document><![CDATA[@username @username va bueno pero mientras tanto dimelo y te agrego jajaja		]]></document>
	<document><![CDATA[@username @username lo crees? XDDD pero si es tu cuenta locoooo no te lo sabes? jajaja		]]></document>
	<document><![CDATA[@username jajajajaj te ha molado la tecnica de negri de enganchar a alguien contigo ehh?? XD va esta tarde me lo bajo... y vamoh viendoh		]]></document>
	<document><![CDATA[@username que si la conozco claro jajaja		]]></document>
	<document><![CDATA[@username ala, parches descargándose... la otra vez que me lo descargué tardó mil años XD		]]></document>
	<document><![CDATA[¿Alguien se apunta al TERA? xD		]]></document>
	<document><![CDATA[@username juego al despiste :$		]]></document>
	<document><![CDATA[Fresas con leche condensada.		]]></document>
	<document><![CDATA[Son tan perfectas. Tan de gordos. Me encantan.		]]></document>
	<document><![CDATA[@username a mi en lenguaje apple no eh? que no entiendo de eso XD		]]></document>
	<document><![CDATA[Qué día más raro.		]]></document>
	<document><![CDATA[El catalán es tan bello.		]]></document>
	<document><![CDATA[- Me voy a suicidar. + Por fin...		]]></document>
	<document><![CDATA[Que alguien me explique mi retraso.		]]></document>
	<document><![CDATA[Mi movil con cero batería y yo sin cargador. Bieeeeeen!!!!		]]></document>
	<document><![CDATA[Sé de alguien que estará incomunicado durante la insufrible mañana de mañana.		]]></document>
	<document><![CDATA["Bolzano tiene nombre de marca de pizzas precongeladas" @username		]]></document>
	<document><![CDATA[Incómodo, nivel: que lean tu Twitter delante de ti.		]]></document>
	<document><![CDATA[Algún día contaré las veces que dice "Estad en silencio". Algún día...		]]></document>
	<document><![CDATA[El esperma de ballena es rico en mioglobina. #Dato		]]></document>
	<document><![CDATA[La pantalla de mi ordenador cataliza el amor entre @username y yo.		]]></document>
	<document><![CDATA[Hay que ser happy. Y lo dice Mr.ExpertoEnNoSerlo.		]]></document>
	<document><![CDATA[Que me llamen "pequeño Emi" y otras cosas que askdkfksjajakskd.		]]></document>
	<document><![CDATA[Los franceses se pasean. Porque sí. Porque pueden.		]]></document>
	<document><![CDATA[Je m'en vais de la vida.		]]></document>
	<document><![CDATA[@username te crees guay o algo? yo he carryeado la partida vale?		]]></document>
	<document><![CDATA[Los chinos no pueden ser morosos.		]]></document>
	<document><![CDATA[Yo cuando debo dinero soy un amoroso.		]]></document>
	<document><![CDATA[Burgos, conocida internacionalmente por sus dragones.		]]></document>
	<document><![CDATA[Molaría que los profesores aprendieran a enseñar antes de meterse a la universidad.		]]></document>
	<document><![CDATA["Me como los peligros". Lisosoma. 26 de Febrero de 2014.		]]></document>
	<document><![CDATA[Comer como filosofía de vida.		]]></document>
	<document><![CDATA["Huracán Clatrina".		]]></document>
	<document><![CDATA[El punto de silla es el amor.		]]></document>
	<document><![CDATA["Chaperona" suena a "chapero", y eso es así.		]]></document>
	<document><![CDATA[Mi tema preferido de Biología celular es el de "Agobio qué cojones haces quieres venir ya."		]]></document>
	<document><![CDATA["Emea te invitó a una carpeta compartida de Dropbox llamada "X” y te dejó este mensaje:  'er '" Dat elocuencia, emea. @username		]]></document>
	<document><![CDATA["Tema 6. Lisosomas y demáh cosah".		]]></document>
	<document><![CDATA[Pipooooool a mover todos el antibody hombre ya!		]]></document>
	<document><![CDATA[Señor, vocalice.		]]></document>
	<document><![CDATA["Andábamos sin buscarnos pero sabiendo que andábamos para encontrarnos".		]]></document>
	<document><![CDATA[@username perdona carmen pero luego dices qué de mis twitts? XDDDDDDDDD		]]></document>
	<document><![CDATA[@username sisi la sociedad... es tu verdadero yo luchando por salirrrrrrrrrrr jajajajaj :P		]]></document>
</author>