<?xml version="1.0" encoding="UTF-8" standalone="no"?><author id="user1001">
	<document><![CDATA[@username Jajajaja ya se y te apuesto a que cuando le pregunte a mi papá me dira que le pregunte a mi mamá...		]]></document>
	<document><![CDATA[Respiro como borracha, pero no estoy borracha es el frío en mi nariz!		]]></document>
	<document><![CDATA[Mi nariz se congela en 5, 4, 3 ... *muere asfixiada *		]]></document>
	<document><![CDATA[Como cuando platicas con tu prima por face aunque este a menos e un metro de ti...		]]></document>
	<document><![CDATA[Preocuparme por encontrar al amor de mi vida?, Quién va a apagar la luz, eso si es preocupante!		]]></document>
	<document><![CDATA[Buenos Dias Navidad!		]]></document>
	<document><![CDATA[@username Feliz navidad :) te quierooou		]]></document>
	<document><![CDATA[Como cuando empiezas a sospechar que Santa no te trajo nada :(		]]></document>
	<document><![CDATA[Casual que el que arregla la casa tire los regalos a la basura...		]]></document>
	<document><![CDATA[Despertar y saber que no te voy a ver. Una bendicion de Dios :)		]]></document>
	<document><![CDATA[Esta noche van con todo @username  y @username		]]></document>
	<document><![CDATA[Odio como termina el último capítulo de cada temporada de How I Met Your Mother		]]></document>
	<document><![CDATA[Nunca habia sentido esto por alguien mas #MientoComoHombre		]]></document>
	<document><![CDATA[No estar aferrada a ti si no a lo que creo que pudo ser.		]]></document>
	<document><![CDATA[De esas veces que escuchas que un niño llora a las 4.30 am O.o		]]></document>
	<document><![CDATA[El tiempo que pase contigo no fue tiempo perdido si no recuerdos ganados :)		]]></document>
	<document><![CDATA[Soy la primera en tener una canción de @username en itunes :)		]]></document>
	<document><![CDATA[Ese momento decepcionante cuando un tipo guapo te esta viendo, y luego te das cuenta de que esta viendo a tu hermano :(		]]></document>
	<document><![CDATA[Cuando has perdido toda la esperanza de que te conteste y de repente ves esas letras en verde en whats		]]></document>
	<document><![CDATA[Que se te acabe la bateria de la lap cuando estas viedo how I met your mother no es de Dios		]]></document>
	<document><![CDATA[Ser tan gorda que lo unico que interese sea ver  mrs. Spoon y mr. Fork		]]></document>
	<document><![CDATA[@username Todavia quedan 5 horas para que termine el día. :)		]]></document>
	<document><![CDATA[Alguien esta intensa esta nochee... @username		]]></document>
	<document><![CDATA[@username noooo, en serio? Y tu regalo?!?		]]></document>
	<document><![CDATA[@username si, ya empezaron! No estoy en mi casa estoy en casa de mis abuelos maternos :/		]]></document>
	<document><![CDATA[@username Si :/ me das tu direccion y te lo envio por paqueteria, o se lo doy a tu mami?		]]></document>
	<document><![CDATA[@username Jajajajaj sale, que te vaya super bien, que tengas bonito vuelo. Te quiero mucho sisi		]]></document>
	<document><![CDATA[@username Gracias igualmentee!		]]></document>
	<document><![CDATA[@username Todo es actitud ;) me toob		]]></document>
	<document><![CDATA[Dormir en la tarde porque quiero y puedo		]]></document>
	<document><![CDATA[@username También se escribe Misógeno		]]></document>
	<document><![CDATA[@username Hasta que me mantengas!		]]></document>
	<document><![CDATA[Justin Bieber pone que esta triste y hacen un TT para alegrarlo. Yo pongo que estoy triste y todos me ignoran...		]]></document>
	<document><![CDATA["@username: @username yo no te ignorare... Ntp, sabes que siempre tienes un hombro para llorar ;)" awww gracias igual :)		]]></document>
	<document><![CDATA[@username @username No ya no, no vale la pena... ;)		]]></document>
	<document><![CDATA[Cosas que odio y lavar los trastes...		]]></document>
	<document><![CDATA[@username Ey me puedes llevar mis cosas?		]]></document>
	<document><![CDATA[@username Me puedes llevar mis cosas?		]]></document>
	<document><![CDATA[@username Mi bra, mis pelis y glee plss :D		]]></document>
	<document><![CDATA[Finales= semana en la que miles des adolescentes se estresan, desvelan, decepcionan,etc.		]]></document>
	<document><![CDATA[Rogarte? Ni que tuviera baja autoestima.		]]></document>
	<document><![CDATA[@username No me fue tan bien :( . Hace un chorro que no hablamoss!		]]></document>
	<document><![CDATA[Me gustas Tú... No!!!		]]></document>
	<document><![CDATA[@username Nooooo jajajajaj dejame ni yo se que quiero		]]></document>
	<document><![CDATA[@username Pues dicen que pudo haber tenidop una falla y habia mucho viento. Se murieron todos :/		]]></document>
	<document><![CDATA[De esas veces que no sabes si hablarle o no...		]]></document>
	<document><![CDATA[Me quieren comer!!! http://t.co/1zKsq9z6		]]></document>
	<document><![CDATA[El fisico atrae pero que nosea con todas igual que es contigo enamora.		]]></document>
	<document><![CDATA[@username Estas bien?!		]]></document>
	<document><![CDATA[@username el fino de mi hermano		]]></document>
	<document><![CDATA[Ser tan rico que puede ser pobre.		]]></document>
	<document><![CDATA[Es hermso que mi  papá me diga que soy mediocre.- dijo nafdie nunca.		]]></document>
	<document><![CDATA[@username lo vere despues y te aviso. Aunque ya sabes mi punto de vista :)		]]></document>
	<document><![CDATA[@username ... Estoy en el aireee!		]]></document>
	<document><![CDATA[@username sale, pues yo tengo varias en Mexico y una en NY		]]></document>
	<document><![CDATA[@username Si yo te aviso. Por cierto te marque ayer!		]]></document>
	<document><![CDATA[@username no estoy en mi casa		]]></document>
	<document><![CDATA[Equis ni quiero hablar contigo! *le crece la nariz como a pinocho*		]]></document>
	<document><![CDATA[@username si se puede me mandas los requisitos porfis.		]]></document>
	<document><![CDATA[Mi abuela es tan linda que me hace masajeeee! TOMENLA! Mueranse de envidia! :)		]]></document>
	<document><![CDATA["@username: Le pide su número telefonico.se confunde y le da el número de un radio taxi." A ti también te paso?!? Jajajaja		]]></document>
	<document><![CDATA[Me voy a poner a buscar cualquier cosa para ver si asi encuentro a mi principe :)		]]></document>
	<document><![CDATA[@username tiene siglos que no se nada de ti! Como has estado!?		]]></document>
	<document><![CDATA[Sis! No reprobe quimicaaaa!!! @username		]]></document>
	<document><![CDATA[@username Eso explica muchas cosas...		]]></document>
	<document><![CDATA[@username !!!!!!! Te extrañoooouuu!		]]></document>
	<document><![CDATA[@username ay ay ay pues cuando puedes llegar a mihouse?		]]></document>
	<document><![CDATA[De esas veces que lo ves, te encanta y ZAZ te enteras que tiene novia!		]]></document>
	<document><![CDATA[@username Cuando vienes?!?		]]></document>
	<document><![CDATA[Katia: Mamá tengo dos preguntas por qué hay banderitas en forma de triángulos? Mamá: Para decorar. Katia: Y con que propósito nos hizo Dios?		]]></document>
	<document><![CDATA[@username jajajajaj sus preguntas existenciales		]]></document>
	<document><![CDATA[@username Lo sé! Claro yo le doy un abrazo de tu parte :)		]]></document>
	<document><![CDATA[@username Yo tambien te extrañooo!!		]]></document>
	<document><![CDATA[Alguien Diego  esta traumado con 9gag ...		]]></document>
	<document><![CDATA[@username Ya nacio!?!		]]></document>
	<document><![CDATA[En mi opinion todo es posible con un lapiz...		]]></document>
	<document><![CDATA[@username gobernador*		]]></document>
	<document><![CDATA[@username lo se que triste		]]></document>
	<document><![CDATA[Decir que ya no te gusta tratando de convencerte más a TI que a los demás...		]]></document>
	<document><![CDATA[De esas veces que te levantas tan contenta y con ganas de hacer muchas cosas y luego aparecen tu padres -.-		]]></document>
	<document><![CDATA[Estudios recientes demuestran que la mejor manera de que nadie se siente alado tuyo en un transporte publico es llorar		]]></document>
	<document><![CDATA[@username me paso la mitad de mi vida en uno :'(		]]></document>
	<document><![CDATA[Peda con @username http://t.co/HuvYDC4C		]]></document>
	<document><![CDATA[@username el miercoles pasado creo ibas dormido jajajaja		]]></document>
	<document><![CDATA[@username Estas en Alemania ?!b		]]></document>
	<document><![CDATA[@username Yo tambien!!! Cuando salimos?!		]]></document>
	<document><![CDATA[@username pues quiero ir al partido pero si no voy si. Si no quieres ir al juego!?		]]></document>
	<document><![CDATA[@username Me he enamorado!!!!		]]></document>
	<document><![CDATA[@username Noooooooo!!!! Es miooo lo siento		]]></document>
	<document><![CDATA[@username Jajajaj estabas abrazando una almohada rosa...		]]></document>
	<document><![CDATA["@username: *Hoy en la mañana* - Hijo, ¿Tomaste? - Sí Ma, pero sólo fue agua y jugos no te preocupes." Jajajajajajajaja si clarooo!		]]></document>
	<document><![CDATA[A mi abuela le marcan mas en su cumpleaños, que a mi en el mio :'(		]]></document>
	<document><![CDATA[No se si eres estúpido o te haces...		]]></document>
	<document><![CDATA["@username: @username http://t.co/oE6hEBsq" Gracias gracias :)		]]></document>
	<document><![CDATA[@username jajajaja solo unos cuantos!		]]></document>
	<document><![CDATA[@username Nooooooo!!!! Mi abue ya tiene 66!! No lo puedo creer!		]]></document>
	<document><![CDATA[@username dice que muchas gracias que igualmente		]]></document>
	<document><![CDATA[No pido que me de rosas, pero si me puede dar estas :) http://t.co/PFzx3zDp		]]></document>
	<document><![CDATA[Cuando los hombres  me desilusionan, la comida siempre me consuela...		]]></document>
	<document><![CDATA[Calmate, que ni te pelan!		]]></document>
</author>