<?xml version="1.0" encoding="UTF-8" standalone="no"?><author id="user265">
	<document><![CDATA[#EfecteGrèciaTV3 l'esquerra no te idees, per això ha aparegut l'oportunisme de Podemos. Grècia:el pasok i el partit comunista a la cuneta		]]></document>
	<document><![CDATA[“@username: @username ICV es mou entre la ignorància, el cinisme i la demagògia.”Repeteixen clixés. No els queda ni un telenotícies!		]]></document>
	<document><![CDATA[“@username: Madre mía!Pero de dónde han sacado a esta tía de Podem que está en el .CAT??Joder!" Espero que no els voti ningú fan pena!		]]></document>
	<document><![CDATA[“@username: ICV continua amb el seu odi malaltís cap a Artur Mas. #EfecteGrèciaTV3” si, que s'ho facin mirar. No tenen idees.		]]></document>
	<document><![CDATA[#EfecteGrèciaTV3 la de Podemos encara es pitjor que el d'ICV. l'Arrufat fa honor al cognom...Ai, em venen ganes de posar-m'hi, són + dolents		]]></document>
	<document><![CDATA[“@username:"Hem de fer fora el Samaras català, que és Artur Mas"@username a #EfecteGrèciaTV3 quina fixació amb Mas! Tenen un problema		]]></document>
	<document><![CDATA[#EfecteGrèciaTV3 si el problema es Mas, han d'anar al psiquiatra. Ara s'hi afegeix el del PSC!		]]></document>
	<document><![CDATA[“@username: @username @username @username els d'ICV siguin rucs. Tenen descaradament la vista ficada a Madrid.”potser si ...		]]></document>
	<document><![CDATA[“@username: Grandís @username:"Si cal, poseu-vos guants" http://t.co/qFbSG0OdUR via @username” ENORME!!!! Gràcies Jofre!”total acord!		]]></document>
	<document><![CDATA[“@username: @username. Decenas de miles de españoles gritan con Podemos el 'Tic-tac' del cambio" los catalanes juntamos millones!!		]]></document>
	<document><![CDATA[“@username: Álvaro:"Les elits catalanes consideren Mas un empestat"No en tinc cap dubte i les escanyoles també!” X a mi #MasElMillorPresident		]]></document>
	<document><![CDATA[“@username:de lunes a jueves,esperamos la llegada de Wyoming,para combatir la nada restante.”en Cat Tenemos TV3!????		]]></document>
	<document><![CDATA[“@username: En un día aciago para el periodismo responsable, nos deja una figura clave de la Transición " y heredero del fascismo! ????????????		]]></document>
	<document><![CDATA[“@username: ERC torna a prioritzar l'eix esquerra-dreta i els tripartits. Qui vulgui la independència --->> ”#LlistadePaís		]]></document>
	<document><![CDATA[“@username: Gentuza http://t.co/x9Z61OUBHQ” això es apologia de la violència! Justícia!		]]></document>
	<document><![CDATA[“@username:Podemos convoca 250 autobusos a Madrid provinents de tota Espanya... Ui si.”Ignoren el que no els agrada ..I els caurà al damunt!		]]></document>
	<document><![CDATA[@username @username muy bien observado		]]></document>
	<document><![CDATA[“@username: Partido "Podemos" realiza multitudinaria marcha en Madrid" a todo le llaman 'multitudinàrio' en Catalunya eramos 1800000 ????????????		]]></document>
	<document><![CDATA[“@username:Una imagen vale más que mil palabras. #EsAhora31E Gracias a tod@username que lo habéis hecho posible" para los CAT eso són 4 gatos????????		]]></document>
	<document><![CDATA[“@username: El sobiranisme deixa en evidència Podemos http://t.co/oqK12fwpK9 #ProuEspoli #27s2015 #Catalunya #NouPaís”????????????????????????		]]></document>
	<document><![CDATA[“@username: Una marea humana inunda Madrid pidiendo el cambio prometido por Podemos" marea humana? En Catalunya fuimos 1.800.000!!!		]]></document>
	<document><![CDATA[“@username: "Rajoy que empiece a hacer las maletas" (VÍDEO) Por @username y @username " por esta regla en CAT somos independientes en 2015		]]></document>
	<document><![CDATA[“@username: @username A i m'agradaria que els #catalans haguessim salvat el #president” No han estat els catalans, sinó els concursants ????????		]]></document>
	<document><![CDATA[“@username: Condició que ha posat Ciu a Podemos per seguir sortint en mitjans del Regim:
Que demani perdó publicament a Fernández" ????		]]></document>
	<document><![CDATA[“@username: @username @username un  Els concursants trien la resposta però l'enquesta està feta fora plató.”ostres! Fa vergonya!		]]></document>
	<document><![CDATA[“@username: Vosaltres on voldríeu tornar a néixer? #comsomtv3”jo a Catalunya, sense dubtar-ho un segon i he vist mon!		]]></document>
	<document><![CDATA[@username @username es una vergonya!		]]></document>
	<document><![CDATA[“@username: El PP no vota contra la corrupción en Valencia porque "no hay que prevenir lo que no existe"
 Da vergüenza solo verlos!		]]></document>
	<document><![CDATA[“@username: Atenció que Madrid Pablo Iglesias diu que Madrid hem de Madrid recuperar el Madrid  Madrid pero Madrid Madrid.” Booooooo!		]]></document>
	<document><![CDATA[“@username: '‘Boss’, Care Santos sobre José Manuel Lara Bosch http://t.co/6nZaUHrXkg” increïble ...		]]></document>
	<document><![CDATA[“@username:El monòleg és en castellà perquè la idea és k algú de fora ens explica perquè voldria néixer a Catalunya. #ComSomTV3”#jovotoMas		]]></document>
	<document><![CDATA[“@username: Encuentra las 7 diferencias entre dirigentes políticos manifestándose #EsAhora31E http://t.co/tG9ygRx6Ii”la coleta?		]]></document>
	<document><![CDATA[“@username: Per constitucions que no quedi  https://t.co/fz6upvMo6h” ;-)		]]></document>
	<document><![CDATA[“@username: Nombre de Rajoy en varios idiomas 
 #L6Nmarchapodemos
#L6Ncorrupción  
 http://t.co/rCKfF0gWeH”boooooooooo!		]]></document>
	<document><![CDATA[“@username:Ens acomiadem de la Sònia i el Jesús, mengeu-vos les pomes amb moderació. Molta sort! #ComSomTV3” quina M de programa #jovotoMas		]]></document>
	<document><![CDATA[@username @username pues si por 300.000 ponen bombas, imaginate como nos estan machacando a los catalanes, que salimos 1.800.000		]]></document>
	<document><![CDATA[“@username: Discurso completo de Pablo Iglesias en la Puerta de Sol | Podemos Pablo Iglesias http://t.co/5Oq9Jz5Mry”baggghhhhh,!		]]></document>
	<document><![CDATA[@username @username seguro que las ha els cambiado!		]]></document>
	<document><![CDATA[“@username:no volíem confonguéssiu #ComSomTV3 amb  debat seriós 1a pregunta va de pets.”en aquests moments hi ha coses que no fan gracia!		]]></document>
	<document><![CDATA[“@username: "@username: Ferran, català 22 anys a manifestació Podem: "Veig més possibilitats de canvi aquí que a Barcelona”pobret!		]]></document>
	<document><![CDATA[“@username: Rajoy:“NO lograrán PODER pintando una ESPAÑA negra"http://t.co/rbRto1j4AF” no saben hacer otra cosa. Se repiten cansinamente		]]></document>
	<document><![CDATA[“@username: Lo de la comisión trae cola by Ferreres http://t.co/9uRSJRKqPx”Queralt, tens una fixació amb Mas i CiU. Relaxa't !		]]></document>
	<document><![CDATA[“@username: . @username (@username):"L'objectiu no és guanyar les eleccions; l'objectiu és canviar el país” ja, ja!		]]></document>
	<document><![CDATA[“@username: Pablo Iglesias,a la multitud concentrada en Sol: "Podemos soñar, podemos vencer"  https://t.co/sbeL9pjbeh”no diuen res,buit		]]></document>
	<document><![CDATA[“@username:#TicTacTicTac Desde la Cibeles a la Moncloa
 http://t.co/idTu8OacR4 http://t.co/HfCcE4sq0e”volen el mateix que tots: el poder		]]></document>
	<document><![CDATA[“@username: hem finiquitat el mes de gener del 2015. Espero que el mes de febrer em porti més bones vibracions.”segur!1.800.000 VS 100.000????		]]></document>
	<document><![CDATA[“@username: Jo vull un pais nou, per fer el que ens proposa el Sr. Vidal, m'en torno a casa.”es x anar fent boca, obrir discussió, ja va bé!		]]></document>
	<document><![CDATA[“@username:vergüenza Ayuntamiento #Hospitalet apoye congreso taurino y Alcaldesa @username inaugure. #latorturanoescultura”es el PSC!		]]></document>
	<document><![CDATA[“@username:p Sanchez "el PSOE es un partido republicano" http://t.co/T5BfcfvHNT” pena de políticos!Todavia no saben que hay camaras?		]]></document>
	<document><![CDATA[“#Syriza contrata al exbanco de Rato x que les asesore con la deuda griega http://t.co/mXULYg3wIn http://t.co/X8Djqkavif”quina pudorrrrr!		]]></document>
	<document><![CDATA[“@username: Es pon el Sol.”jaaaa? Es cap a les 18:30 ...		]]></document>
	<document><![CDATA[“@username: L' #11s VS #31e 
#coherència http://t.co/hnzSbn9Z3d” no es mas k un problema personal del @username, que se lo mire ????????????		]]></document>
	<document><![CDATA[“@username: @username 
Nadie te acosa! No seas demagogo!
Estamos destapando que detrás de ese rostro se esconde un Fascista”????????????????????		]]></document>
</author>