<?xml version="1.0" encoding="UTF-8" standalone="no"?><author id="user571">
	<document><![CDATA[China, la guerra civil y como se convirtió en la República Comunista China #ApuntesHUC		]]></document>
	<document><![CDATA[Alugnxs "peleandose" en tuiteer en vez de poner atención a la clase ¬¬		]]></document>
	<document><![CDATA[Chile, Videla y los antecedentes del golpe del Estado #ApuntesHUC		]]></document>
	<document><![CDATA[Para hablar de Bosnia durante la Guerra Fría hay que hablar de Yugoslavia, Tito y los no alineados #ApuntesHUC		]]></document>
	<document><![CDATA[Acabose la actividad. Stalkearé algunxs al rato. Jijijiji		]]></document>
	<document><![CDATA[¿Soy la única q se siente cuasiofendida cuando un "vieneviene" te "echa aguas" al estacionarte y el espacio no implica + d 2 movimientos?		]]></document>
	<document><![CDATA[Ya me dio hambre, otra vez.		]]></document>
	<document><![CDATA[Oiga pajaritos, hasta al reír me duele la garganta. Soy una combinación entre gallo Claudio y Pulgoso. u.u ????		]]></document>
	<document><![CDATA[Aaah pero ¿quién anduvo grite y grite el miércoles y ayer dio clases pretendiendo que no traía la garganta lastimada?		]]></document>
	<document><![CDATA[Dilema: o me muero de calor, o sigo escuchando la radio de mi vecinx que está a una cuadra del depto.		]]></document>
	<document><![CDATA[¿será que mi vecinx me sigue? ya apagó su chingadera.		]]></document>
	<document><![CDATA[Mañana se proyecta el documental #GeografíadelDolor en Madero 836 a las 7:00pm -  http://t.co/10ZdDjTgsx		]]></document>
	<document><![CDATA[Me estoy tomando un descanso antes de continuar con tareas, peeeero para continuar tengo dilema si copa de tinto o bebida energetizante. Jmm		]]></document>
	<document><![CDATA[@username ¿quieres parecer bato? Es que tus ojos te delatan, linda.		]]></document>
	<document><![CDATA[@username ah, bueno. Ok. Pues, kind of, pero yo vi la foto y dije "es Puchubu" y pos…		]]></document>
	<document><![CDATA[Por no comentar mi dilema, estoy tomando vino y ya me relajé ya no quiero hacer ni madres, ya me dio sueño. -.-		]]></document>
	<document><![CDATA[Y me faltan hacer tres lecturas, con sus reseñas y sus aportes al proyecto de intervencioZZzzzzzzzzzzzzzz		]]></document>
	<document><![CDATA[Seres q ladran histéricamente dsd q me oyen entrar x la puerta del edificio, cn los demás hasta la pta del depto ???? http://t.co/1cEXRMyiKB		]]></document>
	<document><![CDATA[Alguien dijo "frijoles de la olla" y se me antojaron.  ñam		]]></document>
	<document><![CDATA[Gente que se duerme durante la aplicación de examen		]]></document>
	<document><![CDATA[De la pérdida memoria y qué hueva las conversaciones de estos docentes		]]></document>
	<document><![CDATA[Preciso desayuno ASAP :/		]]></document>
	<document><![CDATA[@username oye, y si los llevas a @username		]]></document>
	<document><![CDATA[Una con hambre y gente tuiteando sobre tacos de barbacoa ????		]]></document>
	<document><![CDATA[Típico que ya te quieres ir y un alguien decide tardarse más de lo acostumbrado just 4 fun		]]></document>
	<document><![CDATA[Cafés que sirven para dormir		]]></document>
	<document><![CDATA[Supongo q las similitudes entre estos 2 videos son mera coincidencia ¿vdd? http://t.co/zzSFQzaxxT  http://t.co/RggQTDns5O		]]></document>
	<document><![CDATA[Digo, no creo q la CEDHQ haya pirateado la idea a @username
http://t.co/GYsbw5PYuD		]]></document>
	<document><![CDATA[Uno de los videos que más me gusta sobre la Historia de los DH (con sus detalles) tiene nexos con la cienciología y pos no, así no		]]></document>
	<document><![CDATA[RT @username: Ejecutan a 5 en Chihuahua; son ajustes entre grupos: PGR
 http://t.co/cXvou74aiF // as always…		]]></document>
	<document><![CDATA[@username me acordé justo cuando estuvimos afuera de ese lugar, después de visitar a Raúl		]]></document>
	<document><![CDATA[explicar fenomenología a chicos de 1er semestre		]]></document>
	<document><![CDATA[Mario y Fernando son integrantes de la Tribu Yaqui. Fueron detenidos el 11 y el 23 de sep http://t.co/pg4jwmMVyy		]]></document>
	<document><![CDATA[¿Soy la única que ve algo terriblemente mal en este tuit? https://t.co/TVTUNwqxMD		]]></document>
	<document><![CDATA[Soy testigo de acoso estudiantil a docente por medio de las redes sociales. u.u		]]></document>
	<document><![CDATA[Qué padre las discusiones sobre temas importantes, no tan padre que las hagan en la salas de silencio de la biblioteca. ¬¬		]]></document>
	<document><![CDATA[¿y el respeto al silencio ajeno?		]]></document>
	<document><![CDATA[Yo le añadiría "únicamente"		]]></document>
	<document><![CDATA[Noches en vela, días largos y cortos al tiempo, café y otros estimulantes, ¿todo para enderezar el rumbo?		]]></document>
	<document><![CDATA[@username qué romántico		]]></document>
	<document><![CDATA[Llevo dos pinches horas buscando un puto documento y ya me pinches harté. 

Tengo hambre.		]]></document>
	<document><![CDATA[Martha Sofía deja de acosar a Puchubu		]]></document>
	<document><![CDATA[Hace poco más de 9 meses tuve una cirugía y ahorita el cuerpo me duele como los primeros días dsp de. ¿Es normal?		]]></document>
	<document><![CDATA[De Foros de la Ciencias de la Felicidad… y de acarreos académicos 

Mñe.		]]></document>
	<document><![CDATA[El cuerpo como espacio de disidencia http://t.co/Lkcma3WpS6		]]></document>
	<document><![CDATA[:D Feliz feliz feliz como una lombriz :D http://t.co/nKRWA4nuPY		]]></document>
	<document><![CDATA[Oye @username me llegó un rumorsillo sobre ti, la universidad y Arqui ¿todo bien?		]]></document>
	<document><![CDATA[Ayer me hicieron la pregunta del millón… http://t.co/zcTSKIi64J		]]></document>
	<document><![CDATA[RT @username: Senado autoriza salida de elementos de la Armada de México http://t.co/E3FMoWgv13 // ¿y entrenamiento en DH, cuándo?		]]></document>
	<document><![CDATA[Gerardo desconfía de mí. u.u		]]></document>
	<document><![CDATA[Por eso lo amo. :* <3		]]></document>
	<document><![CDATA[@username claro		]]></document>
	<document><![CDATA[@username ya. Gracias :)		]]></document>
	<document><![CDATA[Escuchar una canción conocida, encontrarlos en @username y recordar cdo @username estuvo en el AI FEST cc @username :) http://t.co/eDU5toF25V		]]></document>
	<document><![CDATA[Dime que esas palabras no son tuyas, dime que no descubres tu ignorancia, dime que no reniegas de quienes luchan por una país mejor…		]]></document>
	<document><![CDATA[Dime que sabes que cuando la gente sale a la calle para demostrar su hartazgo y presionar a los que se creen intocables…		]]></document>
	<document><![CDATA[dime que comprendes que quienes salen y toman la calle, muchos lo hacen para no tomar las armas…		]]></document>
	<document><![CDATA[dime que ves más allá de tu burbuja y que tus palabras no son reflejo de tu comodidad y apatía		]]></document>
	<document><![CDATA[dime que no son esas tus palabras, dime que no te refieres de manera despectiva a este suelo y a esta gente…		]]></document>
	<document><![CDATA[dime q no utilizas las palabras q usan otros para insultarte, p/insultar este país q se desquebraja ante nuestros ojos, q clama por justicia		]]></document>
	<document><![CDATA[Dime que no te violentas con esas letras, dime que no son tuyas. Dímelo, porque las leo y me hieren…		]]></document>
	<document><![CDATA[Dímelo, porque me niego a creer que son tuyas, y que las has escrito… dímelo, porque la esperanza se me escapa como el agua de las manos…		]]></document>
	<document><![CDATA[Y alguna vez, en algún momento, tu mirada y la mía se cruzaron, y la esperanza vibraba, movía… dime que esas palabras no son tuyas.		]]></document>
	<document><![CDATA[Tuiter, hoy andas de un sabequémodo y yo ando de un sabequémodo también. Tanta sepaquémodez no está bien.

Noches.		]]></document>
	<document><![CDATA[¿alguien ha visto a @username ? tengo un negocio que proponerle :)		]]></document>
	<document><![CDATA[Iba tan bien mi día trabajoso, hasta que entré  a checar mi TL 

Bale berga la bida 

>.<		]]></document>
	<document><![CDATA[Por otro lado, qué ñoños son mis compañeros de ciberculturas. u.u		]]></document>
	<document><![CDATA[Con cariño para mis plebes de HUC http://t.co/DqgyQKhHid :D (ya no es tan actual, xq cambiarion paises peeero pos da idea) :D		]]></document>
	<document><![CDATA[Sémaforos apagados en Av Sierra de Mazamitla cruce con Av Valle de Atemajac. No agentes viales. @username @username		]]></document>
	<document><![CDATA[Facebook como herramienta pedagógica y mediación para el aprendizaje significativo. 

¿Quién ñoñea?		]]></document>
	<document><![CDATA[@username nooo! Es parte de mi proyecto de intervención para la obtención de grado de maistra en gestión del conocimiento		]]></document>
	<document><![CDATA[Gente q cree que las redes sociales no son herramientas para el aprendizaje. Gente de poca fe. u.u		]]></document>
	<document><![CDATA[Como internacionalista, creo, me enseñaron a hacer conexiones, relacionar y analizar situaciones, fenómenos y otros q parecen no tener.		]]></document>
	<document><![CDATA[Y horita con la Gestión del conocimiento y las ciberculturas y demás, pos más.		]]></document>
	<document><![CDATA[Hoy, no sé cuantas veces contesté "no sé, depende de tu justificación" a la pregunta "Miss ¿está bien esta respuesta?"		]]></document>
	<document><![CDATA[No sabemos xq  @username está haciendo esas declaraciones: Alumnos d...: http://t.co/IRKamU8VRv via @username  // :/		]]></document>
	<document><![CDATA[¿Por qué matar la esperanza?¿Para qué?¿de qué sirve "aceptar" la muerte y ahogar el anhelo de ver con vida al ser que amas?		]]></document>
	<document><![CDATA[Violencia de Género y Reparaciones. Panorama hemisférico a 20 años d la adopción d Convención Belem do Pará https://t.co/b9iEyUSf2W		]]></document>
	<document><![CDATA[RT @username: Alumno de  #UdeG q acudió al Cervantino murió tras caer y golpearse la cabeza: PGJE - http://t.co/03ma2qfMiA // MAMAN!!		]]></document>
	<document><![CDATA[este tl está on fire, ON FIRE. 

me abruma un poco. :D:		]]></document>
	<document><![CDATA[¡No pararemos HASTA ENCONTRARLOS!

#EPNBringThemBack #RegrésalosEPN #AyotzinapaSomosTodxs		]]></document>
	<document><![CDATA[La esperanza y la indignación de la mano. ¡Nos faltan 43! ¡Vivos se los llevaron! ¡Vivos los queremos! #RegrésalosEPN #EPNBringThemBack		]]></document>
	<document><![CDATA[@username ooots un montón.		]]></document>
	<document><![CDATA[@username solo 2 cosas q me llevan a la misma conclusión. Hay estudios q demuestran q poco se aprende a ser ciudadanx en el aula…		]]></document>
	<document><![CDATA[@username cmo persona q se moviliza y q tmb cree en la educación. Ser ciudadanx,luchar x la justicia se aprende en la calle,movilizándose		]]></document>
	<document><![CDATA[@username aprendizaje situado, que le llaman.		]]></document>
	<document><![CDATA[Ayer leía un estudio realizado en Reino Unido sobre el aprendizaje cívico y la construcción de ciudadanía en las y los jóvenes…		]]></document>
	<document><![CDATA[Básicamente concluye que las y los estudiantes q participan en asambleas, voluntariado, grupos estudiantiles es más probable q participen…		]]></document>
	<document><![CDATA[Activamente cmo ciudadanxs en  futuro. Que a mayor cantidad de clases y contenidos de ciencias sociales, menor es el incentivo a participar.		]]></document>
	<document><![CDATA[Me dio el ataque y a la vez no. El reto es: ¿cómo hacer q las clases sean más contextualizadas y propicien el aprendizaje situado?		]]></document>
	<document><![CDATA[Pero ps está complejo ese pedo,xq muchas materias están cargadas a teoría/memorización y pca reflexión del contexto,q decir d salir del aula		]]></document>
	<document><![CDATA[@username es que no se de cuál Albert me hablas. Apellido?		]]></document>
	<document><![CDATA[@username sip. Está en inglés.		]]></document>
	<document><![CDATA[@username creo que sí. Hicimos un ejercicio me parece.		]]></document>
	<document><![CDATA[Por cierto, hoy fui al ITESO al pase de lista d los normalistas y me dio mucho gusto ver a 1 ex alumna, de la 1ª generación q di clase :')		]]></document>
	<document><![CDATA[Al saludarla se me cerró la garganta y así. 

Cómo quiere una a esa gente. 

No imagino a los profes de los 43 normalistas. :(		]]></document>
	<document><![CDATA["43 estudiantes es casi 1 generación del ITESO" Dijeron. No pude más q imaginar a mis colegas de RI.  Flashback oscurecido x la desaparición		]]></document>
	<document><![CDATA[El cuero se me enchinó. Los ojos conteniendo agua. Los dientes apretados. 
¡Vivos se los llevaron! ¡Vivos los queremos! #EPNBringThemBack		]]></document>
	<document><![CDATA[RT @username: Marcha FEU. Parque Revolución. http://t.co/bwrxuG2XpW

cc @username @username @username		]]></document>
	<document><![CDATA[@username @username @username  Noo está dando la vuelta en twitter :3 les amo!! :D		]]></document>
</author>