<?xml version="1.0" encoding="UTF-8" standalone="no"?><author id="user62">
	<document><![CDATA[@username Tranquila, ya están cerradas y los votos contabilizados. Mañana anunciamos los nombres!		]]></document>
	<document><![CDATA[Las votaciones están cerradas. Hemos contabilizado y mañana diremos los nombres de los ganadores. ¡Gracias a todos!		]]></document>
	<document><![CDATA[@username Cuando dices que no te deja, ¿a qué te refieres? Si en tu perfil te da la opción de incluir el telf., ya tienes la última versión.		]]></document>
	<document><![CDATA[Hoy ¡10.000 personas estarán con @username! Gracias a Placeband podrás decirle a tus amigos dónde estás. Fácil :) http://t.co/PUsl4nLg		]]></document>
	<document><![CDATA[@username En un ratito, ya queda poco, ¡prometido!		]]></document>
	<document><![CDATA[Aquí están los ganadores del concurso. ENHORABUENA. En facebook todas las instrucciones a seguir. ¡Gracias a todos!  http://t.co/fdtHHIFQ		]]></document>
	<document><![CDATA[@username Hola. Estamos en fase beta y por lo tanto disponible sólo en Android. Desde el iPhone no puedes descargártela, lo sentimos.		]]></document>
	<document><![CDATA[2ª SORPRESA PLACEBAND. Los 100 primeros que hagan PlaceYou! en el concierto, una vez entren al recinto, ¡tendrán foto con @username!		]]></document>
	<document><![CDATA[@username ¡Una vez dentro! Sabemos a qué hora abren puertas, así que no merece la pena que se haga antes :) Muchas gracias por ser Placeband		]]></document>
	<document><![CDATA[@username Hola Cristina. Si no nos das más info no podemos ayudarte.		]]></document>
	<document><![CDATA[@username Lo sabremos nosotros con el listado PlaceYou! Recuerda:son los 100 que hagan check-in en Placeband,no los 100 primeros en entrar		]]></document>
	<document><![CDATA[@username Ya están publicados, ¿lo has visto? No queremos infartos esta noche ;)		]]></document>
	<document><![CDATA[@username En esta primera fase beta es solo para quienes vayan al concierto. Como las tortugas, ¡vamos avanzando pasito a pasito! ;)		]]></document>
	<document><![CDATA[Nuestro #FF para @username por creer en nosotros y para todas las TORTUGAS por estar ahí. ¡Sois increíbles!		]]></document>
	<document><![CDATA[Recordamos que podrán disfrutar de las #sorpresasPlaceband sólo quienes estén en el concierto de @username y hagan PlaceYou! (Check-in).		]]></document>
	<document><![CDATA[@username Hola. Si eres una de las ganadoras envíanos un privado con el nombre con el que participaste en Facebook.		]]></document>
	<document><![CDATA[@username El check-in (PlaceYou!) se hace una vez se entre al recinto :)		]]></document>
	<document><![CDATA[:) RT @username: Desde antes de las 10 de la mañana las tortugas hacen cola para ver a @username en Vistalegre!! http://t.co/B8Y2i9Sb		]]></document>
	<document><![CDATA[¡Os estamos esperando! Recuerda: haz PlaceYou :)RT @username: Mis tortuguitas esperando para entrar :-) @username http://t.co/Y6FS5XFY		]]></document>
	<document><![CDATA[Recuerda: 2ª SORPRESA. Los 100 primeros que hagan PlaceYou! en el concierto, una vez entren al recinto, ¡tendrán foto con @username!		]]></document>
	<document><![CDATA[¡Muy buen consejo! ;) RT @username: @username @username mucha suerte esta noche. @username ya sabes!!!! place you.		]]></document>
	<document><![CDATA[¿Cómo estaba la plaza? ¡Ambientazo! @username @username http://t.co/Q8YiU577		]]></document>
	<document><![CDATA[Los chicos de @username acaban de preguntar al público en un vídeo: ‘¿Has hecho PlaceYou? Yo de ti lo haría YA’ :)		]]></document>
	<document><![CDATA[@username @username ¡Qué bien que nos des las gracias! ¿El motivo? ;)		]]></document>
	<document><![CDATA[Jorge, de @username, acaba de llamar por teléfono a Marta, usuaria de @username, para que vea el final desde el escenario!		]]></document>
	<document><![CDATA[Marta ha recibido la llamada de @username por haber dejado su teléfono en Placeband! Está encantada en el escenario http://t.co/G1rNXlIs		]]></document>
	<document><![CDATA[:D Gracias a vosotros RT @username: @username nos habéis ENCANTADO! La próxima vez queremos salir nosotros al escenario! Genial #app		]]></document>
	<document><![CDATA[Y esta primera ‘noche Placeband’ damos las gracias a @username, a la que nombramos beta-tester number one. ¡Gracias por tu seguimiento!		]]></document>
	<document><![CDATA[@username Gracias por el comentario. Lo tendremos en cuenta para futuras acciones.		]]></document>
	<document><![CDATA[@username @username Ha probado la app y nos ha ido informando de cómo iba funcionando. ¡En esta fase beta lo agradecemos mucho!		]]></document>
	<document><![CDATA[Mirad lo que enseñó Jorge anoche a todo el público,escrito de su puño y letra.¡Qué grandes los chicos de @username! http://t.co/xCIs9YFm		]]></document>
	<document><![CDATA[@username Podrás ver tu foto con @username en unos días en nuestro perfil de Facebook. Han quedado muy chulas. http://t.co/YbKq60pj		]]></document>
	<document><![CDATA[@username Gracias por tu recomendación, tú sí que sabes ;)		]]></document>
	<document><![CDATA[Apenas han pasado 24 horas y ya les echamos de menos. ¡@username se despidió a lo grande!  http://t.co/PTquYq5x		]]></document>
	<document><![CDATA[“Pase lo que pase, has de continuar y confiar en que todavía no conoces lo mejor de ti, porque eso siempre está por llegar”. @username		]]></document>
	<document><![CDATA[@username Genial crónica, nos ha gustado mucho y gracias por la mención. También deseamos lo mejor a @username. ¡Un abrazo!		]]></document>
	<document><![CDATA[“Puede que aún no sepas lo que vales pero es mucho más de lo que te imaginas. Pero no mires muy lejos. Mira dentro de ti”. @username		]]></document>
	<document><![CDATA[¡Igualmente! Gracias por el detalle y Felices Fiestas :) RT @username: @username @username feliz navidad		]]></document>
	<document><![CDATA[Se acerca la #Navidad y la celebramos compartiendo esta canción de @username. "Mi mayor regalo esta noche eres tú". http://t.co/tU9YFoa7		]]></document>
	<document><![CDATA[Hoy hablan de nosotros en la prensa. ¡Qué gran regalo de Navidad! :) Vía @username  cc @username @username  http://t.co/ju5p8aD6		]]></document>
	<document><![CDATA[Viendo las fotos que los ganadores del concurso @username se hicieron con @username. ¡Salís muy guapos! Pronto en nuestro Facebook.		]]></document>
	<document><![CDATA[¿Fuiste ganador del concurso Placeband? ¿Te hiciste una foto con @username? Aquí tienes el álbum. ¡Etiquétate! http://t.co/uWDmg0PY		]]></document>
	<document><![CDATA[@username ¡Aquí las tienes! :) http://t.co/uWDmg0PY		]]></document>
	<document><![CDATA[@username Querida Cristina, aquí las tienes :) http://t.co/uWDmg0PY		]]></document>
	<document><![CDATA[@username Qué bien, ¡gracias por el interés! Para cualquier info que queráis sólo tenéis que silbar :)		]]></document>
	<document><![CDATA[Nace CHURCHIFY: la herramienta definitiva para mejorar tus experiencias religiosas. Haz AmenYOU! http://t.co/YbKq60pj  http://t.co/HZLM6LNM		]]></document>
	<document><![CDATA[¡Sí! Además de verdad. RT @username: Ay, pero qué geniales son las fotos de @username. ¡Salimos todos fantásticos! ¿Sí o no? :)))		]]></document>
	<document><![CDATA[¡Cómo mola! #FF para ti también :) RT @username: #FF a la persona que más quiero en Twitter @username #TuitUtil http://t.co/eLIInB38		]]></document>
	<document><![CDATA["Ven, que yo de buenos te hablaré". Así será 2013, lleno de buenos proyectos. ¿Te vienes a Placeband? ¡Feliz año! http://t.co/qRwVPwQu		]]></document>
	<document><![CDATA[@username ¡Yuyu no! Te hemos enviado un privado. Feliz 2013 :)		]]></document>
	<document><![CDATA[Queridos Reyes Magos: ¡Mucha #música en directo para 2013!  http://t.co/Ov4aPbwa		]]></document>
	<document><![CDATA[Leemos en la web de @username que lanzan nuevo disco el 5 de febrero. ¡Pronto en Placeband! http://t.co/OzlWkAum		]]></document>
	<document><![CDATA[Leemos en la web de @username que lanzan nuevo disco el 5 de febrero. ¡Queremos que sean una banda Placeband! http://t.co/OzlWkAum		]]></document>
	<document><![CDATA[Mucha suerte para @username que presenta hoy a @username como uno de los proyectos ganadores de @username. #happy :)		]]></document>
	<document><![CDATA[@username Cuidadlo bien porque @username es nuestra cabecita pensante. ¡Saludos!		]]></document>
	<document><![CDATA[@username ¡Muchas gracias! Y enhorabuena también al resto. @username @username @username		]]></document>
	<document><![CDATA[@username @username @username ¡Gracias! Seguiremos y con muchas ganas.		]]></document>
	<document><![CDATA[¡Gracias! RT @username: Ray de @username recibiendo el premio emprendedor del mes del @username . Enhorabuena!!!! http://t.co/eBVjzsiE		]]></document>
	<document><![CDATA[@username Hola. Te enviamos un privado con el email de contacto para solucionar dudas. ¿Lo recibiste? Ellos podrán atenderte. ¡Saludos!		]]></document>
	<document><![CDATA[Buenas noticias: @username, creador de @username, ¡recibe otro premio! #EMPRENDEDOR DEL MES por @username  http://t.co/3pfwc0Z0		]]></document>
	<document><![CDATA[@username Pues no lo han recibido. Si nos das tu email en un privado te escribimos nosotros.		]]></document>
	<document><![CDATA[RT @username: #EurekaNews: Ceremonia de entrega de premios @username 2012 http://t.co/DFWVvhVJ @username Nueva forma de vivir...		]]></document>
	<document><![CDATA[@username Mil gracias!		]]></document>
	<document><![CDATA[¿Os habéis tomado ya el café? Keep calm & Rock on!  http://t.co/DZFeGAsS		]]></document>
	<document><![CDATA[Dijo Wagner que la imaginación crea la realidad. Richard...¡cómo hubieras disfrutado compartiendo tu arte en Placeband! http://t.co/lc8zBlEQ		]]></document>
	<document><![CDATA[¿Han visto ustedes el cartel del @username? ¡Vaya festival! #PS13 http://t.co/oMXbj5IX		]]></document>
	<document><![CDATA[Nuestra enhorabuena a los ganadores de los PREMIOS @username. Crónica, vídeos, fotos... todo en este enlace. http://t.co/fmPfCJbr		]]></document>
	<document><![CDATA[Según la revista @username, estas son las mejores portadas de discos de la historia. ¿Cuál es tu favorita? http://t.co/nRb0RQC3 #música		]]></document>
	<document><![CDATA[¿Conoces a nuestro equipo? Perdón, ¡equipazo! Aquí seguimos, trabajando duro en nuevas mejoras. cc @username  http://t.co/0LECMK1Z		]]></document>
	<document><![CDATA[¡Bienvenido a los #viernesplaceband! ¿Qué temazo eliges para hoy? Nuestro emperador @username propone... http://t.co/LOvn4SZQ #música		]]></document>
	<document><![CDATA[Mostramos nuestro apoyo a #díacontraelcancer con #música. @username con los niños del Hospital de Sant Joan de Déu http://t.co/BumPo9dd!		]]></document>
	<document><![CDATA[Gran recepción ayer en las jornadas de @username presentando Placeband a los profesionales de la industria de la música. GRACIAS!!		]]></document>
	<document><![CDATA[Sabéis la noticia del día, ¿no? Nuevo disco de @username :) ¡Nos encanta la portada!  http://t.co/7GsOdM7Z		]]></document>
	<document><![CDATA[Hoy nuestra mundialmente conocida diseñadora @username propone "Lonely Boy" de The Black Keys http://t.co/BDtHbF6b  #viernesplaceband		]]></document>
	<document><![CDATA[@username Hola Ricardo. Muchas gracias por compartirla y ¡enhorabuena! Que tengas mucha suerte con #NadaNosSeparará.		]]></document>
	<document><![CDATA[¿Qué canción romántica elegirías para escuchar en un día como hoy? Celebramos #SanTontín ;)		]]></document>
	<document><![CDATA[¿Quién dijo que sólo se puede escuchar a los #BeachBoys en verano? Ya es lunes. C'mon! http://t.co/v6sw0hmd #music		]]></document>
	<document><![CDATA[Wine&Songs: un #vino sometido a escuchas musicales seleccionadas por la directora de @username. ¿Lo catamos? #Yecla  http://t.co/mpFYItSN		]]></document>
	<document><![CDATA[@username @username @username que nos lo digan a nosotros!		]]></document>
	<document><![CDATA[Al prota del vídeo lo conocemos bien... No pasa lo mismo con las millones de personas que padecen #enfermedadesraras http://t.co/XHHeWZkzzg		]]></document>
	<document><![CDATA[¡Deseadnos suerte! RT @username: De nuevo en el tren camino de Madrid. Tres reuniones importantes para @username.		]]></document>
	<document><![CDATA[Hoy, en #viernesplaceband, la reportera más dicharachera del equipo nos pide Lady #Madrid de @username. Enjoy! http://t.co/hqvGzyokyJ		]]></document>
	<document><![CDATA[@username @username El streaming nos está dando problemillas.En qué consiste la herramienta? Placeband es mucho más que el concierto ;)		]]></document>
	<document><![CDATA[@username @username Nos encantará conocer la idea mejor, a ver si ea finalista. ¿Oportunidad de colaborar? ¡Gracias Dani!		]]></document>
	<document><![CDATA[¿A que te suena esta canción? Temazo que canta "La mamá de #África" a la que hoy @username rinde homenaje. http://t.co/J3rMeci0tx #music		]]></document>
	<document><![CDATA[@username @username Hola Santino. La puedes descargar en tu Google Play Store de Android.		]]></document>
	<document><![CDATA[@username @username Por ahora estamos sólo en la plataforma Android; trabajando para estar pronto en iPhone.		]]></document>
	<document><![CDATA[El presidente de #Murcia nos recibe como ganadores del Premio #Emprendedor del mes :) @username en la foto http://t.co/0xIr3eNBuM		]]></document>
	<document><![CDATA[¿Dónde está Placeband? ¡Gracias @username por llevarnos en tu camiseta! Hoy  en @username #emprendedores http://t.co/N9R6fGGlWb		]]></document>
	<document><![CDATA[Seguimos con los #viernesplaceband. Hoy, gran canción con mejor videoclip. ¡Siempre QUEEN! http://t.co/yoUYAestxx @username		]]></document>
	<document><![CDATA["Father and son", la canción de Cat Stevens escribió a su hijo. Aunque ya esté terminando, ¡feliz #diadelpadre! http://t.co/oJiXliCcx4		]]></document>
	<document><![CDATA[Es viernes y es primavera, ¿qué más se puede pedir? Enjoy este #viernesplaceband @username! http://t.co/YCl00DW4fi		]]></document>
	<document><![CDATA[RT @username: Acaba de empezar #LaNocheDeCADENA100. El @username lleno hasta la bandera cantando "Pan y Mantequilla" @username		]]></document>
	<document><![CDATA[Señoras, señores, hoy nos quedamos con el "teaser" de @username. Mañana en @username. http://t.co/2aAeb2zKZY  #viernesplaceband		]]></document>
	<document><![CDATA[Definitivamente enamorados de #Quédate, nuevo tema de @username.  Escúchalo en @username. http://t.co/SUXKp8G3Jp		]]></document>
	<document><![CDATA[¡Llamaremos a Melchor! RT @username: Queridos Reyes Magos, que @username traiga para mi cumple concierto de @username cc @username		]]></document>
	<document><![CDATA[Qué bien nos conoces ;) ¡Gracias por estar ahí! RT @username: @username Qué calladitos estáis... ¿Preparando algo? :D		]]></document>
	<document><![CDATA[¡Enhorabuena! :D RT @username: La estáis liando, estamos en el Nº1 de los TopVideos en http://t.co/RMsSD7tyrU, http://t.co/GTnfbS4Mlb		]]></document>
	<document><![CDATA[Mañana estaremos en una mesa redonda con director Revista @username. ¡Gracias a @username por la invitación! http://t.co/LY87nRxSnb		]]></document>
	<document><![CDATA[Nuestro compañero @username con el director de Revista @username, @username, @username y @username http://t.co/ZBTD8EeOwr		]]></document>
</author>