<?xml version="1.0" encoding="UTF-8" standalone="no"?><author id="user44">
	<document><![CDATA[Diccionari Comentaristas telecinco - Català vol. 6: Esto se pone serio, ya, eh? = Estem una mica cagats #abajolaroja		]]></document>
	<document><![CDATA[A tots els que van comprar teles al mediamarkt esperant que els tornarien els calers, només dir-los-hi: #etfelicitofill		]]></document>
	<document><![CDATA[Diccionari Comentaristas telecinco - Català vol. 7: Es que xavi no ha pillado el tacto al balon = això és cosa del temps...		]]></document>
	<document><![CDATA[Es lesiona el lateral esquerra de nigeria #NGA que substituia el lateral esquerra que s'havia lesionat... #etfelicitofill		]]></document>
	<document><![CDATA[Lcd, enormes. Hot chip, be. 2manydjs, divertit. Carte blanche, pesaos! Sugarhill, be per un rato. La resta no la recordo.		]]></document>
	<document><![CDATA[Tu posam una pantalleta amb animacions al ritme de la musica i jo ja mentretinc		]]></document>
	<document><![CDATA[Acabo de descobrir que girant dues cantonades apareixo al bell mig de la xina... o de l'india... o del senegal... no ho tinc clar...		]]></document>
	<document><![CDATA[@username És que no sabem llegir? He dit a l'india, a la xina o a senega! Quan he mencionat jo París!		]]></document>
	<document><![CDATA[@username (bueno, sí, París...)		]]></document>
	<document><![CDATA[@username és molt pràctica la pàgina que linkes... Va de puta mare penjar l'ordinador!		]]></document>
	<document><![CDATA[I si el que es classifica és Honduras... #hon		]]></document>
	<document><![CDATA[@username "Gaaaaal" por algun chilenismo que desconozco? O un error de teclado?		]]></document>
	<document><![CDATA[Joder @username quereis meter el segundo de una vez por todas? estais fallando lo infallable!		]]></document>
	<document><![CDATA[RT @username: yo viviría nómada entre festivales		]]></document>
	<document><![CDATA[@username Por casualidad no sabrás cuantas veces ha terminado jugando contra 10 el Barcelona está temporada? Y el madrid?		]]></document>
	<document><![CDATA[Explosió de cervell en tres... dos... un...		]]></document>
	<document><![CDATA[Em pregunto si @username encara té opcions matemàtiques de guanyar la porra...		]]></document>
	<document><![CDATA[Realment... la gent d'spotify no poden analitzar els gustos musicals per personalitzar els anuncis? En serio creuen que escoltaré melendi?		]]></document>
	<document><![CDATA[Señoras que simulan subir al bus, pero no.		]]></document>
	<document><![CDATA[@username per favor... que insensible i sòrdid que arribes a ser... ets tota una nova estrella del punk adolescent!		]]></document>
	<document><![CDATA[pero... pero... pero... què és aquesta puta merda de "souvenir"? En què cony s'han transformat mendetz? http://digs.by/cliCrm		]]></document>
	<document><![CDATA[a la fabrica d'humor negre estan amb els forns a tota castanya...		]]></document>
	<document><![CDATA[@username algun altre besaluenc hi ha @username, @username, @username... tot i que estiguem mig dispersos jeje		]]></document>
	<document><![CDATA[Despres del poparb puc afirmar que miki puig no no+ sembla monguer a la tele...		]]></document>
	<document><![CDATA[Algú es queda a dinar a la uni? (de carmanyola no em val) versio 2.0		]]></document>
	<document><![CDATA[Acabo de trobar un plagi dels pinkertones... http://digs.by/bcSwKh  vs http://digs.by/cdcs9T		]]></document>
	<document><![CDATA[@username alex gopher no és el plagiador! son pinkertones!		]]></document>
	<document><![CDATA[Doncs jo no em penso manifestar en favor de l'estatut, no veieu que ens prenen per ximples? Independència o res #estatutfail #adeuespanya		]]></document>
	<document><![CDATA[Catalunya serà nació caps de setmanes alterns i el tercer dimecres de cada mes
#sentenciaperatontos #estatutfail #adeuespanya		]]></document>
	<document><![CDATA[acaba de rebassar el límit psicològic de les 50 pàgines de tèsis! A partir d'ara ja tot és baixada :D		]]></document>
	<document><![CDATA[Els jugadors catalans que la caguin amb la roja podran ser envaits a galeres... #sentenciaperatontos #estatutfail		]]></document>
	<document><![CDATA[@username i @username  podeu parar de fer xists relacionats amb la selecció japonesa i bola de drac!?!? perfavort!		]]></document>
	<document><![CDATA[Cada cop que fem un tweet Déu ens esborra una pàgina de tesis...		]]></document>
	<document><![CDATA[yupi... la paga extra de nadal retallada un 46%... bieeeeeeeeeeen...		]]></document>
	<document><![CDATA[Com pot parlar tan malament en xavier trias? Pronuncia alguna consonant bé?		]]></document>
	<document><![CDATA[Veure Trias dient "extraordinari" és realment sòrdid.		]]></document>
	<document><![CDATA[pero "estratègiques" i "regidors" també tenen una sonoritat peculiar.		]]></document>
	<document><![CDATA[ajuntanent, trencadisses, res, irregular, jugava... Paraules que sonen com mai t'ho hauries imaginat en boca de trias.		]]></document>
	<document><![CDATA[Xudicis! enorme!		]]></document>
	<document><![CDATA[Demà a la tarda, a partir de les 4 de la tarda, gran neteja del pis vell! Tots els que heu col·laborat a enburtar-lo hi esteu convidats!		]]></document>
	<document><![CDATA[@username Doncs el malaventurat logopoeda va fracassar estrepitosament, no cal dir-ho...		]]></document>
	<document><![CDATA[@username porqué en el el yomvi web solo se ven deportes y 40 latino? Como es que no emitís películas?		]]></document>
	<document><![CDATA[@username @username @username @username @username por 
cuanto tiempo?		]]></document>
	<document><![CDATA[RT @username: Collonut que s'hagin petat la #LeySinde perquè acabo de trobar el botó de "BAIXAR-SE TOT INTERNET"		]]></document>
	<document><![CDATA[Un festival que patrocinava un banc on els artistes cridaven consignes en contra dels bancs plega pq els bancs s'enfonsen.  #justiciapoetica		]]></document>
	<document><![CDATA[Cerdanyola poble quillo... i ric! #lotorac1		]]></document>
	<document><![CDATA[38 de les 130 series del numero de la grossa van ser retornades a hisenda anit... A moncloa, zapatero ja s'ha tret la xorra per celebrar-ho		]]></document>
	<document><![CDATA[@username bueno... 17 para ser exactos...		]]></document>
	<document><![CDATA[RT @username: RT @username: ¡Mamá!, ¡mamá!, hay un extraño en el jardín .- "Tranquilo hijo, es Torres, no hace nada...." #humor		]]></document>
	<document><![CDATA[Mundial + gelat + aire condicionat... sona bonic? Doncs afegiu-hi la memòria d'un projecte per redacatar i es transforma en un infern!		]]></document>
	<document><![CDATA[@username lo intentaremos! ;)		]]></document>
	<document><![CDATA[El futbol es un juego dónde se juega 11 contra 11 y ganan los alemanes		]]></document>
	<document><![CDATA[Me'n vaig a supar... espero trobar fotos de Larissa Riquelme nua quan torni a casa...		]]></document>
	<document><![CDATA[Tela amb la tempesta q ha decidit despertar besalú... tela!		]]></document>
	<document><![CDATA[Joé que caló!		]]></document>
	<document><![CDATA[RT @username: Carabanchel, Carabanchel, en tus tierras bailaré <--- xD		]]></document>
	<document><![CDATA[Però mira que atents que son :) RT @username "@username Hola. ¿Necesitas que te ayudemos desde twitter?"		]]></document>
	<document><![CDATA[Tesis escrita!!! :D Ara una mica de corta, pega, pinta y colorea per acabar-li de donar forma i canviar alguna coseta i ja ho tindríem!		]]></document>
	<document><![CDATA[Plat del dia: Amanida de cicuta		]]></document>
	<document><![CDATA[algo se muere en el alma cuando descubres que budweiser patrocina un festival al que vas... #etfelicitofill		]]></document>
	<document><![CDATA[És francament fascinant com el senyor vicBar es pot quedar adormit davant del pc...		]]></document>
	<document><![CDATA[Lo único que vamos a cosneguir es ser lastimados!!!! http://digs.by/dBnWMi		]]></document>
	<document><![CDATA[Los martes son los nuevos viernes! # FF @username A must!		]]></document>
	<document><![CDATA[RT @username: Dissabte mani sota el lema: "som una nació. Tu no, Puyol" <--- xD		]]></document>
	<document><![CDATA[Ep! Que el 5% que a molts us han retallat asegur que ajuda a pagar les primes de Puyol & co!		]]></document>
	<document><![CDATA[Calia que ho celebressiu a canaletes??? ¬¬		]]></document>
	<document><![CDATA[@username la paga la fifa, a través del que recapta a les federacions. I... oh! sopresa! Qui paga a les federacions?		]]></document>
	<document><![CDATA[@username Mi truco para ser moderno es pretender que no quiero ser moderno #FrasesIndieLoewe		]]></document>
	<document><![CDATA[Estar en el Primavera es Superguay, porqué todo te da vueltas... todo son como mariposas... #FrasesIndieLoewe		]]></document>
	<document><![CDATA[El secreto para disfrugar de Animal Collective es estar drogado. Es cursi, pero es así.  #FrasesIndieLoewe		]]></document>
	<document><![CDATA[A veure... tots aquests que dieu "és que jo no barrejo futbol i política", què cony foteu mirant un mundial de seleccions nacionals?		]]></document>
	<document><![CDATA[No és bastant lamentable que un país es paralitzi per tal de veure quin musclo decideix menjar-se un pop?		]]></document>
	<document><![CDATA[RT @username: Això del Pulpo Paul només demostra que si et banyes a la Costa Brava amb un samarreta de 'la Roja' sortiràs amb 14 pops abraçats.		]]></document>
	<document><![CDATA[Prou llestos els del constitucional traient la sentència el dia que tothom es centra en un cefal·lòpode... #sentenciapertontos #estatutfail		]]></document>
	<document><![CDATA[Proposo el cranc com a nou símbol nacional* de catalunya... és que el burro camina endavant, nosaltres sembla que no... #estatutfail		]]></document>
	<document><![CDATA[*ep! I quan dic nacional ho dic sense validesa jurídica! no fos cas! #estatutfail #sentenciaperatontos		]]></document>
	<document><![CDATA[RT @username "Que no nos engañen. Lo que llaman 'céntimo sanitario'... " https://t.co/I6mabye3 Aquest tiu és molt llest!		]]></document>
	<document><![CDATA[@username Eso es que te estás volviendo un buenorro		]]></document>
	<document><![CDATA[Nervis... polèmica... entrenador nou victòria segura... desplaçament complicat... canguelo... Avui el Madrid en fot 7.		]]></document>
	<document><![CDATA["Nervis... polèmica... entrenador nou victòria segura... desplaçament complicat... canguelo... Avui el Madrid en fot 7." <- nyam nyam nyam!!		]]></document>
	<document><![CDATA[@username no saps pas como odio els tuits que acaben amb, "amic". Fotet el paternalisme pel cul! xD Però sí, que a gust... nyam nyam nyam		]]></document>
	<document><![CDATA[@username estàs perdonat, company #bonrollismeodiós		]]></document>
	<document><![CDATA[@username a l'AS tiren més per la línea clàssica de "empate y escandalo". Jo tinc la teoria que a marca el que els mola és cremar-ho tot.		]]></document>
	<document><![CDATA[En dies com avui m'entristeix que no existeixi un IntereconomíaInternacional o un PuntoPeolotaInternacional...		]]></document>
	<document><![CDATA[M'encanta la bipolaritat de la premsa Madrilenya. #a6 #remontadasi		]]></document>
	<document><![CDATA[Em diuen que una massa enfurismada esperarà a Casillas a l'aeroport per penjar-lo a la puerta del sol...		]]></document>
	<document><![CDATA[Estàn a un tris de començar a dir que Valdés és millor que Casillas. Cada cop flipo més!		]]></document>
	<document><![CDATA[Van gaal al plus: El Barcelona ha practicado un futbol fantástico. xD		]]></document>
	<document><![CDATA[@username Fácil! Massa pierde el mundial cuando ya lo está celebrando. De lo mas Jrandioso que ha dado la F1.		]]></document>
	<document><![CDATA[Tothom pendent de si els catalans treien la senyera... I va Pedrito i es despenja amb la bandera independentista canaria! Que gran el nanu!		]]></document>
	<document><![CDATA[Montilla a Rac1: "A la manifestació del 77 hi havia un únic fill conductor". La de dissabte va ser més seguida en el sector dels transports		]]></document>
	<document><![CDATA[Cada cop que algú diu que PSC i PSOE són coses diferents, Déu retalla un trosset més d'estatut		]]></document>
	<document><![CDATA[el #cagatio ho peta		]]></document>
	<document><![CDATA[¿Que el #cagatio ve d'una tradició pagana? doncs encara ho peta més!		]]></document>
	<document><![CDATA[«Deixeu als catalans un fantasma d'Independència. La província aviat serà pacificada» (1812) En el fons som un país molt trist...		]]></document>
	<document><![CDATA[Oh sí! A TVCi no tenen llicencia per pelis, esports i series... Però ara em casquen una peli de Steven Seagal!		]]></document>
	<document><![CDATA[@username @username tras acabar el partido Pedro lo celebró con esta bandera http://digs.by/9GouHU En la web de la fifa hay alguna foto		]]></document>
	<document><![CDATA[Visc en un forn. O en un crematori, encara no ho tinc clar		]]></document>
	<document><![CDATA[@username No proyectan extraterrestre en Francia? :(		]]></document>
	<document><![CDATA[@username Esa es la bandera que digo. Y sí lleva las estrellas, no encuentro una foto clara pero las llevaba. De ayer no vi nada.		]]></document>
</author>