<?xml version="1.0" encoding="UTF-8" standalone="no"?><author id="user309">
	<document><![CDATA[@username Nos acabamos de cruzar...		]]></document>
	<document><![CDATA[Pilar Rubio a El Hormiguero. Pse, ya duraba mucho ese programa. #elángeldelamuerte.		]]></document>
	<document><![CDATA[El dinero lo compra TO-DO.		]]></document>
	<document><![CDATA[Un notario/abogado con tatuajes, pearcings y cresta #noquemenamoro		]]></document>
	<document><![CDATA[Los hombres subliman, las mujeres aman.		]]></document>
	<document><![CDATA[Echo taaanto de menos mi pearcing como filtro para idiotas...		]]></document>
	<document><![CDATA[@username Tranqui, obriran un carril tanc. Estan disenyant els iconets.		]]></document>
	<document><![CDATA[Hi @username Q igual lo de incluir la secuencia de la ducha de Psicosis en un reportaje sobre 'malas de cine' ha sido un poco FAIL :P		]]></document>
	<document><![CDATA[@username mm siii muy sexy! Sobre todo si piensas q prob se haya fabricado por niños en condiciones lamentables @username CampañaRopaLimpia		]]></document>
	<document><![CDATA[Tiempo y distancia. Distancia. Sobre todo distancia.		]]></document>
	<document><![CDATA[@username Igual tiene frío...		]]></document>
	<document><![CDATA[@username Ese mechoncito...		]]></document>
	<document><![CDATA[No te olvides nunca de contestar los mails. Esta muy feo. Casi tanto como tu.		]]></document>
	<document><![CDATA[El pasado es un cuento q nos leemos a nosotros mismos #Her #creo		]]></document>
	<document><![CDATA[#LibellisFF "No digas que fue un sueño" Grande Terenci		]]></document>
	<document><![CDATA[Hubo un tiempo en que Shakira molaba... http://t.co/Scz51IvxbD vía @username		]]></document>
	<document><![CDATA[@username ¿Viendo el Apocalipsis desde tu ventana?		]]></document>
	<document><![CDATA[La gente normal intenta dejar el tabaco, el alcohol o las drogas. Yo voy a intentar dejar el café  #Day0 #Nodoyunduro		]]></document>
	<document><![CDATA[@username @username En catalan, y veo q eres de Madrid, pero es la unica q conozco...		]]></document>
	<document><![CDATA[@username y @username el día q abra la web estará bien...		]]></document>
	<document><![CDATA[El auténtico drama de este siglo son las abuelas aferradas a la eterna promesa de las fotos en papel #niselfieniselfa		]]></document>
	<document><![CDATA[Cuando tengo la tentación de ver una peli en A3, me quedo mirando 7 miutos la pared y se m pasan.		]]></document>
	<document><![CDATA[Day8 del plan para dejar el café.

He triplicado la dosis. 

Day0 again. 

¿Qué? 

Libro de reclamaciones al fondo...		]]></document>
	<document><![CDATA[@username Es tremendo q tengais eventos cuyas entradas haya q recoger en persona, con 1000 documentos y en horario de oficina 1/2		]]></document>
	<document><![CDATA[@username Si no puedes imprimir las entradas en casa, era mejor cuando las comprabamos en la tienda de discos. Todo en un 1 paso.2/2		]]></document>
	<document><![CDATA[@username @username Hay q ser bastante cínico para decir eso.		]]></document>
	<document><![CDATA[Encontrar al hombre de tu vida. Que tenga un taza de #8apellidosvascos. Seguir buscando.		]]></document>
	<document><![CDATA[@username De ahí a q los Reyes Magos le dejen un cheque y un mechero hay un paso...		]]></document>
	<document><![CDATA[Conchita Wurts. Nombre argentino y apellido aleman.		]]></document>
	<document><![CDATA[Yisuscraist ha vuelto para ganar Eurovision.		]]></document>
	<document><![CDATA[Mi madre lleva toda la mañana preocupada por saber cuál ha de ser la tendencia sexual de quien se enamore de Conchita.		]]></document>
	<document><![CDATA[Oju q la asesina se llama Montserrat. Ya vereis como será culpa nuestra...		]]></document>
	<document><![CDATA[@username No. Eso es q estás incubando una gripe o algo. Ya se pasará.		]]></document>
	<document><![CDATA[@username seguro q obligaría al exilio a todas las q pasamos de los 45 kg...		]]></document>
	<document><![CDATA[Despues de Game of Thrones 4x09, no se puede ver una peli de 4 templarios defendiendo un castillito y esperar disfrutarla...		]]></document>
	<document><![CDATA[Como sigamos así, acabamos con la especie https://t.co/7J7uUnPMqZ		]]></document>
	<document><![CDATA[Tienes más peligro q un nacimiento en Downton Abbey.		]]></document>
	<document><![CDATA[@username mira los de ghana celebrando un gol!  http://t.co/7plnYs4Xci		]]></document>
	<document><![CDATA[Que Custo diseñe para Lidl me ha cortocicuiteao el cerebro.		]]></document>
	<document><![CDATA[@username te estas haciendo el selfie alrevés.		]]></document>
	<document><![CDATA[Día 53: el taburete Bösse de IKEA sigue sin salir solo de la caja y montarse a sí mismo.		]]></document>
	<document><![CDATA[Le voy a preguntar a Vargas Llosa qué quiero hacer este puente.		]]></document>
	<document><![CDATA[Cuando la miseria de África contagie a algún blanco empezaremos a buscar su solución.		]]></document>
	<document><![CDATA[@username Los caballitos de mar tb son muy fieles.  Y es curioso pq son animales y no personas.		]]></document>
	<document><![CDATA[@username La noticia sería q se quejase...		]]></document>
	<document><![CDATA[La marca que decidió hacer shorts de la talla 50 se ha cargado en 2 veranos 50 años de apología de la anorexia.		]]></document>
	<document><![CDATA[Hay 2 clases de personas: los q quieren ser queridos y los q quieren ser envidiados.		]]></document>
	<document><![CDATA[Día 68: el taburete Bösse de IKEA sigue ahí. Empiezo a perder la esperanza.		]]></document>
	<document><![CDATA[@username Creo q lo de la independencia es como hacer un TW catalan pero a lo grande... ¡¿A ver si tu eres indepe y no lo sabías?!		]]></document>
	<document><![CDATA[En AHS Asylum a Jessica Lange le pasó con una ardilla lo mismo q a mi con mis gusanitos de seda #DRAMÓN		]]></document>
	<document><![CDATA[Si la gente se abrazase y besase tanto como lo hacen los mafiosos y moteros d bandas en las pelis, el mundo sería mas bonito. Y empalagoso.		]]></document>
	<document><![CDATA[Leo en la Cosmopolitan q si un chico se compra una casa contigo y habla d ser el padre de tus hijos, es q la cosa va en serio. 
SABIDURÍA.		]]></document>
	<document><![CDATA[Un marroquí-catalán en la selección española. Media España va a necesitar pensar muy fuerte para saber si le gusta o no.		]]></document>
	<document><![CDATA[La vida es demasiado corta como para planchar sábanas HOMBRE YA!!		]]></document>
	<document><![CDATA[@username Solidarizándose con los iPhone 5...		]]></document>
	<document><![CDATA[Estoy viendo un programa del corazón en el que como el invitado se esfuerce un poco mas en llorar corre el riesgo de hacerse caca.		]]></document>
	<document><![CDATA[Le he explicado a mi madre -por cuarta vez- cómo reiniciar el router. Creo q ya le suena q el único botón q hay tiene algo q ver.		]]></document>
	<document><![CDATA[Y como toque final a los 40 min. q llevo maquillándome me voy a echar la colonia en spray directa al ojo y saldré a la calle como el Joker.		]]></document>
	<document><![CDATA[@username Pedro Sanchez es un tibio. Y ser tibio es algo terrible.		]]></document>
	<document><![CDATA[Y lo útil q nos ha sido en la vida saber saltar el plinton??		]]></document>
	<document><![CDATA[El día q imputen a Aznar, a Sanchez Camacho o la Espe prometedme q salimos de fiesta, aunq sea un martes.		]]></document>
	<document><![CDATA[Encuentra algo normal  http://t.co/QVjvG2M1i3		]]></document>
	<document><![CDATA[@username ¿Pan tumaca? Me sangran los ojitos...		]]></document>
	<document><![CDATA[@username @username Si nos ponemos a dar abrazos a todos los españoles q no saben escribir bien en castellano, acabamos con agujetas.		]]></document>
	<document><![CDATA[@username #9N #9N2014 #apeudemesa9N #OmplimLesUrnes #9Nalcarrer # http://t.co/7Nl5xfuXap		]]></document>
	<document><![CDATA[Acabo de ver 4 min. de Adán y Eva y ahora quiero independizarme del Ser Humano ????????????		]]></document>
	<document><![CDATA[Lo único más fuerte q el miedo es la esperanza"		]]></document>
	<document><![CDATA[La duquesa en la UCI. #pablemos a punto de perder un voto.		]]></document>
	<document><![CDATA[@username Con lo delgado q t estás quedando, el disfraz de Andro Rey empieza a ser preocupantemente real.		]]></document>
	<document><![CDATA[Pero llevaba flores en el pelo! Eso anula todo lo demás...		]]></document>
	<document><![CDATA[Igual la gente debería empezar a negarse a comprar pisos de bancos... Que deshaucien sí, y luego se los administren via rectal.		]]></document>
	<document><![CDATA[@username @username Mongoreplicar es una bella tradición española sin la q el mongoreplicante se extinguiría.		]]></document>
	<document><![CDATA[Estoy desaprendiendo #ResumeTuAñoEnTresPalabras		]]></document>
	<document><![CDATA[@username Me fascináis los expertos q dais lecciones d cómo salir d la crisis. Lástima q en 2008 no tuvieseis ningún consejito para dar.		]]></document>
	<document><![CDATA[Ojito con confundir timidez con indiferencia, listos.		]]></document>
	<document><![CDATA[@username Frase digna de la Lomana. Spero q los reyes te traigan una rectificación.		]]></document>
	<document><![CDATA[Hoy he visto a un grupito de hipsters jugando a la petanca. A este paso, en verano, ir con caminador va a ser LO MÁS		]]></document>
</author>