<?xml version="1.0" encoding="UTF-8" standalone="no"?><author id="user339">
	<document><![CDATA[oh!! me encanta... <3
Tarja - I Walk Alone: http://t.co/IZr5LlqOZ1 vía @username		]]></document>
	<document><![CDATA[Estoy empezando a saturar de música el móvil jajaja
Tarja - Die Alive: http://t.co/fkcF6fuAKg vía @username		]]></document>
	<document><![CDATA[AGGG! Nunca mireis por internet que es lo que estais comiendo si esta bueno!		]]></document>
	<document><![CDATA[@username de que va?		]]></document>
	<document><![CDATA[@username @username me lo mirare a ver que tal. Ya te dire ????		]]></document>
	<document><![CDATA[Hoy dia completo de playaaaa!
Que no me queeemo que llebvo el factor 20 y 50 y mi sombrilla rosa nueva… http://t.co/CsrsCjhCCK		]]></document>
	<document><![CDATA[Asi empece a las 9 30 y ahors en casa ya muertisima, pero vamosss q sta noche #InsideON ! FIESTAAAA!!!!! http://t.co/hy1ubNtafu		]]></document>
	<document><![CDATA[No lo entiendo..con factor 50 3h y ya me he quemado..
Ahora, me unto en aceite de coco factor 0 7h y cojo un moreno la mar de mono xD 
Aixx		]]></document>
	<document><![CDATA[Bienvenido a la nave del misterio...
Bienvenidos a cuarto...cuartoo... cuarto...cuarto milenio xD		]]></document>
	<document><![CDATA[Yo tmb quiero un poco de lo que fuma Iker Jimenez #CuartoMilenio		]]></document>
	<document><![CDATA[Alaaa.. que coz me ha pegado el perro en las costillas ????????????		]]></document>
	<document><![CDATA[A mi que odio las tormenas me digan que coja el coche en plana tormenta me hace la misma gracia que tirarme por un puente....		]]></document>
	<document><![CDATA[Lo siento pero ya estoy cruzada para todo el dia asi que no espereis ni simpatia ni buenas caras...		]]></document>
	<document><![CDATA[Sabeis eso de ir pa' na' es tonteria???
Pues me lo he comido con patatas...		]]></document>
	<document><![CDATA[Quien osa perturbar mi sueño...???? http://t.co/OjTC0HEVsj		]]></document>
	<document><![CDATA[Que ganas tengo que sea sabado e irme a la playita ???? http://t.co/rLFSRs2q1p		]]></document>
	<document><![CDATA[Que ganas tengo que sea sabado e irme a la playita ???? http://t.co/7AlUa11tPL		]]></document>
	<document><![CDATA[Bon diaa!!
No se si esta noche me he levantado sonambula ha hacer moai tay poooor que que dolor de espinilla jajaja ????????????		]]></document>
	<document><![CDATA[•Tal cual xD

"@username: Típico vas sin dinero de compras y te encanta todo, vas con dinero y no te gusta nada."		]]></document>
	<document><![CDATA[@username "Buenos" dias Sr. Mudarra ????????		]]></document>
	<document><![CDATA[@username  ya me leí el trocito de wattpad, si a finales de semana sigo pensando en Ruben me vere en la oblicacion de comprarlo;)		]]></document>
	<document><![CDATA[@username jajaja y te encogiste? Eres alex.rar?		]]></document>
	<document><![CDATA[@username a bueno, no hay mal que por bien no venga... jajajaja		]]></document>
	<document><![CDATA[Bueno bueno bueno... miercoles, solo hoy y mañana para ser libre...
Enfin, Hasta que no me haga efecto el cafe no soy persona.
BUENOS DIAS!		]]></document>
	<document><![CDATA[Hoy el cafe mañanero no me ha funcionado.
Me tomare otro.. xD		]]></document>
	<document><![CDATA[De sobras se que estoy mejor sin gafas, el problema esta es que sin ellas si me cruzo con un billete lila me pienso q es un compro oro....		]]></document>
	<document><![CDATA[@username #lavidaesduraenverano cuando tus vacaciones son en octubre y todo el mundo esta en la playa...		]]></document>
	<document><![CDATA[¡Benditos sean los abanicos! ????
Madre mia pero que calorrrrrrr!!		]]></document>
	<document><![CDATA[Estoy sudando tanto que se me resvalan las gafas por la nariz y parezco una yaya encabrona...		]]></document>
	<document><![CDATA[Hasta las narices de los tecnicos informaticos.... 
@username  tu no tete tu eres el mejor del mundl mundial jajajaja		]]></document>
	<document><![CDATA[@username bueeeeeno..... los de movistar no cal dir res mes		]]></document>
	<document><![CDATA[@username pues fijate.. me ha solucionado el problema una chica gallega jajajajajaja		]]></document>
	<document><![CDATA[Javi: que aaasco soy una princesita y todo me da aaaasco... yo no cago yo echo floreeees... ????
Miryan: xDDDDDDDDDD!!!!		]]></document>
	<document><![CDATA[@username sisi como el windows... no? Jajaja que mala soy		]]></document>
	<document><![CDATA[@username xDDD!! Que va... si yo soy un cielo de mujer... ????????		]]></document>
	<document><![CDATA[Como fastidia medio despertarte pensando .. ay que bien hoy tengo fiesta...
Y a los 5m te suene el despertador... ????		]]></document>
	<document><![CDATA[Yo creo que se abro la empresa de goteros intravenosos de cafe h redbull me forro....		]]></document>
	<document><![CDATA[Venga Kamy aguanta...10horas y en casa, y ya seras libre hasta el martes siguiente... venga Kamy que 10horas no son  nada????????		]]></document>
	<document><![CDATA[@username las hormigas		]]></document>
	<document><![CDATA[Hoy  va ha hacer un dia de playa guapo guapo, el sol arde pero hace aire fresquito.. a ver si el sabado en cubelles hace el mismo? ????????		]]></document>
	<document><![CDATA[A  jenny y a samira las tirava a un pozo...
Se estan haciendo muy "amiwitas" las dos ehhh... que mal huele esto señoress..@username		]]></document>
	<document><![CDATA[3h y fin de jornada y 4h y en casa... AAAAY QUE GANITAS YAAA DE ACHICHARRARME AL SOL!!!!!! #FinDeSemana #playa #SolYArena #Mediterraneamente		]]></document>
	<document><![CDATA[@username jajajjajajaaja que vaaa mi cielo es un soleado dia de verano		]]></document>
	<document><![CDATA[Ostia santa ya con la renfe... ????????????????????		]]></document>
	<document><![CDATA[No rebentara la play no....		]]></document>
	<document><![CDATA[Uo! Que buen final de temporada de #SleepyHollow sere buena y no hare spoiler jejeje ????????????		]]></document>
	<document><![CDATA[Los amigos que te sacan una sonrisa de buena mañana con la chorrada mas grande no tienen precio ????#BuenosDiasATodos		]]></document>
	<document><![CDATA[Sr @username  acava de venir un tecnico de movistar clon suyo ha hacerme una comprovacion del router solo que con el pelo corto y afeitadito.		]]></document>
	<document><![CDATA[@username lo dudo... me a echo ilusion el flash ese que me ha dado ????		]]></document>
	<document><![CDATA[Pero que actor mas feo han puesto para la serie #Transporter ... Donde este #JasonStatham .. que se quite todo! ???? jejeje		]]></document>
	<document><![CDATA[Oix oix oix pero que bonito madre miaaa!????
"@username: Toda chica quiere este mensaje de buenas noches. http://t.co/atZQv16UGO"		]]></document>
	<document><![CDATA[Pues nada... nuves de 9 a 14... y me quedo sin playa ????		]]></document>
	<document><![CDATA[A falta de playa.. asi pase la mañana xD http://t.co/dXZbIEzPhH		]]></document>
	<document><![CDATA[Toodos al metro de Sao Paulo! Jajaja
"@username: Igualiiiito que los seguratas de aquí... http://t.co/EJxTuIwoM1 http://t.co/HTouyJCib0"		]]></document>
	<document><![CDATA[Uooo!!! Jaja la quiero!! @username #vodka http://t.co/UGCcE8eLLD		]]></document>
	<document><![CDATA[SI esta tan buena como parece.
SI tendra como un millon de calorias.
Y NO no me importa que las… http://t.co/4auBpgJy6h		]]></document>
	<document><![CDATA[Pfff... 24 dias para 24 años ????????????????????????		]]></document>
	<document><![CDATA[Hoy si que si! Hace sol los pajarillos cantan las nubes se levantannn 
????????? me voy a la playa a tostarme!!!!!		]]></document>
	<document><![CDATA[Jueeer... no he visto pueblo con mas vados por calle... 8 SEGUIDOS! No cabe un alfiler... aparcando en el quito carajo a la izquierda????		]]></document>
	<document><![CDATA[Yo mi cafe y mi pulga y se me pone una señora a contarme su vida... ainx... paciencia		]]></document>
	<document><![CDATA[@username @username  enorme! XDDDD!!		]]></document>
	<document><![CDATA[Vuela sombrillita vuelaaa! Eres libreeee xD menos mal que no ha dado a nadie...		]]></document>
	<document><![CDATA[Como estava la playa?
ABARROTAAAAH!! ????????		]]></document>
	<document><![CDATA[Conversaciones sobre los #Masones #Caballerosdeltemple e #illuminati en la playa con un yayo... este hombre parece la wikipedia ????????		]]></document>
	<document><![CDATA[Cien gaviotas dooonde irannn ... pues aqui jajaja 
@username #Gaviotas #OstiasPedrin #DuncanDhu http://t.co/eQol9UA9OM		]]></document>
	<document><![CDATA[Entrar en @username y encontrar lo que quieres desde hace puff, cerca y barato... que subidon jajaja		]]></document>
	<document><![CDATA[Un falso 9? Que es un falso 9? Un 8? Un 10? 
#NoEntiendoNada #MundialBrasil2014		]]></document>
	<document><![CDATA[Tan complicadas somos... http://t.co/UiS76bWsiz		]]></document>
	<document><![CDATA[Yo me voy a dormir ya  ... que acave como acave el mundial #MundialBrasil2014  #BuenasNoches		]]></document>
	<document><![CDATA[Ooh  com m'agrada ser la madrineta del Marc!! http://t.co/sjp38y5htQ		]]></document>
	<document><![CDATA[Que bien entra una sesion de #Hardcore old school de buena mañana a todo volumen..????????????
#Gabber #HardcoreOldSchool #RotterdamTerrorCorps		]]></document>
	<document><![CDATA[Salir de casa sin acordarse de ponerse perfume  y pensar: a ver donde encuentro yo un #Sephora ...		]]></document>
	<document><![CDATA[Que assssco cuando te da migraña fuera de casa y aun te queda para volver????		]]></document>
	<document><![CDATA[Nada.. que ni en casa mejoro ????		]]></document>
	<document><![CDATA[Alaaaaa pero que hoy trabajo! Y yo pensando que era sabado ????????		]]></document>
	<document><![CDATA[Enserio cuesta tanto escrivir mi nombre? 
Mira que esta de nick eh.. 
Y poneis miriam myriam mirian miryam.... 
Bueno miryam aun lo tolero..		]]></document>
	<document><![CDATA[@username esta semana pasare por cierta web para comprar cierto libro (tenias razon, no olvide a Rubén..)????		]]></document>
	<document><![CDATA[@username esta gente ya esta del plan 
-yo tengo los huebos mas grandes que tu.
-NO LOS MIOS SON MAS GRANDES! ....		]]></document>
	<document><![CDATA[Carne de conejo, la carne de moda??
Aaanda ya compraros una piedra y sacarla a pasear. Modennos que soys todos muy modennos..????????		]]></document>
	<document><![CDATA[Y el premio para la mujer con mas paciencia del mundo es paraaaa (trrrrrrrrrrr chas) MIRYAN RIVERO!!
Ohhh gracias gracias.... ????????		]]></document>
	<document><![CDATA[La zebra Rudolfa, la nueva mascota del huargo jajaja http://t.co/0BJlyej1Ti		]]></document>
	<document><![CDATA[Ver todo lo que se te viene encima y tener unas ganas locas de salir corriendo.
Pero al notar las cadenas venirte abajo ...		]]></document>
	<document><![CDATA[Esta claro que no se puede ser simpatica con segun que gente.. les entregas la mano y te roban el brazo ????		]]></document>
	<document><![CDATA[Dios mio pero que caloraza ya de tan temprano ????		]]></document>
	<document><![CDATA[11horas y sere libre! 
Dicho asi parece una eternidad ... 
Pero o se afronta con positividad o me comen las horas! 
¡¡SOM-HI, BON DIA MON!!		]]></document>
	<document><![CDATA[-xD
"@username: En Connorsville, es ilegal que un hombre dispare un arma de fuego al mismo tiempo que su mujer está teniendo un orgasmo"		]]></document>
	<document><![CDATA[Por que se me paran  ha hablar todos los locos del mundo?		]]></document>
	<document><![CDATA[Que ganas de llegar a casa y pillar la ducha... parezco un caramelo chupao toda pegajosa xDDD!!		]]></document>
	<document><![CDATA[Me encantaa jajajaja que moneria!

ME GUSTA EL OROZCO EN #MENUDANOCHE: http://t.co/kB1cm8IGot		]]></document>
	<document><![CDATA[Como no me va a doler la espalda... http://t.co/nYoBwCvkE2		]]></document>
	<document><![CDATA[@username Sr Javier le comunico que ahora voy a hacer un pedido de su flamante libro en su web ????		]]></document>
	<document><![CDATA[Bueno, nuevo libro #LaUltimaRaya encargado, ahora esperar a que llegue y a seguir haciendo sopas de letras mientras tanto...		]]></document>
	<document><![CDATA[Eso de te sigo, y si al dia siguiente no me has seguido tu UNFOLLOW.. me parece la tonteria mas grande desde que el mundo es mundo #unfollow		]]></document>
	<document><![CDATA[Me acavo de enamorar ???????? http://t.co/rl1QpVu9k9		]]></document>
	<document><![CDATA[Cositas como esta alegran la mañana a cualquiera ???? http://t.co/jvoODGxs1r		]]></document>
	<document><![CDATA[Jajajaja me encanta el asno de #Shrek		]]></document>
	<document><![CDATA[Paaastelitos de limoon son mas buenos son mas buenos.
Pastelitos de limooon son mas buenos que un copooon.... ???????? #Shrek		]]></document>
	<document><![CDATA[Acabo de publicar una foto http://t.co/omhwyJIcwr		]]></document>
	<document><![CDATA[Ay que bueno xD http://t.co/O8s8zwm8Cv		]]></document>
	<document><![CDATA[En busca de los gelocatiles mas asquerosos del mundo... pero es que  no aguanto mas el dolor de cabeza ????????????		]]></document>
</author>