<?xml version="1.0" encoding="UTF-8" standalone="no"?><author id="user253">
	<document><![CDATA["@username: Otra chica apareció en la fotografía. http://t.co/Db7x7SzC6t" #suspicious		]]></document>
	<document><![CDATA["@username: Hoy es día de besarte. http://t.co/uzdausB5dT" @username		]]></document>
	<document><![CDATA[Que gusto volver a bailar. Lo he pasado genial, gracias a todos http://t.co/AcFM23s4Dk		]]></document>
	<document><![CDATA[No te pierdas la fiesta del cine http://t.co/bjSfU8ooOc vía @username		]]></document>
	<document><![CDATA["@username: No busques con quien dormir... Busca con quien valga la pena despertar." yo ya lo he encontrado: @username Feliz diaa!		]]></document>
	<document><![CDATA[Mercadillo Solidario Meliana 2013: http://t.co/pNLqZ2e4fA vía @username		]]></document>
	<document><![CDATA[Bienvenido al mundo Daniel. http://t.co/jJGoCa86ZE		]]></document>
	<document><![CDATA[Que ganas de ver a #mibebe		]]></document>
	<document><![CDATA["@username: Las personas que bailan a menudo tienden a tener una mayor autoestima y una perspectiva más positiva de la vida."		]]></document>
	<document><![CDATA["@username: Los trasnochos hacen engordar." ya sabes @username jajaj		]]></document>
	<document><![CDATA[@username es genial tienes que verlo		]]></document>
	<document><![CDATA[Odio que haya gente que no sabe ni por qué no va a clase ni por qué se manifesta, y tampoco le interese @username		]]></document>
	<document><![CDATA["@username: Decir nanit hasta a los que no saben valenciano y acabar pegándoselo" jajaj absolutamente cierto		]]></document>
	<document><![CDATA["@username: Auroras boreales desde Suecia. http://t.co/uC8wQSwD6c" #alien		]]></document>
	<document><![CDATA["@username: Como me gusta las noches de frio, pasarlas arropado en la cama :) http://t.co/iCQxFhfjFt" y aun mas si es con @username		]]></document>
	<document><![CDATA["@username: Esto es una rebaja y lo demás son tonterías. http://t.co/DPhZfyIGMA" jajjajajj		]]></document>
	<document><![CDATA["@username: Luna llena sobre las cataratas del Niágara. http://t.co/Zr0nBCMppe" realmente #precioso		]]></document>
	<document><![CDATA[#seriagenial estar apoyada en el regazo de @username mientras me acaricia el pelo en lugar de estar estudiando y tan lejos... :(		]]></document>
	<document><![CDATA[Deliciosas cupcakes de naranja y chocolate por @username http://t.co/go75s8Cqd5		]]></document>
	<document><![CDATA["@username: Decís que Halloween no es español, pero ¿Hay algo más español que apuntarse a todas las fiestas?" #postureoespañol		]]></document>
	<document><![CDATA["@username: El amor no entiende de especies. http://t.co/cYNncNONqk" #precioso @username		]]></document>
	<document><![CDATA["@username: Un cine como Dios manda. Malasia. http://t.co/x1Q4mzFgV6" jajjaja ahi hay que ir @username		]]></document>
	<document><![CDATA["@username: Súper Luna y Océano. http://t.co/UmM15rWZys" #precioso		]]></document>
	<document><![CDATA["@username: Paco cariño, ves la bolsa de patatas? Pela la mitad y ponlas a hervir... http://t.co/k3IFQTCdP7" jjaajjajaj		]]></document>
	<document><![CDATA["@username: Un pequeño oso polar. http://t.co/vn5qKDbyfx" so #cute		]]></document>
	<document><![CDATA[@username no lo eres tranquil@username		]]></document>
	<document><![CDATA[Ya está de camino mi #blanquinegre :D		]]></document>
	<document><![CDATA["@username: A través de los sentidos, las mujeres identifican quien es la persona genéticamente perfecta para tener sus hijos." #curioso		]]></document>
	<document><![CDATA["@username: Conejitos haciendo yoga. http://t.co/1qttuXYL4m" #cute		]]></document>
	<document><![CDATA["@username: Tigre blanco bajo el agua. http://t.co/gR7yL1JMrk" #hermoso		]]></document>
	<document><![CDATA[Por cada cigarro que te fumas, dios te quita un dia de vida y se lo da a Jordi Hurtado		]]></document>
	<document><![CDATA["@username: Cagada choni, nivel épico!!!!! http://t.co/YilILztZwT" diooor, que alguien la mate		]]></document>
	<document><![CDATA[@username jajaja lo encontramos lo encontramos		]]></document>
	<document><![CDATA[Aun me damos miedo...:P @username http://t.co/2skIYnmjHt		]]></document>
	<document><![CDATA["@username: "Te juro mami yo no lo tomé... Mira mis manos, están vacías." http://t.co/mMADeS8y8Y" #cute		]]></document>
	<document><![CDATA["@username: Tú, yo, mi cama, besos, abrazos, toda la tarde. Piénsalo. http://t.co/ZW1nU0HAdZ" @username		]]></document>
	<document><![CDATA[Veo...al diablo, creo que leer la divina comedia nos está afectando ya....jaja
#RorschachDoodle http://t.co/9DkkrpcPY1		]]></document>
	<document><![CDATA[Creo que ya sé por donde entró Dante en la Divina Comedia...
Puerta del infierno en Turkmenistán. http://t.co/TD4dXyqVjp		]]></document>
	<document><![CDATA[Y oootro cambio de movil despues de la muerte de mi pequeñin...sera el ultimo? #quiensabe		]]></document>
	<document><![CDATA[Se que soy orgullosa, pero esto ya no es orgullo. Es dignidad. Y de eso tambien tengo mucho.		]]></document>
	<document><![CDATA[Deliciosos cupcakes de chocolate negro con naranja y chocolate blanco con vainilla por @username y @username http://t.co/nPlJGPRiY5		]]></document>
	<document><![CDATA[Menos hablar y mas pensar		]]></document>
	<document><![CDATA["@username: Un pequeño gatito meditando http://t.co/tJiiY2qUxP" #cute		]]></document>
	<document><![CDATA["@username: Bebé hipopótamo bañándose y comiendo. Adorable :) http://t.co/pBtwOmuirw" oishhh so #cute		]]></document>
	<document><![CDATA["@username: El café No es un buen desayuno!! ¿Sabiás que una manzana te despierta más que 3 cafés?" @username		]]></document>
	<document><![CDATA[#Medapereza levantarme de la cama, sobre todo cuandp me esperan 3 examenes y otra tarde de estudio... @username		]]></document>
	<document><![CDATA["@username: Retwittear si te gustaría estar aquí con la persona que mas quieres! http://t.co/ldIAbg7Kiv" @username		]]></document>
	<document><![CDATA[Remedio legal para personas que puedan ser deshauciadas. Y ya de paso, se da por culo al banco... Stop Deshaucios!! http://t.co/Sb1yzbdh09		]]></document>
	<document><![CDATA["@username: Cuanto más atraído te sientas a una persona, más fácil te hace reír." sin duda @username me hace reir a carcajadas		]]></document>
	<document><![CDATA[Esto es lo que veo cuando la gente fuma... http://t.co/DXkrf1tBxN		]]></document>
	<document><![CDATA[Yo puedo ¿Y tú? http://t.co/kohaks1YKF		]]></document>
	<document><![CDATA["@username: Hombres desnudos colgados. Flor exótica. http://t.co/cZ040LzOQD" #curioso		]]></document>
	<document><![CDATA["@username: Las personas con una inteligencia mayor al promedio tienden a hablar con ellos mismos." Ahora comprendo muchas cosas...		]]></document>
	<document><![CDATA[Cuando se recuerda un suceso pasado, en realidad se está recordando la última vez que lo recordaste, no el evento en sí. #curioso		]]></document>
	<document><![CDATA["@username: #Sara Nombre Femenino de origen Hebreo, se expresa en la inseguridad. Ama el buen criterio." @username		]]></document>
	<document><![CDATA[Con un buen amante #MeAhitariaEn cualquier parte, el lugar no es lo que importa... jeje @username		]]></document>
	<document><![CDATA[Empezar el dia con una divertidisima #BatallaDeRestaurantes en @username #NoTienePrecio , gracias pr hacerme reir ya de buena mañana		]]></document>
	<document><![CDATA[@username llegué tarde porque lo bueno se hace esperar		]]></document>
	<document><![CDATA["@username: "Nada como alguien que te quiera hasta cuando estás insoportable."" @username		]]></document>
	<document><![CDATA["@username: ¿Sabías que el color azul disminuye el sueño y por eso la mayor cantidad de redes sociales lo tienen?" #curious		]]></document>
	<document><![CDATA["@username: Preciosa la ciudad de Toledo, #España. http://t.co/Fs0y1f1Zts" Proximo destino con @username		]]></document>
	<document><![CDATA["@username: ¿Bonitos? Bonitos nos vemos tú y yo juntos tomados de las manos." @username		]]></document>
	<document><![CDATA["@username: Vamos a disfrutar un poco de helado! http://t.co/gT2vLkKEVi" so #cute #precious		]]></document>
	<document><![CDATA[Una tarde contigo, en el sofá, viendo una película, y que al terminar acabemos así. http://t.co/UP3omQr5FA @username		]]></document>
	<document><![CDATA[Me cambian @username por los cantajuegos navideños en el bus y los ultimos dias de clase se hacen insoportables :'(		]]></document>
	<document><![CDATA[@username Buenos diaas de todas formas jaja alegrais la mañana a mucha gente, mucho animo!		]]></document>
	<document><![CDATA["@username: Sabías qué: Todos los osos polares son zurdos." @username es un oso polar		]]></document>
	<document><![CDATA[@username mi peor examen uno en primaria de las tablass de multiplicar, no me las sabia saque la hoja y me pillaron		]]></document>
	<document><![CDATA[El mejor olor del mundo es el de Valencia en fallas, el olor a pólvora se extiende ppor todos los rincones de la ciudad #HueleAHitDeSemana		]]></document>
	<document><![CDATA[Y emplearia el dinero en desahogar economicament a mi padres y un viaje a otro la del mundo #ElAhitadorTeToca @username		]]></document>
	<document><![CDATA["@username: Aww. Quedé enamorada de esta hermosura. http://t.co/WGXNpJdcBT"		]]></document>
	<document><![CDATA["@username: No sabes lo que daría por tenerte aquí."@username		]]></document>
	<document><![CDATA[Si el #aborto por malformaciones en el feto ha de ser legal, también tendria que serlo asesinar a alguien que se queda tetrapléjico #SIVIDA		]]></document>
	<document><![CDATA[@username y si asesinas al que tene un accidente y tiene malformaciones en vida tambien evitas que sufra, es una barbaridad en ambos casos		]]></document>
	<document><![CDATA[@username eso se llama eugenesia Maria y ni tu ni nadie deberia decidir sobre la vida de otro ser humano. Eso es jugar a ser Dios		]]></document>
	<document><![CDATA[@username ademas de que el asesinato en ambos casos es inhumano, una aberracion, absolutamente inmoral		]]></document>
	<document><![CDATA[@username si tengo que aprender a hablar como tu con insultos y faltas de respeto y de ortografia mejor no aprendo. Primero respeta		]]></document>
	<document><![CDATA[Si no entiende una mirada tampoco entenderá la larga explicación...		]]></document>
	<document><![CDATA["@username: Las mejores risas son las que salen durante un beso. http://t.co/yzht7useOG"		]]></document>
	<document><![CDATA["@username: Arte de Sandía http://t.co/e9mp9qAlF3" #impresionante		]]></document>
	<document><![CDATA["@username: Increíbles magdalenas de Nutella rematadas con un Ferrero Rocher. http://t.co/VoaxrkbMxT" delicioso pecado :P		]]></document>
	<document><![CDATA["@username: Yo también dije "no, no me gusta" y termine enamorandome." @username		]]></document>
	<document><![CDATA[@username como snada como si nada... bueeno es discutiblee ee		]]></document>
	<document><![CDATA[Primer dia de clase y yo me encuentro fatal, ¿coincidencia? Yo creo que es una señal del destino...		]]></document>
	<document><![CDATA[Meduda #BatalladeRestaurantes en @username jajaja se entendieron muy bien y reconocieron sus errores....jajajja		]]></document>
	<document><![CDATA[Lo mejor de volver a la rutina es seguir @username todas las mañanas, lo demás lo quitaria jaja		]]></document>
	<document><![CDATA[Por fin pude escuchar como @username leia uno de mis tuits en @username, a clase con una gran sonrisaaa :D		]]></document>
	<document><![CDATA[@username en mi caso la realidad ha superado la ficcion en numerosas ocasiones, he vivido muchos momentos dignos de hollywood con mi novio		]]></document>
	<document><![CDATA[@username el invierno en Valencia no es malo por el frio, sino por el viento, cuando hace viento no puedes ir a ningun lado con dignidad		]]></document>
	<document><![CDATA[#AhitaTuCiudad Valencia es horrible cuando hace viento porque pareces electrocutado y el frio se te mete hasta en los huesos por la humedad		]]></document>
	<document><![CDATA[@username como has dicho que se llamaba la aplicacion esa para borrar los mensajes de whats app antes de que los vea quien no debe?		]]></document>
	<document><![CDATA[El amor es bastante matemático 1+1=2 y por eso una relación solamente debe sumarte: alegrias, risas, sueños, autoestima, y no quitártelos...		]]></document>
	<document><![CDATA["@username: Nuestro amanecer así: http://t.co/GGdPXN5h8e" @username		]]></document>
	<document><![CDATA[Mi silencio favorito es cuando me besas		]]></document>
	<document><![CDATA[Que la fusion de una sonrisa con los labios del otro es una sensacion unica, inmejorable, que no te deja sino extasiado...		]]></document>
	<document><![CDATA[#ElAhitadorEspabila @username yo aprovecho para ocupar elsofa en pijama y sin peinar yver todas esas pelis yseries que se quedaron por ver		]]></document>
	<document><![CDATA[Un inspirador comienzo y un comenzar inspirado...                     pero inacabados.		]]></document>
	<document><![CDATA[De nuevo pude oir a @username leer otro tuit mio en @username, muy buenos dias a todos los aHitadores!! Y gracias por hacernos reir		]]></document>
	<document><![CDATA["@username: Fíjate en el árbol. http://t.co/2ztT9mNXfU"		]]></document>
	<document><![CDATA[#ElAhitadorMotiva @username mi pareja sin duda cocina mejor que yo, y ademas a mi.no me gusta asi que es un lujazoo!! :D		]]></document>
</author>