<?xml version="1.0" encoding="UTF-8" standalone="no"?><author id="user45">
	<document><![CDATA[@username això explica perquè, per un dia que baixo a dinar a besalú, no hi havia ningú a casa...		]]></document>
	<document><![CDATA[Marsupielago!		]]></document>
	<document><![CDATA[Es una persona normá, solo que es un asesino estafador y criminal		]]></document>
	<document><![CDATA[@username no va a haber crónicas este año? No nos obligue a montar un frente polisario!		]]></document>
	<document><![CDATA[@username me deja ustéd mas tranquilo		]]></document>
	<document><![CDATA[@username S'obren les apostes! Quants cromosomes sobren/falten al "guest DJ: Cosmic"?		]]></document>
	<document><![CDATA[@username quants cops has fallat intentant posar lo de guinyo, guinyo?		]]></document>
	<document><![CDATA[El que més em dol de noestar per catalunya aquests mesos és perdrem el fenòmen del "cristal grauito"		]]></document>
	<document><![CDATA[@username menuda mongola aprovecharse de "refinería balboa" para hacer publicidad de tus mierda versiones		]]></document>
	<document><![CDATA[@username muy ético.		]]></document>
	<document><![CDATA[@username y aprovecharse de una noticia sobre medioambiente para ganar visitas a tus video es, a parte de muy elegante, un gran acierto		]]></document>
	<document><![CDATA[Passarem per l'embaixada un moment #29MParis i a còrrer que he d'agafar un avió.		]]></document>
	<document><![CDATA[@username @username sí. i que el d'hamburg. que és un toldo. el de beauvais és desagradable!		]]></document>
	<document><![CDATA[@username me congratula tal noticia! me estoy planteando dejarme un elegante bigotón para celebrarlo!		]]></document>
	<document><![CDATA[Avui m'he despertat amb una mica de fred i tot...  quin luju tu!		]]></document>
	<document><![CDATA[Em cagu en ryanair i en els controladors aeris gabatxos		]]></document>
	<document><![CDATA[A punt desclatar, com el tió		]]></document>
	<document><![CDATA[@username supongo que yomvi no funcionará en el extranjero, no?		]]></document>
	<document><![CDATA[L'@username cada dia parla més com en @username		]]></document>
	<document><![CDATA[@username De moment el cap de setmana inmillorable :) Merci!		]]></document>
	<document><![CDATA[@username se pueden ver vuestros partidos por streaming via web? Y des de francia?		]]></document>
	<document><![CDATA[Madrid en crisis, Simeone en racha, Courtois es un muro, presión para los blancos, este año pinta que sí... manita blanca.		]]></document>
	<document><![CDATA[Juego de tronos no està malament, però jo sóc més del Joc de les cadires.		]]></document>
	<document><![CDATA[Algú en dubtava?		]]></document>
	<document><![CDATA[@username estic esperant la rectificació! :P		]]></document>
	<document><![CDATA[Començant a llegir La mala dona d'el @username em sona el cognom Corvo!		]]></document>
	<document><![CDATA[@username pero les temperatures anirant pujant al llarg de la setmana, no?		]]></document>
	<document><![CDATA[Arros covat: arros amb llamantol - Quina puta obra mestre!		]]></document>
	<document><![CDATA[La primera teporada d'arros covat es per treure's el barret		]]></document>
	<document><![CDATA[@username Ni en los sueños mas surrealistas de Dalí y Berlanga se llegaron a plantear situaciones como estas...		]]></document>
	<document><![CDATA[Abogo per expropiar les concesionaries de les autopistes catalanes.		]]></document>
	<document><![CDATA[Vendo mi apoyo/rechazo a la nacionilazción de YPF a cambio de un par de billetes para la Patagonia. #loquedictenlosmercados		]]></document>
	<document><![CDATA[Si el teu país disposés de recursos naturals explotables, prefereriries manegar-los tu o que ho fes una multinacional?		]]></document>
	<document><![CDATA[No ets conscient del tamany d'un pis fins que no l'has de fregar tot...		]]></document>
	<document><![CDATA[@username jo tiraria més per quelcom del pal "HOYGAN, NESSESSITO K ME ALLUDEN XA SER FELIS"		]]></document>
	<document><![CDATA[@username Cuando el rey dice que "no volverá a ocurrir" no miente. Se refiere a que no volveremos a enterarnos.		]]></document>
	<document><![CDATA[Menys demanar perdó i més abolir la monarquia...		]]></document>
	<document><![CDATA[@username @username Albert Celades (Andorra) creó que jugó más de un Clásico (me atrevería a decir que en los dos bandos).		]]></document>
	<document><![CDATA[@username @username No he dicho nada, no tenía la nacionalidad andorrana sinó española.		]]></document>
	<document><![CDATA[@username @username De todos modos, Paises bajos es más pequeño que Islandia.		]]></document>
	<document><![CDATA[@username @username @username @username No falla... justo antes del Barça-Madrid.		]]></document>
	<document><![CDATA[@username Esperm que amb mi facin una excepció :P		]]></document>
	<document><![CDATA[@username 'Gran Hermano' substituirà CNN+ http://ow.ly/3uFeQ <--- Que bé que va el món... ¬¬		]]></document>
	<document><![CDATA[Això pinta a refredat dels macus...		]]></document>
	<document><![CDATA[@username Si no recordo malament també donaven el Períodico (si més no, fa uns mesos)		]]></document>
	<document><![CDATA[@username Semos así xD		]]></document>
	<document><![CDATA[Estaré signant llibres de 13:00 a 15:00 a la cafeteria de l'Ardroise.		]]></document>
	<document><![CDATA[Comença la recollida de firmes per a demanar al congrés que accepti la Dació en Pagament per a cancelar les hiptèques: http://t.co/UjQoYq7N		]]></document>
	<document><![CDATA[Comença la recollida de firmes per a demanar al congrés que accepti la Dació en Pagament per a cancelar les hipoteques: http://t.co/UjQoYq7N		]]></document>
	<document><![CDATA[@username Empieza la recojida de firmas para pedir la legislación de la Dación en pago. http://t.co/mIUTeoo9		]]></document>
	<document><![CDATA[Pep guardiola: "No puedo controlar sus charchas socials" #catanyol		]]></document>
	<document><![CDATA[Joe @username(culo) té un algo que ho peta fort!		]]></document>
	<document><![CDATA[#GràciesPep pel Millor Barça de la història.		]]></document>
	<document><![CDATA[Mai més penso portar a ningú a l'aeroport abans de les 9 del matí. Avisats quedeu		]]></document>
	<document><![CDATA[@username Bastiments, Gra de Fajol, Pic de la dona peladissims. El vent ha fet net, i les temps d'ara no ajuden... mal any pels travesseros		]]></document>
	<document><![CDATA[Els de Manel són gent tant normal que ens els hem trobat de compres a l'IKEA!		]]></document>
	<document><![CDATA[Cada cop està més de moda socialitzar pèrdues!		]]></document>
	<document><![CDATA[@username La frase "ya se poner las tildes" es contradictória si te olvidas de acentuar el "sé".		]]></document>
	<document><![CDATA[@username No jodas! Yo pensaba que esto era lo común!		]]></document>
	<document><![CDATA[Quan a "Noche y Día" apareixen uns gegants al mig d'uns sant fermins a Sevilla, estan fent algun tipus d'apologia de la unidad d'españa?		]]></document>
	<document><![CDATA[... després trobo fotos de casa seva http://digs.by/a4jSNn i la pregunta queda més que resposta...		]]></document>
	<document><![CDATA[@username si us plau! no poseu més l'anunci del club 3c! A la senyora aquesta li podria esclatar la cara i emplenar catalunya de botox!		]]></document>
	<document><![CDATA[Algú em pot explicar per què Ivana Miño sempre fa papers de guiri amb accent de monguer?		]]></document>
	<document><![CDATA[@username fins on jo se catala i castella son les seves llengües maternes... I aixo diu el seu curriculum		]]></document>
	<document><![CDATA[@username @username Y que un bebé muerto vestido de payaso?		]]></document>
	<document><![CDATA[Ja tinc nom pel meu grup de música electrónica... Ara només em faltaria tenir alguna noció musical i tenir un grup...		]]></document>
	<document><![CDATA[La sordidesa que arriba a envair internet a vegades m'aterroritza... http://digs.by/bNEFmi		]]></document>
	<document><![CDATA[@username piensa que en ocasiones también me asusto de lo bello que es el mundo :chis:		]]></document>
	<document><![CDATA[És la fi del món?		]]></document>
	<document><![CDATA[Canviar les festes de Besalú per un viatge a Oslo? Deal!		]]></document>
	<document><![CDATA[@username  Anem a Girona, a fer un petó al cul de la Pagans #refranyfail		]]></document>
	<document><![CDATA[@username @username Aquest matí, amb tants cotxes a la carreera, besalú tenia un aire nostàlgic.		]]></document>
	<document><![CDATA[@username @username Tenint en compte el caos que provoca la TEISA quan para a la carretera, us heu plantejat reubicar la parada de bus?		]]></document>
	<document><![CDATA[@username no és mal lloc. Entenc, però, que a la consulta va sortir que la parada no es movia, no?		]]></document>
	<document><![CDATA[@username la rotonda del pavelló no és mala idea. Davant de Can Vilarrasa tampoc estaria malament.		]]></document>
	<document><![CDATA[@username @username la subida que marca es el acumulado del día o respecto a la última actualización?		]]></document>
	<document><![CDATA[@username lo siento.. no lo he podido evitar... he obrado mal y no volverá a ocurrir.		]]></document>
	<document><![CDATA[Els meus somnis cada cop són més surrealistes i psicotròpics... m'estic començant a espantar		]]></document>
	<document><![CDATA[http://t.co/NTtjqDci Una cantant de San Francisco cantant sobre besalú? Què?		]]></document>
	<document><![CDATA[Que #forumimpulsa pretengui fer avançar la societat mentre està abanderat per una lacra com la familia real és, com a mínim, contradictori		]]></document>
	<document><![CDATA[Síndrome post-vacacional		]]></document>
	<document><![CDATA[RT @username Me gusta que, en una película, lo que crees que va a pasar al final, pase a la mitad. --> +1		]]></document>
	<document><![CDATA[@username Jo no ho deia per cap película en concret. (Salt no l'he vist ni crec que ho faci)		]]></document>
	<document><![CDATA[Circo de moscú? http://digs.by/bhdXQO		]]></document>
	<document><![CDATA[Biarriz - Oslo - Estocolm... Pinta millor la tardor que l'estiu... té ous la cosa!		]]></document>
	<document><![CDATA[que me followee un ente llamado @username debo considerarlo un honor o un ataque?		]]></document>
	<document><![CDATA[Tinc ganes de que arribi l'1 de gener per poder penjar aquest video com a felicitació d'any nou... http://t.co/y0UOReNw		]]></document>
	<document><![CDATA[¿Frodo Bolsón de Higgs?		]]></document>
	<document><![CDATA[L'única manera de tirar el país endevant és que  @username en lideri la revolució. Que es presenti per president també podria funcionar		]]></document>
	<document><![CDATA[@username entonces... lo considero un ataque, no?		]]></document>
	<document><![CDATA[@username viendo a quien seguía tenía una ligera sospecha que había algun vínculo con chisland... :P		]]></document>
	<document><![CDATA[RT @username: Los teloneros de Interpol serán Surfer Blood. Entrada amortizada. http://fb.me/HxgVNuyJ		]]></document>
	<document><![CDATA[Novembre: 30 dies, 30 concerts... A algú li sobra 1 millonet d'eypos?		]]></document>
	<document><![CDATA[Fe d'errates--> Novembre: 30 dies, 30 concerts... A algú li sobra 1 millonet d'eypos i un desdoblador de persones?		]]></document>
	<document><![CDATA[La Fageda de'n Jordà està sobrevalorada, si algú si per és que és mongol... #alguhohaviadedir		]]></document>
	<document><![CDATA[Un puto ocellot que fa el moonwalk! Aweasome! i jo que en ma puta vida ho he aconseguit...  http://ves.cat/aiX7 (via @username)		]]></document>
	<document><![CDATA[Diseñadores y viticultores del mundo! Utilizar la mancha de la copa/botella de vino como logo o etiqueta ya no es original! Aceptadlo!		]]></document>
	<document><![CDATA[Zlatan és el creador de "papanamericano" #ibrafacts		]]></document>
	<document><![CDATA[Amb el tema Zlatan/Eto'o... No existeix el butó "Deshacer"? No funciona el ctrl+z?		]]></document>
	<document><![CDATA[Mirar Eraserhead sense veu entre intervals de vacaina és surrealista surrealista.		]]></document>
</author>