<?xml version="1.0" encoding="UTF-8" standalone="no"?><author id="user193">
	<document><![CDATA[Ya en Madrid cityy y directa a ver a la guapa de @username <3		]]></document>
	<document><![CDATA[@username recien llegada, muy improvisado, ni tiempo tuve de avisar		]]></document>
	<document><![CDATA["@username: Como me gusta ver a mi @username aunque sea una visitilla express ?" te quiero gorda (:		]]></document>
	<document><![CDATA[Sigo teniendo que estudiar con la misma fiebre y encontrandome igual, pero al menos en casa mami tenia un zumo recien exprimido (: #mimos.		]]></document>
	<document><![CDATA["@username: Bibliotequeando acompañada de mi querida @username y una rica tableta de chocolate :)"mañana me uno, aaaaaaaaviso!		]]></document>
	<document><![CDATA[quiero llegar a mi casaaaaaaaaaaaaaaaaaaaaaaa. Tres horas pueden llegar a ser muuuy largas. Y sí, iba a estudiar, pero eso: IBA. #mueeerome.		]]></document>
	<document><![CDATA[@username he encontrado el chai tea en venta en Madrid. tiritiriirtiiti. Pregunte para más información. Con amor, xop.		]]></document>
	<document><![CDATA[Yo flipo. Luego suspiro y sonrío.		]]></document>
	<document><![CDATA[Confesiones de hermana pequeña que son demasiado interesantes. Te quiere un reno @username buenasnochess		]]></document>
	<document><![CDATA[Algún jurista que se precie me pasa la práctica de eco??Hecha??A estas alturas del curso todavía no se entrar en Studium, ni hacer eco. #SOS		]]></document>
	<document><![CDATA["@username: Para los que aman dormir abrazados a alguien." @username este tuit no es pa ti jajajajajajaja		]]></document>
	<document><![CDATA[Mi día ha degenerado de estudiar a full, a acabar escuchando a Fran Perea. Tengo exámenes, en serio, #SOS.		]]></document>
	<document><![CDATA[Si prometo ir con mi nuevo pijama de reno, alguien me invita a dormir a su casa??de aquí me echaaan!!!		]]></document>
	<document><![CDATA[@username intentaré hacer algo productivo y en caso de insomnios mutuos me bajo vestida de reno, y así iré mañana a clase, estoy inmunizada!!		]]></document>
	<document><![CDATA[Me quiero dormir, pero no tengo sueño. Tengo que estudiar, pero no tengo ganas. Gudnaits.		]]></document>
	<document><![CDATA["@username: @username DE RENO??!??!?!!??!?! Serás capaz.... Xd" lo dudas? pero si voy de reno a derecho sera cuando estes bien y me veas!(:		]]></document>
	<document><![CDATA["@username: " Hazlo. Deja de esperar. Tú eres la espera.Tú eres el inicio. Tu eres el fin. " @username heyitsmartis		]]></document>
	<document><![CDATA[@username @username dónde estais??quiero bajar pero estoy incomunicada. porfi, habladme a facebook/tuenti y decidme cómo hacemos.		]]></document>
	<document><![CDATA[A mi móvil nuevo, como a mí, le encanta el te oye. Ha decidido suicidarse en una taza de te recién hecho. Incomunicada temporalmente...		]]></document>
	<document><![CDATA[@username quedé con uxia, pillo el cafe y alli hasta tonight. Vemonos (:		]]></document>
	<document><![CDATA[@username calla, que me lo compré hace dos semanas... ahora está bañadito en arroz, a ver si también le gusta el te y lo absorbe bien....		]]></document>
	<document><![CDATA[¿Por qué coño hace tanto frío en derecho?		]]></document>
	<document><![CDATA[@username tú estás en casa?me queda mucho por delante......		]]></document>
	<document><![CDATA[@username fui a la casa del estudiante y no te viiii, voy a darle dos o tres horas más a esto y luego subo. Cena sin mi, looove.		]]></document>
	<document><![CDATA[Alguien con un cargador de VAIO cerca de la biblioteca de derecho?poooooorfi.		]]></document>
	<document><![CDATA[@username eso es una señal para que muevas el culo y vengas a chapar conmigo, estoy por el medio y no hace tanto frío.		]]></document>
	<document><![CDATA[Cuando en derecho suena la alarma y te cagas en la madre de toooodos los que no la paran.		]]></document>
	<document><![CDATA[Nadie se dio cuenta de que sin móvil no hay alarma y sin alarma no hay romano. Pasó lista?está haciendo algo @username @username ?		]]></document>
	<document><![CDATA[@username URGENCIAS??vamos que tú tampoco has ido a clase. Si estás mejor luego te veo en la biblio, sino me paso por el 7A a verte. Animoo(:		]]></document>
	<document><![CDATA[@username putita estaba en la biblio. i lo hubiera leido te habria pedido qe me despertases que no fui a clase jajajaj te acabo de oir irte		]]></document>
	<document><![CDATA[@username luego hablamos por face y me cuentas. Pónteme buena por deus.		]]></document>
	<document><![CDATA[@username jo mami, te estaba en la biblio, las dos es buena hora para volver...acuerdate de q viene adriana hoy!querote guapa (:		]]></document>
	<document><![CDATA[El lunes cuesta. El martes, imposible sin tu voz.		]]></document>
	<document><![CDATA[@username ven a la biblio, voy a ponerme con romano... de estar en vela, que sea una velada productiva, jajajajaja se que no apetece xd		]]></document>
	<document><![CDATA[@username Esto es, y en toda regla, dar un FAV con ganas de RT.		]]></document>
	<document><![CDATA[Abandono, demasiada rayada encima para pretender tocar un libro. Mañana se soluciona! Boas noitesssss		]]></document>
	<document><![CDATA["@username: @username hay que hacerse la dura ehh" eso siempre, cómo me conoces... Te lo has ganao!		]]></document>
	<document><![CDATA["@username: Como sabrás causas furor entre las filólogas de la UA... — Depende de para qué no? ..http://t.co/bmthUqFl"yo cervezassss!		]]></document>
	<document><![CDATA[Ahí lo dejo:
http://t.co/7bSUpobx
Tamañá.		]]></document>
	<document><![CDATA[@username te entiendo, se perfectamente lo que es @username roncando a gusto jajajajajajaja suerte mañanaa!(:		]]></document>
	<document><![CDATA[@username pues ya que me lo dices... cuando acabe exámenes por mi hago una visitilla (: a ver qué dice el peter!		]]></document>
	<document><![CDATA[Pero el miedo nos consigue, se hace grande en estas manos. Mal recuerdo nos persigue, fuimos dos equivocados.		]]></document>
	<document><![CDATA[Esperando noticias de @username y su examen de hoy...		]]></document>
	<document><![CDATA[Los sueños no descansan, siempre quieren más.		]]></document>
	<document><![CDATA[La suerte ayuda a los que quieren volar, más allá del mar, más allá del miedo:
http://t.co/R3yodoZB		]]></document>
	<document><![CDATA[Jo, estoy frustrada. Un cuatrimestre intentando imprimir a doble cara con mi impresora y no soy capaz. No me comprende...		]]></document>
	<document><![CDATA[En vez de sofá, casa del estudiante, y en vez de peli: apuntes y manta. VAAAAAAMOS QUE ESTAMOS QUE LO TIRAMOS. A puuuto fueego.		]]></document>
	<document><![CDATA["@username: El compuesto mayoritario en mi estrucutura corporal viene siendo la tarta de queso" yo quiero de eso.		]]></document>
	<document><![CDATA[@username llegas hoy???si traes de eso yo te hago lo qe quieeeeeras, @username que dicesss?		]]></document>
	<document><![CDATA[dos americanas en lo más alto, a ver si no caemos mañana.. guapa! @username		]]></document>
	<document><![CDATA[Solo sueño con tener ser parte de ese aprobado cuasi general y no tener que oír: "yo no le suspendo, es que me cansa su ignorancia". #castre		]]></document>
	<document><![CDATA[@username @username El lunes tieenes spaguetis a la carbonara a cambio de una rica tarta de queso... 0:40/0:53
http://t.co/KVHc9sQZ		]]></document>
	<document><![CDATA[Ueeeeeeeeeesas locas, estudiando a full, que no se diga.... http://t.co/68wSfUkI		]]></document>
	<document><![CDATA[@username avisa cuando estés y vamos, trae moneey que como estemos aprobados ya sabes a donde nos vamossssss..  #Juristasafull #castre <3		]]></document>
	<document><![CDATA[hoy si que si, #castrelove es tt. romano aprobada, ieeeeeeeese aprobadooooooooo		]]></document>
	<document><![CDATA["@username: Más que enhorabuena a mi querida @username PEGAME UN POCO DE TU SUERTE! #wecan" despues de hoy, toda tuya		]]></document>
	<document><![CDATA["@username: Aprobadisiiimaaas!! @username Seguimos en la cima de la montaña" al cofee corneer de cabezaaa		]]></document>
	<document><![CDATA[lluvia y ganas de mimos, sofá, peli y manta. Después del romano de hoy, creo que toca (:		]]></document>
	<document><![CDATA[@username con lo bien que se está con la mantita y el chocolate... jajajajajajajaj tú avisa del plan que igual aparco sudadera y manta ;)!		]]></document>
	<document><![CDATA[@username creo que aun no me lo creo... pla pla pla pla estamos aprobadosssa vamossssss		]]></document>
	<document><![CDATA[aprobado, las compras del año y ahora cambio el estudio por unas cervezas en buenisima compañía.mañana vuelvo al estudio, i promiss. :)		]]></document>
	<document><![CDATA[@username para ir adelantando las cosa http://t.co/85gYfext s... buenas nochesss		]]></document>
	<document><![CDATA[las dos en pijama. y no son laa once. hoy @username @username invitais a comer		]]></document>
	<document><![CDATA[@username jajajajajajajaja las 4 30 es una hora espectacular para retirarse chavalito, yo hoy estoy a full, tu hecho mierda jo jo jo (:		]]></document>
	<document><![CDATA[@username las segundas partes nunca fueron buenas, la segunda ronda de los 20chupitos sobraba.... Jajajajajajajaja pringao.		]]></document>
	<document><![CDATA[Tarde de estudio productiva dices @username @username http://t.co/8Z7Illvf		]]></document>
	<document><![CDATA[Aunque no lo puedas decir, me quieres, a veces.		]]></document>
	<document><![CDATA[me encantan los baños de más de una hora...		]]></document>
	<document><![CDATA[¿alguien con ganas de paseo y despejarse un rato? me apetece...		]]></document>
	<document><![CDATA[@username @username si hoy estabas aquí por que no nos trajiste la tarta? tengo hambre y aburrimiento, traidor!!!!		]]></document>
	<document><![CDATA[@username @username excusa barata non paga a pena. tenia tilita pa darte si era lo que querias jajajajajaja malo malissimo, sorte pois!!		]]></document>
	<document><![CDATA[Pues que toca irse a dormir, y sola vaya! qué poco animados estáis... aj!		]]></document>
	<document><![CDATA[@username esa siesta con pereza te motivo demasiado sergio. Mañana a las 8 te quiero estudiando que tenemos mucho que recuperar...		]]></document>
	<document><![CDATA[las incomodidades de orgullo que pueda provocarte son algo con lo que ya cuento.		]]></document>
	<document><![CDATA[Nos quedan dos miradas, hagamos el amor en un instante. #domingoperezoso		]]></document>
	<document><![CDATA[Buenísimos días desde la biblioteca. Hoy toca día intenso, a ver qué tal. @username @username @username quien soy?llegaaais tarde!!!		]]></document>
	<document><![CDATA[@username lo lei antes, mucha gracia me hizo. El 9 nos vamos a pegar una buena sesión salmantina de montaditos, yaaaaa verás.		]]></document>
	<document><![CDATA["@username: Mirar las graficas de economía con cara de superioridad mientras piensas que coño significara tanta linea." eso.		]]></document>
	<document><![CDATA[mírame, soy feliz... tu juego me ha dejado así.		]]></document>
	<document><![CDATA[jugar al azar... nunca saber dónde puedes terminar, o empezar...		]]></document>
	<document><![CDATA[con miedo a vivir... tú tienes miedo a vivir. Es una pena y sí, tú tienes miedo a vivir...		]]></document>
	<document><![CDATA[Serán una mierda mis notas, pero mi felicidad es máxima (y en aumento).		]]></document>
	<document><![CDATA[Te digo que podemos detener el mundo solo con besarnos más...		]]></document>
	<document><![CDATA[Estoy intentando decirte que me diste lo contrario a estar muy triste.		]]></document>
	<document><![CDATA["@username: Vámonos al #CodexShore! Del 18 al 23 de febrero http://t.co/J3fT146h" motivacion maxima @username @username		]]></document>
	<document><![CDATA[cuanto más dices que vas a hacer, menos haces. #nofalla. @username @username		]]></document>
	<document><![CDATA[empezar el día a full con historia y acabarlo llorando con Pearl Harbour. A ver cómo se da ahora tengo ganas de ti...		]]></document>
	<document><![CDATA[Levantarme con @username y que esté nevando. Qué felicidad.		]]></document>
	<document><![CDATA["@username: @username y su dieta del.cucurucho, se correeee toita enteraaaaa!! http://t.co/gkXlorxH" estudia y calla coñoooooooo!!!!!!!!		]]></document>
	<document><![CDATA[@username se aburre demasiado. aunque el marco que me ha puesto es to xuli: http://t.co/yDhidZqD		]]></document>
	<document><![CDATA[@username oye, a mi cuando me va a llegar el agobio?? @username		]]></document>
	<document><![CDATA["@username: Y asi esta el panorama por aqui.. @username @username http://t.co/2HDxm27j" como tiene que ser...		]]></document>
	<document><![CDATA[Sinceramente, esto de las codificaciones me la.. la historia en general vamos.. si al final todos acaban haciendo las mismas gilipolleces!!!		]]></document>
	<document><![CDATA[@username sigo querieendo tarta. Ahí lo dejo... la mama del queso...		]]></document>
	<document><![CDATA[@username pero si estás invitado todos los días!!!!!tú di voyy y yo hago la cena ;) (pero ven con la tarta, no esperes a acabártela!)		]]></document>
	<document><![CDATA[Te dejaste y nos dejamos la ternura en el cajón; y esa noche nos follamos en vez de hacer el amor.		]]></document>
	<document><![CDATA[@username no lo sabes tú bien...		]]></document>
	<document><![CDATA[Echo de menos a la guapa de mi hermana @username		]]></document>
	<document><![CDATA[@username avisa por aquí si te apuntas que estamos en la casa del estudiante sin móvil, y que sea un síiiiiiiiii que quiero fucking tarta		]]></document>
	<document><![CDATA["@username: En Vilagarcía hai neve todo o ano. #ÉAsí" @username @username		]]></document>
</author>