<?xml version="1.0" encoding="UTF-8" standalone="no"?><author id="user61">
	<document><![CDATA[A google ya la hemos mandado. Empezaréis a poder verla enseguida!!! #LaRespuestaNoEsLaHuida http://t.co/u6MrMIBI		]]></document>
	<document><![CDATA[Bueno bueno bueno... queréis escuchar #LaRespuestaNoEsLaHuida? de verdad? en serio? YA?? https://t.co/5Q7gWx0Z		]]></document>
	<document><![CDATA[@username Mirad nuestra web en 10 minutos.		]]></document>
	<document><![CDATA[Tenemos un vídeo preparado en Youtube para aquellos que no tengáis #Android. Pero mientras que nos dejan, recordad: https://t.co/5Q7gWx0Z		]]></document>
	<document><![CDATA[Para todos! @username estrena "La Respuesta no es la Huida" en Placeband https://t.co/5Q7gWx0Z		]]></document>
	<document><![CDATA[@username  Para todos los que no tengáis iPhone, hemos preparado un vídeo en la portada de http://t.co/mjUoAjUN, en breve, operativo.		]]></document>
	<document><![CDATA[@username La app de iPhone estará disponible en unas semanas. Estamos trabajando en ella!		]]></document>
	<document><![CDATA[@username hay un problema mundial con youtube. No depende de nosotros. En cuanto nos dejen acceder lo hacemos público!		]]></document>
	<document><![CDATA[@username Cuando youtube nos deje. No es un problema nuestro... En cuanto arreglen el problema que tienen, lo pondremos público. Sorry!		]]></document>
	<document><![CDATA[@username Gracias a ti, Fran!		]]></document>
	<document><![CDATA[@username a ti y al resto. Youtube tiene un problemilla y no nos deja acceder a hacerlo público. En cuanto podamos lo verás!		]]></document>
	<document><![CDATA[Que los que tengáis android podáis escuchar #LaRespuestaNoEsLaHuida y el resto no, está muy feo. En cuanto YouTube nos deje, todos podréis!		]]></document>
	<document><![CDATA[@username @username Sí, lo sabemos. pero no podemos hacerlo público hasta que youtube nos deje! :)		]]></document>
	<document><![CDATA[@username @username Y nosotros deseando que la escuches! Disfruta!		]]></document>
	<document><![CDATA[@username Todo a su debido tiempo. Yo personalmente tengo un Lumia 800, así que me vendría genial ;)		]]></document>
	<document><![CDATA[@username Hola Ana! Nos encanta tu comentario!! Es cierto que ahora solo está para Android, pero en un ratito, tendrás la canción en youtube		]]></document>
	<document><![CDATA[@username @username Gracias!!		]]></document>
	<document><![CDATA[@username Vamos poquito a poquito. Hay que crecer y aunque suene ñoño, queremos hacerlo con vosotros!! Un abrazo!		]]></document>
	<document><![CDATA[RT @username: ¡ESTRENO! @username presenta con @username su nuevo single. Escúchalo aquí: http://t.co/UXfUtyVb		]]></document>
	<document><![CDATA[Vaya, parece que #LaRespuestaNoEsLaHuida ha sido TT!!		]]></document>
	<document><![CDATA[@username Pronto será público. Estamos a la espera de que youtube nos lo permita. #AhoraNoQuiere #EstáFallando #LoQueNuncaPasa...		]]></document>
	<document><![CDATA[@username claaaaaro! en cuanto esté solucionado os avisamos a todos por aquí!		]]></document>
	<document><![CDATA[@username Cuando nos permitan entrar a publicarla. Ahora mismo como que no va...		]]></document>
	<document><![CDATA[Queridos amigos. Lo prometido es deuda. Ya podéis escuchar "La Respuesta no es la Huida" desde http://t.co/mjUoAjUN #DaleAlPlay		]]></document>
	<document><![CDATA[@username sí. Un poco de mala fortuna. Pero, sabes qué? ya va!! http://t.co/mjUoAjUN		]]></document>
	<document><![CDATA[@username Gracias!!!		]]></document>
	<document><![CDATA[RT @username: No puedo dejar de darle al play. Increíble. Y la app de @username fantástica!		]]></document>
	<document><![CDATA[OMG!! Ya sois más de 1000 usuarios registrados en Placeband. en solo unas horas!!!		]]></document>
	<document><![CDATA[@username así es! Pronto os informamos!		]]></document>
	<document><![CDATA[24 horas después del estreno, los números son de escándalo. Miles de visitas en la web, un montón de usuarios nuevos en la app... #Felices!		]]></document>
	<document><![CDATA[Hemos resultado ganadores de @username 2012. Muy contentos. Muchas gracias a la Fundación por el trabajo durante estos meses. FELICES!		]]></document>
	<document><![CDATA[@username @username Gracias!!		]]></document>
	<document><![CDATA[Hoy es el #DiaDeLaMusica, así que estamos de celebración. La música está más viva que nunca!		]]></document>
	<document><![CDATA[Mañana, 19:30h, en streaming desde @username ( http://t.co/Rakj0zT0 ) @username, @username y @username presentarán placeband		]]></document>
	<document><![CDATA[RT @username: Esta tarde presentamos Placeband en el Instituto de Empresa (Madrid). Puedes seguir la presentación en streaming aquí:...		]]></document>
	<document><![CDATA[RT @username: Empezamos la semana en Madrid. Esta tarde presentación de @username en @username con @username....		]]></document>
	<document><![CDATA[@username Cierto Mic, lo ponemos de nuevo!		]]></document>
	<document><![CDATA[Hoy a las 19:30h, en streaming desde @username http://t.co/Rakj0zT0  @username, @username y @username presentando placeband		]]></document>
	<document><![CDATA[Muy contentos tras nuestra presentación en el @username. Mil gracias a @username, Coto y toda la organización.		]]></document>
	<document><![CDATA[@username ¡Muy pronto! La espera merecerá la pena :)		]]></document>
	<document><![CDATA[¡¿Alguna tortuga en la sala?! Si vas a ir al concierto fin de gira de @username en #Madrid... ¡atento! Tenemos sorpresas para ti :)		]]></document>
	<document><![CDATA[Nos hemos levantado con mil ideas chulas. Como dice @username: "Los sueños no descansan, ¡siempre quieren más!". http://t.co/KnHiQqVM		]]></document>
	<document><![CDATA[Si te gusta @username sabrás que la tortuga camina despacio y ¡hacia delante!Pronto te contamos nuestros pasitos para el 21 de diciembre		]]></document>
	<document><![CDATA[1, 2, 3, ¡FÁCIL! Buenos días. ¿Quién la sigue? :) #ConPlacebandSiempreEsViernes #MalditaNerea		]]></document>
	<document><![CDATA[Inmejorable espíritu de tortuga :) ¡Buen finde! RT @username: @username Tatatatararata, tararatararatata, la niña, dice ahora... :')		]]></document>
	<document><![CDATA[@username Ya sabemos que te pilla lejos, pero ¿contamos contigo para el fin de gira de @username en #Madrid? ¡Sería un lujazo!		]]></document>
	<document><![CDATA[@username Entonces nos ha despistado el "Jaén" de tu perfil. Pues si eres de #Android te mantendremos informada porque habrá sorpresas.		]]></document>
	<document><![CDATA[@username Pues un saludo para tu amiga. ¡Nos leemos!		]]></document>
	<document><![CDATA[Miles de tortugas verán el 21 a @username en #Madrid. ¿Quieres sentirte especial? Descarga Placeband en tu #Android. Hay sorpresas.		]]></document>
	<document><![CDATA[@username La semana que viene iremos dando pistas... ¡Sólo quedan 6 días! La espera merecerá la pena :)		]]></document>
	<document><![CDATA[@username @username ¡Queda poco! La semana que viene os vamos contando cosas.		]]></document>
	<document><![CDATA[@username Confiamos en que tu paciencia se verá recompensada porque ¡va a estar muy chulo!  La semana que viene os vamos contando cosas.		]]></document>
	<document><![CDATA[@username Bueno, ¡nos parece la mejor noticia que una tortuga nos podía dar! ¿Al final lo has conseguido? Gracias mil por el esfuerzo :)		]]></document>
	<document><![CDATA[@username Estamos avanzando para otros dispositivos, pero de cara al 21 solo #Android.		]]></document>
	<document><![CDATA[@username No retransmitimos conciertos a través de la aplicación. Sí podrás ver los comentarios de quienes estén y también participar tú.		]]></document>
	<document><![CDATA[¿Sales esta noche? Pídesela al DJ :) http://t.co/zZdBwlLi #LaRespuestaNoEsLaHuida #MalditaNerea		]]></document>
	<document><![CDATA[@username Dentro de poco, ¡eso esperamos! Estamos trabajando en ello. Por ahora, la versión beta, solo #Android.		]]></document>
	<document><![CDATA["Que no es verdad que no haya tiempo para cerrar los ojos y poder volar por otros cielos". ¡Disfrutemos de este gran domingo! @username		]]></document>
	<document><![CDATA[Gracias a ti por estar ahí ;) ¿Nos vemos el 21 en #Madrid? RT @username: ¡Gracias por seguirme @username! Que majos :)		]]></document>
	<document><![CDATA[@username @username Muy pronto os las contamos. ¡La espera merecerá la pena! Esperamos verte en el concierto.		]]></document>
	<document><![CDATA[@username Hola. Dinos qué tipo de error te da y te ayudamos a solucionarlo.		]]></document>
	<document><![CDATA[@username Hola. ¿En qué país estás?		]]></document>
	<document><![CDATA[@username Quizás hubo un problema con la recepción del email. Lo consultamos y te decimos algo. Gracias por tu paciencia.		]]></document>
	<document><![CDATA[@username Para poder disfrutar de Placeband durante el concierto es necesario tener 3G.		]]></document>
	<document><![CDATA[@username Tranquila, mañana hablamos los programadores y trasladamos tu consulta. ¡Saludos!		]]></document>
	<document><![CDATA[Usuario. Contraseña. Descargar. ¿Tienes ya Placeband en tu Android? It's Easy!  http://t.co/hLlewMmq		]]></document>
	<document><![CDATA[@username Lo hemos visto, ¡estamos en ello! Te decimos algo lo antes posible.		]]></document>
	<document><![CDATA[Empieza la cuenta atrás,se acerca el fin de gira de @username y muy pronto te contamos ¡las ventajas que de estar Placeband! #quénervios		]]></document>
	<document><![CDATA[@username ¡Esperamos que muy pronto! ¿Vas a ir al concierto del viernes?		]]></document>
	<document><![CDATA[:) RT @username: Estamos deseando que llegue el viernes 21 para disfrutar de los sueños de @username con @username http://t.co/nmG4YrkD		]]></document>
	<document><![CDATA[@username ¡Búscate un acompañante con Android! :) Va a merecer la pena. Muy pronto esperamos estar también en iPhone.		]]></document>
	<document><![CDATA[Mantenemos tan en secreto las sorpresas para el viernes que esto parece... El secreto de las tortugas ;) http://t.co/foDvvwv7 @username		]]></document>
	<document><![CDATA[@username Hola Beli. Al estar en fase "beta" en esta ocasión va a ser solo en Android. Pero eso cambiará pronto, ¡estamos en ello!		]]></document>
	<document><![CDATA[@username @username De verdad que queda poquito. ¡Es que así es más emocionante! ;)		]]></document>
	<document><![CDATA[¡Primer reto Placeband lanzado! ¿Quieres una foto con @username? Habrá CINCO ganadores :) http://t.co/IIoN3bDI		]]></document>
	<document><![CDATA[Me gusta Placeband en Facebook + una foto chula = ¡Foto aún más chula con @username el viernes! http://t.co/IIoN3bDI #sorpresasPlaceband		]]></document>
	<document><![CDATA[Recuerda: PLACEYOU! Que no se te olvide hacer check-in, así sabremos que estás  dentro y podrás disfrutar de sorpresas.		]]></document>
	<document><![CDATA[Aclaramos que el check-in en PLACEYOU! debemos hacerlo el mismo día del concierto al llegar al recinto del concierto de @username.		]]></document>
	<document><![CDATA[@username Lo sentimos. Piensa que esto es fase Beta pero podrás disfrutar de #sorpresasPlaceband en muchos otros futuros conciertos :)		]]></document>
	<document><![CDATA[¿Aún no conoces nuestra 1ª sorpresa? Participa en este concurso y podrás hacerte una foto con @username. FÁCIL :) http://t.co/IIoN3bDI		]]></document>
	<document><![CDATA[@username Se sube a Facebook una foto, no desde la app. Debe aparecer alguna imagen de Placeband, no necesariamente de la aplicación.		]]></document>
	<document><![CDATA[Te recomendamos que incluyas tu nº de telf. en tu perfil de Placeband. Podrás tener una sorpresa extra en el concierto de @username		]]></document>
	<document><![CDATA[@username ¡Hola amiga! Tendrás que actualizar la aplicación y verás la opción en tu perfil. ¿Nos confirmas? Eres una beta-tester de 10 :)		]]></document>
	<document><![CDATA[@username El viernes por la tarde los anunciamos.		]]></document>
	<document><![CDATA[Nueva actualización en la app de Placeband! Actualiza para disfrutar de las sorpresas que habrá en el concierto de @username de mañana.		]]></document>
	<document><![CDATA[@username ¿Te da algún tipo de mensaje de error? En principio está funcionando sin problema.		]]></document>
	<document><![CDATA[@username Se actualiza en la propia tienda de Android, desde donde la descargaste.		]]></document>
	<document><![CDATA[@username Hola. En tu móvil #Android lo puedes descargar de manera gratuita.		]]></document>
	<document><![CDATA[@username Hola. En esta fase beta estamos exclusivamente en #Android.		]]></document>
	<document><![CDATA[@username Debes actualizar la app y en tu perfil te dará la opción de incluir el teléfono. ¡Importante tener la última versión!		]]></document>
	<document><![CDATA[@username Debes actualizar la app y en tu perfil te dará la opción de incluir el teléfono. ¡Importante tener la última versión!		]]></document>
	<document><![CDATA[@username Sí, en la tienda directamente. Sólo tienes que buscarla y te la descargas al momento.		]]></document>
	<document><![CDATA[@username Síguenos y lo hablamos en privado. ¡Saludos!		]]></document>
	<document><![CDATA[@username Para poder ayudarte ¡nos tienes que seguir primero! Y te enviamos un DM.		]]></document>
	<document><![CDATA[¿Cómo van esas actualizaciones? Recuerda que con la última versión de @username disfrutarás de todas las sorpresas preparadas para mañana.		]]></document>
	<document><![CDATA[@username Tienes un DM :) ¡Gracias!		]]></document>
	<document><![CDATA[¿Sabéis qué? Ya sois un montón de Beta-Tester que estáis descargando la app para disfrutar de una forma diferente a @username. GRACIAS.		]]></document>
	<document><![CDATA[¿Has subido ya tu foto a nuestro Facebook? Tienes hasta las 23:59 para publicar, votar y poder conocer a @username http://t.co/IIoN3bDI		]]></document>
	<document><![CDATA[Los 5 ganadores del concurso tendrán foto con @username en el concierto de mañana. Así son los premios Placeband ;)
http://t.co/IIoN3bDI		]]></document>
	<document><![CDATA[En una hora cerramos las votaciones. ¿Has participado? Qué nervios, ¿no? :)
http://t.co/IIoN3bDI		]]></document>
</author>