<?xml version="1.0" encoding="UTF-8" standalone="no"?><author id="user17">
	<document><![CDATA[estudante de medicina que nunca assistiu scrubs: poser		]]></document>
	<document><![CDATA[mas fica em terceiro lugar, logo atrás de 'shaun of the dead' e 'zombieland'		]]></document>
	<document><![CDATA[por isso pega na cintura e acaba acaba acaba acaba acaba logo e acaba acaba acaba acaba acaba logo		]]></document>
	<document><![CDATA[@username E aí?		]]></document>
	<document><![CDATA[CINCO (05) HORAS de espera pela @username		]]></document>
	<document><![CDATA[o whey hoje estava especialmente magnífico		]]></document>
	<document><![CDATA[@username 'sses disáner tudo uns bosta eles		]]></document>
	<document><![CDATA[Gabri El Pensador		]]></document>
	<document><![CDATA[dá pra liberar o protocolo, @username?		]]></document>
	<document><![CDATA[Jesus avaliaria Maria Madalena no tubby? EU ACHO QUE NÃO		]]></document>
	<document><![CDATA[já estreou carrie?		]]></document>
	<document><![CDATA[que merda de público, hein @username		]]></document>
	<document><![CDATA[que anda aprontando m. night shyamalan?		]]></document>
	<document><![CDATA[nunca vou entender a sociedade		]]></document>
	<document><![CDATA[seal está decepcionado		]]></document>
	<document><![CDATA[@username tipo imóvel ou tipo alfajor????		]]></document>
	<document><![CDATA[domingo dia internacional de tirar objetos cortantes do alcance		]]></document>
	<document><![CDATA[mas só pra descer o pau heuheuieheuei		]]></document>
	<document><![CDATA[amo/sou aquecimento global		]]></document>
	<document><![CDATA[¡buenos dias! http://t.co/Z60RhgTgM0		]]></document>
	<document><![CDATA[só pervs		]]></document>
	<document><![CDATA[que fantástico http://t.co/aVOlbCphK4		]]></document>
	<document><![CDATA[qq ta pegano		]]></document>
	<document><![CDATA[quero todos especialmente darwin-chewbacca http://t.co/ftPO4hbjhZ		]]></document>
	<document><![CDATA[será que a rachel sheherazade usa abercrombie?		]]></document>
	<document><![CDATA[pobre mesmo vai pra europa		]]></document>
	<document><![CDATA[índice sheherazade de imbecilidade™		]]></document>
	<document><![CDATA[acho que vale relembrar: http://t.co/4ULbkua0Oy http://t.co/CkMBOzgPcE		]]></document>
	<document><![CDATA[@username vou rezar 1/3 pra encontrar 1/2 de levar pra 1/4 e te encher de porrada cara		]]></document>
	<document><![CDATA[mas ela sabe fazer DE UM TUDO		]]></document>
	<document><![CDATA[como ela e o cocô dela		]]></document>
	<document><![CDATA[tô escutando uns bineural pesado aqui		]]></document>
	<document><![CDATA[@username *gesticulando energicamente* SIM		]]></document>
	<document><![CDATA[somos bastantes bostas		]]></document>
	<document><![CDATA[aparentemente só dá tempo de comer		]]></document>
	<document><![CDATA[esses site que fica mexendo parallax e paraccax		]]></document>
	<document><![CDATA[tenebroso		]]></document>
	<document><![CDATA[esperandozamigo (@username New Moon Resort) http://t.co/CGhNu6yU3I		]]></document>
	<document><![CDATA[I'm at Aeroport de Barcelona-El Prat (BCN) - @username (El Prat de Llobregat, Catalunya) w/ 19 others http://t.co/miKsLVzavU		]]></document>
	<document><![CDATA[gente— e ninf()maníaca?		]]></document>
	<document><![CDATA[porque sou contra concursos públicos #68 http://t.co/6A3UinioOH		]]></document>
	<document><![CDATA[900 @username Museo Del '900, Milano http://t.co/gpw68KERkZ		]]></document>
	<document><![CDATA[já quero beber		]]></document>
	<document><![CDATA[já tá tudo verdeamarelo?????		]]></document>
	<document><![CDATA[you shall not usar essa escada rolante http://t.co/Lm95bDjGj4		]]></document>
	<document><![CDATA[como lago @username Belagio Como Lake http://t.co/nf3hvOcGCB		]]></document>
	<document><![CDATA[sobre burritos e acarajés		]]></document>
	<document><![CDATA[agora ta parecendo o comissário gordon e ta interpretando aquela parte que ele finge que morre		]]></document>
	<document><![CDATA[~~~costumes mediterrâneos~~~~~~~~~~~~~		]]></document>
	<document><![CDATA[joguei meu sanduíche de mortadela pela descarga pra agradar iemanjá		]]></document>
	<document><![CDATA[obg Julio César http://t.co/xh1fjyAlAE		]]></document>
	<document><![CDATA[so close yet so far http://t.co/tHFHYv0tz6		]]></document>
	<document><![CDATA[LEVAA EEEEEEEEEEUU http://t.co/myP20rajIC		]]></document>
	<document><![CDATA[LEEVA EEEEEU		]]></document>
	<document><![CDATA[gurmê gârmei gormen goormay sei lá como escreve		]]></document>
	<document><![CDATA[maca rum makaroon maccarrun sei lá como escreve		]]></document>
	<document><![CDATA[que lombra		]]></document>
	<document><![CDATA['L'acque d'agosto' música muito famosa		]]></document>
	<document><![CDATA[aceitando envio de catuaba para fins científicos		]]></document>
	<document><![CDATA[gente que fala bicaboRnato		]]></document>
	<document><![CDATA[descobri onde vende a pelota de mozzarella a 0,30€ agora vou lavar a búfala		]]></document>
	<document><![CDATA[mom blun mon blâm monblargh sei lá como escreve		]]></document>
	<document><![CDATA[pouca gente sabe mas… http://t.co/xN7kiYIId8		]]></document>
	<document><![CDATA[Candidato a Senador Gim Argello (…)
Senadora 1º Suplente: Weslian Roriz		]]></document>
	<document><![CDATA[opa rede social errada		]]></document>
	<document><![CDATA[pode desejar que alguém se torne celíaco????		]]></document>
	<document><![CDATA[eu acho difícil…		]]></document>
	<document><![CDATA[que povo esquisito mddc		]]></document>
	<document><![CDATA[libera o perfil que eu te dou 10 conto		]]></document>
	<document><![CDATA["unicórnio utópico" HAHAHAHA UBUNTU AFF HAHAHAHAHA		]]></document>
	<document><![CDATA[lembrando que o gigante está dormindo no caso o eyjafjallajökull		]]></document>
	<document><![CDATA[me duelen los uevos		]]></document>
	<document><![CDATA[qntos porcento de gente vive no acre?		]]></document>
	<document><![CDATA[claustrofobia certamente medo do santa claus (papai noel)		]]></document>
	<document><![CDATA[desejo boas noite		]]></document>
	<document><![CDATA[só tenho amigo lascado		]]></document>
	<document><![CDATA[@username só 27 tá de boa tá tranqs		]]></document>
	<document><![CDATA[quero quindim		]]></document>
	<document><![CDATA[@username credo		]]></document>
	<document><![CDATA[gosto muito daquele pagode "LE LE LE LE LE LE LE LE LE LE LE LE LE LE LE LE LE LE LE LE LE LE LE LE LE LE LE LE LE LE LE LE LE LE LE LE LE"		]]></document>
	<document><![CDATA[sono un po' ubriaco		]]></document>
	<document><![CDATA[vivendo basicamente de gorgonzola		]]></document>
	<document><![CDATA[@username a de 600ml?		]]></document>
	<document><![CDATA[carrapato ô bicho miserável		]]></document>
	<document><![CDATA[del pal no facebook		]]></document>
	<document><![CDATA[já 2015 e nego ainda tentando emplacar relógio-esperto		]]></document>
	<document><![CDATA[documentaries on design. http://t.co/RCrzTvc9OR		]]></document>
	<document><![CDATA[estados unidos sabe fazer: black friday | estados unidos não sabe fazer: beer		]]></document>
	<document><![CDATA[todo palestrante de tecnologia tem problema de fala?		]]></document>
	<document><![CDATA[quebrar a milenar máscara do rei egípcio tutancamon, quem nunca?		]]></document>
	<document><![CDATA[@username certamente lobby da máfia do pau de selfie gourmet		]]></document>
</author>