<?xml version="1.0" encoding="UTF-8" standalone="no"?><author id="user71">
	<document><![CDATA[¿Pues que están regalando? (@username Cielito Querido Café) [pic]: http://t.co/GSkc36q5		]]></document>
	<document><![CDATA[Ya comenzaron a llegar los regalos de los proveedores ¿quien da más? http://t.co/7LQpWxce		]]></document>
	<document><![CDATA[Señores proveedores para el siguiente año les cambio el torres 10 por un Johnny Walker y el Matusalen por un mezcalito ¿no?		]]></document>
	<document><![CDATA[Lo Más Buscado en #Google 2012 http://t.co/d8Omt7dP		]]></document>
	<document><![CDATA[Vengan esas recomendaciones de #MúsicaParaElFinDelMundo		]]></document>
	<document><![CDATA[#A1DíaDelFinDelMundoYAúnNoSé que es lo que quiere el chingado cliente.		]]></document>
	<document><![CDATA[#A1DíaDelFinDelMundoYAúnNoSé usar el chingado Windows 8... 

(tampoco un Android)		]]></document>
	<document><![CDATA[#A1DíaDelFinDelMundoYAúnNoSé quien diablos es @username ni @username.		]]></document>
	<document><![CDATA[yo creo voy hoy a @username, mira si mañana se me atraviesa en #FinDelMundo y no alcanzo a gastar el bono.		]]></document>
	<document><![CDATA[El segundo proveedor superó al primero. http://t.co/nEyfw8OJ		]]></document>
	<document><![CDATA[A comer con @username, ya la extrañaba mucho. (@username Don Asado w/ 2 others) [pic]: http://t.co/tlhAwgyV		]]></document>
	<document><![CDATA[Regalo del amigo secreto (que se come la envoltura????) http://t.co/eFpENPwZ		]]></document>
	<document><![CDATA[La verdad es que hoy mi amigo #ElBrazotes si estaba que echaba luuuumbre.		]]></document>
	<document><![CDATA[@username no es que no te quiera amiga es porque no tienes 4square... 
No te pude mencionar 
¿Verdad @username?		]]></document>
	<document><![CDATA[@username pues aquí la señorita @username es la que se está volviendo súper experta.		]]></document>
	<document><![CDATA[Espero que mañana en el fin del mundo #ElArgentinoDelicioso se convierta en zombie... 
A ver si así ya me come.		]]></document>
	<document><![CDATA[Deja tu el calentamiento global...

El calentamiento del iPhone |O.O|		]]></document>
	<document><![CDATA[@username ¿Alguien tiene una espátula gigante? Estoy hecho trizas. No hay redbull que me levante. // ya apareció el primer zombie		]]></document>
	<document><![CDATA[¡Bipolaridad! ¡Bipolaridad!¡Bipolaridad!  ¡Bipolaridad! Hector (@username La Bipolar w/ 2 others) [pic]: http://t.co/M3qnJmIm		]]></document>
	<document><![CDATA[Salud y feliz Navidad. #queridoscreativos  @username La Bipolar http://t.co/DuNBFSdD		]]></document>
	<document><![CDATA[Desde pequeña he amado este lugar. (@username Cineteca Nacional w/ 13 others) [pic]: http://t.co/UEpw0Rl7		]]></document>
	<document><![CDATA[Ya que andamos por estos lares, una visita relámpago (@username Palacio de Bellas Artes w/ 17 others) http://t.co/fY9Lv1ZU		]]></document>
	<document><![CDATA[Gastemos el regalo del amigo secreto (@username Gandhi w/ 2 others) [pic]: http://t.co/gEx1Fn5I		]]></document>
	<document><![CDATA[No entiendo porque la gente se moja en la fuente =/ (@username Monumento a la Revolución Mexicana w/ 4 others) [pic]: http://t.co/sPxaB4lC		]]></document>
	<document><![CDATA[Tarde o temprano toda mujer dice: 
"Es que ya no lo uso" 
Al ver un vestido. 
#VerdadesFemeninas.		]]></document>
	<document><![CDATA[Condesa #Casual (@username Parque México) http://t.co/W7bwXAXH		]]></document>
	<document><![CDATA[@username las primeras dos
2 Video Games/Lana del Rey 
1 Survival/Muse (por ser la canción de #London2012 obvio)		]]></document>
	<document><![CDATA[@username 
No puedo creer la paliza que le están dando a SF So sorry =(		]]></document>
	<document><![CDATA[Definitivamente lo más sexy en un hombre es vestirse de charro con converse rojos 
#AsiOmásMacho		]]></document>
	<document><![CDATA[Que bonito es Xochimilco #SoySureña (@username Mercado de Plantas y Flores  Madreselva) http://t.co/WUDGP9gn		]]></document>
	<document><![CDATA[Hoy toca comer tarde (@username Garabatos) http://t.co/Sambp3qI		]]></document>
	<document><![CDATA[Aaaaaa... Que cómodos son los asientos de cinépolis =D (@username Cinépolis w/ 15 others) http://t.co/7XIxhVTK		]]></document>
	<document><![CDATA[Pues para continuar con el chisme @username (@username Starbucks) http://t.co/WDnNjYES		]]></document>
	<document><![CDATA[Foto espontánea. http://t.co/1klIvWSF		]]></document>
	<document><![CDATA[Arte: "Hola, necesito el logo oficial de la marca" 
Cuentas: "Ah... este... ¡Invéntate uno!"
Arte: ¬¬ (torpe)		]]></document>
	<document><![CDATA[Comida casual con @username... La mejor compañía (aquí entre nos) (@username Wings Army w/ 3 others) [pic]: http://t.co/UVEql4xa		]]></document>
	<document><![CDATA[“@username: #WTF que tipo de cuentas es??? // jajaja una muy torpe, sólo nos hacen quedar mal. =(		]]></document>
	<document><![CDATA[“@username: El amor en tiempos de «te di alas, pero me voy con otra persona».”// ???????????????? #PricelessTweet		]]></document>
	<document><![CDATA[Cada quien hace de su TL un papalote.		]]></document>
	<document><![CDATA[Stalkenado a nuestro nuevo copy #Casual (él tiene la culpa pa´que me agrega)		]]></document>
	<document><![CDATA[Despidiendo el año como se debe con Hector (@username El Gran Leon De Oro w/ 2 others) [pic]: http://t.co/Hy8RXnih		]]></document>
	<document><![CDATA[¿Qué pasa con los hombres de hoy? 
Sólo quieren una cosa... 

Matrimonio ????		]]></document>
	<document><![CDATA[Desayuno tradicional y garnachero. (@username La Marqueza Charco Del Zarco) [pic]: http://t.co/hUpUtP1T		]]></document>
	<document><![CDATA[¬¬ comienzo a pensar que la gente me felicita para que yo felicite a la gente...		]]></document>
	<document><![CDATA[Hoy me siento más Amy Winehouse que nunca.		]]></document>
	<document><![CDATA[En esta fecha siempre me acuerdo de la canción que dice: 
"Diciembre me gustó pa'que te vayas, que sea tu cruel adiós mi Navidad"		]]></document>
	<document><![CDATA[Creo que mi parte favorita es: 
"No quiero comenzar el año nuevo con este mismo amor que hace tanto mal"

(Nadie quiere comenzar un año así)		]]></document>
	<document><![CDATA[Cuidando a la sobri... http://t.co/oc6bGQYv		]]></document>
	<document><![CDATA[@username @username @username  @username// un abrazo grande a todos, gracias por estar en mi TL en 2012, nos vemos en 2013.		]]></document>
	<document><![CDATA[El mayor problema es que sólo es bonito... 
Si fuera un tantito interesante me daría más gusto verlo mañana ????		]]></document>
	<document><![CDATA[@username ya no puedo darme ese lujo, estoy en una situación de bonito vs más bonito =S		]]></document>
	<document><![CDATA[Calzones rojos pa'l amor y la buena suerte.
(Y el #NoPantsMx)

#PreparandomeParaElAñoNuevo		]]></document>
	<document><![CDATA[¡Ándale! Casi que me ahogo con las última dos uvas. 
¡BIENVENIDO 2013!		]]></document>
	<document><![CDATA[Creo que di una vuelta equivocada y termine en una casa de Cuernavaca.		]]></document>
	<document><![CDATA[Hay como un agujero negro, cada vez se más gente. 
#After31Dic.		]]></document>
	<document><![CDATA[Nuestros caminos se habrán enlazado, pero nunca se unieron.		]]></document>
	<document><![CDATA[@username jajaja, son la onda!
Me recordaste y ahora los estoy viendo en el Youtube =D		]]></document>
	<document><![CDATA[@username ¿puedo hablar con el hipopótamo que hipotálamo? #LaLLamaQueLLama		]]></document>
	<document><![CDATA[@username me agarro un escuadrón fashion y me pelaron todo... 
#LaLLamaQueLLama		]]></document>
	<document><![CDATA[@username no me fumen soy habano! 
#LaLLamaQueLLama		]]></document>
	<document><![CDATA[Hola, ¿Tíbet?
¿Con el Dalai? 
¡Habla la Lama! 
#LaLLamaQueLLama		]]></document>
	<document><![CDATA[@username yo también, acabo de ver el de la fiesta "Maya" 
#LaLLamaQueLLama #priceless		]]></document>
	<document><![CDATA[Hola, ¿cuartel de bomberos? 
¡Habla la Llama! 
#LaLLamaQueLLama		]]></document>
	<document><![CDATA[¿veterinario? 
El viejo se comió al bebe.
Dice que abramos al viejo en dos
En realidad no lo dijo, pero yo lo quiero hacer
#LaLLamaQueLLama		]]></document>
	<document><![CDATA[¡Mira que lindo el poncho que me compre! 
#LaLLamaQueLLama		]]></document>
	<document><![CDATA[¿Hablo con la NASA?
¿Y porqué no se hace la dirigía?
#LaLLamaQueLLama		]]></document>
	<document><![CDATA[@username: #Propositos2013 Ser hombreriega #CansadaDeBesarSapos// yo lo provee en 2012 y no estuvo tan padre. 
Mejor un fuck buddy a la vez		]]></document>
	<document><![CDATA[Publicistas unidos por más campañas como #LaLLamaQueLLama		]]></document>
	<document><![CDATA["Como digo en mi libro: Los agujeros negros y las llamas"

#LaLLamaQueLLama		]]></document>
	<document><![CDATA[“@username: @username quien llama!?... Jajajaj”// "la otra llama"		]]></document>
	<document><![CDATA[¿Me pasa con el lanza llamas? 
Hola, lanza llamas, ¿me lanzaría a San Bernardo así me ahorro el pasaje?
#LaLLamaQueLLama		]]></document>
	<document><![CDATA[La del chanchito que habla http://t.co/L0oHBIce #LaLlamaQueLlama		]]></document>
	<document><![CDATA[¿Polo Norte, Santa Closs?
Quería hablar con tu hijo... 
Mariano Closs... 
#LaLLamaQueLLama
(OK es muy Ar.)		]]></document>
	<document><![CDATA[Con el chanchito que habla.
¿Te gustan las manzanas?
Te vamos a poner una en la boca
#LaLLamaQueLLama		]]></document>
	<document><![CDATA[-Llama
-¿Que?
-Llama
-¿Que?
-Llama
-¿Que?
#LaLLamaQueLLama		]]></document>
	<document><![CDATA[@username ¡un clásico es un clásico!		]]></document>
	<document><![CDATA[@username mana yo preocupada porque no me llegaba tu notificación.
Pos que pusiste "uperstar" jajajaja		]]></document>
	<document><![CDATA[No me aprietes, soy un barro #LaLLamaQueLLama		]]></document>
	<document><![CDATA[“@username: @username http://t.co/UorU74kq esta no la habías visto! #LaOtraLlama”// a ver veo!		]]></document>
	<document><![CDATA[Comenzando el año con nuevos Followers. 
Sean bienvenidos a mi retorcida mente.		]]></document>
	<document><![CDATA[Esta canción me trae recuerdo preparatorianos. ? "Fix You (Live)" by @username http://t.co/KA6792Ab		]]></document>
	<document><![CDATA[Siempre estoy en el lugar indicado en el momento equivocado.		]]></document>
	<document><![CDATA[Sin ti, las emociones de hoy no serían más que la piel muerta de las emociones de ayer. http://t.co/mct2CMf6 vía @username		]]></document>
	<document><![CDATA[Están llegando nuevos followers que son agentes del #Flashmob... 
¡BUENVENIDOS! Ya nos veremos las piernas en el #NoPantsMx		]]></document>
	<document><![CDATA[“@username: Hoy se conmemora el aniversario del nacimiento de J. R. R. Tolkien http://t.co/0gMNphwJ”// por si se lo preguntaban.		]]></document>
	<document><![CDATA[@username por tu tonta culpa ya me entro curiosidad. 
¡TE DETESTO! >=(		]]></document>
	<document><![CDATA[Uy lo que me faltaba. 
Descubrir el brazo de mueve mole... 

Vida ¿porque me odias tanto? 
#tiradaAlDrama.		]]></document>
	<document><![CDATA[El internet intenta decirme que deje de estar de chismosa. =(		]]></document>
	<document><![CDATA[@username que bueno que tengo que terminar una presentación o ya me habría aventado por la ventanota 
#BenditaTerapiaOcupacional		]]></document>
	<document><![CDATA[#MientrasTuMeIgnoras en la Roma me esperan con una cena de salmón		]]></document>
	<document><![CDATA[#MientrasTuMeIgnoras otros me dicen que los hago sentir infinitos...		]]></document>
	<document><![CDATA[#MientrasTuMeIgnoras aquí me preguntan si quiero "Pelón rico" http://t.co/MsO9aTqK		]]></document>
	<document><![CDATA[Servicio técnico ASAP! (@username Mac Care) http://t.co/WWcR8ang		]]></document>
	<document><![CDATA[¡Tu y tu maldita necedad de no salir de mi cabeza! >=(		]]></document>
	<document><![CDATA[Tenías un cuartito en mi corazón...
Pero tu contrato de arrendamiento venció y no es renovable. 
¡Ve desalojando por favor!		]]></document>
	<document><![CDATA[A ver si descubro porque aman tanto este mercado. (@username Mercado de Medellín w/ 2 others) http://t.co/KDUyyKBL		]]></document>
	<document><![CDATA[Este es de mis cielitos favoritos =D (@username Cielito Querido Café) http://t.co/wcfaem82		]]></document>
	<document><![CDATA[@username creo que es hora de volver a escribir el desenlace -> http://t.co/6yK3cCKu		]]></document>
	<document><![CDATA[Comamos pues =D (@username Pizza amore) http://t.co/uRSTgNEY		]]></document>
	<document><![CDATA[Como que me dio la Fiebre Glee #GustoCulposo		]]></document>
</author>