<?xml version="1.0" encoding="UTF-8" standalone="no"?><author id="user429">
	<document><![CDATA[Ver series de los 90's, te hace recordar que antes, los actores eran más "gruesos"		]]></document>
	<document><![CDATA["@username: High On Fashion: DELPOZO FW13 http://t.co/EgDQOZYS" Emocionada como una niña pequeña, esa es La frase!		]]></document>
	<document><![CDATA[Cercanías http://t.co/YNQ1BG6U		]]></document>
	<document><![CDATA[Por sí no leyeron el post de mi nuevo accesorio http://t.co/CwKKCPwo		]]></document>
	<document><![CDATA[Ambar contra el mal de ojo @username Unidad Militar J.M.M. Y P.   Sur. http://t.co/6BXitF2r		]]></document>
	<document><![CDATA[Chiapaneca http://t.co/DsPRE3SX		]]></document>
	<document><![CDATA[Cuando mi hermana entraba en un cuadrito http://t.co/7jkkTcZT		]]></document>
	<document><![CDATA[Qué se jodan, yo no uso el chaleco! http://t.co/PTnpwWGc		]]></document>
	<document><![CDATA["@username: Peregrinación http://t.co/pIywP9fV" mi madre tan viajadora >_<!		]]></document>
	<document><![CDATA[@username: #Mecaemal cuando naquitas tienen blogs y se sienten iconos de moda con sus garritas Zara y posts con fotos de 3 pixeles.		]]></document>
	<document><![CDATA[Contrastes con mi trash look y pueden ver más en http://t.co/CwKKCPwo http://t.co/r3CXbQMy		]]></document>
	<document><![CDATA[@username: Lago Flatead. El agua es tan transparente que ves la sombra. El fondo está a 370 m. de profundidad http://t.co/r1vvJhrw		]]></document>
	<document><![CDATA["@username: Disfrutando él mar en Panamá @username http://t.co/7z7zvtMp" infraganti >_<!		]]></document>
	<document><![CDATA[@username dice "qué sabe Rihanna de ropa, sí siempre anda desnuda?" y yo digo qué el pantone de su colección es "ojo morado 876"		]]></document>
	<document><![CDATA["@username: "El que escriba ‘habrir’ no debería graduarse". Reportaje sobre la ortografía. http://t.co/x2PCho7G" y yo creí estar mal		]]></document>
	<document><![CDATA[Neta, la productora-actriz de girls necesita perder 25 kg, aunque debo admitir qué sí es bien segura de su cuerpo		]]></document>
	<document><![CDATA["@username: Tadeo Cern: convierte en segundos un cuadro de Van Gogh de 1887 en una fotografía del siglo XXI. http://t.co/TAg1R13R"		]]></document>
	<document><![CDATA[Espero que en mi próxima vida, pueda reencarnar en alguien rico, para poder estudiar en Pearson :(		]]></document>
	<document><![CDATA["Sí a alguien pobre le das algo cómodo, que necesidad tendrá de luchar por ser rico" Julie Cooper Nichol (the O.C.)		]]></document>
	<document><![CDATA[Cántame Tacha de'sas bonitas! De'sas que a un hombre hacen llorar #lilaenel22		]]></document>
	<document><![CDATA[Hoy es día del ejército, noble institución que me ha dado muchas enseñanzas.		]]></document>
	<document><![CDATA[El puerto de Liverpool http://t.co/EMQiZYXX		]]></document>
	<document><![CDATA[Cortando el cielo @username Prado Norte http://t.co/7FgkPGXo0V		]]></document>
	<document><![CDATA[18 años después de la primera vez que la vi! @username Auditorio Nacional http://t.co/kuU4ZZVhZj		]]></document>
	<document><![CDATA[Las gracias @username Palacio de Bellas Artes http://t.co/0QjEEkhUtc		]]></document>
	<document><![CDATA[Después de la caída y la bicicleta, todo bien! http://t.co/9hZ4G50lgr		]]></document>
	<document><![CDATA[Rescatando zapatos! Y un look más primaveral http://t.co/MUGfyAdSbR		]]></document>
	<document><![CDATA[Mi Salmita Hayek representando a México con su vestido italiano! Ella es muy YO!		]]></document>
	<document><![CDATA[digan lo que digan, mi Salma sí se aprendió bien el papel de "Teresa" #ellaenperra  http://t.co/WPJa6y212K		]]></document>
	<document><![CDATA["@username: Mi Halle Berry directito del set de Dallas. Hablo 1983 que le regreses su vestido.  http://t.co/M0lbdE5pkC"		]]></document>
	<document><![CDATA["@username: Hasta dónde llegó con puro papel de criada http://t.co/911KCS72Wk" yo quiero esos papeles!		]]></document>
	<document><![CDATA[Ven como no es difícil hacerme feliz, un clutch es suficiente asgilb http://t.co/n6uYKIDo58		]]></document>
	<document><![CDATA[A ver delgados ¿cuántos de ustedes tienen un oscar, emmy o golden globe? Mi Adele con sus lonjas, ya ganó todo lo que tenía que ganar.		]]></document>
	<document><![CDATA[Zapatos finlandeses, desde Londres http://t.co/OgnBzloJPy		]]></document>
	<document><![CDATA["@username: alex15a20 nos da tips para usar los tonos neón en tu outfit #15a20 http://t.co/SObHboKcY4"		]]></document>
	<document><![CDATA[Son rojos!!!! @username La Cerveceria de Barrio Polanco http://t.co/rs0ds27hYN		]]></document>
	<document><![CDATA[Ahhhh sí todos se casan y tienes novios y novias, pues yo tengo 3 trabajos y entrevisto diseñadores de moda internacionales!!! #iwin		]]></document>
	<document><![CDATA[Ya leyeron mi nota? Es un preview a la exclusiva de la siguiente semana http://t.co/SObHboKcY4		]]></document>
	<document><![CDATA[Los paisajes mexicanos http://t.co/SgnkESiZQK		]]></document>
	<document><![CDATA[En vivo desde el JW Marriott, para TV AZTECA http://t.co/Z4WX6Rqtf7		]]></document>
	<document><![CDATA[Y así bailan una cumbia! @username Pena Pobre http://t.co/NgkQ0Xxm1J		]]></document>
	<document><![CDATA["con tal de casarme, yo pago el registro civil" dice @username		]]></document>
	<document><![CDATA[Y me gustaría poder decirles a mis hijos "primero fuimos amigos y después nos casamos" #truelove		]]></document>
	<document><![CDATA[Siempre nos hemos encontrado, a veces tarde otras temprano, está vez a tiempo. Pero siempre nos encontramos #loleiporahi		]]></document>
	<document><![CDATA["nuestro trabajo es caerle bien a la gente, a los medios y al cliente" eso dice mi patrón #prquotes		]]></document>
	<document><![CDATA[El amor de Dios http://t.co/BZ25t5bFUF		]]></document>
	<document><![CDATA[Ame el "ya me pasé a enterar" que hermoso habla la gente >_<		]]></document>
	<document><![CDATA[@username en entrevista con el mejor catador del mundo :D http://t.co/ymZDuEYzRW		]]></document>
	<document><![CDATA[Total black con un clutch de color! Sólo por recomendación @username Hotel Las Alcobas http://t.co/UtDrEznLyD		]]></document>
	<document><![CDATA[Nada mejor que usar piel para un cierre de fashion days http://t.co/sqOYsLSrdC		]]></document>
	<document><![CDATA[Los secretos de paseo de la reforma @username Paseo de la Reforma http://t.co/j8LeE3QW1t		]]></document>
	<document><![CDATA[Un ángel http://t.co/ZkGXt66Pgf		]]></document>
	<document><![CDATA[Un outfit de 160 pesos (no incluye zapatos ni bolsa) @username Av. Paseo de la Reforma http://t.co/Fr5kqynrkd		]]></document>
	<document><![CDATA[Mi abuelo conoció el bosque de chapultepec a sus 20 años, allá por 1940 (cuando platicas con tus abuelos)		]]></document>
	<document><![CDATA[La entrevista que les hice a los chicos de @username http://t.co/frwieRaW3w		]]></document>
	<document><![CDATA[No se ustedes, pero mis juntas con global siempre son muy polite, aunque los problemas sean un tanto serios (amo ser PR)		]]></document>
	<document><![CDATA[La super foto de @username con mi piel de llama http://t.co/RMJY4FjsOS		]]></document>
	<document><![CDATA[Y hablando de llamas, lean mi post sobre el cierre de #magnumidm http://t.co/OaRfMvSkMd		]]></document>
	<document><![CDATA[Me pregunto que habrá pasado con "fatache" debo confesar que alguna vez lo use :)		]]></document>
	<document><![CDATA[El anillo de mi bisabuela, ambar y filigrana. http://t.co/dAIoV8fSEq		]]></document>
	<document><![CDATA[Niñas, sí su novio les grita en la calle, no lloren. Ya perdieron suficiente dignidad al estar con un patán que te grita en público.		]]></document>
	<document><![CDATA[Un lugar con un decorado que es muy yo! @username Rapsodia http://t.co/8wLumvvj1a		]]></document>
	<document><![CDATA[@username con el ojo que todo lo ve @username http://t.co/Jj1pMCh7Mr		]]></document>
	<document><![CDATA[Sí me haces huevos motuleños, me caso. @username Sanborns Soumaya http://t.co/4RynDlUxC4		]]></document>
	<document><![CDATA[Su palabra favorita es "tetazo" http://t.co/sB4QtAJiOy		]]></document>
	<document><![CDATA[Hoy me siento como en 1996 http://t.co/i4ISdxWzjI		]]></document>
	<document><![CDATA[Las pérdidas son tristes, pero lo son aún más, las que todavía no suceden.		]]></document>
	<document><![CDATA[Todas las modas son cíclicas http://t.co/1aG5H3M3Fx		]]></document>
	<document><![CDATA[El objeto móvil más grande de 1912 http://t.co/sorOxdTHI3		]]></document>
	<document><![CDATA[Mi madre es una guapota cc @username http://t.co/s8qCzVkPH6		]]></document>
	<document><![CDATA[De la serie los ojos que todo lo ven http://t.co/ssrM5qYcdc		]]></document>
	<document><![CDATA[De la serie los ojos que todo lo ven http://t.co/wyVB16iE4F		]]></document>
	<document><![CDATA[Hoy amanecí con ganas de tomar lechita @username LithiumPR México http://t.co/lot7OBAV0p		]]></document>
	<document><![CDATA[Mi trompita sin cabello @username Unidad Militar J.M.M. Y P.   Sur. http://t.co/LZ00OSxFKJ		]]></document>
	<document><![CDATA[Típico que prendo la tele en casa de mis padres y hay una peli de Lindsay Lohan #lindsayesmipastor		]]></document>
	<document><![CDATA[@username: @username nos muestra algunas de las propuestas de diseñadores mexicanos para otoño. #15a20 http://t.co/BoeZmVdgKr sobre #magnumidm		]]></document>
	<document><![CDATA["@username: Mi gato tiene más intelecto que tu hijo" lol		]]></document>
	<document><![CDATA[Sí me caso, quiero un matrimonio como el de Liz Taylor y Richard Burton		]]></document>
	<document><![CDATA[El abandono http://t.co/trpEcySmqE		]]></document>
	<document><![CDATA["No eres lo que tienes, sino lo que la gente cree que tienes" Jhon Kennedy		]]></document>
	<document><![CDATA[apoco no tengo unos ojazos!!! http://t.co/YHP0MTaTjm		]]></document>
	<document><![CDATA[y así de fácil me hacen un profile al estilo #catfish  http://t.co/SlJPWp8QbA		]]></document>
	<document><![CDATA[El orden y progreso Mexicano @username Bosque de Chapultepec 1a Sección http://t.co/ISgITduRkD		]]></document>
	<document><![CDATA[Yo quiero que un día me digan Jessabel o Judas, se entiende que ellos sí sabían como hacer las cosas.		]]></document>
	<document><![CDATA[Amo ver el comercial de @username ojalá la vida fuera así de sencilla! Muerdo la paleta pink y outfit nuevo >_<		]]></document>
	<document><![CDATA[Una muestra de fe en Querétaro http://t.co/OiUyYktDw0		]]></document>
	<document><![CDATA[El ayuntamiento 1789 http://t.co/yTRGc5kTeQ		]]></document>
	<document><![CDATA[Trompi ya conoce Querétaro http://t.co/t2HLI2TIyJ		]]></document>
	<document><![CDATA["El DF es parte del Estado de México" eso significa:saqué 2 en geografía básica y por cierto lo escuche en un parque en Querétaro		]]></document>
	<document><![CDATA[En la nueva peli de mi Kristen Dunst se ve el terror de la gente soltera (como yo). La gorda fea se casa primero que la exitosa y bonita		]]></document>
	<document><![CDATA[Texturas de vacaciones @username Tepoztlán Pueblo Mágico http://t.co/cQzUqMvZwf		]]></document>
	<document><![CDATA[¿apoco no está bien sabroso? asgilb @username Tepoztlán Pueblo Mágico http://t.co/iaLtcYkb47		]]></document>
	<document><![CDATA[Sierra Mexicana http://t.co/fbDpz79Cpx		]]></document>
	<document><![CDATA[La idealización de lo mestizo http://t.co/NhY9mtCVtb		]]></document>
	<document><![CDATA[La pistola de mi padre, se la mandó el ciudadano presidente José López Portillo http://t.co/sSPzRGrnOo		]]></document>
	<document><![CDATA[Esta es mi definición de Acapulco en la azotea ;) @username Chili's http://t.co/S0nl6iV0LU		]]></document>
	<document><![CDATA[Hoy son neón! http://t.co/RRUU5D38i7		]]></document>
	<document><![CDATA["@username: "Para lograr el éxito, mantenga un aspecto bronceado, viva en un edificio elegante, aunque sea en el sótano" A.Onassis"		]]></document>
	<document><![CDATA[Está torta se llama Verónica Castro http://t.co/VTtvfUyvvV		]]></document>
	<document><![CDATA["@username: Si usted, como yo, no tiene ganas de empezar a trabajar, caígale al medidor de humor de @username http://t.co/lfSCINjw7c"		]]></document>
</author>