<?xml version="1.0" encoding="UTF-8" standalone="no"?><author id="user514">
	<document><![CDATA[Pos creo que ya pasó todo el chistesito del mal clima.		]]></document>
	<document><![CDATA[El sueño domina mi ser.		]]></document>
	<document><![CDATA[@username eso me pasa todo el tiempo con los libros :(		]]></document>
	<document><![CDATA[@username no me simpatiza tu bot. Ahí cuando tengas una cuenta personal me dices :P.		]]></document>
	<document><![CDATA[Me siento descompuesta.		]]></document>
	<document><![CDATA[Abre la ventana y tírate.		]]></document>
	<document><![CDATA[Se me olvida que el café no es comida.		]]></document>
	<document><![CDATA[Mi desorden necesita un escritorio más grande.		]]></document>
	<document><![CDATA[Qué bonito es tener hipo a esta hora. No me deja ni dormir ni trabajar.		]]></document>
	<document><![CDATA[Ya llego al laboratorio y me dicen "buenos días", se las paso, aunque sean tardes.		]]></document>
	<document><![CDATA[Eso de trabajar bajo presión es un deporte extremo, bien divertido él.		]]></document>
	<document><![CDATA[A ver si ya te clasificas bien transcripciones de niños bilingües con problemas de lenguaje.		]]></document>
	<document><![CDATA[No podré clasificar bien esas transcripciones pero bien bonitas que me salen las bufandas.		]]></document>
	<document><![CDATA[Les regalo mi hombro izquierdo.		]]></document>
	<document><![CDATA[Eso o regálenme un masaje, o algo, que ya no puedo con el dolor.		]]></document>
	<document><![CDATA[¿No les pasa que están bien cansados y se tratan de dormir y nomás dan vueltas en la cama y mejor se levantan a perder el tiempo? A mi sí.		]]></document>
	<document><![CDATA[Las dos y las tres...		]]></document>
	<document><![CDATA[@username ya me quiero dormir :(		]]></document>
	<document><![CDATA[Señor caracol, lléveme a cuestas que llevo prisa.		]]></document>
	<document><![CDATA[Pues nada, me duela la cabeza. Lo normal.		]]></document>
	<document><![CDATA[Escribo "duela" porque estoy mal de la cabeza, porque me duele.		]]></document>
	<document><![CDATA[La Wikipedia lo sabe todo y sino, se lo inventa.		]]></document>
	<document><![CDATA[Debo empezar a escribir que ese ensayo no se va a terminar solo.		]]></document>
	<document><![CDATA[Soñé que todos los planetas estaban alineados con la luna y que también había un Saturno enorme que podía ver desde el techo de mi casa.		]]></document>
	<document><![CDATA[Que ayer se encendió un edificio de departamentos aquí cerca, que no se perdieron vidas, sólo todo lo demás.		]]></document>
	<document><![CDATA[A continuación mis 30 minutos de perder el tiempo.		]]></document>
	<document><![CDATA[¿Ya se acabaron mis 30 minutos?		]]></document>
	<document><![CDATA[@username qué libro usas?		]]></document>
	<document><![CDATA[@username gracias por el dato, yo no recuerdo haber tenido un libro de ecuaciones diferenciales :(.		]]></document>
	<document><![CDATA["El día de la mujer" es para que se acuerden de la lucha por los derechos de las mujeres allá a principios del siglo pasado.		]]></document>
	<document><![CDATA[No es para que feliciten a cada mujer que se topen en su camino este día.		]]></document>
	<document><![CDATA[@username a facebook yo? me acuerdo de haberte creado tu cuenta en twitter (jajajaja) pero en facebook?		]]></document>
	<document><![CDATA[@username seguro fue eso, raro que no recuerdo a mi maestro de ecuaciones diferenciales de la universidad, pero sí al del bachillerato.		]]></document>
	<document><![CDATA[@username sí, pero creo que fue dentro de una clase de física. Es que no teníamos maestro y el subdirector se encargó de darnos la clase...		]]></document>
	<document><![CDATA[@username ... y luego nos enseñaba más cosas de las que debíamos ver... por eso creo que me acuerdo de ese maestro		]]></document>
	<document><![CDATA[Pastel de chocolate, quiero un pastel de chocolate.		]]></document>
	<document><![CDATA[Me gusta esa cosa que tengo de sorprenderme de cosas pequeñas que no sabía. Que se supone debía saber.		]]></document>
	<document><![CDATA[Hombres y mujeres que no entienden nada sobre el día de la mujer.		]]></document>
	<document><![CDATA[hablando de mujeres y traiciones...		]]></document>
	<document><![CDATA[¡Preparen el café que esta noche aun no termina!		]]></document>
	<document><![CDATA[Que divertidas me doy hurgando transcripción por transcripción, no saben.		]]></document>
	<document><![CDATA[Y que se me duerme una mano y que se azota contra el teclado.		]]></document>
	<document><![CDATA[¡Bueno días mundo!		]]></document>
	<document><![CDATA[Buenos, eso.		]]></document>
	<document><![CDATA[(no son horas de despertar éstas)		]]></document>
	<document><![CDATA[@username buenos días, ¿café?		]]></document>
	<document><![CDATA[Ya me dio hambre... Taco de Palabras por Lila Downs #nowplaying http://t.co/GWECRTr6		]]></document>
	<document><![CDATA[Así de mucho de trabajo *junta todos sus dedos de la mano derecha y los apunta hacia arriba, los balancea ligeramente tres veces*		]]></document>
	<document><![CDATA[¿Joto? ¿es como una jota en masculino?		]]></document>
	<document><![CDATA[Las horas buscando el significado de una ge entre corchetes.		]]></document>
	<document><![CDATA[@username creo que esa cuenta es de un grupo de mujeres que la apoyan, no de JMV. Pero como quiera, pues.		]]></document>
	<document><![CDATA[@username eso que ni qu'e		]]></document>
	<document><![CDATA[@username ingeniera sí, recuerdo que me gustaban aunque hace como veinte millones de años que ni las veo, creo.		]]></document>
	<document><![CDATA[@username @username si nomás es cosa que pregunte Don Méndez.		]]></document>
	<document><![CDATA[Pues nada, aquí organizando los artículos regador por doquier cuando ¡BAM! que se queda uno en mis manos...		]]></document>
	<document><![CDATA[y que lo vuelvo a revisar y que encuentro lo que anduve buscando toda la mañana. Y ya.		]]></document>
	<document><![CDATA[@username @username jajajaja... algo así iba a decir también.		]]></document>
	<document><![CDATA[¡Madre de dios! Hace como no sé cuantos meses que no estoy tantísimas horas en este laboratorio, ya me mejor me voy, antes de que me guste.		]]></document>
	<document><![CDATA[Se me antojaron unos tamales de "carne cruda", como les dicen en mi pueblo.		]]></document>
	<document><![CDATA[A ver a qué hora se da cuenta mi mamá que la estoy esperando en la video llamada.		]]></document>
	<document><![CDATA[No conozco a mi vecino del departamento de arriba, pero ahorita mismo yo creo que está brincando sobre su cama.		]]></document>
	<document><![CDATA[@username pues ya no la veas dah!		]]></document>
	<document><![CDATA[@username :O y qué andas haciendo viendo fotos mías?		]]></document>
	<document><![CDATA[@username me vas a hacer brujería?		]]></document>
	<document><![CDATA[Photo: maquinadehacerpajaros: http://t.co/2z4couqh		]]></document>
	<document><![CDATA[Corrí a las visitas. Soy una persona horrible.		]]></document>
	<document><![CDATA[Ya nadie respeta a un adolescente haciendo un examen.		]]></document>
	<document><![CDATA[Nadie como yo para ir caminando al banco y que esté cerrado.		]]></document>
	<document><![CDATA[Eso me recuerda que en la mañana se armó una gran discusión por no saber distinguir entre integridad y autentificación.		]]></document>
	<document><![CDATA[Yo sigo sin ver de dónde la confusión.		]]></document>
	<document><![CDATA[De leerlos tan trabajadores ya hasta me contagiaron.		]]></document>
	<document><![CDATA[No, no es cierto.		]]></document>
	<document><![CDATA[¡Buenos días Universo!		]]></document>
	<document><![CDATA[Al infinito y más allá... http://t.co/jxAuUQKE		]]></document>
	<document><![CDATA[(no prueben en la ventana de twitter qué combinación de teclas hacen uno de estos: | )		]]></document>
	<document><![CDATA[Me han dejado el laboratorio para mi sola *aclara la garganta y se dispone a cantar con harto sentimiento*		]]></document>
	<document><![CDATA[Aquí tomando jugo directo de la caja.		]]></document>
	<document><![CDATA[¿Y cuándo llega el Papa? Ya quiero salir a darle la bienvenida con mi espejito.		]]></document>
	<document><![CDATA[Que dice la CNTE que sus acciones son para defender la educación pública del país. Dice.		]]></document>
	<document><![CDATA[Por cierto: "El 15 de marzo movilización de los contingentes de la CNTE en el DF, partiendo de 4 puntos estratégicos para arribar al zócalo"		]]></document>
	<document><![CDATA[@username llevo 10 minutos riendo sin control... ay pero que mundo tan loco oiga.		]]></document>
	<document><![CDATA[De esos ataques de risa de antaño.		]]></document>
	<document><![CDATA[¡Ay dios! me dolió la panza, lloré y me salieron mocos.		]]></document>
	<document><![CDATA["El usuario que ha subido este video lo ha bloqueado en tu país" ¬¬		]]></document>
	<document><![CDATA[¡Buenos días Mundo!		]]></document>
	<document><![CDATA[Le acaban de hacer una cara fea a mi paleta de elote con chile.		]]></document>
	<document><![CDATA[Ohh pues.		]]></document>
	<document><![CDATA[@username 10 dólares me costó la bolsa :(		]]></document>
	<document><![CDATA[Canten conmigo http://t.co/CnnctZVn		]]></document>
	<document><![CDATA[Esos cambios de lenguaje en el teclado me están fastidiando.		]]></document>
	<document><![CDATA[No es hambre es sed®.		]]></document>
	<document><![CDATA[RT @username: Wow http://t.co/VoLr4OzI << regálenme uno de éstos :D		]]></document>
	<document><![CDATA[Sombras nada más entre tu vida y mi vida.		]]></document>
	<document><![CDATA[¿Día mundial del sueño? Ya no hacen gracia.		]]></document>
	<document><![CDATA[En oscuro mundo de transformar palabras al plural.		]]></document>
	<document><![CDATA[Buenos días.		]]></document>
	<document><![CDATA[Cambie el tamaño de letra de 11 a 14. Estoy quedándome ciega más rápido de lo que pensaba.		]]></document>
	<document><![CDATA["aplica la regla general y luego revisas cada caso y cambia los erróneos, ma-nual-men-te", el horror.		]]></document>
	<document><![CDATA[Oigan, ¿por qué hay puente?		]]></document>
	<document><![CDATA[pues ya supe porqué el puente y no fue gracias a ustedes u_u		]]></document>
</author>