<?xml version="1.0" encoding="UTF-8" standalone="no"?><author id="user518">
	<document><![CDATA[En el coworking todo no vale http://t.co/C6tt3mBk4x vía @username		]]></document>
	<document><![CDATA[La iglesia, maestra en hundirse ella solita: Manual católico para sumisas: "La mortificación nos gusta" http://t.co/zWicjxfc32 vía @username		]]></document>
	<document><![CDATA[Fantástico caso de un buen uso de la red: Atrapalo consigue cervezas gratis gracias a un follower bocazas http://t.co/ngiliCnQpv		]]></document>
	<document><![CDATA[Etica para jóvenes hackers. Gran proyecto educativo via #crowdfunding. Colabora! http://t.co/vmdjDiBOD8		]]></document>
	<document><![CDATA[Neofranquismo http://t.co/PSfZmudcyF vía @username		]]></document>
	<document><![CDATA[Una jueza declara ilegal el contrato estrella de la reforma laboral http://t.co/4rx9sGJcWG vía @username #sisepuede		]]></document>
	<document><![CDATA[Demasiado pronto se va un grande: El arte de contagiar la música de Fernando Argenta  http://t.co/GMe4DXoGLM vía @username		]]></document>
	<document><![CDATA[El analfabetismo español http://t.co/4nXAkfXQTl vía @username		]]></document>
	<document><![CDATA[Haz que sea una realidad. Verkami: El Documental: "Corrupción: el Organismo nocivo" http://t.co/QDMo4w4fvI		]]></document>
	<document><![CDATA[Cinco datos que no hay que olvidar sobre el caso Blesa http://t.co/rqEsXw5LfX vía @username		]]></document>
	<document><![CDATA[Pesadilla antes de Navidad http://t.co/nVyk9GJmXv vía @username		]]></document>
	<document><![CDATA[Yo quiero que se haga el documental Corrupción: el Organismo nocivo http://t.co/pfsM3XPjOf ¿Nos ayudas en la financiación? #docuCorrupción		]]></document>
	<document><![CDATA[No a la tasa Google http://t.co/ut0vkDGNWn vía @username		]]></document>
	<document><![CDATA[Pensanso alternativas: Y ahora EuroHarvard de Juan Luis Manfredi  http://t.co/OgndPxjKRL vía @username		]]></document>
	<document><![CDATA[La verdad http://t.co/shpPtVcTwp vía @username		]]></document>
	<document><![CDATA[Un sistema detecta con dos meses de antelación las tendencias mundiales en redes sociales http://t.co/UrrCuwwSgA vía @username		]]></document>
	<document><![CDATA[Austeridad=>pobreza=>populismo=>fascismo 1939=>2014 #EleccionesEuropeas		]]></document>
	<document><![CDATA[PP+PSOE menos del 50% de la representación. Bipartidismo kaputt #EleccionesEuropeas		]]></document>
	<document><![CDATA[Otras miradas » Contra la precariedad, nos jugamos mucho de @username el 1/5 pasado http://t.co/8RbdNi2uBi		]]></document>
	<document><![CDATA[. @username teniu telèfon per trucar des de fora de Barcelona?		]]></document>
	<document><![CDATA[¿Quieres saber cómo te ven en Twitter? Así me ven a mi:  http://t.co/1M88IbdnKn #personalitwit		]]></document>
	<document><![CDATA["Nos están dando limosna por derechos sociales" Fernando Flores http://t.co/QpRvOblC43		]]></document>
	<document><![CDATA[Y todo esto lo hicimos nosotros http://t.co/6Eiosv4di5 vía @username		]]></document>
	<document><![CDATA[. @username Puedo llevar una cometa empaquetada como equipaje de mano? 1,20 de alto		]]></document>
	<document><![CDATA[RT @username: #Osarean "Hoy nace el nuevo Portal de la Sanidad Pública Vasca" http://goo.gl/ezirD RT  via @username		]]></document>
	<document><![CDATA[Interesante iniciativa por la igualdad de género http://bit.ly/evV67L		]]></document>
	<document><![CDATA[Saliendo de una reunión con Gabi Martínez http://bit.ly/h8lSUh Trabajo con contenidos inspiradores para elevar el espíritu: libros y viajes.		]]></document>
	<document><![CDATA[Pau GarciaMila, EyeOS: programario libre es compatible con modelo d negocio #interaccio		]]></document>
	<document><![CDATA[P.GarciaMila, EyeOS: nuestro oceano azul fue vender producto y no solo servicio #interaccio		]]></document>
	<document><![CDATA[JaumeGoma: xa emprender es+importante el equipo multidisciplinar q la idea #interaccio		]]></document>
	<document><![CDATA[P.G.Mila, EyeOS: hems dsarrollado proyecto d Internet siguiendo  pasos d un negocio tradicional, credito y no vent.cap #interaccio		]]></document>
	<document><![CDATA[P.GarciaMila,EydOS: la base d usuarios ayuda a valorar un negocio d forma realista y no crear burbuja #interaccio		]]></document>
	<document><![CDATA[P.G.Mila,EyeOS: en internet triunfa lo q facilita la vida a la gente: sencillez #interaccio		]]></document>
	<document><![CDATA[lo k atrae talento es entornos d talento, hay muchas playas en el mundo no solo bcn #interaccio		]]></document>
	<document><![CDATA[La empresa como motor de progreso social en estos tiempo grises zoomintro http://bit.ly/izO3cH #empresa #ética		]]></document>
	<document><![CDATA[zoomintro » Premio de AIMFA al uso de redes sociales en el sector farma http://bit.ly/mNHVSK		]]></document>
	<document><![CDATA[RT @username: "El Roto" la clava (una vez más) http://twitpic.com/4zqv7l @username @username #spanishrevolution		]]></document>
	<document><![CDATA[He apoyado la petición URGENTE: Exige a la Junta Electoral Central que revoque su decisión - http://bit.ly/jOfM21		]]></document>
	<document><![CDATA[Tu%20eres%20la%20%23revolución%3A vía @username		]]></document>
	<document><![CDATA[La palabra más buscada por lectores New York Times últimas 24 horas es Spain, por encima de Strauss-Kahn o Schwarzenegger http://j.mp/jAw9DW		]]></document>
	<document><![CDATA[19% niños <5 años sabe usar smtphone,xo solo 9% atarse zapatos.O.Sanjacinto Google Iberia #hoyesmarketing		]]></document>
	<document><![CDATA[r.rubert: redes sociales offline dtrminan las online, xo estas las amplifican #bdgc2011		]]></document>
	<document><![CDATA[@username lacaixa: hay que ir dnde estan los clientes: las redes sociales.No empeñarse en k vengan a nstro site #bdgc2011		]]></document>
	<document><![CDATA[@username lacaixa: twitter herramienta practica xa geolocalizar oficinas #bdgc2011		]]></document>
	<document><![CDATA[@username lacaixa: es rentable? el tiempo lo dira, xo ya tnmos resultados + #bdgc2011		]]></document>
	<document><![CDATA[@username lacaixa: feedback d nuestros clientes es clave, + k todo lo k diga la red  #bdgc2011		]]></document>
	<document><![CDATA[@username lacaixa: Online community, red d lacaixa xa clientes autnomos y pymes. clave: garantizada identidad real de los miembros. #bdgc2011		]]></document>
	<document><![CDATA[@username,cink: no hablams d redes sino d activo digital k se ha d rentabilizar #bdgc2011		]]></document>
	<document><![CDATA[@username cink: "hay k migrar la tienda online a las redes sociales..." y renunciar a los datos d los clientes? #bdgc2011		]]></document>
	<document><![CDATA[@username, zyncro: redes sociales corporativas: comunicacion,documentos,personas #bdgc2011		]]></document>
	<document><![CDATA[@username, s.rodriguez:aplicacion atencion cliente xa facebook #bdgc2011		]]></document>
	<document><![CDATA[@username,geekfactory:"prepara un planB para cuando tngas exito, no hay nada peor k frustrar expectativas cliente"  #bdgc2011		]]></document>
	<document><![CDATA[@username, del catalogo d producto a las recetas, d empresacentrico a clientecentrico  #tctalks		]]></document>
	<document><![CDATA[@username @username brand butlers, paraguas para un huesped d la cmpetencia, recetas d postres. ServiciO servicio #tctalks		]]></document>
	<document><![CDATA[Guía imprescindible para marketing en #Facebook @username copyblogger  http://bit.ly/mIRy5h		]]></document>
	<document><![CDATA[Nuevo post @username  » La aplicación del Santander y Openbank para smartphones defrauda a sus usuarios http://bit.ly/lVeAgK #banca		]]></document>
	<document><![CDATA[Wonga crece como prestamista excluyendo por completo la decisión humana para dar crédito http://bit.ly/fZktAp #banca		]]></document>
	<document><![CDATA[Estamos con Gabi Martínez hablando de la publicación de su próximo libro "solo para gigantes"  y de usar twitter para un viaje a Japón		]]></document>
	<document><![CDATA[Esperando presentacion #mundotwitter barna		]]></document>
	<document><![CDATA[@username twitter no es una red social, es un canal d comunicacion, un emailen abierto		]]></document>
	<document><![CDATA[@username "el mundo virtual es real, no fisico. si te dejan x email, tus lagrimas mojan el teclado" #mundotwitter		]]></document>
	<document><![CDATA[@username yo tampoco		]]></document>
	<document><![CDATA[RT @username: Aún no sabemos como se gobierna una democracia 2.0 by @username #mundotwitter		]]></document>
	<document><![CDATA[El Roto y las viñetas del 15M >> http://t.co/EvJornU		]]></document>
	<document><![CDATA[Facebook obliga al gran Pharma a habilitar comentarios . PharmaWall, apps para moderarlos. Desde 2009 esperando guideline de FDA para redes		]]></document>
	<document><![CDATA["Los locos del vino, en El País. Una bocanada de aire fresco para inspirarse. http://t.co/K63j9B3		]]></document>
	<document><![CDATA[Porque lo bueno no abunda, apoya La Buena Prensa y @username   http://bit.ly/o9J3jy		]]></document>
	<document><![CDATA[Se certifica que la diferencia sustancial entre los dos tramos altos de ingresos es tecnológica.  @username    http://bit.ly/mTggB2		]]></document>
	<document><![CDATA[Nuevo post: Los bancos apuestan por aplicaciones para el móvil para controlar los gastos con la tarjeta de crédito http://bit.ly/o61igE		]]></document>
	<document><![CDATA[Bankia se estrena en Bolsa con caídas http://t.co/Fbuo7zG via @username		]]></document>
	<document><![CDATA[Aunque el problema de fondo es la italianización de la comunidad valenciana. ¿Será la dimisión de camps un punto de inflexión?		]]></document>
	<document><![CDATA[Emergencia nutricional en el Cuerno de África. No te lo pienses y actúa http://t.co/U94ijAP		]]></document>
	<document><![CDATA[La medicalización de la vida, "farmacéuticas: razones para el escepticismo" en Periodismo ciudadano http://bit.ly/q6WoL2		]]></document>
	<document><![CDATA[Bankia y Banca Cívica capean el temporal. Banco de España interviene la CAM ¿quién la comprará? Se ve luz al final del túnel de #cajas		]]></document>
</author>