<?xml version="1.0" encoding="UTF-8" standalone="no"?><author id="user250">
	<document><![CDATA[A partirse la caja con #humorylibertad		]]></document>
	<document><![CDATA[Vaya show con Guillermo de El Jueves #humorylibertad @username http://t.co/H5HHP4XW		]]></document>
	<document><![CDATA[Tengo miedo.		]]></document>
	<document><![CDATA[Malas vistas al volver de clase... http://t.co/KPwPOwJa		]]></document>
	<document><![CDATA[@username Sa liao con los chiquitines... http://t.co/I03wSden		]]></document>
	<document><![CDATA[La regla de oro | http://t.co/RZvIqnJ7 http://t.co/knhBDNvx vía @username		]]></document>
	<document><![CDATA[José Carlos Carmona es el Woody Allen español...#humorylibertad @username		]]></document>
	<document><![CDATA[Disfrutando de Alex De La Iglesia en #humorylibertad de @username Unas jornadas de libre cojonudas!! http://t.co/z8LrPRXT		]]></document>
	<document><![CDATA[@username @username Perras de agua!!!		]]></document>
	<document><![CDATA[@username Pues no te queda a tí calor por soportar hija...jajaja. 55ºC a la sombra!!!		]]></document>
	<document><![CDATA[@username Está bien esto del kickStart. Tienes que explicarme el bussiness ese...		]]></document>
	<document><![CDATA[@username Mierda!! No hay nada parecido para España???		]]></document>
	<document><![CDATA[@username 6 palabras de respuesta: "Lo pone en tus apuntes, amamonao/a"		]]></document>
	<document><![CDATA[Más nos vale volver a tener mili obligatoria, porque como no devolvamos la pasta van a llover hostias....#modoNKoreaON		]]></document>
	<document><![CDATA[@username Fácil. Pide usted ayuda Europa, y se gasta 10M€ en pagar a un banquero para que page 5€ a un ingeniero que se lo chive!!		]]></document>
	<document><![CDATA[@username dentro del cero si haces zoom estar hecho de frases como: "jodete","mas pasta pa mi,pringao", o "de oca en oca y pagas otraaa"		]]></document>
	<document><![CDATA[@username Pues dale, Godo!! Estamos un pocos a un par de asignaturas de acabar y tenemos ganas y tiempo de hacer cosas!!		]]></document>
	<document><![CDATA[@username @username Creo q habria q dstingui a los xavales a los que les den clase en 2o y la gente que a los 5 años quiera involucrarse		]]></document>
	<document><![CDATA[@username Complicado por?? Por el modelo de pais, los alumnos o falta de tiempo??		]]></document>
	<document><![CDATA[@username En Polonia nos pasaba igual, y en verano amanecia a las 3,30 AM!!! Mantas en ventana!		]]></document>
	<document><![CDATA[Solidaridad | http://t.co/RZvIqnJ7 http://t.co/VDWg76ks vía @username		]]></document>
	<document><![CDATA[Felicidades a los mil Juanes de mi family. San Juan molaba. @username @username		]]></document>
	<document><![CDATA[@username y como va Puta Instrumentacion??		]]></document>
	<document><![CDATA[Menos sueño que un Lemur hadta arriba de cocaííínaaaaaaa!!!!		]]></document>
	<document><![CDATA[@username Yo lo hice en el Galaxy SII. Sigo prefiriendo las ROMs cocinadas		]]></document>
	<document><![CDATA[@username @username Personalmente, me está resultando más inestable la ICS oficial que tengo ahora que la 2.3 cocinada que tenia antes...		]]></document>
	<document><![CDATA[@username @username Por no hablar de que puedes elegir Kernels que consuman menos, que rindan más...yo lo veo más que recomendable...		]]></document>
	<document><![CDATA[@username @username Yo también me fiaba más, por eso actualicé. Pero a veces se me apaga solo y hay apps que petan...		]]></document>
	<document><![CDATA[@username @username Que igual es la capa apestosa que aplica Samsung. Los que yo conozco son RetuRn Rom y Cyanogen Mod, pero slo pa Samsung		]]></document>
	<document><![CDATA[@username @username No, volví a la original porque desde una ROM cocinada no me dejaba actualizar desde Samsung Kies.Actualicé "legalmente"		]]></document>
	<document><![CDATA[@username @username Yo pondré una ICS cocinada en cuanto tenga tiempo para poner windows en mi pc(el miercoles acabo), asi que ya cuento...		]]></document>
	<document><![CDATA[@username @username @username No, son las que proporciona el fabricante. Las "originales"		]]></document>
	<document><![CDATA[@username @username @username Sería: Rooteo->I'm the fuckin' lord->Cambio ROM, Kernel o lo que quiera->Me he divertido. Ahora a trastear +		]]></document>
	<document><![CDATA[A partir de ahora, las nimiedades de mi vida las elegirá el azar. La aplicación Dice(dado para los de Grado) va a arder!!!		]]></document>
	<document><![CDATA[@username Acabo de tirar una moneda, que me ha dictado que no te responda. Solo lo haré para decisiones que me resulten pesadas de tomar		]]></document>
	<document><![CDATA[@username Dioo no cabroooon. Y no me cuentes el final!!		]]></document>
	<document><![CDATA[@username Me he dado cuenta al leerme en tu blog de que con 25 años y a horas de acabar la carrera parezco un quinceañero. #ModoAdultoON		]]></document>
	<document><![CDATA[@username @username Enano Cabezón! Suelta eso que te vas a hacer daño! Una máquina tan potente en unas manos tan inexpertas...		]]></document>
	<document><![CDATA[@username @username Aprovecha mientras puedas seguir respirando....		]]></document>
	<document><![CDATA[@username Que estudias al final?		]]></document>
	<document><![CDATA[@username Que lo estudias por libre??		]]></document>
	<document><![CDATA[@username Más caliente que una patá en la oreja estás tú...		]]></document>
	<document><![CDATA[@username Ir a 110km/h por el brillante??		]]></document>
	<document><![CDATA[Cómo demonios me llevo todad mis cosas a Córdoba?!!! #HelpMeMove		]]></document>
	<document><![CDATA[@username Mejor me voy a mi casa a rascarme la pichilla en la piscina. Todo Julio aquí?? QUIEN PUDIERAAAA		]]></document>
	<document><![CDATA[@username Son expertos científicos metiendo patones como "este descubrimiento cambia el paradigma de la física actual". Al revés hijo puta!		]]></document>
	<document><![CDATA[@username Jajaja. Hijos de puta! Muerte a Matías y su crew!!		]]></document>
	<document><![CDATA[Quien pudiera comerse la espera que me estoy comiendo en la secretaria de mi escuela. Una ventanilla abierta. 10 personas esperando...		]]></document>
	<document><![CDATA[@username Jajajaja. Po no me queda ná de secretaría que chupar a mí!!		]]></document>
	<document><![CDATA[Se oyen tambores de enreína  @username @username @username @username @username @username 21,30 salvador @username		]]></document>
	<document><![CDATA[@username Qué palizon te estás ganando...		]]></document>
	<document><![CDATA[El autobús es pa los pobres. No lo cojo más. Aquí solo hay escoria. He dicho. Y viejas. Qué peste a vieja!		]]></document>
	<document><![CDATA[@username Bueeeno. Dile a tu madre que no le de mas importancia de la que tiene		]]></document>
	<document><![CDATA[@username No escuches a tu cerebro, como Homer		]]></document>
	<document><![CDATA[@username Loco, estoy toda la semana que viene en Sevilla haciendo un curso de libre en Dos Hermanas, cuando quieras te paso eso...ja!		]]></document>
	<document><![CDATA[@username A ver, yo tengo todos los días curso de 10 de la mañana a 6 de la tarde, asi que ir a la escuela me viene chungo!		]]></document>
	<document><![CDATA[@username Si algun dia más tienes que ir a la escuela por la tarde...chachi, si no cuando quieras a partir de las siete cualquier dia		]]></document>
	<document><![CDATA[@username Perfecto. Martes a las 7 en la puerta de cafeta del cajero!! Sólo óptica o algo más?		]]></document>
	<document><![CDATA[@username Instrumentación aprobadísima, ¿no?		]]></document>
	<document><![CDATA[@username Sí. Intenté dar penita. La última de la carrera tal...a ver cuándo salen las definitivas!!		]]></document>
	<document><![CDATA[@username por fin sales en un sketch de solocomedia!!		]]></document>
	<document><![CDATA[Para una vez que puedo dormir todo lo que quiera y me despierto a las 9. #MurphyComoTeCojaTeReviento		]]></document>
	<document><![CDATA[@username El 1 tengo entrevista en abeinsa...		]]></document>
	<document><![CDATA[@username @username estoy por ir a verla hoy de nuevo. Te ries mas que la primera???		]]></document>
	<document><![CDATA[Encima de ladrones, tontos "@username: La Infanta Cristina recibió 12000 euros procedentes de Noos, según la Policía http://t.co/aQlqgkYg"		]]></document>
	<document><![CDATA[@username qué cosas me dices. Cuidado con la loca!!		]]></document>
	<document><![CDATA[@username yeahhh. Botellonaaaa. Yo libre hasta la muerte!! Que sea leve el de la semana que viene loco!!		]]></document>
	<document><![CDATA[Batman es un vasila de los wenos.		]]></document>
	<document><![CDATA[@username Vamos jefe, que to lo que se le tiene a Campos es miedo!!		]]></document>
	<document><![CDATA[@username Ya ha vuelto?? Xq nadie me aviso cabrones?!!!!		]]></document>
	<document><![CDATA[@username que poquito voy a tarda en acompañarte sosshhhio		]]></document>
	<document><![CDATA[@username Intenta no pillarte los dedos y pillarlo por meses tio, por si me dan el curro buscamos algo...		]]></document>
	<document><![CDATA[Si te levantas contento y quieres embajonarte, mira las noticias.		]]></document>
	<document><![CDATA[@username Ya me encargaré de chafártelo....buajajajajja		]]></document>
	<document><![CDATA[@username @username Falderadas dubidú		]]></document>
	<document><![CDATA[@username Aptsch chs cha chuchachi. Copiate eso. (En vivo queda mejor)		]]></document>
	<document><![CDATA[@username vamos Espartano!!		]]></document>
	<document><![CDATA[@username Pues no haber ido al juicio!! Te dije que te iban a arrancar una muela!!!		]]></document>
	<document><![CDATA[@username Como va la aventura soshhhhio?? Y el curro?		]]></document>
	<document><![CDATA[@username Me tienes que contar cómo y donde buceas, que siempre me ha atraído un montón tío		]]></document>
	<document><![CDATA[@username Soshhhio, cómo va ese curro?? Opiniones sobre Chrome para Android? Firefox no termina de convencerme...		]]></document>
	<document><![CDATA[@username Ya probé dolphin antes de firefox. Tengo ICS, asi que voy a probarlo y te digo.		]]></document>
	<document><![CDATA[Calufa sevillana a las 9...		]]></document>
	<document><![CDATA[@username @username Cojonuda. Se forjó anoche escuchando historias de padres...		]]></document>
	<document><![CDATA[@username Falta la mitad: " y yo detrás viendo traseros..."		]]></document>
	<document><![CDATA[@username y en serio lo han devuelto.en mejor estado?? Donde ha sio que lo deje alli un mesecito???		]]></document>
	<document><![CDATA[@username Deja de quejarte y quitate el huevo ese feo ya!!!		]]></document>
	<document><![CDATA[@username La única revista que...dice verdades como puños!!		]]></document>
	<document><![CDATA["No llores si no puedes ver el sol, haberlo mirado fijamente durante horas es lo que tiene" Bin Laden @username		]]></document>
	<document><![CDATA[@username El huevo es demasiado popular. #deshuevalavida		]]></document>
	<document><![CDATA[@username #tuloqueeresesunaperraca Pero con cariño oiga!		]]></document>
	<document><![CDATA[@username "Agarrarte del asa del copiloto es muy ranciofacts" Entendido @username  ????		]]></document>
	<document><![CDATA[@username ;) Buen viaje. Yo me vuelvo a la playita xD		]]></document>
	<document><![CDATA[@username  el Basket es un deporte de niñas en el que ganan los niggahs de USA #USArules		]]></document>
	<document><![CDATA[@username Me lo he dormio. #sabesquesi. Para cuando españoles vasilas con braceras y cintas?? #vasilismoilustrado		]]></document>
	<document><![CDATA[En el anuncio del Happy Meal.de.McDonald's copulan dentro de una casita. Pervertidos!!		]]></document>
	<document><![CDATA[@username Tú me lo decías a mí,  matrioska!!		]]></document>
	<document><![CDATA[@username Qué va, muchas veces íbamos en el coche de Paco y yo hacía el ranciofacts de agarrarme...xD #feelon http://t.co/mDIwINEB		]]></document>
	<document><![CDATA[Me encanta #paraisoscercanos de @username . Missing viajes de Erasmus. República Checa.		]]></document>
	<document><![CDATA[@username Claro que tenía razón. Pero las razones que había, todos las sabían y tan pronto no era el momento de ser tan radical.		]]></document>
</author>