<?xml version="1.0" encoding="UTF-8" standalone="no"?><author id="user651">
	<document><![CDATA[Me pregunto si esa iniciativa de partido 2.0 http://t.co/kua8HGuk (@username) la podrían asumir otros partidos, con su propio ideario.		]]></document>
	<document><![CDATA[Reforma de la Administración . Artículo de Elisa de la Nuez en Reggio's http://bit.ly/afQOPB  #DebateSectorPúblico		]]></document>
	<document><![CDATA[RT @username: Ús d'Internet a Europa 2010 http://bit.ly/ggMumV  Espanya (59%) és la  22/30 en accés a Internet		]]></document>
	<document><![CDATA[La escalera de la evasión: el arte de Miró genera autoestima colectiva y confianza en la creatividad; mi blog: http://t.co/rX1wCEfO		]]></document>
	<document><![CDATA[Las grandes marcas todavía no triunfan en el marketing y ventas a través de móviles. Por qué?  http://t.co/0zUZYpr9		]]></document>
	<document><![CDATA[El paso (de la) cebra  http://t.co/GDw3Mg5m		]]></document>
	<document><![CDATA[Què ho fa que els Mossos tinguin tanta facilitat a desprestigiar-se: primer pegar sense justificació; ara ofenen el sentiment dels catalans.		]]></document>
	<document><![CDATA[Happy 10th birthday Guantanamo. ¿Nadie quiere en su territorio juicios legales?		]]></document>
	<document><![CDATA[Hi ha també Mossos que prestigien la policia de Catalunya: http://t.co/DoXNvsiP @username		]]></document>
	<document><![CDATA[@username "Al món físic mostrem una part de la nostra personalitat en funció de a qui ens dirigim; a Internet la personalitat s'homogeneitza"		]]></document>
	<document><![CDATA[ya estamos con los retrasos de @username VY3921 de Mallorca a Barcelona de momento 1/2 hora y no ha llegado el avión		]]></document>
	<document><![CDATA[@username sigue retrasado (una hora) y sin rastro de avión ni de información: no llego a la cena con unos amigos que no veo en dos años		]]></document>
	<document><![CDATA[@username ayer yo me perdí una cena por el retraso de @username		]]></document>
	<document><![CDATA[@username Cada uno se identifica con lo que puede. Artículo interesante de J. Marías: http://bit.ly/dpfpg1		]]></document>
	<document><![CDATA[@username: Montoro anuncia que los políticos que no cumplan el déficit tendrán responsabilidad penal." Y los que no cumplan su programa?		]]></document>
	<document><![CDATA["@username: Felicitaciones al Ajunt de Vilassar de Mar, su Twitter ha sido premiado shortly awards http://t.co/SkOmyHrM"@username		]]></document>
	<document><![CDATA[En un bar de Logrnyo he oido alguien que gritaba:"que conyo villarato: guruzeta!!!"		]]></document>
	<document><![CDATA[Sugiero que el fcbarcelona fiche a Casillas de segundo portero		]]></document>
	<document><![CDATA[Guardiola cuando ha visto que cosian a patadas a sus delanteros ha dicho a sus defensas: andar y marcar vosotros que eso no lo esperan		]]></document>
	<document><![CDATA[Mas ideas para racionalizar el sector público de Joan Subirats en http://bit.ly/cX2dTv  #DebateSectorPublico		]]></document>
	<document><![CDATA[Llarga Jornada electoral al fcbarcelona. Interventor per @username		]]></document>
	<document><![CDATA[Twitter alucina: te produce miles de impactos que te la sudan y tu sigues confiando en obtener algo positivo de ellos		]]></document>
	<document><![CDATA[Selecionar mejor los following para seguir sólo los que te aporten algo en la mayor parte de sus posts y abandonar el resto		]]></document>
	<document><![CDATA[En @username diu que la sobreabundància de continguts, aliments i enginys genera una societat vulnerable i addictiva: cal ser selectius.		]]></document>
	<document><![CDATA[@username El futbol me gusta, pero a ti te apasiona		]]></document>
	<document><![CDATA[Manuel Castells: El movimiento de los indignados es una bocanada de aire fresco en un mundo que huele a podrido http://t.co/O6EAvnXy		]]></document>
	<document><![CDATA[@username el resultat no ha estat el que desitjavem, però ha estat un plaer llegir els teus articles sobre  @username		]]></document>
	<document><![CDATA[La historia como necesidad básica http://t.co/nLPy2FPQ (interesante, y el vídeo muy bueno)		]]></document>
	<document><![CDATA[Para buscar contenidos de valor cada vez me fío menos de google y más de mis referencias en twitter		]]></document>
	<document><![CDATA[Externalizan injusticia a Guantánamo y RT @username: "La gente se sentiría molesta si viera de dónde viene su iPhone" http://t.co/wJmYEjiM		]]></document>
	<document><![CDATA[Una nueva manera de disfrutar el mundo del vino está apunto de nacer. ¡Descúbrela! http://t.co/vtwF7NU6		]]></document>
	<document><![CDATA[@username Hoy tendré que cerrar el TweetDeck porque, con lo que escribes, tu avatar de las grandes ocasiones me puede agobiar		]]></document>
	<document><![CDATA[una de mis hijas terminando la carrera y sin idea de Excel ¿qué les enseñan? sugerencias de un buen tutorial? (pero FB echa chispas)		]]></document>
	<document><![CDATA[@username espero que se ponga con el Excel antes de que le coja la rutina perezosa intelectual de verano (tan sana por otra parte...)		]]></document>
	<document><![CDATA[por hoy cierro twitter, no se que pasa con una que la llaman la Roja (pero no os confundáis, no es ninguna miliciana histórica...)		]]></document>
	<document><![CDATA[@username De acuerdo, no puedes crear reputación en la red si no la tienes fuera de ella RT @username		]]></document>
	<document><![CDATA[Adéu @username. Ara els viatges a i de Catalunya seran més cars. Però ens en sortirem !		]]></document>
	<document><![CDATA[Mi vuelo a MAD cancelado; ahora viajo un 50% más caro. Cierra @username y se beneficia @username		]]></document>
	<document><![CDATA[@username ¿Haces campaña?		]]></document>
	<document><![CDATA[@username entonces era brillante, único! cc @username		]]></document>
	<document><![CDATA[@username yo recomendaría ignorar		]]></document>
	<document><![CDATA[El @username BCN-MAD a tope. Que suerte tienen algunos con la caida de #spanair		]]></document>
	<document><![CDATA[Movistar no es una empresa 2.0 (en mi blog) http://bit.ly/cZF29O		]]></document>
	<document><![CDATA[@username el Sandro a twitalyzer només queda 1er en seguidors, no en Impacte, ni Engagement, ni Influència cc @username		]]></document>
	<document><![CDATA[David Villa y el portero supl. Urugay Martín Silva tienen las vocales del nombre y apellido especulares  http://bit.ly/b7d3ov		]]></document>
	<document><![CDATA[Seguro que vuestro trabajo será aun mejor. RT @username: Traslado de pacientes acabado. Ahora queda lo más difícil, el día a día		]]></document>
	<document><![CDATA[Seguro, pero lo + importante son las personas RT @username: @username Desde luego, la casa nueva nos brinda muchas oportunidades		]]></document>
	<document><![CDATA[RT @username: Exito de Salut en el traslado de los enfermos al nuevo hospital universitario de Son Espases, http://ow.ly/3rzg1		]]></document>
	<document><![CDATA[@username En Barcelona una prevención excelente pero ni un copo de nieve		]]></document>
	<document><![CDATA[Con decirlo no basta! RT @username: "Hay que definir la militancia de la red, la militancia 2.0"		]]></document>
	<document><![CDATA[RT @username: 143 pacientes trasladados a Son Espases... http://bit.ly/gKa6gu		]]></document>
	<document><![CDATA[Mataro Barcelona tanpoc carril adicional. En Saura fent amics		]]></document>
	<document><![CDATA[@username Entre Rubalcaba y Chacón, el socialismo sin renovación.		]]></document>
	<document><![CDATA[Lo he pensado mucho, no te creas RT @username: @username mira por dónde te ha salido un pareado ^_^ cc @username		]]></document>
	<document><![CDATA[La Library of Congress almacenará todos los tweets como BBDD histórica http://bit.ly/de8c0X		]]></document>
	<document><![CDATA[La base y estructura de la innovación es la presencia de  agentes de innovación http://bit.ly/9Sx2Vm		]]></document>
	<document><![CDATA[RT @username: Un texto poético de Barceló para Tàpies  http://t.co/ntOJ6I7Q		]]></document>
	<document><![CDATA[El conseller @username renya els organitzadors dels Gaudí. Efectivament: superficial, mediocre, que provoca vergonya aliena. Patètic!		]]></document>
	<document><![CDATA[La @username Nacional tiene más de 105000 seguidores y 0 seguidos. Twitter es conversación?		]]></document>
	<document><![CDATA[El meu proper cotxe serà elèctric, pero les dades no animen. http://t.co/CH0e65nQ		]]></document>
	<document><![CDATA[En la T2 de BCN. Poca luz. Es por ahorrar?		]]></document>
	<document><![CDATA[RT @username: Mapa de Tendències 2010 de les TIC en Salut a Catalunya http://bit.ly/e7SDqr		]]></document>
	<document><![CDATA[RT @username: Sabieu que la nit de Sant Joan hi ha el costum d'anar a buscar plantes medicinals? Uns consells: http://bit.ly/defiDX		]]></document>
	<document><![CDATA[@username no habre sido yo?		]]></document>
	<document><![CDATA[Interesante muestra de utilización de mapas en USA My Census map shows ... #nytcensus http://t.co/27wwQI9		]]></document>
	<document><![CDATA[Me siento culpable por cruzar las vías del tren cuando no debo. Mal ejemplo para niños y adolescentes.		]]></document>
	<document><![CDATA[Con la caida de Spanair vuelos más caros y más ineficiencia: las 00:30 tratando de comprar un billete de @username sin conseguirlo		]]></document>
	<document><![CDATA[Para ayudar no me ha contestado jamás RT @username: y ahora es cuando @username te contesta si puede ayudarte en algo...		]]></document>
	<document><![CDATA[@username @username tiene la web mal y no contesta, pues compro ryanair, aunque esto no me haga muy feliz		]]></document>
	<document><![CDATA[AdmirableRT @username: En això estic: Regenerar partits x regenerar #democracia "Sortir de les seus, amb imaginació" http://t.co/ycecskDn		]]></document>
	<document><![CDATA[Recibida factura incunable, escrita a máquina, casi ilegible, imagino por falta de recambio cinta de tinta y sin IVA http://t.co/AacVsGfU		]]></document>
	<document><![CDATA[RT @username: La gala de los Goya es como la Policía en Valencia: pese a la profusión de espontáneos no se dan cuenta del cambio de ciclo		]]></document>
	<document><![CDATA[Amigos de Valencia: cuidado que podéis ser considerados enemigos de la policía (@username @username )		]]></document>
	<document><![CDATA[Interesante para aportar opinión de los pacientes al sistema de salud UK http://t.co/myHhIz4M @username (@username @username )		]]></document>
	<document><![CDATA[Las teorías de grafos y redes sociales nos permiten saber cuál es el mejor jugador (via @username) http://bit.ly/cBZuDL		]]></document>
	<document><![CDATA[@username Alonso te lo perdonará, tu hija no. Y además no perderás el tiempo.		]]></document>
	<document><![CDATA[@username como no se imponga la tecnología para decidir las jugadas dudosas, el futbol perderá.		]]></document>
	<document><![CDATA[Si han detenido a gente que estaría protegiendo a los crios de la barbarie RT @username @username Nosotros ya no parecemos estudiantes		]]></document>
	<document><![CDATA[Desde la caida de Spanair @username mas cara, mas llena, pero puntual (de momento)		]]></document>
	<document><![CDATA[La respuesta es si! RT @username: ¿Sobran webs oficiales en nuestro país? Les animo a participar en este debate http://bit.ly/aL3Cmy		]]></document>
	<document><![CDATA[Manifest Mobile World Congres @username http://t.co/aSN9Goyc La raó i la força no són bones aliades		]]></document>
	<document><![CDATA[Excelente estrategia @username 8M de fans en FB y cerca de 1M en twitter , por delante de @username http://bit.ly/9CJMIH		]]></document>
	<document><![CDATA[En la lista de Famecount  http://bit.ly/drAtxT de 107 políticos no aparece ningún español		]]></document>
	<document><![CDATA[@username Si tu sólo hablas del Real Madrid ;-)		]]></document>
	<document><![CDATA[@username pues espera a que te pregunte por qué la luna no se cae		]]></document>
	<document><![CDATA[@username a #compartim en España muchos usan redes a nivel privado, no en el trabajo		]]></document>
	<document><![CDATA[@username dedica su tiempo libre a enseñar a la gente a vivir sin el correo-e #compartim		]]></document>
	<document><![CDATA[@username #compartim ha pasado de 40 correos al dia a 18 a la semana (sólo para conversaciones confidenciales)		]]></document>
	<document><![CDATA[@username #compartim trabaja colaborativamente de forma virtual: redes sociales; no correo-e; pocas reuniones		]]></document>
	<document><![CDATA[@username #compartim la ineficiencia del correo-e ante el poder las wikis		]]></document>
	<document><![CDATA[en las reuniones no siempre se colabora, se pierde mucho tiempo @username #compartim		]]></document>
	<document><![CDATA[@username #compartim ROI en reducción de viajes, satisfacción en las búsquedas, reducción de costes en servidores de correo-e		]]></document>
	<document><![CDATA[@username #compartim modelo de estructura de comunidades y redes en lugar de jerarquías, estructura mejorada, más eficiencia		]]></document>
	<document><![CDATA[@username #compartim en las redes puedes mejorar tu imágen personal, puedes enseñar "lo que sabes"		]]></document>
	<document><![CDATA[@username la prensa portuguesa me trae sin cuidado, pero hoy me siento menos español		]]></document>
	<document><![CDATA[@username ya se quien debería ser el próximo seleccionador		]]></document>
	<document><![CDATA[Ya os decía yo que Cristiano no le sabe jugar al Barça		]]></document>
	<document><![CDATA["El món no espera" (Joan Torrent-Sellens) al X Seminari @username Unes notes al meu bloc  http://bit.ly/bGDrHa		]]></document>
	<document><![CDATA[@username era la calor que me tenía confundido y la sentencia abrumado (claudicación futbolera)		]]></document>
	<document><![CDATA["El mundo no espera" (Joan Torrent-Sellens) al X Seminari @username Unas notas en mi blog http://bit.ly/bGfyg0		]]></document>
</author>