<?xml version="1.0" encoding="UTF-8" standalone="no"?><author id="user260">
	<document><![CDATA[Debería estar repasando PERO QUE LE DEN POR CULO A LA BIOLOGÍA. Harto yaa.		]]></document>
	<document><![CDATA[Pos Oro IV. Ya sólo falta que mañana me salga bien el examen y será el perfecto fin de semana.		]]></document>
	<document><![CDATA[Y claro, el agobio me llega ahora. Si es que soy gilipollas.		]]></document>
	<document><![CDATA[@username @username diooos ese corto es genial!! jajaja		]]></document>
	<document><![CDATA[Los biotecnólogos somos un tipo de gente guay que tenemos examen en sábado. Porque sí. Porque molamos.		]]></document>
	<document><![CDATA[Me han entrado ganas de ver la Princesa Monokoke.		]]></document>
	<document><![CDATA[OOOOHHH después de ese fav me han entrado ganas de instalarme el Skyrim JAJAJAJA		]]></document>
	<document><![CDATA[Mierdaaaaaaa necesito un código para el Skyrim T_T		]]></document>
	<document><![CDATA[Qué día tan vacío.		]]></document>
	<document><![CDATA[@username  que rabia tio jajaj ya me habia ilusionado y tó. :(		]]></document>
	<document><![CDATA[El comienzo de "The Funeral" es simplemente indescriptible.		]]></document>
	<document><![CDATA[Ahora ya puedo decirlo: soy libre.		]]></document>
	<document><![CDATA[@username Ya estás tardando.		]]></document>
	<document><![CDATA[@username Yo también te quiero y todo es gracias a amigos con cámaras guays jajaja		]]></document>
	<document><![CDATA[Dualidad euforia-depresiva alcohólica.		]]></document>
	<document><![CDATA[Vasito de leche ahora >>>>>>>>>>>		]]></document>
	<document><![CDATA[@username qué me estás proponiendo? xD		]]></document>
	<document><![CDATA[El hippie del poncho.		]]></document>
	<document><![CDATA[Propósito en este año: ir a Kapi con el poncho.		]]></document>
	<document><![CDATA[Este frío hizo llorar al yisus crais.		]]></document>
	<document><![CDATA[Sabor jamón presunto. No es jamón hasta que se demuestre lo contrario.		]]></document>
	<document><![CDATA[La puta del poncho.		]]></document>
	<document><![CDATA[Violación twittera. #Concepto		]]></document>
	<document><![CDATA[Pues con la tontería son 200 eurazos que me ahorro xD		]]></document>
	<document><![CDATA[@username @username yo ocupo poco :$ quepo en cualquier lado jajajaj		]]></document>
	<document><![CDATA[Ir a Berlín y hacer cosas nazis. #Concepto @username		]]></document>
	<document><![CDATA["Las cosas simplemente salieron mal muchas veces".		]]></document>
	<document><![CDATA[Cómo hacer el ridículo en el autobús.		]]></document>
	<document><![CDATA[@username wtf en serio?? jajajajaja te gustan otras de The 1975 o sólo conoces esa?? Mooola jajajaja :D		]]></document>
	<document><![CDATA[@username me refería a esto cuando hablábamos de lo del Doge!! http://t.co/pZnf56FrTS parodiando todo el jaleo con Lemondogs xD		]]></document>
	<document><![CDATA[Oh mai gosh. Yo no me voy ahora a dormir, que va. Yo es que madrugo y eso.		]]></document>
	<document><![CDATA[Un día voy a tener una metamorfosis y echaré a volar cual vampiro.		]]></document>
	<document><![CDATA[Yo, que nunca he ido a un Japan, tengo ganas de que llegue el Japan. #Dato		]]></document>
	<document><![CDATA[Que me ponga a escuchar música y mi abuela diga "Oigo ruidos, ¿qué pasa?". #IndirectaCaptada		]]></document>
	<document><![CDATA[@username darle fav es cruel supongo, pero tenia que decirte que #IKnowDatFeelBro xD		]]></document>
	<document><![CDATA[Frase del día: tengo una abuela en Perú.		]]></document>
	<document><![CDATA[@username JAJAJAJA negriiii que me tengo que ir en serio jope :( no me odieeees odia mi puto horario de la uni xD		]]></document>
	<document><![CDATA[Esa sensación de tener profes nuevos.		]]></document>
	<document><![CDATA[Fuersa igual a maza por aselerasión.		]]></document>
	<document><![CDATA[No hay imagen que me describa mejor. http://t.co/FQLdsjYpp4		]]></document>
	<document><![CDATA[Es el destino... @username http://t.co/CDWwGVpJ0H		]]></document>
	<document><![CDATA[@username demasiado buenos para ser ciertos... ya lo sé.		]]></document>
	<document><![CDATA[Como tenga que raparme y/o teñirme de azul muero.		]]></document>
	<document><![CDATA[Acostarse tarde es un vicio.		]]></document>
	<document><![CDATA[Peinarse es de cobardes.		]]></document>
	<document><![CDATA[Llego tarde a clase y aquí estoy, twiteando. Que alguien me mate. #Pls		]]></document>
	<document><![CDATA[Fail, nivel: no cargar el móvil por la noche.		]]></document>
	<document><![CDATA[@username @username oh dioooooos mola mil!!! cómo va lo del concierto?? dónde compro la entrada? amandaaa tu venías no?		]]></document>
	<document><![CDATA[@username @username @username para nosotros tb o solo vosotras 2?		]]></document>
	<document><![CDATA[Aparecí. Vine al mundo. Y sobre todo, berreé.		]]></document>
	<document><![CDATA[@username guat? si yo te doy hamor y feedeo a tus enemigos. qué más quieres!?!??!		]]></document>
	<document><![CDATA["Somos estrellas ardiendo en la noche, ni siquiera los astrónomos sabían darnos nombre":		]]></document>
	<document><![CDATA["Todos querían ver nuestra caída, eterna ingravidez."		]]></document>
	<document><![CDATA[@username @username @username Bitch pls, claro que existe http://t.co/I0SdKHJjKA jajajaja		]]></document>
	<document><![CDATA[Pues yo los 192397581912387571923 ejercicios que ha mandado el de Mates II para mañana me los paso por lo que viene siendo el forro.		]]></document>
	<document><![CDATA[@username dani es pura crueldad XD		]]></document>
	<document><![CDATA["- Franklin, desde hoy dejas de ser nuestro cadete niña. + Sí hombre, eso ya lo veremos".		]]></document>
	<document><![CDATA[Caer más bajo que el Tuenti.		]]></document>
	<document><![CDATA[El arroz tiene más genes que los humanos. #Lolazo		]]></document>
	<document><![CDATA[La vida es un canteo.		]]></document>
	<document><![CDATA[@username quita quita que hasta que no sepa la nota de verdad el lunes no se hace nadaaaaa deja de presionarme jajaja		]]></document>
	<document><![CDATA["Esa película fue un gran Oc" @username		]]></document>
	<document><![CDATA[@username btw, tienes que explicarme qué cojones es eso de que Snape te da física jajajajaj		]]></document>
	<document><![CDATA[@username todavía estoy en proceso de asimilación... me tomo mi tiempo jajajajaj		]]></document>
	<document><![CDATA[Más aloun que la guan.		]]></document>
	<document><![CDATA[La quiero. Mucho. Mazo. Fleje. Un puto cojonaco. La quiero ya. http://t.co/C1xuao3KH3		]]></document>
	<document><![CDATA[De Rafa Moro -> tronista. De Juego de Tronos -> juegodetronista. #Obvio		]]></document>
	<document><![CDATA[Acumulador de sueño, nivel experto.		]]></document>
	<document><![CDATA[@username no puedo :(		]]></document>
	<document><![CDATA[Menudo #Facepalm con el profe de Biotisucelu. Enlaces peptídicos powah.		]]></document>
	<document><![CDATA[Mandar callar cuando eres tú el que está hablando.		]]></document>
	<document><![CDATA["Draco dormiens nunquam titilandus".		]]></document>
	<document><![CDATA[Hogwarts fue fundado hace mil años por los cuatro magos británicos más reconocidos de la época. #TrueStory #Verídico		]]></document>
	<document><![CDATA[El postureo de los profesores al usar imágenes en inglés en sus presentaciones.		]]></document>
	<document><![CDATA[Tengo en clase a Tyrion Lannister versión calvo.		]]></document>
	<document><![CDATA["La única iglesia que ilumina es la que arde".		]]></document>
	<document><![CDATA[No le toques la pantalla. ¡ES MI HIJO!		]]></document>
	<document><![CDATA[@username sufres de grave negricentrismo :(		]]></document>
	<document><![CDATA[@username ??? como has hecho esooo yo quiero!! jajaja		]]></document>
	<document><![CDATA[@username yo parlo cataláaaa jajajaja no en realidad no, pero molaría. DEJA DE AMENAZARME CON QUE ME REVIENTASSS :_(		]]></document>
	<document><![CDATA[Mi record en el Flappy Bird es 2. #MoridDeEnvidia		]]></document>
	<document><![CDATA[@username PORQUE SOY ASÍ DE GUAY xD @username lo descubrirá mañana jijiji		]]></document>
	<document><![CDATA[Soy un niño viril inocente y hombretón. #MeLiao		]]></document>
	<document><![CDATA[- ¿Lees el ABC? + A veces.		]]></document>
	<document><![CDATA["Pues el delito mayor del hombre es haber nacido".		]]></document>
	<document><![CDATA[@username mi delito es ser feo. y blanquito también		]]></document>
	<document><![CDATA[Hermanos de nariz para abajo. #Concepto @username		]]></document>
	<document><![CDATA["'De algo hay que morir' dijo el gato cuando se enamoró por séptima vez".		]]></document>
	<document><![CDATA["*Estornuda* 'Perdón, soy alérgico a las gilipolleces'".		]]></document>
	<document><![CDATA[@username eres negro. no puedes ser dios pls		]]></document>
	<document><![CDATA[Mira en serio, puta semana de mierda.		]]></document>
	<document><![CDATA[¿Por qué tiene que salir todo mal?		]]></document>
	<document><![CDATA[@username me encantaría natt pero justo el problema es que no puedo... tengo algo importante y todo es una mierdaaaa y yo que se		]]></document>
	<document><![CDATA[Me encanta que todas las cosas que tengo y quiero hacer se me acumulen en un mismo día, para acabar sin hacer las que quiero. Es genial todo		]]></document>
	<document><![CDATA[@username te he dicho ya alguna vez que eres amor? pero amor sin hache, del bueno.		]]></document>
	<document><![CDATA[Control Z es la clave.		]]></document>
	<document><![CDATA[Hoy he estado todo el puto día en el metro.		]]></document>
	<document><![CDATA["Sé que tú y yo podemos".		]]></document>
	<document><![CDATA["Le puse tu nombre al viento... buscándote".		]]></document>
	<document><![CDATA[muy (símbolo del whatsapp que pone "top")		]]></document>
</author>