<?xml version="1.0" encoding="UTF-8" standalone="no"?><author id="user2">
	<document><![CDATA[No vivimos en la Comunidad de Valencia, @username. Si acaso, Valenciana.		]]></document>
	<document><![CDATA[@username:"Con ustedes la sanidad pública no está garantizada" @username #caraacara		]]></document>
	<document><![CDATA[@username"Propongo suprimir mil cargos políticos al eliminar las #diputaciones" #caraacara		]]></document>
	<document><![CDATA[@username: "Pase lo que pase le ofrezco mi colaboración para poner fin a este problema tan terrible de #eta" #caraacara		]]></document>
	<document><![CDATA[Interrumpir con un gráfico olvidado estaba fuera de lugar @username #caraacara		]]></document>
	<document><![CDATA[Últimas intervenciones #caraacara		]]></document>
	<document><![CDATA[Los jóvenes licenciados no queremos más contratos de prácticas #educacion #debate		]]></document>
	<document><![CDATA[La #corrupción ha brillado por su ausencia #debate		]]></document>
	<document><![CDATA[Más que merecido premio #Ondas para los informativos de @username. Gracias a grandes como Pepa Bueno y @username
http://t.co/QcU3rbNL		]]></document>
	<document><![CDATA[@username Rosa Díez: "Vamos a tener grupo propio" vía @username http://t.co/FimB2CHS		]]></document>
	<document><![CDATA[@username: "Todavía queda mucho para consolidar la cultura del debate en España" vía @username		]]></document>
	<document><![CDATA[@username destituye a un alto cargo del Ayuntamiento de Madrid por comentarios "ofensivos" en twitter. http://t.co/hvjZDAL7		]]></document>
	<document><![CDATA[Pese a seguir la misma estela temática, esperemos que el #debateacinco en @username aporte mayor dinamismo y tensión narrativa.		]]></document>
	<document><![CDATA[@username La alegría es mía, jeje. La verdad es que me encanta el mundillo twitter. Espero que vaya genial en el periódico. Un besote.		]]></document>
	<document><![CDATA["Los últimos días de Berlusconi" vía @username @username, autor de Gomorra.		]]></document>
	<document><![CDATA["El copago no es una mala idea" #PomboSenador @username		]]></document>
	<document><![CDATA[Esperamos que el boicot contra #La Noria devenga punta de lanza contra la telebasura. #otratelevisionesposible		]]></document>
	<document><![CDATA[@username  #PomboSenador ha cargado contra el gasto farmacéutico de las personas mayores, a quienes ha calificado de "muy pildoreros"		]]></document>
	<document><![CDATA[José Blanco reconoce en la Voz de Galicia que ha reflexionado dejarlo #casocampeon		]]></document>
	<document><![CDATA[@username Precioso reportaje ayer en el @username. Enhorabuena.		]]></document>
	<document><![CDATA[Teddy Bautista desvió dinero de los autores a las fundaciones del PSOE - elEconomista.es http://t.co/4ZPtqILB		]]></document>
	<document><![CDATA[Con la que está cayendo, y algunos como @username y @username pensando en aplazar dos años los objetivos de déficit en Europa.		]]></document>
	<document><![CDATA["Radiografía de una fuga" vía @username por Josep Lobera		]]></document>
	<document><![CDATA[@username @username @username Supondría un retraso. Los fumadores españoles ya están acostumbrados. Como siempre, dando pasos en balde.		]]></document>
	<document><![CDATA[#20-N Todas las generaciones del PSOE, en Málaga para apoyar a @username		]]></document>
	<document><![CDATA[Como imagen de la nueva campaña de #Benetton, podrían haber optado por los besos manipulados entre @username y @username #publicidad		]]></document>
	<document><![CDATA[El mundo político brilla por su ausencia en el nuevo gobierno italiano presidido por Mario Monti. http://t.co/usXF342E		]]></document>
	<document><![CDATA[La candidata de @username al Congreso por Zaragoza califica a Pombo de "un espíritu libre" para justificar su metedura de pata sobre el #copago		]]></document>
	<document><![CDATA[@username @username Lo que no me suena bien es estar ligado no a una ideología política sino a una empresa privada influyente		]]></document>
	<document><![CDATA[Rus al más denigrante estilo berlusconiano: "Os espero el día 20 por la noche en Valencia, champán y mujeres". http://t.co/5IG0PUU4		]]></document>
	<document><![CDATA[En tiempos de vacas flacas, los actores de la ceja pro PSOE permanecen escondidos como las piedras...#20-N		]]></document>
	<document><![CDATA[Aguirre propone medicamentos gratis según la renta.  http://t.co/nFkp1Sn7		]]></document>
	<document><![CDATA["La victoria del PP ya está amortizada" vía @username Josep Ramoneda. #20-N		]]></document>
	<document><![CDATA[Pese al insoportable #paro juvenil español del 46,2%, ningún candidato aboga por una propuesta de calado para los jóvenes españoles #20-N.		]]></document>
	<document><![CDATA[#Benetton retira la campaña del beso manipulado entre el Papa y un imán egipcio. Objetivo, crear polémica, cumplido. http://t.co/3eoLceyv		]]></document>
	<document><![CDATA[Gallardón se postula: "Me encantaría que fuese Ana Botella la candidata [a la sucesión]". http://t.co/OAwuYhGZ Guiño al expresidente Aznar		]]></document>
	<document><![CDATA[@username @username @username @username ¿Qué argumentos alegas al respecto?		]]></document>
	<document><![CDATA["Wall Street abre a la baja por temores a la crisis de la eurozona" vía @username		]]></document>
	<document><![CDATA[Abogo #porlapublica, así como por el aumento de tasas cuando una asignatura se suspenda más de una vez #educación.		]]></document>
	<document><![CDATA[En 23 horas finaliza una campaña electoral vacía, lo que parece no importar a unos españoles inmersos en el conformismo		]]></document>
	<document><![CDATA[@username Se trata de calentar el terreno con sandeces.		]]></document>
	<document><![CDATA[Vulneración de derechos constitucionales. Con Pedro Jiménez. #Periodismolibre		]]></document>
	<document><![CDATA[@username Supondría un retraso. Una vez más, España encabezaría el ránking de dar pasos en balde.		]]></document>
	<document><![CDATA[@username: "Dos velocidades, dos Europas" vía @username		]]></document>
	<document><![CDATA[Desempleo, crecimiento, déficit y bancos, los cuatro desafíos que le esperan al próximo gobierno vía. @username http://t.co/0Mn24piv		]]></document>
	<document><![CDATA[Espeluznante calvario de una esclava sexual de #Gadafi vía @username http://t.co/17gpYbKp		]]></document>
	<document><![CDATA[La imagen de @username solo en rueda de prensa evidencia el poco atrevimiento al respaldo por parte de sus "compañeros" #elecciones		]]></document>
	<document><![CDATA[¿Cuantos ministros hay en el balcón con @username? #elecciones		]]></document>
	<document><![CDATA[@username: "España va a estar donde todos queremos que esté, a la cabeza de Europa" #elecciones		]]></document>
	<document><![CDATA[@username apela a la "unidad, esfuerzo y trabajo" #elecciones		]]></document>
	<document><![CDATA[Record histórico para el @username: más de 10 millones de votos #elecciones		]]></document>
	<document><![CDATA[@username Comparto esta idea, así como que ZP podría haber arropado a Rubalcaba en su comparecencia tras darse a conocer el batacazo		]]></document>
	<document><![CDATA[Llama la atención que pese a los recortes en Cataluña los catalanes hayan depositado más confianza en @username #elecciones		]]></document>
	<document><![CDATA[Editorial de @username: "Zapatero debe dimitir como secretario general del @username" http://t.co/EqzAGHJC		]]></document>
	<document><![CDATA[El perdedor de las #elecciones no ha sido @username, sino ZP, quien le hizo un favor a Chacón al obligarla a retirarse de las primarias		]]></document>
	<document><![CDATA[El Ibex 35 abre el #21-N en rojo tras la victoria del @username http://t.co/6X6qPxQC		]]></document>
	<document><![CDATA[ZP convoca el Congreso del PSOE para febrero. http://t.co/2cDS9nGz La llamada de @username a hacerlo "lo antes posible" ha sido desoída.		]]></document>
	<document><![CDATA[El Banco de Valencia es intervenido por el Banco de Españana vía @username http://t.co/JXIZ0w8J		]]></document>
	<document><![CDATA[@username @username Entonces, ¿no existía esa entrevista?		]]></document>
	<document><![CDATA[La tirada de los diarios generalistas cae un 11% hasta septiembre vía @username http://t.co/IshKrxU1		]]></document>
	<document><![CDATA[@username lo que tendrían que hacer es cambiar la mayor parte de la programación.Lo triste es que a los españoles les gusta la #telebasura		]]></document>
	<document><![CDATA[Abierta la caja de pandora. Tomás Gómez exige primarias en el @username http://t.co/MuDc24k2		]]></document>
	<document><![CDATA[La marca como basura http://t.co/NPqqj8yT		]]></document>
	<document><![CDATA[Olivas continuará al frente de Bancaja. vía @username http://t.co/KNditDRk		]]></document>
	<document><![CDATA[@username Mañana, fiel a @username, no me lo pierdo		]]></document>
	<document><![CDATA[@username Debe prohibirse porque es peligroso fumar mientras se conduce y porque el humo no es soportable un espacio tan reducido		]]></document>
	<document><![CDATA[Tim O'Reilly, el creador del concepto web 2.0, asegura que esta expresión "está obsoleta". vía @username http://t.co/K7IXcHJC		]]></document>
	<document><![CDATA[Los parados de larga duración suponen casi el 50% de los desempleados vía @username http://t.co/v6NojhCC		]]></document>
	<document><![CDATA["Necesitamos una Alemania europea y no una Europa alemana" vía @username http://t.co/ZeF5TLHo		]]></document>
	<document><![CDATA[El Gobierno vasco pide a los funcionarios "sacrificios temporales" vía  @username http://t.co/9TfItTu4		]]></document>
	<document><![CDATA["¡Ahí va! ¡La motosierra!" Por Fernando Ónega vía @username		]]></document>
	<document><![CDATA[Felipe a @username: "No has perdido, te han perdido". Interesante artículo de Federico Castaño en @username		]]></document>
	<document><![CDATA[Salgado aplicará la tijera al suelo de los funcionarios como despedida http://t.co/P4tdABVw		]]></document>
	<document><![CDATA[Blanco se desmarca de @username al anunciar que abandona porque "hay que ir dando paso a otra gente"		]]></document>
	<document><![CDATA[Las cajas fusionadas aún mantienen a más de 3.650 consejeros, la mayoría políticos y sindicalistas, con sus dietas. http://t.co/FijogCGd		]]></document>
	<document><![CDATA[Reivindica el tacto del libro el #diadelaslibrerias http://t.co/rBYCepRx		]]></document>
	<document><![CDATA["No es tiempo de fiestas" para @username. Recomendable reportaje de @username en @username  http://t.co/2nbizWnW		]]></document>
	<document><![CDATA[La tasa de #desempleo alcanzará el 23% en 2012. Vía @username http://t.co/71Lm23Ms		]]></document>
	<document><![CDATA["La tiranía de los tabloides británicos". Recomendable artículo de Timothy Garton Ash en @username.		]]></document>
	<document><![CDATA[La Ficalía informa a favor de que el Supremo investigue a Blanco por el caso #campeón http://t.co/bEFVmRNm		]]></document>
	<document><![CDATA[Castellón logra convertirse en Ciudad Europea del Deporte en 2012. Enhorabuena!  http://t.co/DzptCVuf		]]></document>
	<document><![CDATA["La memoria de Almunia" @username vía @username http://t.co/j8KqRt8G		]]></document>
	<document><![CDATA[Estados Unidos y China intentan retrasar a 2015 el debate sobre el nuevo Kyoto vía @username http://t.co/BXaUCSe3		]]></document>
	<document><![CDATA[Según la ONU, al menos a 256 niños han muerto durante los últimos meses de protestas contra El Asad #Siria vía @username http://t.co/mkniiXCx		]]></document>
	<document><![CDATA[Jáuregui juega al abismo en @username al asegurar que es "amigo de Alfredo, pero Carme es una de las promesas del @username" http://t.co/tbx1FLww		]]></document>
	<document><![CDATA[El fiscal jefe de la Audiencia Nacional, sobre el caso #Urdangarín: "No hay nadie por encima de la Ley" http://t.co/GkAjixYF vía @username		]]></document>
	<document><![CDATA[Las Cortes Valencianas ya no tienen dinero para pagar las nóminas a los diputados http://t.co/Sm8pbraD vía @username		]]></document>
	<document><![CDATA[Los españoles tenemos derecho a una explicación por parte de la Familia Real sobre el caso #Urdangarín. #desvincúlate  http://t.co/PCuwKGWO		]]></document>
	<document><![CDATA[@username Que casualitat! M'alegre molt de seguir-te! Espere que vaja tot molt bé! Cuidat company! Gràcies! Tb et seguix  al diari!		]]></document>
	<document><![CDATA[Las dos velocidades se imponen en el @username. Ahora es Moratinos quien pide a @username que renuncie http://t.co/uClYITnr		]]></document>
	<document><![CDATA[Merecido premio #Ondas para el gran profesional @username http://t.co/maw7E9yY		]]></document>
	<document><![CDATA[@username entona el 'mea culpa'. "Vuestro apoyo nos interesa mucho más que a la audiencia" #lanoria vía @username
http://t.co/DM9Soxgr		]]></document>
	<document><![CDATA[Pere Navarro asegura que no se aplicará el #requetepago por el uso de las carreteras http://t.co/ImXdUhGM		]]></document>
	<document><![CDATA[@username Ramón, m'alegre de voret per ací!		]]></document>
	<document><![CDATA[Ban Ki-Moon asegura que "el futuro del planeta está en juego" vía @username		]]></document>
	<document><![CDATA[La Reina Sofía se deja fotografiar con #Urdangarín http://t.co/iYWpZgl2		]]></document>
	<document><![CDATA[Cronología de la crisis de la CAM vía @username http://t.co/NEbdlUvQ		]]></document>
	<document><![CDATA[Sarkozy achaca la desmotivación de su ministro de Industria a que se pasa las horas en twitter. vía @username http://t.co/YoYasrFK		]]></document>
	<document><![CDATA[Zarzuela tendría que dar la cara en lugar de matizar que las infantas y #Urdangarín son familia real pese a reducir su actividad social		]]></document>
	<document><![CDATA[La cumbre del euro se fractura. En la portada de mañana de El País. http://t.co/GijFXD5D		]]></document>
</author>