<?xml version="1.0" encoding="UTF-8" standalone="no"?><author id="user233">
	<document><![CDATA[@username tantas pulgadas y tanta fibra para tener el sistema mal configurao. Me pongo malo :-)		]]></document>
	<document><![CDATA[Mi pequeño lenguante ya ha estrenado su bandolera /cc @username @username http://t.co/JdxynAZlWT No era pequeña, era tamaño cadete :-)		]]></document>
	<document><![CDATA[@username Vaya, lo mismo digo, no sabía que estabas por allí. Fui el sábado por la mañana y apenas salí de los talleres infantiles :-P		]]></document>
	<document><![CDATA[Atlas europeo de los prejuicios http://t.co/deP6tDgixW		]]></document>
	<document><![CDATA[Para bien o para mal, memoria final de MAVIR enviada		]]></document>
	<document><![CDATA[La niña buena no aprende el Catón http://t.co/OqhO4qTUYu		]]></document>
	<document><![CDATA[¿no sabes a quién votar en la europeas? cúrratelo un poquito y busca  http://t.co/uWANVggG2c		]]></document>
	<document><![CDATA[Alumnos que preguntan acerca de extensión mínima de un trabajo. Mal, muy mal.		]]></document>
	<document><![CDATA[Con todos ustedes, la sexagenaria http://t.co/nQj6lf4Hen ¡Festival del humor!		]]></document>
	<document><![CDATA[dejarse olvidada una instancia de Amazon EC2 sin usar, pero corriendo... ¡nunca mais!		]]></document>
	<document><![CDATA[reunión para planificar reparto de asignaturas y horarios... Vamos a coger fuerza http://t.co/xjfNf9VIXr		]]></document>
	<document><![CDATA[@username jajaja, es para animarme y no caer en el desconsuelo :-P		]]></document>
	<document><![CDATA[El siglo pasado esto lo petaba: "tu magnifico superhéroe, nena, ni un pájaro ni un avión, no t'equivoques" http://t.co/rREVD6nceH		]]></document>
	<document><![CDATA[¿Y quién nos dice que no eres tú la ladrona de identidades, eh @username? Si ese es tu verdadero nombre XDXDXD		]]></document>
	<document><![CDATA[esta escena de The Wire resume, de manera concisa, mis sensaciones durante la última reunión del curro http://t.co/mS6V0YbWi1 Yo sería Bunk.		]]></document>
	<document><![CDATA[termino de leer "3001: Odisea Final" trastornado por la idea del ascensor espacial y leo que Google está estudiando construir uno...		]]></document>
	<document><![CDATA[Estoy leyendo Persepolis, de Marjane Satrapi. Irán, tras la revolución islámica de 1979 http://t.co/nXDtFE8Qqt		]]></document>
	<document><![CDATA[Rodaje de las Saucony terminado. Nos queda una semana para el @username http://t.co/xB3PaFI0cq		]]></document>
	<document><![CDATA[más pruebas de SpaceX: un Falcon 9R despega, vuela hasta 250m de altura y aterriza él solito http://t.co/xXZ7IcLUBG :-O		]]></document>
	<document><![CDATA[Yurchikhin: "Nada es comparable a ver la Tierra desde el espacio" http://t.co/IqrN9pqQs7		]]></document>
	<document><![CDATA[Leyendo y flipando con "Rendezvous with Rama". Película ya, ¡leches! http://t.co/NRQvaP1uhj http://t.co/Vkk4ZPy5ft		]]></document>
	<document><![CDATA[@username Muy bien, he terminado estupendamente y muy contento. ¿Has corrido este año?		]]></document>
	<document><![CDATA[@username ¿Maratón? Yo hice la media solo :-)		]]></document>
	<document><![CDATA[@username Genial, enhorabuena. A ver si me animo yo también a dar el salto :-)		]]></document>
	<document><![CDATA[2061 ya está aquí: http://t.co/akBQYlb7qh		]]></document>
	<document><![CDATA[streaming en directo y en HD de la Tierra desde la ISS http://t.co/ltdHB6H5K4		]]></document>
	<document><![CDATA[En las jornadas de orientación profesional de la Facultad de Filología para contar a los alumnos qué son la Ling. Computacional y el PLN		]]></document>
	<document><![CDATA[Se acerca mi cumple y me gustaría hacer algo así alguna día... No sé... Si os organizáis entre varios, quizá... :-) http://t.co/2UQpmROwsX		]]></document>
	<document><![CDATA[@username ¿Por el curro? ¿O por el fúmbol? :-P		]]></document>
	<document><![CDATA[.@username @username @username Cuidado con hablar de fúmbol, que se os cae el monóculo XD		]]></document>
	<document><![CDATA["Lo que la ciencia cuestiona y la continua evidencia constata". @username organiza un curso de verano sobre fantasmas http://t.co/jg2dTXWR28		]]></document>
	<document><![CDATA[¡drojas no! RT @username: Elena Valenciano excava más profundo. http://t.co/fCqncIFYlD		]]></document>
	<document><![CDATA[hoy toca carrerita por la Casa de Campo: la ruta de la tapia http://t.co/UAd0YYBmaH		]]></document>
	<document><![CDATA[En este mapa de Strava http://t.co/x1DYLDn9TP Navalcarnero sale sobrerrepresentado por culpa de @username		]]></document>
	<document><![CDATA[@username pues he visto el humo cuando salía de la uned en el coche, pero luego desde la CdC no se veía nada		]]></document>
	<document><![CDATA[¿Alguien va al #mlwmadrid hoy?		]]></document>
	<document><![CDATA[¿puede ser que @username no pueda conectar con repositorios a través del protocolo git? :-/		]]></document>
	<document><![CDATA[@username Mmm, puede ser. Estoy en la @username y me conecto con una cuenta de la @username. ¡Gracias!		]]></document>
	<document><![CDATA[Poor man's amp :-) Porque no solo de válvulas vive el hombre http://t.co/XBmKagnHcX		]]></document>
	<document><![CDATA[¡buenos y cañeros días! http://t.co/7HcurwkdPS		]]></document>
	<document><![CDATA[Estimado cani del BMW negro mate que vas a haciendo pirulas por la autopista: Sonrío al descubrir que tu matrícula es del tipo 1234 HDP		]]></document>
	<document><![CDATA[Por favor, dejad ya de matar a políticas del PP. ¡Basta ya!		]]></document>
	<document><![CDATA[el mamón de @username tiene un Tesla S. Aquí va su review http://t.co/pSfeINqAbg An Intergalatic Spaceboat of Light and Wonder		]]></document>
	<document><![CDATA[¿soy el único al que el cartel electoral de Cañete le recuerda a "A Scanner Darkly"? http://t.co/hf1i1Um9RT		]]></document>
	<document><![CDATA[Aúpa Atleti, cohone!! Ésta sí es la décima. Lo otro será la primera :-)		]]></document>
	<document><![CDATA[Enano acostado. Tenemos la season finale de True Detective		]]></document>
	<document><![CDATA[54 años de exploración espacial http://t.co/gcnxjIUQRA		]]></document>
	<document><![CDATA["La destrucción de la idea de que no existe una clase obrera y que todos somos clase media es la clave" http://t.co/WYW0A2k1iP		]]></document>
	<document><![CDATA[cada vez que @username dice "github" yo escucho "yihad" http://t.co/8qxwS4I2Dh :-)		]]></document>
	<document><![CDATA[Trailer de Interstellar, la próxima película de Nolan http://t.co/YxNKCwrDCq		]]></document>
	<document><![CDATA[50 preguntas y respuestas sobre el nuevo Tratado de Libre Comercio entre EEUU y la UE http://t.co/JEhDJJi7np /by @username		]]></document>
	<document><![CDATA[padres que tenéis hijos que empiezan el cole, héte aquí las listas provisionales de admitidos http://t.co/Pa6BPi05z8		]]></document>
	<document><![CDATA[Stefan Th. Gries está dando un curso sobre R y Lingüística del Corpus en Filología UCM, aula E-1007, LMX de 16h30 http://t.co/ccyG46ozcj		]]></document>
	<document><![CDATA["al amigo, el culo; al enemigo, por el culo; y al indiferente, la legislación vigente" http://t.co/H1csdkLIoe		]]></document>
	<document><![CDATA[Sangría http://t.co/lB2929zTfq vía @username		]]></document>
	<document><![CDATA[Es bueno ser rey :-)		]]></document>
	<document><![CDATA[@username vaya un #racionfact que te has marcao con el símil futbolístico :-D		]]></document>
	<document><![CDATA[Dragon de SpaceX, la nueva nave tripulada de los astronautas de EEUU http://t.co/UgEsIy8CGa		]]></document>
	<document><![CDATA[¿por qué "flotan" los astronautas? http://t.co/Vt7ji2QoA3		]]></document>
	<document><![CDATA[en 2014, en España, hay bancos que cobran hasta un 20% por usar una tarjeta porque hay clientes que se lo permiten		]]></document>
	<document><![CDATA[ya están mandando los Moto E desde Amazon.es... justo a tiempo, porque mi pequeño Xperia abdicó ayer		]]></document>
	<document><![CDATA[los amigotes del Bourbon, los que de verdad mandan http://t.co/En2AxXQ3eY		]]></document>
	<document><![CDATA[De política y ciencia: la racionalidad constreñida http://t.co/AgsXZKGXap /by @username en respuesta a @username http://t.co/EMwDsdhByW		]]></document>
	<document><![CDATA["Este correo es para recordarle que en los próximos días tiene una reserva para realizar un vuelo en autogiro" :-) http://t.co/XtT0UD0SM6		]]></document>
	<document><![CDATA[Estoy desolado: he perdido mi Leatherman :-O		]]></document>
	<document><![CDATA[Hoy me he dado un paseo inolvidable en autogiro. Gracias lauravicgal http://t.co/Pg0SuwEMRn		]]></document>
	<document><![CDATA[@username volar Es una pasada. Si alguna vez me convierto en millonario excéntrico, me encontrarás en una avioneta :-)		]]></document>
	<document><![CDATA[Cuando el sol no se pone en la ISS http://t.co/xgY1PoA7Dr		]]></document>
	<document><![CDATA[Mono de repetición http://t.co/FNdzxqTxj9		]]></document>
	<document><![CDATA[Mono de repetición 2 http://t.co/ItTYC7Oig1		]]></document>
	<document><![CDATA[Señor, llévanos pronto RT @username: Son preciosos los souvenirs, eh http://t.co/GJMXjibsob		]]></document>
	<document><![CDATA[Che disastro, porco Giuda! #ESP #CHI		]]></document>
	<document><![CDATA[¿Apuestas dinero? #skininthegame RT @username: #esp Vamos a REMONTAR!!!		]]></document>
	<document><![CDATA[A ver si ahora no se va a poder criticar a la selección... Han ganado mucho y bien, pero ahora mismo están mataos y no juegan un pimiento		]]></document>
	<document><![CDATA[Estoico en la victoria y crítico en la derrota		]]></document>
	<document><![CDATA[La despedida de España me ha pillado aquí @username Parque Finca Liana, Móstoles http://t.co/sZAFDAEMkV		]]></document>
	<document><![CDATA[@username ¿¡y no es de dibujos!?		]]></document>
	<document><![CDATA[¡Acabo de comprar Orgullo y Satisfacción! #OrgulloySatisfaccion  http://t.co/auMA7PXedD		]]></document>
	<document><![CDATA[¿Que el taxi BMW M3 no arranca? Pues le ponemos unas baterías nuevas y listo. Este niño está pidiendo… http://t.co/iepaRdsJVY		]]></document>
	<document><![CDATA[@username ¡Hola! ¿Dónde es el seminario?		]]></document>
	<document><![CDATA[@username ¡Gracias! A ver si me puedo pasar un rato.		]]></document>
	<document><![CDATA[Todo lo que necesitas saber para utilizar #BiciMad, el servicio público de alquiler de bicis en Madrid http://t.co/EGeJ6FEA6z		]]></document>
	<document><![CDATA[Qué mal lo pasé ayer en Abantos, cojones /cc @username http://t.co/wqz1PJ972Q		]]></document>
	<document><![CDATA[@username @username en el pueblo de mis antepasados (Mancha profunda) dicen "veros"		]]></document>
	<document><![CDATA[Ford Ecoboost de 125 CV. No lo bajo de ahí, aun conduciendo en plan abuelita http://t.co/UGOtNeU2De		]]></document>
	<document><![CDATA[Papi, ¿eso es sumo de pituso? XD http://t.co/0RaGEhOQRE		]]></document>
	<document><![CDATA[@username Los primeros viajes son gratis, ¿no? Pues por eso va la gente a "golindrear" :-D		]]></document>
	<document><![CDATA[Mapa del metro del Sistema Solar http://t.co/AINnOAUT1I o cuánta energía necesitamos para dar paseos espaciales /v http://t.co/0VFi8Cc6iQ		]]></document>
	<document><![CDATA[@username ¿la mayor parte de la programación de TDP no es sobre deportes minoritarios? Circo poco, y pan el de las becas ADO :-P		]]></document>
	<document><![CDATA[@username si un deporte es minoritario y quieres apoyarlo, informar o divulgar sobre él es alguna de las cosas buenas que puedes hacer		]]></document>
	<document><![CDATA[@username yo llevo bastante peor que nos traten como idiotas		]]></document>
	<document><![CDATA[wannabes que se gastan un pastón en una guitarra/bici/tablet que no van a usar. Aquí nos tenéis para cuando las vendáis por 1/3 del precio		]]></document>
	<document><![CDATA[Ok, Google ya está en Español. Estos son los comandos que reconoce http://t.co/6RYpbgWoI3		]]></document>
	<document><![CDATA[Más tarde o más temprano nuestros descendientes navegarán por los mares de Titán http://t.co/ZayPq4Afu7		]]></document>
	<document><![CDATA[time-lapse de la Tierra desde la ISS + música de Hans Zimmer = tremendo combo http://t.co/hw7SCn3rGH		]]></document>
	<document><![CDATA[¿De verdad son tan anómalos los horarios españoles? http://t.co/ls2TT6XIPJ		]]></document>
	<document><![CDATA[Pues a mí me gustaban mucho los Pet Shop Boys cuando cantaban lo de lo #Gowex http://t.co/lKTFhOlAG6 Era un temazo :trollface:		]]></document>
	<document><![CDATA[Tres veces se ha caído Froome entre ayer y hoy. Se retira del #TdF. Furgoleros, esto es casi como lo de ayer con Brasil		]]></document>
	<document><![CDATA[Acción Social de cierta universidad regalando entradas para concierto de One Direction #wtf		]]></document>
	<document><![CDATA[@username @username tampoco os hace falta un matemático profesional. Cualquier persona que haya ido a la escuela os sirve.		]]></document>
</author>