<?xml version="1.0" encoding="UTF-8" standalone="no"?><author id="user910">
	<document><![CDATA[Mañana se dará a conocer la producción industrial de abril. Será interesante ver que tanto pega efectos de calendario.		]]></document>
	<document><![CDATA[Brasil en la mira: http://t.co/iZ1kSuWTfn		]]></document>
	<document><![CDATA[Para los desposeídos por la reforma fiscal, aquí podrán leer mi artículo de Reforma sin costo: http://t.co/iZ1kSuWTfn		]]></document>
	<document><![CDATA[Hoy 8:00 a.m. @username la producción industrial de abril. Será interesante ver que tanto pega efectos de calendario.		]]></document>
	<document><![CDATA[Dicho y hecho: a pesar de que abril fue buen mes (0.64% respecto marzo), los efectos calendarios empujaron hacia abajo la tasa anual a -0.6%		]]></document>
	<document><![CDATA[Si SHCP presumió la tasa anual de 3.2% para producción industrial sin mencionar efectos calendario, ¿hará lo mismo ahora con -0.6% en abril?		]]></document>
	<document><![CDATA[Buenas noticias para la producción manufacturera en abril: sólido avance de 1.09% respecto a marzo.		]]></document>
	<document><![CDATA[Hasta la construcción mejoró en abril 0.56% respecto a marzo, aunque todavía ronda la tasa anual en terreno negativo (-2.6%).		]]></document>
	<document><![CDATA[La tasa anual de la producción industrial disminuyó -0.6%, pero ya corregido por efectos calendario avanzó 2.6%. ¿Qué dirá SHCP?		]]></document>
	<document><![CDATA[La construcción disminuyó -2.6% tasa anual, pero corregido por efecto calendario logró avanzar 0.43% respecto al año pasado.		]]></document>
	<document><![CDATA[La manufactura disminuyó -0.1% respecto al año pasado, pero corregido por efectos calendario avanzó 4.6%.		]]></document>
	<document><![CDATA[Seguramente parte del buen desempeño manufacturero de abril es un efecto rebote del mal desempeño de marzo.		]]></document>
	<document><![CDATA[@username Te recomiendo este artículo corto, creo que te debería quedar muy claro después de leerlo: http://t.co/oHTWYd9CpZ		]]></document>
	<document><![CDATA[Hace un mes, sacó este boletín sin mencionar efectos calendario: https://t.co/xWV761gli9		]]></document>
	<document><![CDATA[Si SHCP es congruente, debería sacar boletín titulado "Tres Datos Económicos publicados hoy confirman tendencia negativa de la economía"		]]></document>
	<document><![CDATA[Ahora sí, reto a SHCP a sacar boletín que diga que es necesario incorporar efectos de calendario en las cifras.		]]></document>
	<document><![CDATA[@username Aquí esta el artículo con opinión de Lula y tesis de Mendoza: http://t.co/85g6lpjXO2		]]></document>
	<document><![CDATA[Vean gráfica producción industrial. Se nota mejoría últimos meses, pero escaso crecimiento desde mediados 2012: http://t.co/hsXLajbmvA		]]></document>
	<document><![CDATA[@username Faltan las actividades terciarias (comercio y servicios). Parece que comercio todavía viene mal y servicios un poco flojo.		]]></document>
	<document><![CDATA[@username Se suman a los índices, a partir de los cuales se calculan las tasas.		]]></document>
	<document><![CDATA[Interesante, @username hace una comparación entre México y Perú:  http://t.co/K9J1wCXKRJ		]]></document>
	<document><![CDATA[Mientras que el mes pasado @username solo mencionó la tasa anual (porque estaba mal la mensual), ahora solo menciona la mensual.		]]></document>
	<document><![CDATA[Todavía hay quien piensa que es el @username. Escribe @username a favor de las reformas de EPN: http://t.co/CbbrKK5sDx		]]></document>
	<document><![CDATA[@username Te están buscando para que proporciones copia de tu tesis. Les di tu dirección en Twitter.		]]></document>
	<document><![CDATA[También escribe @username sobre Brasil, sobre lo que llama el "efecto caipiriña": http://t.co/V8XncLnhuK		]]></document>
	<document><![CDATA[Interesante que prohíben animales en circos sin cuestionar corridas de toros. Escribe @username sobre tema: http://t.co/PEu892kg52 …		]]></document>
	<document><![CDATA[Tres foros importantes hoy en la mañana: CEESP, IMEF y ALDF. A mi me tocó el más proletariado y creo que fue el mejor.		]]></document>
	<document><![CDATA[Creo que este mundial va ser mucho más controversial con huelgas y protestas: http://t.co/HVb4G8z72E @username @username		]]></document>
	<document><![CDATA[@username La entrada fue gratis y en un lugar sin pretensiones. Los otros fueron en el Club de Industriales donde corbata es ley.		]]></document>
	<document><![CDATA[El @username por qué Banxico disminuyó TPM en 50 puntos: se desplomó en consumo interno -1.47% en marzo (ajustado) respecto a febrero.		]]></document>
	<document><![CDATA[Se une @username a la tarea de manipulación de datos: reporta tasa anual sin corregir por efecto calendario, por ser la única positiva		]]></document>
	<document><![CDATA[Dice @username que consumo interno aumentó 2.6% respecto marzo del año pasado, pero no dijo que corrigiendo por efecto calendario solo 0.02%.		]]></document>
	<document><![CDATA[Por respeto al partido de México contra Camerún y para no distraer al público, INEGI y Banxico no darán a conocer indicadores económicos.		]]></document>
	<document><![CDATA[Lo leí en el Diario Oficial. INEGI iba dar a conocer su segundo estimado del PIB hoy, pero se canceló por el fútbol.		]]></document>
	<document><![CDATA[No es cierto rumor de que hay reunión extraordinaria de la Junta de Gobierno de Banxico para volver a bajar la tasa; es para ver el fútbol.		]]></document>
	<document><![CDATA[@username ¿Y quién dijo que no puedo empezar ya con mi primer coctel del día? Vas lentooo.....		]]></document>
	<document><![CDATA[@username El mito de no poder tomer antes de las 12 no aplica para nosotros, los alcoholicos.		]]></document>
	<document><![CDATA[Adivinen cuál será el pretexto para tomar hoy...		]]></document>
	<document><![CDATA[@username ¡¡¡Gracias!!!		]]></document>
	<document><![CDATA[La Encuesta Mensual de Expectativas IMEF revisa a la baja el crecimiento del PIB para 2014 a 2.6 por ciento.		]]></document>
	<document><![CDATA[@username Muchas gracias !!!		]]></document>
	<document><![CDATA[Mala noticia para México: FMI ajusta a 2% desde 2.8% crecimiento de PIB en EU para el 2014 ( via @username): http://t.co/NxMbOX0fL6		]]></document>
	<document><![CDATA[Entrevista de @username sobre el desempeño de la economía: http://t.co/VpYzDzRHiw …		]]></document>
	<document><![CDATA[Economistas anticipan crecimiento del PIB brasileño de 1% en 2014 y 0.8% en 2015.		]]></document>
	<document><![CDATA[@username Tengo el libro, muy recomendable.		]]></document>
	<document><![CDATA[Excelente explicación de lo que es FIFA, lo que hace y lo que representa: http://t.co/uGuuwlheab		]]></document>
	<document><![CDATA[@username Estoy de acuerdo en producir más indicadores, pero no estoy de acuerdo en producir menos. Me gusta el índice quincenal del INPC.		]]></document>
	<document><![CDATA[FMI revisa a la baja estimado crecimiento de EEUU, pero producción industrial mayo aumenta 0.6% y se revisa abril al alza de -0.6 a -0.3%.		]]></document>
	<document><![CDATA[Opina @username que los efectos negativos de la reforma fiscal no solo son de corto plazo:  http://t.co/A1VjzwjHDr		]]></document>
	<document><![CDATA[Interesante. La noticia de inflación de EEUU contribuye a versión de que la economía está acelerando: @username http://t.co/VQsjbaS6iF		]]></document>
	<document><![CDATA[Informa Banxico que la base monetaria sigue creciendo a un ritmo de 14.3% anual, casi tres veces que el PIB nominal.		]]></document>
	<document><![CDATA[@username Si EEUU crece bien, nuestras exportaciones empujarán a la economía mexicana.		]]></document>
	<document><![CDATA[@username No, es más bien el reflejo del crecimiento de la economía informal y de los esfuerzos de la gente de evitar la fiscalización.		]]></document>
	<document><![CDATA[@username Buena pregunta...		]]></document>
	<document><![CDATA[@username ¿Quién es Pancho Burquez?		]]></document>
	<document><![CDATA[@username ¿Cuál entrevista?		]]></document>
	<document><![CDATA[@username No los he visto.		]]></document>
	<document><![CDATA[La ONU habla de Cristiano Ronaldo: http://t.co/QqVh9jRlQ9		]]></document>
	<document><![CDATA[El indicador más importante que se dará a conocer hoy es resultado de Camerún versus Croacia. Empieza cocinar a las 5:00 p.m. y final 7:00.		]]></document>
	<document><![CDATA[@username Aquí está mi aclaración: http://t.co/4yFyFKOb6R		]]></document>
	<document><![CDATA[¿Doble Mandato? ¿Qué hace Banxico? http://t.co/Ee6oFHf9jt		]]></document>
	<document><![CDATA[La reforma fiscal ha mermado el ingreso personal disponible de los hogares,. Si no les alcanza para comprar Reforma: http://t.co/Ee6oFHf9jt		]]></document>
	<document><![CDATA[Mi columna de hoy en Reforma cuestiona si Banxico actúa como si hubiera doble mandato::http://t.co/Ee6oFHf9jt		]]></document>
	<document><![CDATA[Si ponemos a Memo Ochoa (#memo8a) como Gobernador de Banxico, no habría goles en los precios: inflación cero-cero.		]]></document>
	<document><![CDATA[Otro ejemplo del trato diferenciado de la información de @username via @username: http://t.co/WChyTsPhOH		]]></document>
	<document><![CDATA[Atento aviso: la oficina estará cerrada de 11:00 a 13:00, de 14:00 a 16:00 y despues de 17:00 a 19:00  durante las siguientes semanas.		]]></document>
	<document><![CDATA[Interesante. @username que en el 1T consumo privado aumentó 0.21%, mientras que la inversión cayó 0.53% y consumo gobierno -0.33%.		]]></document>
	<document><![CDATA[Por un lado, @username nos dice que el gasto público aumentó muchísimo en el 1T y por el otro @username que disminuyó 0.33% real.		]]></document>
	<document><![CDATA[La formación bruta de capital fijo (inversión) cayó de 16.2% de la oferta agregada total en 4T de 2013 a 14.9% en el 1T de este año.		]]></document>
	<document><![CDATA[La Inversión pública en construcción fue -9.5% menos que hace un año y en maquinaria y equipo -2.7% respecto año pasado. ¿No qué no?		]]></document>
	<document><![CDATA[¿Cómo conciliar los aumentos sustanciales en el gasto público que reporta @username con los desplomes que registra @username?		]]></document>
	<document><![CDATA[Ahora entendemos por qué no se sintió en el 1T el gasto público: se pasó el gasto al concepto de valor agregado y encontramos que no hubo.		]]></document>
	<document><![CDATA[@username Para entender el PIB (concepto de valor agregado), tenemos que tomar en cuenta los datos de @username.		]]></document>
	<document><![CDATA[Para calcular el valor agregado, @username estima valor bruto de la producción y el consumo intermedio, para después resta uno del otro		]]></document>
	<document><![CDATA[En otras palabras, @username gasta a lo bruto sin agregar valor a la economía. ¿Por qué no crecemos?		]]></document>
	<document><![CDATA[@username Los datos brutos del gasto público que incorpora @username en sus cuentas provienen de @username. Simplemente no hay de otra.		]]></document>
	<document><![CDATA[Dice @username que "@username debe salir a dar explicaciones." // Totalmente de acuerdo.		]]></document>
	<document><![CDATA[Dice @username que la oferta agregada creció 2.4% en 1T respecto 1T 2013. Faltó aclarar corregido por efectos de calendario fue 1.1%.		]]></document>
	<document><![CDATA[Dice @username que el consumo privado creció 1.4% en 1T respecto 1T 2013. Faltó aclarar corregido por efectos de calendario fue 0.3%.		]]></document>
	<document><![CDATA[Dice @username que consumo gobierno creció 2.9% en 1T respecto 1T 2013. Faltó aclarar corregido por efectos de calendario fue 2.1%.		]]></document>
	<document><![CDATA[Dice @username que la inversión privada creció 1.1% en 1T respecto 1T 2013. Faltó aclarar corregido por efectos de calendario fue -1.1%		]]></document>
	<document><![CDATA[Seguramente @username reporta el valor bruto solamente, mientras que @username estima que el gasto público no agrega valor al PIB.		]]></document>
	<document><![CDATA[Interesante. @username que la inversión pública se desploma -8.5% en 1T de 2014 respecto al 1T de 2013.		]]></document>
	<document><![CDATA[@username Sin embargo, @username que el consumo público cayó -0.33% respecto al trimestre anterior (ajustado por estacionalidad).		]]></document>
	<document><![CDATA[Vean escandaloso reporte de @username, que pone en jaque al gobierno por su "dizque" gran gasto en el 1T 2014:  http://t.co/kMkrv3PVni		]]></document>
	<document><![CDATA[Reporta @username que debate Reforma Energética está suspendido (dizque panacea para falta de crecimiento): http://t.co/Lv0HzLElLg.		]]></document>
	<document><![CDATA[¿Qué podemos decir sobre los datos que acaba de publicar INEGI? Pues como se dice, "lo sospeche desde un principio".		]]></document>
	<document><![CDATA[@username ¡¡¡Pero el problema es que @username reporta sobreejercicio para el trimestre!!!		]]></document>
	<document><![CDATA[@username ¿O sea, @username reporta un gasto que no gasta? Pues así se las gastan...		]]></document>
	<document><![CDATA[@username Si el consumo privado crece cada trimestre en la misma magnitud, su crecimiento anual será tan solo 0.84% en 2014.		]]></document>
	<document><![CDATA[Parece ser que @username reporta un gasto que no gasta.		]]></document>
	<document><![CDATA[Estimado @username, si corriges por efecto calendario, la tasa anual de la oferta agregada crece 1.1% en vez de 2.4%.		]]></document>
	<document><![CDATA[Brinda @username buen pretexto para tomar, es día Nacional del Martini: http://t.co/am4awIS96b		]]></document>
	<document><![CDATA[@username En los dos ejemplos reportando diferente cifras INEGI, El Financiero siempre utiliza lo nota negativa y Economista la positiva.		]]></document>
	<document><![CDATA[@username No es lo mismo efectos calendario (semana santa) que la estacionalidad. Lo primero no es un patrón fijo en el año; segundo si.		]]></document>
	<document><![CDATA[En cinco minutos, las ventas al por menor de abril de INEGI; en una hora las minutas de Banxico; y en la tarde la encuesta de Banamex.		]]></document>
	<document><![CDATA[Buen número: las ventas en los establecimientos comerciales al por menor aumentaron 1.13% en abril respecto mes anterior.		]]></document>
	<document><![CDATA[Las ventas al por menor disminuyeron -0.4% a tasa anual en abril, derivado de efectos adversos de calendario.		]]></document>
	<document><![CDATA[Buen número: los Ingresos obtenidos por la prestación de los Servicios Privados no Financieros avanzaron 1.11% en abril respecto a marzo.		]]></document>
	<document><![CDATA[Las minutas de Banxico dice que "las condiciones de holgura en la economía se  han ampliado y que persisten riesgos a la baja".		]]></document>
</author>