<?xml version="1.0" encoding="UTF-8" standalone="no"?><author id="user163">
	<document><![CDATA[“@username: Cuando nos la tomamos?? http://t.co/xAmpO5u3” // Lo siento alf @username ya no toma!! Pero yo y @username si!! Tu di cuando		]]></document>
	<document><![CDATA[“@username: Estos restaurantes son la definición de bueno, bonito y barato. http://t.co/D4Q7Ty8w” @username		]]></document>
	<document><![CDATA[“@username: 10 cosas que emocionan 2013 (vía @username) http://t.co/Jvq2ZQ6i” Mmmm?? Esas tonterias solo los emocionan a uds... Hueva 1000!		]]></document>
	<document><![CDATA[“@username: @username estas dos me adoptaron. http://t.co/YKvUHNAn”. // hermosisisisimas!!!!		]]></document>
	<document><![CDATA[“@username: Agua pasa por mi casa, por mi catre y mi colchón, esto no es una adivinanza, es la pinche inundación.” @username		]]></document>
	<document><![CDATA[“@username: tu tan cuerito y yo tan pancita...” @username jajajajaja		]]></document>
	<document><![CDATA[“@username: Esto es lo que debes hacer si tienes gripe - http://t.co/59Xuvi5y” @username		]]></document>
	<document><![CDATA[@username” no entendi q debi hacer?” // nada. Solo descansar. No antibioticos, cuando mucho un antigripal para disminuir las molestias		]]></document>
	<document><![CDATA[“@username: 5 cosas que no sabías sobre tus sueños - http://t.co/hIaBDGjC” @username  Aun q l brujo mayor @username diga lo contrario		]]></document>
	<document><![CDATA[“@username: Solo los guapos seguimos despiertos y nos despertamos a la hora que queremos.” Ya veeez!!??? Cheer up @username		]]></document>
	<document><![CDATA[@username: #LuisMiguelNoche1 Espectacular!! Que ojos, que sonsisa, que voooooooz!! http://t.co/BlfS6CLz		]]></document>
	<document><![CDATA[“@username: —¿Jugamos Basta? —Sí mi amor. —Pues basta de tragar ¡pinche gorda!” @username  jajaja jajaja		]]></document>
	<document><![CDATA[Dato curioso: Si Cantinflas y Hitler se besaran, sus bigotes jamás se tocarían. True Story http://t.co/zKOWxDoi” @username  jajaja		]]></document>
	<document><![CDATA[“@username: La serpiente, la protagonista del año nuevo chino // Ya se t debe haber quitado el coraje sabiendo q este es tu anio!! Jaja		]]></document>
	<document><![CDATA[“@username: Luis Miguel dice "no" a la Feria de Texcoco http://t.co/5qkrUcSg #Música” @username jajajaja		]]></document>
	<document><![CDATA[#Feliz14DeFebrero la cena de la amistad http://t.co/gJtbsxcJ		]]></document>
	<document><![CDATA[“@username: El programa 'María de Todos los Ángeles' fue cancelado http://t.co/BV1dtBVS” @username @username @username  noooooooo!! ????????		]]></document>
	<document><![CDATA[Mmmmm ternuritaaaa!! Aqui esta el origen del meteorito q cayo en Rusia! al patrón nadie le renuncia http://t.co/xa0oF0pP”		]]></document>
	<document><![CDATA[Si te llevaste tanto, en solamente 1 dia. No te costaba nada cargar con tus manias @username! #missyou		]]></document>
	<document><![CDATA[“@username programa 'María de Todos los Ángeles' sí fue cancelado http://t.co/Gat0VR5C” @username @username que triste!! Neta”		]]></document>
	<document><![CDATA[Noooo!!! Por qué tengo que trabajar mañana??? #Epicfail		]]></document>
	<document><![CDATA[No quiero ir a trabajar, quiero quedarme a ver #Cheters!!! @username @username		]]></document>
	<document><![CDATA[“@username: 5 lugares básicos para ir de compras en Londres http://t.co/AXGLLuKi” que opinion te merece @username??		]]></document>
	<document><![CDATA[“@username: Cinemex compra Cinemark México http://t.co/27nxAstv” que bueno, odio Cinemark		]]></document>
	<document><![CDATA[“@username: 'María de todos los Ángeles' saldrá al aire en agosto  http://t.co/dYSUyvz8” #Ufffffff! @username  @username @username		]]></document>
	<document><![CDATA[I'm at Hotel Condesa (Mexico City, Distrito Federal) http://t.co/PkXWB2dOUL		]]></document>
	<document><![CDATA[Por que para salir siempre es el mismo #show @username @username!! Ya me quiero iiiir!!!		]]></document>
	<document><![CDATA[“@username: Ya veremos si la aprehensión de Elba Esther Gordillo tiene efecto dominó.” O una cortina de humo ...		]]></document>
	<document><![CDATA[“@username: La maestra y las brujerías de los poderosos: http://t.co/DGzxQbfBlj” @username		]]></document>
	<document><![CDATA[“@username: Disfruta El Lago de los Cisnes con la Compañía Nacional de Danza 
@username” vamos cuestan $200 varitos		]]></document>
	<document><![CDATA[No se andar en #bici!!  Necesito aprender. Alguien sabe de algun curso?? @username :)		]]></document>
	<document><![CDATA[Los guapos también sufrimos, pero por la mala suerte de los amigos feos. @username jajaja		]]></document>
	<document><![CDATA[Nada como un domingo sin la presion del lunes. ????????????		]]></document>
	<document><![CDATA[“@username:Hoy es cumpleaños  d la Chimoltrufia
#PorSiTenianElPendiente es tu santo!?!?!?” Neta q cuando t lo propones eres re chistosin		]]></document>
	<document><![CDATA[@username  y avisanos por fa!!		]]></document>
	<document><![CDATA[encontrado en Col Roma. Urgente  regrese con familia rescatista no puede tenerlo. X favor difundan RT http://t.co/KtUuTsaKUc” @username		]]></document>
	<document><![CDATA[“@username: ¡Diego Luna y Camila Sodi confirman separación! http://t.co/iHsYvdtu3M y Thalía ayuda a Cami #prediccioncumplida @username		]]></document>
	<document><![CDATA[#preguntaleamhoni @username: me vez en Mty o en otra ciudad???		]]></document>
	<document><![CDATA[Esto es el nuevo antro de Mexico @username en NuevoLeon105 Colonia Condesa. #CAAALLATE http://t.co/lX2tk7yuNu” @username el viernes???		]]></document>
	<document><![CDATA[“@username:  domingo se tiene proyectado  1 recorrido  x nuestra col con el Arq. Edgar Tavares López, info x DM,  vámonos @username ???		]]></document>
	<document><![CDATA[“@username:domingo se tiene con el Arq. Edgar Tavares Lópeinfo // No no puedo acuerdate sorry pues ve con ????”/: Es ciertoooo ????????????????		]]></document>
	<document><![CDATA[“@username: Las peores cosas que hacemos alcoholizados http://t.co/VuKWTkDFLo” mmm... Creo q todo t ha pasado @username		]]></document>
	<document><![CDATA[“@username: #nosotroslosnobles que película tan buena! Vayanla a ver! Créanme. RT plis”		]]></document>
	<document><![CDATA[@username insurgentes esquina puebla. Direnccion norte. Para a todos!!		]]></document>
	<document><![CDATA[“@username: A los hombres que tiene iPhone blanco, no se les toca ni con el pétalo de una rosa.” @username jajajaja		]]></document>
	<document><![CDATA[“@username: Esta temblando!!!!” Siiiiiii todo bien en #zonatrendy??		]]></document>
	<document><![CDATA[“@username: “@username: “@username: Esta temblando!!!!” Siiiiiii todo bien en #zonatrendy??” Todo oka” y tu despensa, tambien???? Jaja		]]></document>
	<document><![CDATA[“@username: Que nada te desanime, hasta una patada en el culo te empuja hacia adelante.” @username		]]></document>
	<document><![CDATA[39 anios de casados!! Ojala lleguen a 50 http://t.co/ack6U6260T		]]></document>
	<document><![CDATA[#Wordoftheday: Senil y  Decrepita con dedicatoria especial @username y @username jajajaja		]]></document>
	<document><![CDATA[“@username: @username miss ya friend xx” yo a ti!! Cuando vienes a verne?		]]></document>
	<document><![CDATA[“@username zacapoax y frances se dan tregua st año. No hay ???????? pa la batalla. Mmm todavía nos queda la del Peñón dlos baños @username jaja		]]></document>
	<document><![CDATA[“@username: Los guapos no nos ponemos borrachos, sólo nos ponemos más guapos.” Verdaaaa @username		]]></document>
	<document><![CDATA[#EscritosDeBañoPúblico... En este lugar y  en este agujero, termina el esfuerzo del buen cocinero"” Ya no cocinare jajaja @username		]]></document>
	<document><![CDATA[Ayyyy agruriiii se más discreto @username ????????????
http://t.co/YhPbvlu4C7”		]]></document>
	<document><![CDATA[Por esos dias llenos de suenos...
Por las sonrisas que no volveran...
Por los recuerdos.		]]></document>
	<document><![CDATA[“@username: @username mmmmm no escuches eso, sólo enferman!”  Es una cancioon!!! Reik		]]></document>
	<document><![CDATA[“@username: @username instalando alcoholímetro sobre Sevilla antes de Chapultepec” en  que direccion oriente o poniente @username		]]></document>
	<document><![CDATA[A lo largo de la vida harás 4.000 kg de caca. Descubre q dice d ti residuo http://t.co/2IDzpls6Vu x si tenian duda @username @username		]]></document>
	<document><![CDATA[“@username: León blanco. Sin palabras . . . http://t.co/ibLlNfx7j0”.  No lo puedo creer... Esta her-mo-sooo! @username		]]></document>
	<document><![CDATA[No quiero que se vaya ???? http://t.co/10rwrHpt8t		]]></document>
	<document><![CDATA[“@username: Hoy renace  el americanismo... Empieza una nueva era....// tranquilo!! No es pa tantooo.		]]></document>
	<document><![CDATA[“@username: Lamentable q n Méx estén acostumbr a ser pisoteados x malos servicios. VivaAerobus lucra con mal servicio/ @username		]]></document>
	<document><![CDATA[“@username: Así trabaja #LadySenado
 http://t.co/NOqwC84YHT” @username pobrecitaa, fue victima de un trato inhumano @username		]]></document>
	<document><![CDATA[“@username: Les presumo que hoy me entregan un premio de la revista Mujer Ejecutiva” felicidades, muy merecido!!		]]></document>
	<document><![CDATA[Vicente Fox anunciará la primera marca para comercializar marihuana entre México y EU http://t.co/ykUsUI6wFr” // ahora si se la fumoo!! Jaja		]]></document>
	<document><![CDATA[“@username si?? 10 minutitos más y me voy al aeropuerto... http://t.co/j1vMbbyD66” jajajaja @username @username		]]></document>
	<document><![CDATA[@username: Espléndida "Carta que @username dirige @username y ya respondio??http://t.co/qngTFu6UoE tmbn leela @username		]]></document>
	<document><![CDATA[“@username: “@username: se filtró foto de la #LadySenadora @username antes de su llegada al aeropuerto http://t.co/RlECBarT35 jaja		]]></document>
	<document><![CDATA[Hija, ¿Y ese iPhone 5? —Me lo gane n 1 rifa —¿Y ese auto? —Me lo gane n otra rifa —¿Y q haces n l baño? —Depilandome la tómbola @username		]]></document>
	<document><![CDATA[“@username: - ¿Acepta a esta mujer n la riqueza y n la pobreza, n la salud y n la enfermedad? -SI, NO, SI, NO” @username @username		]]></document>
	<document><![CDATA[“@username: “@username: Es que el twitter es tan divertido y relajante que uuuuurge  legislar!! Jajajaja		]]></document>
	<document><![CDATA[“@username: Asi estabas cuando te enfermaste del estomago @username verdad  @username ?” Jajjajajajajajaja		]]></document>
	<document><![CDATA[“@username: A todos... GRACIAAASS!! Gracias  por este show! Gracias por esta noche. Gracias @username // my best concert ever!!		]]></document>
	<document><![CDATA[“@username: @username hey ya no te vi y no nos despedimos :(.” // tq chio!! Nos vemos pronto		]]></document>
	<document><![CDATA[Con baba de nopal, 3 jóvenes potabilizan agua contaminada y representan a Méx n Europa// esto me recuerda al lucuado de papa antonio. Jajaja		]]></document>
	<document><![CDATA[“@username: Sexi, linda, casual, en el sementerio #FotosPalFeis http://t.co/avpZa0allF” jajajaja @username @username		]]></document>
	<document><![CDATA[@username @username @username @username osease babybaloaca, de donde te sacas taanta tonteria		]]></document>
	<document><![CDATA[@username me encanta desayunar aqui!!!		]]></document>
	<document><![CDATA["@username: Gracias @username por la llamada ayer, lo robaste una sonrisa a mi amargado rostro, dijeras tu tuuuu :)" tnx to u tqm!!		]]></document>
	<document><![CDATA["@username: Ellos piensan que se ven así, pero en realidad... Jajajajajá #Fotospalfeis http://t.co/A4jpj7ULAM"  @username jajajajaj		]]></document>
	<document><![CDATA["@username: Finos, elegantes, casuales en la peda. #FotosPalFeis http://t.co/0hwfgsyYTn" como ti @username		]]></document>
	<document><![CDATA["@username: "@username: Chingnahuapa | Puebla. http://t.co/qTQByTey4U" esto no lo vimos @username // Si lo vimos, pero era de dia		]]></document>
	<document><![CDATA["@username: 5 periodos vac seguidos n 2.5 años conociendo otras ciudades países y continentes y ahora aqui Nacapulco// jaja no seas payaso		]]></document>
	<document><![CDATA["@username: Pasando la tarde en la Campiña http://t.co/TTz74AqXSz"  Ayyy que padre!!!!		]]></document>
	<document><![CDATA["@username: El mini infarto que te dá cuando no sientes tu #GALAXY en el bolsillo... ¡Uff!"  #GalaxyS4!!!		]]></document>
	<document><![CDATA[GALAXY S4 obtienes lo mejor Descarga 3 películas y disfrútalas por nuestra cuenta http://t.co/AcjKVKgPy4" @username @username		]]></document>
	<document><![CDATA["@username: Respetarás a la novia de tu mejor amigo y otros códigos de caballeros http://t.co/VudN1HlGUM"  ok si, si eres @username		]]></document>
	<document><![CDATA[Quiero ir a #nuevovallarta, me llevas @username ???		]]></document>
	<document><![CDATA["@username: Ser zurdo, pero jamás de izquierda (por lo menos la mexicana)" #diadelzurdo @username		]]></document>
	<document><![CDATA["@username: No lo había conocido y una delicia el restaurante #MexiBocu. Si el lo recomienda... es bueno! @username  #zonatrendy		]]></document>
	<document><![CDATA["@username: Recuerda que contratando un paquete YOO con Internet te incluimos una Tablet.  http://t.co/AIyNGb89F4" @username		]]></document>
	<document><![CDATA["@username: Me explican por que la gente bloque las calles en interlomas. !! http://t.co/zxzvAonh3W" estan pidiendo seguridad para todis		]]></document>
	<document><![CDATA["@username: Menos mal que nadie escucha lo que pienso."		]]></document>
	<document><![CDATA["@username: Que bebida alcohólica debes tomar…según tu horóscopo http://t.co/XKdxt2KxDp" // No mouse mikey @username		]]></document>
	<document><![CDATA[@username @username yo noooo, jajaja, esos recuerdos ya los bloque		]]></document>
	<document><![CDATA[@username  Es recomendable hacer ejercicio si tengo gripe??		]]></document>
	<document><![CDATA["@username: #LaPerfecciónEs es café en la mañana, vino en la comida y mezcal para la noche,  // mmm  mejor whiskey n la noche		]]></document>
	<document><![CDATA["@username: "Vivir... esa será mi mejor aventura..." Peter Pan""		]]></document>
	<document><![CDATA["@username: Michael Douglas dejó a Catherine Zeta Jones por su manera de beber http://t.co/T18ItxBFyk" @username  upsssss jajajajaja		]]></document>
</author>