<?xml version="1.0" encoding="UTF-8" standalone="no"?><author id="user460">
	<document><![CDATA[Pues bien,lo dudabas? :-)) RT @username: @username como fue eso hoy?? supongo que saldria todo bien, yo aqui con el master, todo el ...		]]></document>
	<document><![CDATA[Invento cross-platform fails... No siempre sale bien a la primera :-(		]]></document>
	<document><![CDATA[El nuevo doberman de @username http://twitpic.com/3byuee		]]></document>
	<document><![CDATA[Me da miedo que me muerda...le tendría que pagar un dentista :-)) http://twitpic.com/3byurt		]]></document>
	<document><![CDATA[Este más bien a una rata :-)) RT @username: @username conozco a uno que diria que se parece sospechosamente a un gato...		]]></document>
	<document><![CDATA[Yo tengo bastante con mis nanas!! RT @username: @username la verdad que da miedo ese perro... menudo doberman..es tuyo o de tu hermana?		]]></document>
	<document><![CDATA[No has visto muchos dober! RT @username: @username Qué mono es!! Parece un muñequito (ya sé que no es muy propio para un doberman...)		]]></document>
	<document><![CDATA[Bici que sale de una esquina, se salta el semáforo en rojo, se come un coche, y encima le echa la bronca...para vídeos de primera		]]></document>
	<document><![CDATA[Me suben el alquiler del garaje más de 30% en dos años.Decimos que se gana poco o que nos han engañado con el euro...No,somos unos listos!		]]></document>
	<document><![CDATA[Ya sabía yo que era cosa de mi mujer tener dos niñas :-) RT @username @username: Las mujeres guapas tienen + hijas que hijos http://kcy.me/18bl		]]></document>
	<document><![CDATA[Italiano+barato=cutrepizzeria RT @username: @username, la proxima vez vamos a un italiano que está bueno,q cuando voy sale super barato		]]></document>
	<document><![CDATA[Martini más olivitas 1,60 en Temps @username @username @username @username a ver si aprendemos! Y al alcalde lo conozco :-)		]]></document>
	<document><![CDATA[Reconvirtiendo un cacharrillo XP en un cacharro de provecho...		]]></document>
	<document><![CDATA[@username no hace falta irse tan lejos, aquí (Spain) condenamos a cualquier político antes de ser juzgado...		]]></document>
	<document><![CDATA[Lidiando con un HD cargado de sectores defectuosos pero por mis ... que lo reparo!		]]></document>
	<document><![CDATA[Olé mi amazona cómo baña a su caballo http://t.co/H52EflL		]]></document>
	<document><![CDATA[Bocadillo de lomo con queso, Amigo de Roberto Carlos en el tocadiscos...y yo me acuerdo de más de uno que se ha bebido las cocacolas!!!		]]></document>
	<document><![CDATA[Ten cuidado no te despeinen :-) RT @username: Paseando entre patinadores, ciclistas, caperucita y... el lobo! :)		]]></document>
	<document><![CDATA[Es que suena rico :-)) RT @username: Hoy la niña me ha cenado de lujo un potito de guisantes con jamón york.		]]></document>
	<document><![CDATA[A @username  le gustará RT @username: Mapas de uso de Flickr y Twitter por el mundo (Internet) http://t.co/alx4eh5		]]></document>
	<document><![CDATA[Que bueno!!  "10 razones para no usar Linux" http://t.co/DYamstu vía @username		]]></document>
	<document><![CDATA[Jajaja RT @username: La huída de Zapatero a Afganistán x la visita del Papa es como cuando aprovechas para ir a Ikea cuando va tu suegra a casa		]]></document>
	<document><![CDATA[Acabada la cena continúa el trabajo.Para acompañar,la mejor música electrónica con Visual Player 2.0 en un DX2 http://twitpic.com/34je57		]]></document>
	<document><![CDATA[Me acabo de sentir como Douglas Hall en Nivel 13 al entrar por VNC a un servidor para entrar por VNC a otro servidor...		]]></document>
	<document><![CDATA[Noooo que si fuera leve me cambiaría de trabajo :-)) RT @username: @username Que sea leve el trabajo! No paras! ;P		]]></document>
	<document><![CDATA[Del despacho de los servidores al resto hay un cambio climático de más de 5 grados...estoy en manga corta!		]]></document>
	<document><![CDATA[De un montón de cosas bonitas de este maravilloso país RT @username: De qué?!!! :) RT @username: Doy fe		]]></document>
	<document><![CDATA[Pero estuviste peinada alguna vez? :-)) RT @username: @username por cierto, finalmente me despeinaron! :P		]]></document>
	<document><![CDATA[Metiéndole 4Gb más de RAM a mi Mac a ver si lo espabilo un poco		]]></document>
	<document><![CDATA[@username qué va! Le quito 2 y le pongo 4 y encima no me van :-(		]]></document>
	<document><![CDATA[Escuchando al Papa (tarde) me he acordado de la canción Finisterra de Mago de Oz... vaya asociaciones que hace el cerebro		]]></document>
	<document><![CDATA[Le compro un columpio balancín a mi cría y lo utiliza para pesar sus juguetes... Me enorgullezco o me acojono?		]]></document>
	<document><![CDATA[Para mi es una premisa básica RT @username: @username Eso es que te encanta lo que haces!!! Como debería ser siempre! Me alegroooooo! :)		]]></document>
	<document><![CDATA[No sabes lo desesperado que estoy esperando... RT @username: @username luego lo sustituirás por el comodore.....		]]></document>
	<document><![CDATA[@username gracias guapísima! Tengo dos bomboncitos que no me los merezco :-)		]]></document>
	<document><![CDATA[Estupendo como siempre! Aunque ya agotado.Bona nit malos pelos :-) RT @username: @username Pero el día bien?!!!		]]></document>
	<document><![CDATA[Acabo de enterarme por un anuncio que lo que tengo es un aifonfor (iPhone 4) jejeje, me encanta el inglés. Good night!		]]></document>
	<document><![CDATA[Cómo mostrar de manera efectiva a un experto los beneficios de lo que le estás ofreciendo? Haciendo que sea él quien vea que no los tiene		]]></document>
	<document><![CDATA[Qué bueno!! RT @username: Qué niña más cabr...¡¡ jajjaaj http://yorien.to/npg (video) Via @username		]]></document>
	<document><![CDATA[Cansado por hoy pero muy productivas este par de horitas.Ahora una partidita al Raptor en el 486 y a casita a dormir		]]></document>
	<document><![CDATA[Parece haber algún tipo d interferencia entre Dropbox y Rythmbox en Ubuntu...me recuerda cuando hice que se abriera el CDROM desde SICAP :-)		]]></document>
	<document><![CDATA[Se acaba de ir la luz del vecindario, sai cómo te quiero! A ver lo que aguanta!		]]></document>
	<document><![CDATA[Volvió la luz, aguantó el sai y no se paró ningún proceso :-)))		]]></document>
	<document><![CDATA[RT @username: RT @username: Una colección de 45 plugins de jQuery para mejorar tus formularios http://t.co/mY36AVX		]]></document>
	<document><![CDATA[Cambio cupón descuento por euros (está prohibida su venta)		]]></document>
	<document><![CDATA[Joer, he perdido el coche! No se para qué me bajo una app para geolocalizarlo si me acuerdo de usarla solo cuando lo pierdo...		]]></document>
	<document><![CDATA[Posiblemente sea mi último tuit con el iPhone, me voy a tirar por los rápidos y no llevo chubasquero! Va por ustedes!		]]></document>
	<document><![CDATA[La chica de delante, además de guapa golosa, me ha dejado el plástico de sus galletas como condón para mi móvil y aquí lo tengo sano y salvo		]]></document>
	<document><![CDATA[@username tío, que desde dentro de Matrix no se puede proteger el hardware de fuera :-) un abrazo		]]></document>
	<document><![CDATA[No puedo más, nos tiran de todas las atracciones y la cría aún quiere más guerra		]]></document>
	<document><![CDATA["Después de estar indignando sobre el tema..." a la gente se le está metiendo bien en la cabeza :-)		]]></document>
	<document><![CDATA[No, lo que ya está hecho no hay que rehacerlo... haremos otras cosas :-) RT @username: @username Jajaja la hacemos? xDD		]]></document>
	<document><![CDATA[Almuerzo a la 13 y como a las 17...se me está acumulando la faena: cuando voy a merendar???		]]></document>
	<document><![CDATA[Lo tengo a tope pero llámame RT @username: @username Este finde estoy por allí! :-) Tengo cosillas interesantes que compartir con vos!		]]></document>
	<document><![CDATA[Nuevo post en "Hablando de I+D": Teoría de colas, muchedumbre y liderazgo http://ow.ly/6eUjE		]]></document>
	<document><![CDATA[Pues un bocata jamón nos tenemos que hacer y planificar ya cositas que empieza 2011! RT @username: @username Estoy hasta el miércoles :-)		]]></document>
	<document><![CDATA[La satisfacción de un cliente es la mayor satisfacción que profesionalmente puedes recibir,anima a seguir trabajando duro		]]></document>
	<document><![CDATA[@username gracias por la mención, además tu título me gusta :-)		]]></document>
	<document><![CDATA[Mando un saludo a mi compañero de sufrimientos Pau Roda... Pau, esto es un infierno! :-)		]]></document>
	<document><![CDATA[Arrancando un Windows para usar un Explorer... Al menos merece un tuit		]]></document>
	<document><![CDATA[Probando Unity de Vmware con un Windows dentro de un Linux y funciona genial cc @username		]]></document>
	<document><![CDATA[Nuevo post en "Hablando de I+D": Se busca... http://ow.ly/6ltZf		]]></document>
	<document><![CDATA[Te puedes hacer amigo de una institución como un ayuntamiento?Y si cambia de partido?Y quien se pone como alcalde de...espera serlo siempre?		]]></document>
	<document><![CDATA[Qué coñazo tener que estar clasificando a los contactos en círculos, qué obsesión con clasificarlo todo!		]]></document>
	<document><![CDATA[Le riño a mi cría de 4 añitos y me contesta que "en esta casa somos tres chicas y tú solo un chico" Qué miedo me da ya tan pequeña!		]]></document>
	<document><![CDATA[@username pues eso en la puerta de mi casa, eso si al sol ;-)		]]></document>
	<document><![CDATA[Paso por la oficina,no hay ni un portátil,se los han llevado para trabajar el puente,sin decirles nada...así se sale de la crisis!!		]]></document>
	<document><![CDATA[@username @username @username pues imagínate yo que casi siempre soy el primero al que le cae algo :-))		]]></document>
	<document><![CDATA[Quiero felicitar a mi amigo Pau que por fin es Teleco y se de buena tinta que se lo ha ganado! Un abrazo!		]]></document>
	<document><![CDATA[Desmitificando SocialMention y el análisis de sentimiento en castellano:buscas controladores aéreos y el 95% de los resultados son neutros		]]></document>
	<document><![CDATA[Estudio Situación Laboral Ingenieros en Informática de la Comunidad Valenciana 2011 http://ow.ly/6w4W8 (Excelente trabajo del COIICV)		]]></document>
	<document><![CDATA[Qué exposición más chula de Star Wars en el Hipercor		]]></document>
	<document><![CDATA[Nervioso perdido camino de la Feria de la Tapa 2011 en Valencia http://t.co/mNhEpLUq		]]></document>
	<document><![CDATA[Esta moto me gusta más que mi chopper http://twitpic.com/3d9iyg		]]></document>
	<document><![CDATA[TODOS :-))) RT @username: “@username: Qué exposición más chula de Star Wars en el Hipercor” mucha gente del lado oscuro ?? Jeje		]]></document>
	<document><![CDATA[RT @username: "Elige un trabajo que te guste y no tendrás que  trabajar ni un día de tu vida" #Confucio  #iPQuotes		]]></document>
	<document><![CDATA[Estoy totalmente de acuerdo con la subcontratación de ciertos servicios, pero que te llame un tío que habla como Brad Pitt en Snatch...		]]></document>
	<document><![CDATA[Madre mía mi madre en el Facebook preguntándome a qué hora le llevo la cría.Hace 25 años yo era el raro de la familia.Mi mundo se tambalea!!		]]></document>
	<document><![CDATA[Yuyu yuyu jjajajaja. Un abrazo figura! RT @username: @username Grande! Eso si que es una "modern family" ;)		]]></document>
	<document><![CDATA[Escuchando villancicos y jugando un poco con socialmention.Si les da tiempo mañana a integrarlo sé de varios a los que les va a gustar :-))		]]></document>
	<document><![CDATA[Como se avanza un día sin visitas, sin llamadas, sin emails... da gusto!		]]></document>
	<document><![CDATA[Valencia, qué ciudad más bonita tenemos el privilegio de vivir algunos :_) http://t.co/ChRzozce		]]></document>
	<document><![CDATA[Por cierto, la plaza del ayto. abarrotà de gente no es por el 15M, es una mascletà!!		]]></document>
	<document><![CDATA[La radio y la tele son igual que la escucha activa, el 90% del proceso es filtrado de basura		]]></document>
	<document><![CDATA[Dormir o jugar un poco con análisis de grafos? Vaya pregunta...		]]></document>
	<document><![CDATA[@username en cuanto salga la veo! Jajaja. Ya verás qué cositas más chulas vamos a incorporar a la ea :-))) (cómo voy a poder dormir!!)		]]></document>
	<document><![CDATA[Qué bonito es el atardecer de otoño desde mi despacho, hasta me pongo tonto... :-D http://t.co/ZMOdO7Sv		]]></document>
	<document><![CDATA[Acabo de oír en la tele hablar de coches diésel a carburación... Increíble!		]]></document>
	<document><![CDATA[@username ya lo vi, pero para dos no me da, mucha pasta ;-) tengo un congresito en vistas, hacemos algo juntos?		]]></document>
	<document><![CDATA[@username claro, gratis, era una coña :-) tengo poco tiempo, prefiero aprovechar el de machine learning que me servirá más		]]></document>
	<document><![CDATA[@username pásame correo y lo vemos, igual podemos trabajar las dos ideas, nos beneficiamos los dos y tenemos más probabilidad de colocar		]]></document>
	<document><![CDATA[Acabo de descubrir el kturtle para mi cría, cómo se parece al klogo que hice en quickc en la universidad...		]]></document>
	<document><![CDATA[Acunando al gremlin de mi hermana http://twitpic.com/3dr9z0		]]></document>
	<document><![CDATA[Probando Lliurex Infantil, muy buena pinta, a ver si voy enseñando a mi pequeña :-)		]]></document>
	<document><![CDATA[Ni idea,ratonero creo.Se llama Lord Byron :-) RT @username: @username http://twitpic.com/3dr9z0 - jajaja!! Qué pequeñín!!! De qué raza es?!		]]></document>
	<document><![CDATA[Vaya accidente en la v30,tres vehículos y un camión, un vehículo mirando hacia atrás con todos los airbags saltados.Parece que todos bien.		]]></document>
	<document><![CDATA[Esto está quedando muy chulo...y lo mejor es que casi todo va en el iPad. Ya queda menos para tenerlo montadito...		]]></document>
	<document><![CDATA[Metiendo a la cría en el
mundo de la informática... no me arrepentiré?  http://twitpic.com/3duy1m		]]></document>
	<document><![CDATA[A ver quien lo tiene más pequeño http://t.co/TU65xlac		]]></document>
	<document><![CDATA[Expresión del último que ha entrado en Escucha Activa: "ya estoy dentro" Como dice @username "dentro de Matrix" Pues esperad a la V2.0		]]></document>
</author>