<?xml version="1.0" encoding="UTF-8" standalone="no"?><author id="user160">
	<document><![CDATA[@username me gusto la parte de "nunca he trabajado y no tengo por que hacer lo ahora" eso si es ser nice, verda tuuu?		]]></document>
	<document><![CDATA[La neta sí me dió mucha risa!!!  http://t.co/NLxh7IZt”		]]></document>
	<document><![CDATA[“@username: @username frienddddd!!! T ay mis yu x” /// ay frienddddd yo también, besos!		]]></document>
	<document><![CDATA[La verdadera “cruda” llega después de los 35 http://t.co/1UH3cBm8		]]></document>
	<document><![CDATA[La verdadera “cruda” llega después de los 35 http://t.co/1UH3cBm8 con dedicatoria especial a @username @username @username @username		]]></document>
	<document><![CDATA[@username @username @username pus nos aguantamos a los 35, no?? Lo siento por @username Jajajaja		]]></document>
	<document><![CDATA[“@username: 1/2 Si pudieran volver a verse a ustedes mismos en cualquier edad, cuál sería?” 26		]]></document>
	<document><![CDATA[“@username: 2/2 Te ves a esa edad entrar por la puerta. Qué te dirías?// mañana será mañana...		]]></document>
	<document><![CDATA[“@username: Checa esto @username: El iPhone 4S le 'baja las pilas' a Apple http://t.co/knTddPMj”” /// no importa, soy #iPhone #IPad  fan		]]></document>
	<document><![CDATA[Jueves... Y de lo único que tengo ganas, es de dormir ?		]]></document>
	<document><![CDATA[Y cuando te cansas de hacer lo que se te pega la gana... Que sigue?		]]></document>
	<document><![CDATA[“@username: Pero me acuerdo de ti by Xtina Aguilera dedicada a @username” // ay friend eres bien romantiquisisisisimo! Grax TQ a la good		]]></document>
	<document><![CDATA[“@username: Es un #fiasco esto de xochimilco y la "llorona"... @username // es demasiado intento de cultura para 1 domingo n la noche		]]></document>
	<document><![CDATA[“@username: RT @username: Los 3 ‘misterios sin resolver’ del Buen Fin http://t.co/PR6RZRXt” @username		]]></document>
	<document><![CDATA[“@username: como tuiteó @username, @username se vio más presidenciable q nunca el día de su derrota. Lástima... Yo me voy con @username		]]></document>
	<document><![CDATA[“@username: @username : Los ‘misterios  dl Buen Fin/ Mejor se debería fomentar el ahorro/ lo vamos a fomentar ahorrando al comprar jaja		]]></document>
	<document><![CDATA[Un día muy triste, adiós querido amigo, maestro @username ! Gracias por todo lo que me enseñaste... Te fuiste demasiado pronto ????????		]]></document>
	<document><![CDATA[“@username: RT @username: @username accidente en la autopista. México puebla http://t.co/8i3Stwha”. A que altura???		]]></document>
	<document><![CDATA[@username deja de twittear y concentrate n lo q estas haciendo ?		]]></document>
	<document><![CDATA[“@username: “@username: Apple trae el "Viernes Negro" a México http://t.co/oueFS26R //” @username FYI”// comprate tu #iPad		]]></document>
	<document><![CDATA[“@username: Corren apuestas. Para ti, Moreira se va o se queda? #cuentameloo #LaVozdelaCiudad”// se queda... Es el PRI encarnado en humano		]]></document>
	<document><![CDATA[@username friend! Aquí contando los días. Me vas a traer mis encargos?		]]></document>
	<document><![CDATA[Ya quiero lavar en mi nueva lavadora y secadora! Grax @username		]]></document>
	<document><![CDATA[@username que pasa en Av. Chapultepec, casi 1 hra sin poder avanzar		]]></document>
	<document><![CDATA[: Para quienes circulan sobre carr a Toluca hay neblina intensa ,3 accidentes reportados ,favor de extremar precauciones” @username		]]></document>
	<document><![CDATA[“@username: Chin...dejé las llaves dentro de la casa...¿Me quedé encerrado afuera?”// así te paso el domingo??? @username		]]></document>
	<document><![CDATA[Para tus vacaciones, en vez d tirar el dinero a la basura @username  http://t.co/VjLBovOY		]]></document>
	<document><![CDATA[Ademas de estar sin teléfono en todo al día... Ahora atrapada n l trafico		]]></document>
	<document><![CDATA[Algún día de estos el trafico me permitirá entrar a Polanco????		]]></document>
	<document><![CDATA[“@username: Mañana presento mi libro Los Presidenciables FIL (4Aquíhttp://t.co/bpCvUPkh” @username  Tu q t vas a la FIL		]]></document>
	<document><![CDATA[“@username: ya pronto a celebrar en cd capital, cuidation friend! X”// Siiiiiiiiiii? a preparar el higadooo ????? @username @username		]]></document>
	<document><![CDATA[“@username:“@username: ya pronto friend! X”// Siiiiiiiiiii? a preparar el higadooo ????? @username” ya no tomamos... Aguaaaa ????????????		]]></document>
	<document><![CDATA[“@username: Acabo de encontrar una #JoyaCulinaria el Nicksan de Puerto vallarta, comida Japonesa de 1er nivel.!!” y de precio, que tal??		]]></document>
	<document><![CDATA[“@username: RT @username: "No inviertas en gel, invierte en un libro" (Próxima publicidad de @username ) @username #PeñaNieto”		]]></document>
	<document><![CDATA[“@username: Dicen que ahora @username va a cambiar su copete por peinado de libro abierto para mejorar su imagen. #LibreriaPeñaNieto” /// jajaja		]]></document>
	<document><![CDATA[Este también esta muy bueno: libro de Krauze $250, tarro de gel $30, que tu hija te  arruine la campaña en 140 caracteres... No tiene precio		]]></document>
	<document><![CDATA[“@username: Choque en C de la U pasando Zapata a la altura d Sn Antonio Tomatlan. Pa q veas q si existe s Antonio  tomatlan @username		]]></document>
	<document><![CDATA[@username @username no friend! Solo te estoy comprobando q si existe Sn Antonio tomatlan! Jajajaja		]]></document>
	<document><![CDATA[“@username: @username dicen que #Moreira utilizo a interacciones para lavar dinero ... Q raro?” ... N tetscoco no pasa eso,, jajajaja		]]></document>
	<document><![CDATA[“@username: @username @username Allí usan banco azteca :P” tu No nos hables gacho cortado !!!! ??????????” ?????? fuertes declaraciones		]]></document>
	<document><![CDATA[@username  estoy en merotoro, me encanto!!! Tu q opinas???		]]></document>
	<document><![CDATA[@username  totalmente de acuerdo! Fue una experiencia d sabores única!  También fui a moritomo y no me gusto,
Muy caro y demasiado wasab		]]></document>
	<document><![CDATA[@username @username @username @username // yo nomas x no romper el empaque me aguanto las ganas, jajajaja?		]]></document>
	<document><![CDATA[Y q se me olvida q mañana trabajo ????		]]></document>
	<document><![CDATA[“@username: No se que pensar, pero es raro. Cuatro presidentes de la region con cancer. Ahora Cristina con cancer de tiroides. // Ufffff		]]></document>
	<document><![CDATA[“@username: como olvidar nuestra celebracion en italia! //  Hace 10 anios tuuuuu, 10 anios. Y ya teníamos como 10 de conocernos, jajaja		]]></document>
	<document><![CDATA[gracias @username, sabes q yo si voy! No + q baje 1 poco l boleto tuuu, q esta re caro y si @username @username #Englandrocks		]]></document>
	<document><![CDATA[alucinantes_mensajes_pecaminosos_ocultos_en_la_mona_lisa http://t.co/SDTfd41E // @username tu que todo lo sabes, q opinas?		]]></document>
	<document><![CDATA[alucinantes_mensajes_pecaminosos_ocultos_en_la_mona_lisa http://t.co/SDTfd41E // q opinas tu q lo sabes todo @username		]]></document>
	<document><![CDATA[“@username: Alguien sabe si es pecado comer ensalada antes que termine el maraton#EsPregunta” // no, yo acabo d cenar eso y me encanto!		]]></document>
	<document><![CDATA[Hasta siempre my #teenagedream @username		]]></document>
	<document><![CDATA[“@username: Analizan en #Perú pedir visa a mexicanos http://t.co/h4q49RrE” @username // no importa, no creo regresar #cuchitril		]]></document>
	<document><![CDATA[En la vida hay que ser solución, no problema.		]]></document>
	<document><![CDATA[“@username: Año nuevo, empleo nuevo. Conoce los siguientes consejos http://t.co/NJpxIO44” @username fyi		]]></document>
	<document><![CDATA[“@username: “@username: Dama que bebe cerveza, jamás su clase social endereza.” FYC @username  jajaja”// yo tomo whisky!! Ok?		]]></document>
	<document><![CDATA[Llego mi regalo de reyes, Gracias @username !!!		]]></document>
	<document><![CDATA[“@username: Es mejor retirarse y dejar un bonito recuerdo, que insistir y convertirse en una verdadera molestia.”		]]></document>
	<document><![CDATA[El iPhone es el teléfono más avanzado del mundo http://t.co/IRhT1VU1		]]></document>
	<document><![CDATA[“@username: Miguel Sacal Smeke es el típico caso de #mierdahumana que hay en México.  http://t.co/KSxyDKYE // que tristeza!!!		]]></document>
	<document><![CDATA[“@username: 6.- Eres como los taquitos de La Narvarte... pura cochinada y me encanta!!!” son como los q t gustan @username ???		]]></document>
	<document><![CDATA[@username Ay friend si tienes sentimientos!!  te extraño		]]></document>
	<document><![CDATA[“@username: Un viaje nunca se olvida por la compañía. ¿Con quién y a dónde ha sido ese viaje especial?” Amsterdam con @username		]]></document>
	<document><![CDATA[@username @username @username @username Por que no???Que oipinan??		]]></document>
	<document><![CDATA[@username NADA sabe igual sin ti tuuuu!! Saludos a esa gente bonita de Cambridge.		]]></document>
	<document><![CDATA[@username deja su casa... Su cava!! Pus en eso estamos. Pronto te caemos ayer nos estábamos acordando de ti.		]]></document>
	<document><![CDATA[“@username: "Ex esposa de Arturo Montiel amenaza con revelar corrupción en Edomex" http://t.co/5OeD4OOH @username @username		]]></document>
	<document><![CDATA[“@username: El primer destino que llega a mi mente con la palabra aventura es:” Chiapas http://t.co/zbxFuQ52		]]></document>
	<document><![CDATA[“@username: Bastante simplón llamar a Mancera policía; al igual que decir que Barrales es una azafata ///  Pues si es #azafata		]]></document>
	<document><![CDATA[@username yo también, quiero ir a la limantour y nadie me quiere acompañar		]]></document>
	<document><![CDATA[“@username:  Aquí la entrevista con Peña Nieto en @username http://t.co/G1HsMk0n” @username @username @username //  muy buena		]]></document>
	<document><![CDATA[Como no quererlos @username http://t.co/Ij7zbTDJ		]]></document>
	<document><![CDATA[Enganchadisima con #revenge  x #sony! Hasta el próximo martes #cantwait		]]></document>
	<document><![CDATA[@username @username  Sixto flags? Y cuando a que hora?.		]]></document>
	<document><![CDATA[@username  ok lo reviso mañana, bueno adiós!!		]]></document>
	<document><![CDATA[“@username: El destino con el que siempre he soñado es: Egipto!!		]]></document>
	<document><![CDATA[No se que me fastidia mas; la lentitud de la compu del trabajo o la lentitud de la red 3G de #Telcel		]]></document>
	<document><![CDATA[@username @username @username jajajaja, yo le recuerdo friend, si ya te la prometio... Ahora t la trae		]]></document>
	<document><![CDATA[“@username: El talento: ¿se nace con él o se forma ? #opinacnnexp afortunadamente si se nace sin el, se puede tener con  los años		]]></document>
	<document><![CDATA[@username para nada, es la forma mas absurda de protestar, en lugar de solidarizarnos o querer conocer su causa, logran todo el odio.		]]></document>
	<document><![CDATA[“@username: Houston, una ciudad que debes visitar! // I ? Houston!		]]></document>
	<document><![CDATA[Se nota q les hace falta el internet @username @username @username cc @username http://t.co/LUzDkQ4N		]]></document>
	<document><![CDATA[“@username: @username @username @username @username increible que en el 1er mundo no haya free wifi // ni en cd capital pasa!!		]]></document>
	<document><![CDATA[Yo estoy contigo @username		]]></document>
	<document><![CDATA[#FelicidadesJosefina!! Ni modo @username, ya viste ganar a los spurs  en Sn Antonio... Mañana de shopping		]]></document>
	<document><![CDATA[@username @username @username @username @username no importa  Tx te I love yuuu!		]]></document>
	<document><![CDATA[@username  yo lo vi!!!		]]></document>
	<document><![CDATA[“@username: @username fuiste testigo en un hecho estadístico histórico para los SPURS!!! Jajaja” // uyyyy q privilegio!!		]]></document>
	<document><![CDATA[Por que mi #iPhone lee todo lo que escribo??? Como le quito esa función!!!		]]></document>
	<document><![CDATA[“@username: #LaVozdelaCiudad .- Si hoy fueran las elecciones usted ¿Por quién votaría?
por  @username  #Cuentameloo”		]]></document>
	<document><![CDATA[“@username: MUNDO MAYA: Calakmul es una zona arqueológica maya localizada en el estado de Campeche@username” // yo voto q si!!		]]></document>
	<document><![CDATA[Si presentan el #iPad 3 en marzo, pero no hay fecha de venta @username 
http://t.co/EJTgGkrz		]]></document>
	<document><![CDATA[“@username: Quien dijo yo para la siguiente #CataDelComensal // yoooo pero q no sea hasta Sta. Fe! #please		]]></document>
	<document><![CDATA[“@username: Paquita la del Barrio es como una versión mexicana de Adele, nada más que menos refinada, menos inglesa y menos sutil.”		]]></document>
	<document><![CDATA[@username jajajajajaja, cuando lo vayas a aplicar, me llamas. Muero por verlo		]]></document>
	<document><![CDATA[@username  yo si! Cuando?		]]></document>
	<document><![CDATA[@username @username  Paulina y los tigres del norte		]]></document>
	<document><![CDATA[4 u @username  tq friend! Alejandra Guzmán y Moderatto_"Día de suerte" en vivo Es de noche y ya llegué http://t.co/4uAxN8jp via @username		]]></document>
	<document><![CDATA[¿Incienso marihuana del siglo XVII? En la obra Las Meninas Teatro http://t.co/ncGkpXwJ” Muy recomendable!!!!		]]></document>
	<document><![CDATA[@username @username primos de que? Manda la info completa		]]></document>
	<document><![CDATA[#DatosInútiles Hugo Boss colaboro en el diseño de los uniformes nazis y de las SS		]]></document>
</author>