<?xml version="1.0" encoding="UTF-8" standalone="no"?><author id="user114">
	<document><![CDATA[Pero bueno, con mi Xiaomi Redmi 1S estoy bastante contento y no me arrepiento tampoco de habermelo pillado.		]]></document>
	<document><![CDATA[@username Lo sé, pero me pillé móvil nuevo en agosto... y por aquel entonces no había salido el nuevo Moto G.		]]></document>
	<document><![CDATA[Sigo diciendo que es una buena compra y una buena elección cogerme el Redmi 1S. Es muy bueno.		]]></document>
	<document><![CDATA[@username Mamerta y Rigoberta xDDDDDD		]]></document>
	<document><![CDATA[@username ¿CM12 para Redmi 1S? He leído que ya han sacado una para el OnePlus One... pero para Nexus 5 no he visto nada :/		]]></document>
	<document><![CDATA[@username De todas formas tendré que estar pendiente de las actualizaciones que sacan en las próximas semanas a ver si hay CM12.		]]></document>
	<document><![CDATA[@username Jajajajja desde que escuché por primera vez Self vs Self de Pendulum con In Flames fue como... creo que debería escucharlos.		]]></document>
	<document><![CDATA[@username Y desde ese día hasta ayer no los había escuchado apenas. Y les di una escucha y me encanta su música :D		]]></document>
	<document><![CDATA[He traído algo de comida por si hoy veo a @username y @username en el bus. Que luego me piden comida porque vienen con hambre xD		]]></document>
	<document><![CDATA[Quiero que llegue ya la flip cover que me pillé para el móvil, que quiero meter el abono en el bolsillito interno y parecer un pro ticando.		]]></document>
	<document><![CDATA[Me pregunto si OpenVPN me funcionará cuando se me acaben los 100MB mensuales que me da Jazztel.		]]></document>
	<document><![CDATA[Supongo que sí, porque si me quedo sin datos, podré seguir disfrutando de internet sin pagar más, pero con una velocidad muchísimo menor.		]]></document>
	<document><![CDATA[En plan, lo que quiero saber es si con eso podré tener una conexión un poco más rápida, en caso de que funcione.		]]></document>
	<document><![CDATA[Yo me socializo con la gente. Otra cosa es que ellos lo quieran hacer conmigo.		]]></document>
	<document><![CDATA[Por lo general, acabo descubriendo que a la gente no le caigo tan bien como yo me esperaba.		]]></document>
	<document><![CDATA[Pero bueno, eso ya no me preocupa demasiado. Antes era de deprimirme por estas cosas, ahora como que meh.		]]></document>
	<document><![CDATA[Cuando alguien se tira un pedo en clase. http://t.co/GRIGIG3x50		]]></document>
	<document><![CDATA[Los Alonsitos de Plata.		]]></document>
	<document><![CDATA[Plorant molt fort cuando veo esto: http://t.co/YgFoUQ73qr		]]></document>
	<document><![CDATA[Y digo yo, ¿cada año los que entran en 1° ESO son más pequeños o es que hacen mochilas cada vez más grandes?		]]></document>
	<document><![CDATA[@username se me ha olvidado recordarte que me tienes que dar la calculadora xD		]]></document>
	<document><![CDATA[Llamadme lo que queráis, pero no puedo ver Adán y Eva xDDDDD		]]></document>
	<document><![CDATA[Descargando 1300 canciones a mi móvil desde Spotify. Discografías de algunos grupos y canciones sueltas de otros.		]]></document>
	<document><![CDATA[@username Yo le dejo que vaya a su ritmo... es que meter música al móvil y editar los metadatos es un coñazooooooooooooo		]]></document>
	<document><![CDATA[Mientras tanto enseño a dividir a mi hermana.		]]></document>
	<document><![CDATA[Nunca pensé que diría esto, pero... debería meterme a profesor de matemáticas. Al menos para primaria xD		]]></document>
	<document><![CDATA[Luego ya en la ESO... uf.		]]></document>
	<document><![CDATA[Probabilidad, estadística y geometría. Mis pesadillas de las matemáticas.		]]></document>
	<document><![CDATA[@username Debo escucharlos más a menudo. De todas formas me estoy descargando la discografía entera. ¿Hablas de Siren Charms?		]]></document>
	<document><![CDATA[¿Por qué sigo con la manía de que cada vez que mencionan a @username pienso que me están mencion...ah, vale.		]]></document>
	<document><![CDATA[Ahora soy un Xiaomi fan según Xiaomi Chile.		]]></document>
	<document><![CDATA[@username Es que me acaban de añadir a una lista llamada xiaomi-fans xD		]]></document>
	<document><![CDATA[Lo normal, te compras una varita de juguete y acabas viendo esto: http://t.co/62QDKceL00		]]></document>
	<document><![CDATA[Ahora no voy a soportar estar a oscuras. Tengo

miedo.		]]></document>
	<document><![CDATA[@username Lo mismo no entendido la letra... pero, ¿qué cojones tiene que ver el "only getting younger" con el dentista?		]]></document>
	<document><![CDATA[@username Lo escucharé más detenidamente. Ayer lo puse en plan aleatorio y mola mucho.		]]></document>
	<document><![CDATA[@username No lo entiendo. Yo pensé que en realidad no iba a estar mal desde el principio, pero ha ido empeorando a lo largo de la canción.		]]></document>
	<document><![CDATA[¿QUIÉN ME REGALA UNA PARA MI PRÓXIMO CUMPLE? "Lo que cabe dentro de esta diminuta casa parece imposible... http://t.co/fRyyMq7AYO"		]]></document>
	<document><![CDATA[Y por esto amo KitKat, aparte de otras cosas. http://t.co/yAiqxHPa0W		]]></document>
	<document><![CDATA[@username ¿Ya tienes Lollipop?		]]></document>
	<document><![CDATA[Dicen que por 1€ podrías ser premium en Spotify por 3 meses. Me pillo la suscripción. Me cobran 9,99€ por un mes.

WAT.		]]></document>
	<document><![CDATA[@username LOL… no es por nada, pero me fío más de Spotify xD		]]></document>
	<document><![CDATA[Sigo enfadado con vosotros por no haber puesto, al menos, una fecha en España @username @username.		]]></document>
	<document><![CDATA[Y con vosotros también por tocar con @username en EEUU @username @username.		]]></document>
	<document><![CDATA[Casi me da un infarto. Por un momento la discografía de Of Mice & Men no me ha salido en Spotify y pensé que lo habían retirado también.		]]></document>
	<document><![CDATA[Esto es un cachondeo ya... http://t.co/xBE8DiOTPR		]]></document>
	<document><![CDATA[@username ¿Eh? ¿8 veces la misma canción?		]]></document>
	<document><![CDATA[@username Ay, pensé que había metido una canción...		]]></document>
	<document><![CDATA[@username Si, es que estoy metiendo música para luego pasarlo a otra lista de golpe. Cuando acabe voy eliminando canciones.		]]></document>
	<document><![CDATA[@username Ya está, ¿qué te parece ahora?		]]></document>
	<document><![CDATA[@username Pero lo gracioso es que te hacen unfollow al poco tiempo... es como, sólo te siguen por el followback y xDDDDD		]]></document>
	<document><![CDATA[Me voy a dormir ya. Buenas noches.		]]></document>
	<document><![CDATA[Espero que tengáis hoy un buen viaje y pasadlo muy bien en Viena viendo a Linkin Park. Disfrutadlo a tope @username @username :')		]]></document>
	<document><![CDATA[Ojalá yo en Viena viendo a Linkin Park :'(		]]></document>
	<document><![CDATA[Ya está bien de que me sigan cuentas inútiles...		]]></document>
	<document><![CDATA[No entiendo por qué la clase no está abierta. Así que nada, tiempo libre hasta las 10.30.		]]></document>
	<document><![CDATA[Y como nadie me responde por WhatsApp, pues hala...		]]></document>
	<document><![CDATA[De "desayuno" en el McDonalds. Como nadie me dice si ahora tengo clase o no... pues dos horitas libres… http://t.co/tEd6ducK3l		]]></document>
	<document><![CDATA[Genial. Toda la mañana escuchando música y no me aparece todo lo que he escuchado en Last.fm xD		]]></document>
	<document><![CDATA[Lol, me queda un 50% de batería. Necesito que me llegue ya el Mi Powerbank ;___;		]]></document>
	<document><![CDATA[En mitad de clase me ha entrado de repente calor y he empezado a moquear. Definitivamente, me estoy resfriando.		]]></document>
	<document><![CDATA[Y hace un rato no estaba así.		]]></document>
	<document><![CDATA[Y esto es lo que te encuentras en el metro de Moncloa. @username Moncloa, Madrid http://t.co/ePrLHA8YCl		]]></document>
	<document><![CDATA[@username Me los veré. Es más, me estoy viendo el primero ^^		]]></document>
	<document><![CDATA[@username Mejor que el del año pasado es, y con diferencia. Pero lo del tio llorando cuando recibe el sobre con el décimo premiado +		]]></document>
	<document><![CDATA[@username + está siendo un exitazo como meme.		]]></document>
	<document><![CDATA[@username Hola siento mucho esto me duele mas a mi que a ustedes les informo que aqui este servidos poseee una cuenta de twitter con cerda		]]></document>
	<document><![CDATA["Desconocido dice en Ask” xD		]]></document>
	<document><![CDATA[@username A mí se me va a tatuar en la cara la palabra “DEPRESIÓN” con mayúsculas y todo porque yo también quiero y lloro fuerte.		]]></document>
	<document><![CDATA[Acabo de leer un comentario de un tío pidiendo CYANOGENMOD 12 PARA iPHONE 6.

JAJAJAJAJAJAJAJAJAJAJAJAJAJAJAJAJAJAJAJAJAJAJAJAJAJAJAJAJAJAJA		]]></document>
	<document><![CDATA[Espero que esté trolleando porque me estoy meando to hard.		]]></document>
	<document><![CDATA[Ha sido cambiar las SIM de lugar y he pasado de ser Tuenti a TELEFÓNICA MÓVILES ESPAÑA.		]]></document>
	<document><![CDATA[¿Dónde has comprado toda la farlopa? Yo quiero un poco… @username		]]></document>
	<document><![CDATA[Yo soy partidario de Satán. @username		]]></document>
	<document><![CDATA[Y tú creaste la estupidez :-) @username		]]></document>
	<document><![CDATA[Algún día me voy a aislar completamente de la gente y ya verás tú qué gracia.		]]></document>
	<document><![CDATA[– Buenas, ¿cómo te llamas?
– Ricardo, ¿y tú?
– ?????????
– wat		]]></document>
	<document><![CDATA[@username O un fan de Apple llamándote traidor por tener un Nexus independientemente de que tengas un iPad y Mac xD		]]></document>
	<document><![CDATA[@username?????????, así sería @usernamepolicia en griego xd		]]></document>
	<document><![CDATA[@username Pues los que tengan tablet Nexus, algunos Motorola y aquellos que hayan actualizado manualmente con la ROM de Lollipop.		]]></document>
	<document><![CDATA[@username Ah, yo no... yo tengo que esperar un tiempo xD		]]></document>
	<document><![CDATA[@username A mí no me lo cambia y eso que tengo KitKat que supuestamente lo debería hacer (?)		]]></document>
	<document><![CDATA[@username no sé si has estado todavía en el metro de Moncloa, pero si pasas por allí alguna vez seguro que te va a encantar.		]]></document>
	<document><![CDATA[¿Qué nivel de madrileño me ponéis cuando os diga que me he estado leyendo un artículo sobre la historia del Metro de Madrid?		]]></document>
	<document><![CDATA[Eso ha sonado a "eres menos madrileño que yo por no leerte la historia del Metro de Madrid" xDDDDDDD		]]></document>
	<document><![CDATA[@username esta en albacete		]]></document>
	<document><![CDATA[¿Sabéis que son las ocho de la mañana y me tenía que haber levantado a las seis? Puta alarma que no me ha sonado.		]]></document>
	<document><![CDATA[Puedo jurar ante notario que tengo la garganta molesta, ergo, estoy resfriado.		]]></document>
	<document><![CDATA[@username Este martes te vi a lo lejos salir de la FP con tus colegas (venía del médico) xD		]]></document>
	<document><![CDATA[@username Ese día nada, fui a recoger unas pruebas del hospital, por aquello de los dolores abdominales que tuve. Pero estoy bien.		]]></document>
	<document><![CDATA[Venga, ya es hora de levantarse y prepararse que ya he perdido bastante tiempo por hoy.		]]></document>
	<document><![CDATA[No pienses en Smite. NO. PIENSES. EN. SMITE. http://t.co/G4q7K6NR2p		]]></document>
	<document><![CDATA[Ya me ha llegado la flip cover *-*		]]></document>
	<document><![CDATA[Ya sólo me quedan los Piston II y la Mi Powerbank y podré dormir tranquilo.		]]></document>
	<document><![CDATA[@username Si usas Chrome, debe ser porque todo se sincroniza en la nube, entonces, estés donde estés, con tu correo de Google tendrás todo +		]]></document>
	<document><![CDATA[@username + guardado (historial, contraseñas, etc…), y lo podrás ver desde cualquier dispositivo.		]]></document>
	<document><![CDATA[Soñar con que algún día ganaré algún sorteo de algún móvil (no sé, Moto G, Moto X, Moto 360...) #guiñoguiño @username		]]></document>
	<document><![CDATA[Mi historia. "@username: Un estudio revela que un uso prolongado del móvil triplica riesgo de tumor cerebral. http://t.co/4pFFdyL0se"		]]></document>
	<document><![CDATA[Mi hermana gritando "AY, GREGORIA" por toda la casa.

Cada vez odio más la serie.		]]></document>
	<document><![CDATA[Alissa White-Gluz es tan preciosa que a veces me cuesta asimilar que hace guturales.		]]></document>
</author>