<?xml version="1.0" encoding="UTF-8" standalone="no"?><author id="user158">
	<document><![CDATA[@username @username @username @username para demostrar vuestro aprecio por mi debéis regalarme la colección completa.		]]></document>
	<document><![CDATA[@username @username @username @username para vuestra información mi santo es el 15 de noviembre, no hace falta esperar a Navidad		]]></document>
	<document><![CDATA[¿Estáis teniendo problemas hoy con whatsapp?		]]></document>
	<document><![CDATA[@username @username @username @username gracias por contestar. Por hoy habrá que volver a los sms		]]></document>
	<document><![CDATA[@username no lo se, pero yo estoy con el "relojcico" desde esta mañana		]]></document>
	<document><![CDATA[Buenísima comparación entre comunidades autónomas http://t.co/CF8gpXvQ Han creado más diferencias que igualdades entre españoles		]]></document>
	<document><![CDATA[@username lo dice Tomás Gómez, y ya sabes que no desarrolla mucho, mejor ni tenerlo en cuenta		]]></document>
	<document><![CDATA[Nacionalistas catalanes que 1 malgastan dinero 2 piden dinero al resto de España 3 no paran de llorar porque quieren más dinero #haztefan		]]></document>
	<document><![CDATA[A los nacionalistas catalanes hay que recordarles que su último Estatuto (inconstitucional) no lo votó ni el 40%		]]></document>
	<document><![CDATA[El consejero de economía de Cataluña se manifiesta por la independencia al mismo tiempo que pide que el resto de España que pague su fiesta		]]></document>
	<document><![CDATA[@username aunque el sábado ya te felicité, hoy unas felicidades tuiteras. Pásalo bien!		]]></document>
	<document><![CDATA[@username y de nuestro Jaén, de nuestra capital, ¿se sabe algo?		]]></document>
	<document><![CDATA[.@username inicia l privatización de TeleMadrid, y destina el dinero de sindicatos y patronal a rebajar cotizaciones. Aprende Mariano		]]></document>
	<document><![CDATA[Al diputad @username de ERC le pido que repita: RES-CA-TE. Venga hombre, que no es difícil, repita: RES-CA-TE, RES-CA-TE.		]]></document>
	<document><![CDATA[Lo del etarra Bolinaga simplemente es repugnante		]]></document>
	<document><![CDATA[@username acatar se acata, pero se podía haber evitado. Se ha provocado que decidan los jueces, cuando se podía haber evitado		]]></document>
	<document><![CDATA[La FED inicia un plan para "regalar" dinero. Así empezó todo		]]></document>
	<document><![CDATA[@username no hombre. División de poderes. A la AN ha llegado por el recurso de la fiscalía contra la decisión de Inst. Penitenciarias...		]]></document>
	<document><![CDATA[@username e Inst. Penitenciarias depende del gobierno. Por eso digo que se podía haber evitado. La fiscalía y ls jueces han aplicado la ley		]]></document>
	<document><![CDATA[@username y yo estoy con la tesis de la fiscalía		]]></document>
	<document><![CDATA[Niños, cuando programéis o diseñéis software pensad siempre en el que lo continuará o lo mantendrá, él os lo agradecerá		]]></document>
	<document><![CDATA[@username @username el código ajeno nunca llega al grado de perfección del código propio. Y si hablamos de diseño eso ya es imposible		]]></document>
	<document><![CDATA[Muy buena la decisión del gobierno de endurecer las penas. Totalmente de acuerdo con la prisión permanente		]]></document>
	<document><![CDATA[@username de movilizaciones no he leído nada, mañana buscaré más		]]></document>
	<document><![CDATA[La película más actual sobre política española ahora en Interecomomia: Las Autonosuyas. Del año 1983 pero de total actualidad		]]></document>
	<document><![CDATA[Frase: Autonomía viene de auto, por lo que tenemos que tener coches oficiales. Buenísima		]]></document>
	<document><![CDATA[.@username cambia d casa, ahora n @username los martes a las 20:30. Siempre que me acuerde intentaré escuchar a mi amigo @username		]]></document>
	<document><![CDATA[Terminado el peliculón Las Autonosuyas a trabajar un poquito. Película de humor que en 1983 denunciaba el monstruo que se creaba		]]></document>
	<document><![CDATA[@username la siguiente noche que salga vuelvo. Hoy no puedo porque estoy de niñero, pero tengo que volver		]]></document>
	<document><![CDATA[Google presenta una plataforma de código abierto para el desarrollo de cursos on-line http://t.co/Zr5VCQyf		]]></document>
	<document><![CDATA[Gracias @username @username por los retweets		]]></document>
	<document><![CDATA[Que los momentos épicos de la tauromaquia tengan lugar ahora en Francia y no en España es una auténtica pena.		]]></document>
	<document><![CDATA[@username Jaén te espera con los brazos abiertos		]]></document>
	<document><![CDATA[Dimite lo mejor del PP. Una pena, se va lo mejor ideológicamente de un partido, al que sus dirigentes quieren dejarlo sin ideología		]]></document>
	<document><![CDATA[@username ánimo en su nueva etapa. Su legado será que muchos jóvenes seguiremos defendiendo sin complejos a España y la Libertad.		]]></document>
	<document><![CDATA[.@username habrá dimitido pero muchos seguiremos defendiendo sin complejos los valores que ella defendió: ESPAÑA y LIBERTAD		]]></document>
	<document><![CDATA[Ya le gustaría a muchos dirigentes del PP defender los principios y valores del PP como @username en 2008 http://t.co/g7PQOPlh		]]></document>
	<document><![CDATA[@username se ha ido la más grande, se ha ido la "Lideresa", no queda nadie en el PP como ella, una pena.		]]></document>
	<document><![CDATA[@username enhorabuena tiaco, a por el siguiente examen. Antes de que te vayas a NY deben caer unas cañas :)		]]></document>
	<document><![CDATA[Dejamos el politiqueo, a cenar y a estudiar Python		]]></document>
	<document><![CDATA[@username todavía coqueteando. No tngo mucho tiempo para la técnica. La teoría m absorbe mucho. Pero es necesario para aplicar la teoría		]]></document>
	<document><![CDATA[@username @username la idea es que es necesario conocimientos técnicos para una buena y eficiente aplicación de la teoría		]]></document>
	<document><![CDATA[@username @username yo si la echaré. Su grandeza es que levanta pasiones en contra y a favor. Ningún político actual consigue eso		]]></document>
	<document><![CDATA[@username @username of course. Cacharreando estoy. La teoría me refiero al trabajo, no al manual de python		]]></document>
	<document><![CDATA[@username @username yo después de lo básico me tirare a estudiar la librería NTLK para PLN. DJango se lo dejo para @username		]]></document>
	<document><![CDATA[@username seño da miedo		]]></document>
	<document><![CDATA[@username no te preocupes, luego todo es más fácil de lo que uno se cree. Tranquila		]]></document>
	<document><![CDATA[@username de nada Juan, me alegro de que te haya gustado		]]></document>
	<document><![CDATA[@username muchas gracias Gema. Me he dado cuenta que has estrenado foto, ya era hora  :-)		]]></document>
	<document><![CDATA[La visti, esta tarde el @username  no para de superarse, entre el quebrantahuesos y el pitbull, yo hoy no duerno		]]></document>
	<document><![CDATA[@username @username  :-) eso es lo siguiente		]]></document>
	<document><![CDATA[@username ¿Cuándo se conocerán los carteles?		]]></document>
	<document><![CDATA[@username le ha faltado ir acompañada de nene. La visti nene		]]></document>
	<document><![CDATA[@username de nada hombre. Disfruta de NY, y cuidado con las niñas americanas  :-)		]]></document>
	<document><![CDATA[Buen artículo de Antonio Robles. Artur Más Un vulgar golpista http://t.co/bNY1agBr		]]></document>
	<document><![CDATA[Si el presidente de la patronal a nivel nacional pide 1 trato de favor para una determinada región, puede ser q lo nacional le venga grande		]]></document>
	<document><![CDATA[Cataluña recibe 4 veces más dinero que Madrid del reparto autonómico http://t.co/Uryz9QfQ Y los nacionalistas catalanes siguen llorando		]]></document>
	<document><![CDATA[¿Por qué los investigadores americanos la mayoría de sus publicaciones son en congresos y aquí vivimos en la obsesión del JCR?		]]></document>
	<document><![CDATA[Esos investigadores americanos luego son conocidos en la comunidad porque presentan herramientas, y aquí mientras pensando en cuartiles		]]></document>
	<document><![CDATA[Muy buen artículo de Mario Vargas LLosa sobre @username "Esa Juana de Arco Liberal" http://t.co/IP5GMxhV Se ha ido 1 verdadera líder		]]></document>
	<document><![CDATA[Jesús Cacho lo explica muy bien, o se cumple el objetivo de déficit o que se cumpla, en caso contrario... http://t.co/GIFzNHBi		]]></document>
	<document><![CDATA[@username creo que esta versión la supera http://t.co/peOlOweM Lo va petar en la #feriaJaen2012		]]></document>
	<document><![CDATA[Muy buena la carta de @username: "Esperanza volverá a estar pronto en situación de disponible"		]]></document>
	<document><![CDATA[Google para emprendedores http://t.co/UVoKpoHl 27 de Septiembre en #Madrid		]]></document>
	<document><![CDATA[Lo de Mi Maleni en la #comisionERES es de juzgado de guardia. A la tía se le olvidan 12.000€ y dice ¿pero qué pasa?		]]></document>
	<document><![CDATA[Cuando Cebrian y Rubalcaba piden un estado federal, en ¿qué leche piensan?, ¿qué son entonces los 17 reinos de taifas?		]]></document>
	<document><![CDATA[La propuesta Cebrian-Rubalcaba por un estado federal demuestra el vacío ideológico de un PSOE en caída libre. Por mi, que sigan hundiéndose		]]></document>
	<document><![CDATA[A mimir, que la semana viene cargada		]]></document>
	<document><![CDATA[Últimamente hay un juergón en los autobuses de #Jaén. Unos temazos de fondo que ni Lacha		]]></document>
	<document><![CDATA[@username si estás utilizando Word aprovecha la opción de gestión de bibliografía.		]]></document>
	<document><![CDATA[@username Lo mejor es hacerlo con LaTEX, pero bueno, eso es más para frikis		]]></document>
	<document><![CDATA[@username @username a veces simplemente por las referencias ya merece. Pero a mi Regi no la voy a hacer aprender LaTEX		]]></document>
	<document><![CDATA[@username que la Junta no paga, no?		]]></document>
	<document><![CDATA[No se como he podido vivir sin conocer el comando "uniq" en Linux #felicidad #momentosfrikis		]]></document>
	<document><![CDATA[@username cuidado, que te vas a quebrar		]]></document>
	<document><![CDATA[.@username muestra imágenes en directo de manifestantes pegando patadas a policías y los califica de pacíficos. Vergonzoso Telecinco		]]></document>
	<document><![CDATA[Sigo trabajando y estudiando que es más provechoso		]]></document>
	<document><![CDATA[Pero el notición es que #Andalucía pide rescate por 5.000 millones de Euros, y mientras Griñán y Chaves diciendo que no saben nada de ERES		]]></document>
	<document><![CDATA[Es curioso pero nadie ha reparado en que Chaves y Griñán han dicho que del expolio de 1000 millones de € se han enterado por la prensa		]]></document>
	<document><![CDATA[Un ex y un presidente reconocen que no se enteran que de su presupuesto se pierden 1000 mill. y el personal ni cuenta		]]></document>
	<document><![CDATA[@username si fuera solo eso. El mollar en Andalucía está en la administración paralela, y lo peor es que es intocable		]]></document>
	<document><![CDATA[El himno del 90 aniversario del @username es un bluf, no parece de #Jaén.		]]></document>
	<document><![CDATA[@username no solo es la J, es todo. Este himno l escuchas fuera de Jaén, y no te da morriña, mientras q con el original el bello de punta		]]></document>
	<document><![CDATA[BBVA, WSJ y el Sentiment Analysis #nlproc #sentimentanalysis https://t.co/CBw7OLjp		]]></document>
	<document><![CDATA[@username he escuchado que en los Villares hay pre-feria. Solo te digo, ten cuidado		]]></document>
	<document><![CDATA[Inmersión lingüística en python #momentosfrikis		]]></document>
	<document><![CDATA[@username esta tarde te lo mando		]]></document>
	<document><![CDATA[Y con las lluvias, volvieron los cortes de luz a la @username y los cortes de internet		]]></document>
	<document><![CDATA[Cuando llueve en #Jaén la @username se queda hasta sin página web		]]></document>
	<document><![CDATA[@username cuando caen cuatro gotas se va la luz en la @username y todo a tomar viento, ni correos ni nada. Deja de estudiar y date 1 vuelta		]]></document>
	<document><![CDATA[La @username sigue caida = fin de semana sin correos = fin de semana de estudio		]]></document>
	<document><![CDATA[#Chrome sirve hasta para utilizarlo como detector de la lengua de un texto http://t.co/nTRAE0pR #ProcLN		]]></document>
	<document><![CDATA[Internet, la informática, han revolucionado el mercado de la música, cine, prensa... ¿le toca ahora a la universidad? http://t.co/fMlnCwzV		]]></document>
	<document><![CDATA[De los 60 millones que la Junta de #Andalucía adeuda a la @username solo le va a pagar 1,5 millones http://t.co/DcyQB71H		]]></document>
	<document><![CDATA[@username ni por asomo está preparada. Caen cuatro gotas y adiós		]]></document>
	<document><![CDATA[La @username ha vuelto, pero la lluvia también, ¿cuánto durará?		]]></document>
	<document><![CDATA[@username falta de educación. La democracia no está reñida con el respeto		]]></document>
	<document><![CDATA[@username yo no uso el usted para insultar, sino como muestra de respeto al dirigirme a una persona que no conozco /cc @username		]]></document>
	<document><![CDATA[Más interesante que la reutilización de código, es la reutilización de escritos y presentaciones. Biblioteca GeniDocs :)		]]></document>
	<document><![CDATA[@username @username @username @username Pedro lo siento, en esto no te puedo echar una mano		]]></document>
</author>