<?xml version="1.0" encoding="UTF-8" standalone="no"?><author id="user528">
	<document><![CDATA[@username Yo llevo en Grazalema desde las 13:00!! No quiero un politico ni regalao!		]]></document>
	<document><![CDATA[@username Eres un bético encubierto... tu sigue así...		]]></document>
	<document><![CDATA[Nunca mezcleis salsa ali oli y queso fresco para coner. Y nunca remateis la faena con sal de fruta...		]]></document>
	<document><![CDATA[Con #Jarillo #Medineichons #Castrock y @username de cerveceo		]]></document>
	<document><![CDATA[Horas totales dormidas el fin de semana: 14 / Horas totales pasadas en el @username sin contar el dia de hoy: 10. Yo creo que igualo...		]]></document>
	<document><![CDATA[@username gracias Angel. Cuando vuelvas tendras tu sitio calentito y todo!		]]></document>
	<document><![CDATA[Vaaaaamos España!!!		]]></document>
	<document><![CDATA[al carajo ya... me voy andando		]]></document>
	<document><![CDATA[Bfff vaya cantadón...		]]></document>
	<document><![CDATA[@username contigo de presidente España sería un país mejor.		]]></document>
	<document><![CDATA[@username Pues muy mal...		]]></document>
	<document><![CDATA[Lunes improductivo total... Quien decia que los lunes dan asco? QUIEN??? #AfavordecambiarlosLunesporDomingo		]]></document>
	<document><![CDATA[@username No tengo respuesta para esa pregunta...		]]></document>
	<document><![CDATA["Hola, soy @username y uso Internet Explorer como navegador." JAJAJAJAJAJAJA Vaya porquería de aeroespacial...		]]></document>
	<document><![CDATA[Uno que se despierta para decir que a quien madruga Dios no le ayuda. A dormir de nuevo. Buenas noches/días		]]></document>
	<document><![CDATA[@username Es un egocéntrico. Mira que ponerse a él mismo de fondo de su twitter...		]]></document>
	<document><![CDATA[@username aiaiaii ya toca Antoñito! que tienes que sorprendernos con tus historias! @username		]]></document>
	<document><![CDATA[Maldita dulzura la tuya		]]></document>
	<document><![CDATA[@username Jajaja lo he visto! Ahora hay otro del mismo autor que no recuerdo el nombre en youtube, pero los tengo en mi tablón tuenti.		]]></document>
	<document><![CDATA[@username Jaja gracias a eso estás tú en este mundo!		]]></document>
	<document><![CDATA[Bosqueños, que sepaís que esta recreación es una copia de otra copia.		]]></document>
	<document><![CDATA[@username noto cierta envidia en tus palabras...		]]></document>
	<document><![CDATA[@username pues otro más en tu vida... Vaya novedad!!!		]]></document>
	<document><![CDATA[@username Gracias por la tortilla Angel.		]]></document>
	<document><![CDATA["declaracion del portero rival: "nunca vi tanta frialdad en un jugador, me miro a los ojos antes de chutar, me kede helado"" @username		]]></document>
	<document><![CDATA["@username: @username otro Gullivert anda suelto @username" Fue a por trabajo y le comieron lo de abajo. Oioioioioi		]]></document>
	<document><![CDATA[Manifestaos estudiantes con insomnio! Se que no soy el único que no puede dormir los Domingos noche.		]]></document>
	<document><![CDATA[AGGGHHHMMMMM. Me siento mal cuando falto a clase... Aunque no os lo creáis...		]]></document>
	<document><![CDATA["-El mamotreto de mierda que ha costado 600.000€ aqui en Cadiz que no tenemos un duro." Crack!		]]></document>
	<document><![CDATA[@username Suerte hija. Espero que todo salga bien!!!! :-)		]]></document>
	<document><![CDATA[@username Desde que estás en Sevilla no quieres saber ná de los pobres... Pero na de na!		]]></document>
	<document><![CDATA[@username @username Pero si fuese a pilotar avionetas al menos tendría trabajo...Oioioioioi		]]></document>
	<document><![CDATA[@username Jaja lo que tu no sabes es que tu cuarto es un trastero: El armario de Blas, las bicicletas, las cajas de libros antiguos....		]]></document>
	<document><![CDATA[@username Si vas este finde el Sabado! nos tomamos un cafelito!		]]></document>
	<document><![CDATA[Hoy si he ido a la Universidad. Para ser más precisos a la cafetería de la Universidad. Resulta que hoy no tenía clases...		]]></document>
	<document><![CDATA["En la primer cita se cuentan mentiras para asi conseguir una segunda cita" Niño de 10 años. http://t.co/zGVO1i08		]]></document>
	<document><![CDATA[Estamos casi en Diciembre. No me jodaís con que hace frío porque ocurre lo mismo que todos los años en estas fechas... Y lo sabeís mamones.		]]></document>
	<document><![CDATA[Hostia puta que frío hace!		]]></document>
	<document><![CDATA[Central eléctrica de Cádiz, trabajo de electricidad en aeronaves y entrevista en Radio Ubrique. Cuando me pongo en serio soy muy responsable		]]></document>
	<document><![CDATA[@username sino qué? Niño duerme cojones! que es mu sano...		]]></document>
	<document><![CDATA[Esto que se te sientan dos mujeres mayores a sendos lados y empiezan a hablar entre ellas #Yotrasformasdecohibición		]]></document>
	<document><![CDATA[@username Dicen las personas mayores que la sierra estaba nevada esta mañana... Pero yo no veo na de ná!		]]></document>
	<document><![CDATA[@username Es el nuevo Benjamin Button. Cada dia que pasa rejuvenece. Influye el hecho de que al tener 15 años pareciese tener 40.		]]></document>
	<document><![CDATA[No hay más razón que un corazón siempre loco por vivir.		]]></document>
	<document><![CDATA[@username No le metas miedo a la chiquilla... que aún tiene 21 días para comprarse el acondicionador... @username		]]></document>
	<document><![CDATA[@username Es capaz de alegrarte el dia desde Holanda. Elioputaa que grande es. Que ganas tengo de verlo remangarse cojones!		]]></document>
	<document><![CDATA[Lunes. Benditos Lunes.		]]></document>
	<document><![CDATA[@username @username Nagua-estufa. Aprendete la palabra que es lo mas calentito y comodo que existe!		]]></document>
	<document><![CDATA[@username y @username también.		]]></document>
	<document><![CDATA[Cogemos puente, hace un buen dia en Invierno, regreso a mi pueblo... Menos quejas por aqui y más cosas buenas que el 21 morimos.		]]></document>
	<document><![CDATA[@username Eso que es una aparición? Llama a Iker cojones!		]]></document>
	<document><![CDATA[Hoy ya tengo el pelo normal. Gracias a todas las personas que ayer me preguntaban que qué me había pasado en la cabeza. #YnoexplotaisTOS...		]]></document>
	<document><![CDATA[@username pero lleva al Arsenal en su corazón		]]></document>
	<document><![CDATA[Pero.. ¿Para dormir hay que pensar o hay que dejar la mente en blanco? #Ayudaurgente		]]></document>
	<document><![CDATA[Mas emocionado que @username con trabajo.		]]></document>
	<document><![CDATA[De esos días que te cae mal todo el que se pone por delante. Supongo que la regla será parecida... JAJAJAJAJA		]]></document>
	<document><![CDATA[Y el Arsenal deja que un equipo de 4° Inglesa llegué a semifinales de la Copa... No es que seamos malos, es que tenemos un gran corazón.		]]></document>
	<document><![CDATA[Isoentrópico. No me neguéis que es nombre de Digimon, el hermano feo de Pokemon.		]]></document>
	<document><![CDATA[Creí que lo mas penoso para un aficionado al fútbol era ver al Getafe en casa. Ahora se de algo que da más pena aún: El Fútbol sudamericano.		]]></document>
	<document><![CDATA[@username @username Pues vaya porquería de invento... Placas solares en molinos de viento... Español tenía que ser!		]]></document>
	<document><![CDATA[Comprar solo en el Carrefour sin caprichos ninguno #Yotrasformasdehacertemayor		]]></document>
	<document><![CDATA[No gano para mecheres por el tonto de #medineichons		]]></document>
	<document><![CDATA[El chino de Ronda en Chikote		]]></document>
	<document><![CDATA[Madrugar para ser follado. A más de una le gusta esto.		]]></document>
	<document><![CDATA[Examenes que follan mejor que yo. Y que tú.		]]></document>
	<document><![CDATA[@username Me revientas to los tweets. Esta Navidad en Mordor va a ser mu dura para ti...		]]></document>
	<document><![CDATA[Después de una tarde de estudio toca comida en La Huella. @username @username		]]></document>
	<document><![CDATA["@username: @username kiboca fs el robin hood de la liga local de ubrique , le roba a los ricos para darselo a los pobres,"		]]></document>
	<document><![CDATA[@username Ya puedes empezar a seguirme si no quieres que te borre		]]></document>
	<document><![CDATA["@username: Me has dado paz en una vida de guerra." QUE ARDA TROYA!		]]></document>
	<document><![CDATA["@username: soi dios en el pes no tengo rival que gran noche #erputoamo" Ja ja. Ya te bajare los humos enano.		]]></document>
	<document><![CDATA[Hoy es 16-12-12. Es un día que nunca más se volverá a repetir. Si sumas sus cifras da 40, que es n° de la buena suerte para los Incas.		]]></document>
	<document><![CDATA[Este fin de semana no he visto ningun partido de fútbol. Puto fin del mundo.		]]></document>
	<document><![CDATA[La cabeza como bombo. Veo EDOS en todos lados.Los muertos de Bernoulli del que invento las derivadas y del que le siguio el juego integrando		]]></document>
	<document><![CDATA[El hobbit el hobbit!! Eso sois ustedes hobbies @username @username @username		]]></document>
	<document><![CDATA[@username No hay quien te aguante cuando trabajas!		]]></document>
	<document><![CDATA[Hola, Me estoy levantando de la cama ahora. Si, a las 14:00 un Martes. Y no duermo más porque no puedo... Si tú no has podido #Haberestudiao		]]></document>
	<document><![CDATA[¡Hoy pinta un gran día! Fútbol, cervezas, amigos, cena de empresa... ¡A disfrutar!		]]></document>
	<document><![CDATA[@username Que se te enfría la comida!!!! Venga ven ya cojones! http://t.co/QFdyUid5		]]></document>
	<document><![CDATA[@username Recuerda que empieza por la tarde mmmmjmm		]]></document>
	<document><![CDATA[Gracias a Dios que se acaba el mundo porque no quisiera ver al Bayern humillando al Arsenal...		]]></document>
	<document><![CDATA[Pues va a ser cierto lo del fin del mundo... Acaba de romperse la pantalla de mi movil...		]]></document>
	<document><![CDATA[El fin del mundo llegó en el momento que a mi me dio por madrugar. Buenos dias.		]]></document>
	<document><![CDATA[Que le pasa a @username que no para de twittear? Todo el dia con twitter liada... Te voy a regalar un perro por reyes para que te entretengas.		]]></document>
	<document><![CDATA[En realidad el secreto de la felicidad está en olvidar todo lo malo que te ocurra. Ni ignorar ni pasar, sino olvidar. A mi me funciona		]]></document>
	<document><![CDATA[@username Entre dormir, estudiar y venir a Grazalema no doy de más!!! además que tu no vives en Cádiz, vives en el extramuro!!!		]]></document>
	<document><![CDATA[Vuelvo a insistir, no cambio un viernes en Grazalema por na del mundo. gutten nach.		]]></document>
	<document><![CDATA[Desconecto internet en el móvil hasta nuevo aviso. Si quereis algo, llamad, que para eso existen los móviles.		]]></document>
	<document><![CDATA[hoy me toca ser la puta pera @username @username @username		]]></document>
	<document><![CDATA[Partido pro-droga a las 16:00 en el Coliseum de Los Peñascos, pista 3. Los que sean mejor que yo no están invitados. Traed litros.		]]></document>
	<document><![CDATA[Pobre @username que tiene que pasar este día solo en Holanda, harto de trabajar... ELIOPUTA de Rajoy mira lo que ha conseguido...		]]></document>
	<document><![CDATA[Adoro los 24.		]]></document>
	<document><![CDATA[Pues bien, rompí el Record de despertarme tarde. Las 17:00 y sigo en la cama.		]]></document>
	<document><![CDATA[@username Y me despertaré en 2050, Y solo quedara vivo Jordi Hurtado.		]]></document>
	<document><![CDATA[Mejor entrenador y fichaje de invierno @username		]]></document>
	<document><![CDATA[¿Dormir más de 15 horas es hibernar?		]]></document>
	<document><![CDATA[Partido Pro-Droga a las 20:30 en el pabellón cubierto "Juegos Olímpicos del Mediterraneo". Quien no pague, No toca el Balón.		]]></document>
	<document><![CDATA[@username Habló Raúl González Blanco.		]]></document>
	<document><![CDATA[@username Tu en tus buenos tiempos eras casi mejor que Gravensen.  @username		]]></document>
	<document><![CDATA[Verdad universal n° 1: Todo hombre, no importa de donde sea, se levanta con la tienda de campaña montada. #Hedicho		]]></document>
</author>