<?xml version="1.0" encoding="UTF-8" standalone="no"?><author id="user46">
	<document><![CDATA[Com em bull la sang. Sense contrapartides deien... colla de desgraciats.		]]></document>
	<document><![CDATA[Encara no han convocat  una vaga general indefinida? I a què cony esperem?		]]></document>
	<document><![CDATA[Reduir els sous dels regidors un 30% també hauria funcionat, pero encara hi hauria partits petits tocant els cullons...		]]></document>
	<document><![CDATA[@username no et passis amb el pobre marhuenda... que crec que després de lo de dilluns passat està una mica delicat...		]]></document>
	<document><![CDATA[Com que reduim la prestació de l'atur, els parats buscaran feina + rapid. Per tant, ja podem treure les ajudes a les contractacions... Bravo		]]></document>
	<document><![CDATA[@username com a minim hi ha alguna noticia positiva... Que el publiquin com més aviat millor! Abans que tornin a pujar l'IVA...		]]></document>
	<document><![CDATA[A partir de agosto, cuando un parado agote la prestación por desempleo será usado para fabricar Soylent Green #congreso #bravo		]]></document>
	<document><![CDATA[@username en dies com a vull m'encenc...		]]></document>
	<document><![CDATA[Grecialització		]]></document>
	<document><![CDATA[@username @username El de l'MDAI. Característiques de l'Evaluation Function.		]]></document>
	<document><![CDATA[A falta de Concert Econòmic, bo és l'estraperlo. http://t.co/SUcbO0KC		]]></document>
	<document><![CDATA[@username maestros indefinida? quien la ha convocado?		]]></document>
	<document><![CDATA[@username A ver si cunde el ejemplo fuera de la capital		]]></document>
	<document><![CDATA[I la lliga 10/11 comença com va acabar la 09/10: MESSI #frac1		]]></document>
	<document><![CDATA[@username no te compadezcas de @username que lleva ya no sé cuanto desaparecido en combate!		]]></document>
	<document><![CDATA[I, en aquella terra de barrets mexicans i paelles precuinades, tot pintaba cada cop més fosc...		]]></document>
	<document><![CDATA[Tranquils, en tito és calcat a en Pep! http://t.co/6KboR65C		]]></document>
	<document><![CDATA[Morir de calor amb les finestres tancades o deixar que m'esclati el cap amb el soroll d'un martell pneumàtic? No hi ha resposta correcta...		]]></document>
	<document><![CDATA[@username mal dia per la presentacio. Coincideix amb les manis contra les retallades!		]]></document>
	<document><![CDATA[@username @username No són coses incompatibles. Fer-se sentir no està renyit amb caminar endavant.		]]></document>
	<document><![CDATA[Tinc la sensació que un camió em va atropellar anit mentres dormia... Algú pot confirmar-ho?		]]></document>
	<document><![CDATA[Como perros y gatos: "La historia de un somelieur coreano incapaz de adaptarse a la cultura culinaria europea" #cinealternativo		]]></document>
	<document><![CDATA[Soy merienda: Will Smith es el último superviviente en una ciudad infestada de zombies pero... sorpresa! no queda munición! #cinealternativo		]]></document>
	<document><![CDATA[Space Ham: "Michael Jordan es enviado a un mundo de dibujos animados para ayudar a Bugs Bunny a matar a Porky" #cinealternativo		]]></document>
	<document><![CDATA[@username ja m'explicaràs què tal, que jo hi vaig al novembre!		]]></document>
	<document><![CDATA[@username doncs jo busco qui em curi el refredat... tot i que molt em temo que l'únic que aconseguiria seria transformar-lo en pandemia...		]]></document>
	<document><![CDATA[@username el caldo fa una mica de por amb aquest sol que fa avui a grn! :P		]]></document>
	<document><![CDATA[Ultimos minutos de Debatalia... lo que se va a llegar a perder... :( Descanse en paz!		]]></document>
	<document><![CDATA[RT @username: Les brigades d'Al-Aqsa maten 4 colons israelians. Ho han fet perquè diuen que els colons són rates amb ales.		]]></document>
	<document><![CDATA[@username hi ha gran part de la xarxa de telefon caiguda		]]></document>
	<document><![CDATA[@username @username @username ja tornen a estar informant sobre l'incendi.		]]></document>
	<document><![CDATA[Enlloc es pot trobar un mapa del perímetre de l'incendi?		]]></document>
	<document><![CDATA[La columna de fum que es veu des de Besalú ha canviat de direcció,  es nota el canvi del vent.		]]></document>
	<document><![CDATA[@username home, ningú diu de plantar arbres a la babalà. Replantar amb cap i ajudar a netejar el sotabosc.		]]></document>
	<document><![CDATA[@username que a la zona de l'alta garrotxa encara hi ha llenya caiguda de la nevada de fa 2 anys i de les ventades de la tardor...		]]></document>
	<document><![CDATA[@username és un primer pas per concentrar energies per recuperar el perdut		]]></document>
	<document><![CDATA[#1catala1arbre pot ser un punt de concentracio d'energies, sigui per reforestar, netejar o el que faci falta. No cal encegarse amb repoblar.		]]></document>
	<document><![CDATA[Des de la carretera de banyoles l'empordà es veia cobert per una espessa boira de fum #focemporda		]]></document>
	<document><![CDATA[@username Que malote eres, eh?		]]></document>
	<document><![CDATA[@username a la llarga hi ha projectat un edifici per l'institut? Si és així, es pot veure en algún lloc?		]]></document>
	<document><![CDATA[@username te veo obsesionado con los chinches tío...		]]></document>
	<document><![CDATA[@username claaaro... como no hay conciertos interesantes en noviembre añadimos otro... y el resto del año que coño hacemos?!!!!		]]></document>
	<document><![CDATA[Cómo mola! Si dices " coño " en twitter aparece la señorita @username y te da una reprimenda!		]]></document>
	<document><![CDATA[Amb quina merda càmera graben la @username? Amb la d'un ipod?		]]></document>
	<document><![CDATA[@username pero aqui no regalan un galaxy s 2		]]></document>
	<document><![CDATA[RT @username Resintonitzar i reordenar els canals de la TDT: el nou sudoku. <--- Jo ho acabo de fer! veus que divertit?		]]></document>
	<document><![CDATA[@username dificil estalviar mes de  400 euros si no els gasto  ni en 2 anys...		]]></document>
	<document><![CDATA[@username tu debes ser la niña mimada de la señora rottenmeyer... no te va a funcionar! :chis:		]]></document>
	<document><![CDATA[@username es como mis followers que creen que soy Albert Pla y canto...		]]></document>
	<document><![CDATA[@username podríais incluir dónde comprar los artículos que publicais! Que algunos los quiero y no los encuentro! (otros no puedo pagarlos)		]]></document>
	<document><![CDATA[@username y en días de calor, una puta pesadilla...		]]></document>
	<document><![CDATA[Esperant per entrar a afonics anonims		]]></document>
	<document><![CDATA[tant de bo fos un guaperes de hollywood sense sentiments... començar a menjar cada dia un nen no batejat pot ser un bon primer pas...		]]></document>
	<document><![CDATA[segona vegada que somio en zombies en una setmana... Aquest cop en un món post apocaliptic on les piramides d'egipte estaven a islàndia		]]></document>
	<document><![CDATA[@username doncs no saps l'impresió que fa ser atacat per 2 camells zombies...		]]></document>
	<document><![CDATA[meeerda... per un moment havia oblidat que era el cony de besalú medieval... m'havia d'haver quedat a girona...		]]></document>
	<document><![CDATA[Joder... que bo que era l'screamadelica... potser sí que tocarà anar fins a razz...		]]></document>
	<document><![CDATA[RT @username: Joder con la crisis. ¡Hasta ETA cierra!		]]></document>
	<document><![CDATA[@username A suecia tenien la Ubuntu cola		]]></document>
	<document><![CDATA[4 1? Que pasó locos!? :D		]]></document>
	<document><![CDATA[ufff... acabo de menjar una formiga colombiana... què voleu que us digui... crec que passo de tornar-hi... uff...		]]></document>
	<document><![CDATA[Ara hi entenc...  municipals ordenant el transit		]]></document>
	<document><![CDATA[total... que la he liado parda...		]]></document>
	<document><![CDATA[Al fossar de les Moreres no s'hi enterra cap traïdor, fins perdent nostres banderes serà l'urna de l'honor.		]]></document>
	<document><![CDATA[@username es un error típic que faig quan parlo d'AI en català o castellà. I m'encanta com sona...		]]></document>
	<document><![CDATA[@username Paren las rotativas!		]]></document>
	<document><![CDATA[@username els tertulians estan obligats a fer-ne, per contracte, crec.		]]></document>
	<document><![CDATA[Un ascens en l'striker conta com a "tasca realitzada" en l'informe de seguiment del Doctorat?		]]></document>
	<document><![CDATA[@username @username no comparis el 33 amb l'aberració de l'esport 3. El 33 es un dels poc reductes culturals que queden al país.		]]></document>
	<document><![CDATA[@username @username El cost del super 3, 3-24 i 33 es mínim. Sobretot si tenim en compte que aprofiten el mateix MUX. Esport 3 se'l poden petar		]]></document>
	<document><![CDATA[@username @username es nota que miraves poc el 33 i el super3! Dibuixos vells i programes bastant bastant low cost.		]]></document>
	<document><![CDATA[@username ai quina vergonya... amb lo desendreçada que tenia la casa quan vas venir!		]]></document>
	<document><![CDATA[Sembla que ahir en Contador va passar per la carniceria...		]]></document>
	<document><![CDATA[@username també ho havia pensat jo això. A més, FGC també pinta (d'una manera o altra) dins la gestió de la Masella, no?		]]></document>
	<document><![CDATA[@username @username Pero no van muntar una consorci per a la gestió d'ambdues estacions a finals de primavera?		]]></document>
	<document><![CDATA["Yo soy de derechas de toda la vida. Ergo, misa los domingos y putas los viernes."		]]></document>
	<document><![CDATA[@username Té sentit. Sobretot tenint en compte els rumors que diuen que la generalitat es vol desfer d'estacions, o és que en tancarà alguna?		]]></document>
	<document><![CDATA[Matriculacio a l'eoi, o la subhasta del peix...		]]></document>
	<document><![CDATA[Puigmal i formigueres a la corda fluixa? :( http://t.co/zBBIq3Pg  Que lleig pinta per les meves estacions preferides...		]]></document>
	<document><![CDATA[@username Quina putada, tu! Amb lo que ho peta el Furios Baco!		]]></document>
	<document><![CDATA[@username ja me les conec de fa temps... per desgràcia sóc un membre notòri del club...		]]></document>
	<document><![CDATA[Anar al #BAM i a les festes de #lamercè és tant mainstream... Ara el que es porta son festes de Besalú		]]></document>
	<document><![CDATA[Lo siento, soy mudo, no se leer...		]]></document>
	<document><![CDATA[Que somos? Somos mestizos! Mi padre es un vampiro! no soy como tu ya en dvd!   Em venen ganes de comprar-lo! ah no! Són ganes de vomitar!		]]></document>
	<document><![CDATA[@username Quan estaran els carnets d'aquest any? Que toca començar a anar a piscina coberta!		]]></document>
	<document><![CDATA[@username mira que maca que ens ha quedat la façana montserrate! http://t.co/tq6Iho28		]]></document>
	<document><![CDATA[@username encara no està penjada, que hi hem de fer les vores.		]]></document>
	<document><![CDATA[Al financial times no surt res de que retirin eurovegas d'Espanya... ai que en Cuní s'ha colat!		]]></document>
	<document><![CDATA[Arriba esos ánimos @username! http://digs.by/e8Q6pg		]]></document>
	<document><![CDATA[RT @username: Ahora lo suyo sería que Tele5 anunciara un cese de emision permanente y verificable también		]]></document>
	<document><![CDATA[El primer capítol de la segona temporada d'arròs covat és una puta merda, només es salva el gos #alguhohaviadedir #arroscovat		]]></document>
	<document><![CDATA[@username us queda algun lloc als busos de l'11 de setembre?		]]></document>
	<document><![CDATA[abuelos abuelas y viceversa? acabo de perdre la fe en la humanitat...		]]></document>
	<document><![CDATA[@username encara no els havies probat? :S		]]></document>
	<document><![CDATA[mein gott... un dels personatges de  #lospilaresdelatierra está doblat per peter griffin... ja no ho podem mirar... :'(		]]></document>
	<document><![CDATA[Cony de Vent que nomes fa que arronsar la senyera... Alguna mudista 24h per posar-hi un pes? #11s2012		]]></document>
	<document><![CDATA[Ja hem fet un pas més, pero encara en queden molts #11s2012		]]></document>
	<document><![CDATA[@username sort amb la tornada. Nosaltres no hem trobat cua.		]]></document>
	<document><![CDATA["tu no eres negro, eres inglés!" Vicisitud y Sordidez.  M'encanta la liga fantastica... http://digs.by/b9sgJC		]]></document>
	<document><![CDATA[Gent que va a manifestacions independentistes a reclamar altres coses, quin tipus de procés mental heu seguit? #usfelicitofills #11s2012		]]></document>
</author>