<?xml version="1.0" encoding="UTF-8" standalone="no"?><author id="user674">
	<document><![CDATA[Nuevo aparcabicis en el campus de Bilbao de la Universidad de Deusto - http://t.co/HTm1EdTC		]]></document>
	<document><![CDATA[@username Sí, sobre todo cuando empiece a llover y hacer viento... X^DDD		]]></document>
	<document><![CDATA[A veces, la seguridad informática depende de los usuarios. Otras, no. http://t.co/ClLuLk81 ¿Vais a hacer algo desde @username? (1/2)		]]></document>
	<document><![CDATA[A veces, la seguridad informática depende de los usuarios. Otras, no. http://t.co/CjmcgfoH ¿Vais a hacer algo desde @username? (2/2)		]]></document>
	<document><![CDATA[Las 19 mujeres más destacadas en ciencia y tecnología (vía @username) http://t.co/pzWwzw2X		]]></document>
	<document><![CDATA[@username Ná, preliminares, el típico xirimiri... ;^)		]]></document>
	<document><![CDATA[@username Intenta dar clase así... En fin...		]]></document>
	<document><![CDATA[@username Acabo de verte intentándolo... ;^)		]]></document>
	<document><![CDATA[@username Porque han dejado de taladrar para el nuevo ascensor, que si no...		]]></document>
	<document><![CDATA[Niños etíopes consiguen hackear tablets Android sin conocimientos en 5 meses - http://t.co/vdy3XTyG		]]></document>
	<document><![CDATA[Estimado/a lehendakari: menos política industrial y más industria sin política http://t.co/6Yv2zR0j Vía @username		]]></document>
	<document><![CDATA[Líderes en I+D (somos tuertos en el país de los ciegos) http://t.co/qcHXMydv Vía @username		]]></document>
	<document><![CDATA[@username Debería ser una práctica habitual entre nuestros responsables políticos... #unmundoideal		]]></document>
	<document><![CDATA[#Move más reciente, Correr 33min, muy intenso, 6,20 km. http://t.co/Wtmi73jA		]]></document>
	<document><![CDATA[No le debió parecer algo prioritario a @username tu propuesta, ¿no, @username? A veces me pregunto qué significan la "s" y la "o" del @username		]]></document>
	<document><![CDATA[Faemino y Cansado http://t.co/plMx6d7N		]]></document>
	<document><![CDATA[@username Pues aquí lo tienes... ;^) http://t.co/plMx6d7N		]]></document>
	<document><![CDATA[Comunidad #RISP - Entrevista a @username y @username - http://t.co/eWe4DIlR		]]></document>
	<document><![CDATA[Aporta incidencias y soluciones para la DBpedia en español - http://t.co/Vp1CLmVD		]]></document>
	<document><![CDATA[Ahora que se acaba la financiación para la Red de Linked Data: Enhorabuena, @username, no se puede hacer más con menos. http://t.co/R9jT7NO3		]]></document>
	<document><![CDATA[Últimas actividades destacadas en @username - http://t.co/PBiG0Q3Y		]]></document>
	<document><![CDATA[@username Yo mandaba unos cuantos... http://t.co/DW7TEE1z		]]></document>
	<document><![CDATA[#Move más reciente, Correr 59min, muy intenso, 10,90 km. http://t.co/ble96BzT		]]></document>
	<document><![CDATA[Algunos datos sobre los políticos y los partidos políticos en España (vía @username) - http://t.co/bVWb8T0M		]]></document>
	<document><![CDATA[El Ministro de Economía debería ser una madre - http://t.co/WwGtSdEq		]]></document>
	<document><![CDATA[SE VENDE (Portugal). Cuando veas las barbas de tu vecino cortar... http://t.co/Mo8kJ6ul		]]></document>
	<document><![CDATA[@username @username Telefónica (3'15'') X^DDD		]]></document>
	<document><![CDATA[@username Estás mayor para jugar todo el partido... X^DDD #basketUD cc: @username @username @username		]]></document>
	<document><![CDATA[@username A ver cuándo Fiare puede ofrecer cuentas corrientes a particulares - http://t.co/f3JFJMY4		]]></document>
	<document><![CDATA[A ver si nos enteramos de cuándo es el próximo vuelo de este tipo. Compramos billetes y se lo hacemos inolvidable... http://t.co/GTDlhfW0		]]></document>
	<document><![CDATA[@username @username @username @username Uy, lo que ha dicho ;^) La prueba http://t.co/sXJwXxi5 Había movido la de hoy, pero me ha pillado uno		]]></document>
	<document><![CDATA[@username Me ha parecido escuchar que alguien estaba "computando canciones" y que van a dar un cheque al "portamor"... Vaya tela...		]]></document>
	<document><![CDATA[@username Creo que los particulares solamente pueden hacer diferentes depósitos de ahorro...		]]></document>
	<document><![CDATA[@username Yo estoy currando con el portátil en el sofá, pero esto me ha desconcentrado... Sí, mejor si nos vamos a dormir... ;^)		]]></document>
	<document><![CDATA[@username El "computador de canciones" ha leído/rapeado/interpretado una canción. La próxima vez que la compile primero #lavoz #soyfriki		]]></document>
	<document><![CDATA[@username Alguien puede decirles que paren. ¡Estamos en un examen!		]]></document>
	<document><![CDATA[¡Que paren un rato! RT @username: rrrRRRRrrrrRRRRrrrrrRRRRrrrrRRRrrrrrr PUM! PUM PUM		]]></document>
	<document><![CDATA[Al menos durante las horas de los exámenes del piso 3		]]></document>
	<document><![CDATA[Que hagan otro trabajo que no requiera taladro...		]]></document>
	<document><![CDATA[Juega con el árbol de Navidad de Irontec - http://t.co/jSq9RxN0		]]></document>
	<document><![CDATA[Cospedal “abre una teletienda” - http://t.co/9WGQNUIX		]]></document>
	<document><![CDATA[@username Es que no saben si al final van a poder ir. El #findelmundo se acerca http://t.co/WsIliFs1 (pregúntale a @username)		]]></document>
	<document><![CDATA[@username @username @username Y a nosotros nos va a pillar en la copa del Rector... cc/ @username		]]></document>
	<document><![CDATA[#Move más reciente, Correr 26min, muy intenso, 4,59 km. http://t.co/tt1xmLm1		]]></document>
	<document><![CDATA[Invitamos a los investigadores españoles a que vengan a Brasil - http://t.co/fSk06Pqc		]]></document>
	<document><![CDATA[En España habrá una generación perdida de jóvenes científicos - http://t.co/sf6O9Xjk		]]></document>
	<document><![CDATA[Así deberían hacer todas las películas musicales http://t.co/wHRqlreE		]]></document>
	<document><![CDATA[@username @username es un catacrack, aunque lo de la cesta es porque yo me tuve que ir antes... ;^)		]]></document>
	<document><![CDATA[@username Los Miserables y El Hobbit tienen buena pinta... Disfrútalas tú que puedes... ;^)		]]></document>
	<document><![CDATA[@username #envidia Aunque no pienso renunciar ni a un solo minuto con mi pequeña Alba... <3 Esperaré pacientemente al DVD... ;^)		]]></document>
	<document><![CDATA[@username Si yo te contara... En estos 6 meses ha habido de todo: cal y arena... Tampoco sé cuál es la buena... ;^P		]]></document>
	<document><![CDATA[Un chaval de 15 años ha ayudado a detectar un nuevo orden del universo con su programa en Python http://t.co/666Z0JCg		]]></document>
	<document><![CDATA[RT @username El Ayuntamiento de Barakaldo todavía no ha puesto en marcha el grupo de trabajo contra los desahucios - http://t.co/R8vk7NoL		]]></document>
	<document><![CDATA[@username Puedo prometer y prometo... En fin, lo de siempre. Un día te contaré mi interacción con Eretza y ayuntamiento de hace unos años		]]></document>
	<document><![CDATA[@username Tendrán un Gantt y todo...		]]></document>
	<document><![CDATA[@username Escribirla usando el lenguaje de los políticos para decir nada... ;^)		]]></document>
	<document><![CDATA[#Move más reciente, Correr 41min, máximo, 8,50 km. http://t.co/7owXNLQ8		]]></document>
	<document><![CDATA[#Move más reciente, Baloncesto 39min, muy intenso, 3,03 km. http://t.co/ECc6XwMs		]]></document>
	<document><![CDATA[#Move más reciente, Correr 42min, muy intenso, 8,50 km. http://t.co/OzDO35wA		]]></document>
	<document><![CDATA[Espero que haya sido provechosa... ;^) RT @username Mañana de trabajo en Azkoitia: Asamblea de la Federación @username		]]></document>
	<document><![CDATA[#Move más reciente, Baloncesto 55min, muy intenso, 4,28 km. http://t.co/l8At4G9w		]]></document>
	<document><![CDATA[@username Yo ya tengo 3 tocados... Bueno, aún quedan otros 7... ;^)  #optimismo		]]></document>
	<document><![CDATA[Abierta inscripción al Primer Festival de Datos Abiertos de Gijón | ODLAB Gijón - http://t.co/38bwD0Le		]]></document>
	<document><![CDATA[@username Esto no lo "tuitea" @username con la cuenta oficial... X^DDD		]]></document>
	<document><![CDATA[Presentaciones multimedia RT @username Qué buen post de @username para @username: http://t.co/lGiyr1SC		]]></document>
	<document><![CDATA[Un helicóptero se estrella en el centro de Londres - http://t.co/rIL5RaUj		]]></document>
	<document><![CDATA[@username Si quieres lo compramos a medias...		]]></document>
	<document><![CDATA[Emocionante RT @username La herencia que me gustaría dejar a mis hijos, la clava hoy Angeles Caso en La Vanguardia http://t.co/o5WHodTy		]]></document>
	<document><![CDATA[Metalera no sé, pero heavy es un rato, ¿no, @username? ;^) http://t.co/AJ82OeoV		]]></document>
	<document><![CDATA[Open Data, sí, pero ofuscado, pasando niveles y con time-out... http://t.co/wqUgrPNw		]]></document>
	<document><![CDATA[#Move más reciente, Correr 42min, muy intenso, 8,50 km. http://t.co/XP01BdyL		]]></document>
	<document><![CDATA[#olakease Estoy tuiteando... ¿Para qué esperar a que salga en la próxima edición del diccionario? ;^) Vía @username		]]></document>
	<document><![CDATA[¿Te gusta el pescado? http://t.co/6GVQjeNd		]]></document>
	<document><![CDATA[Vota por tu postre vasco favorito https://t.co/0eMo09Qb Yo he votado por el capricho vasco http://t.co/Hrt7JERC		]]></document>
	<document><![CDATA[Qué recuerdos, @username #abuelocebolleta X^DDD cc/ @username @username  @username		]]></document>
	<document><![CDATA[¿Involucionamos? http://t.co/dDjUxELj		]]></document>
	<document><![CDATA[@username Si eso quedamos un día y le ayudamos a buscar, que algo más tiene que haber...		]]></document>
	<document><![CDATA[The New York Times se anticipa a publicar la lista de los grandes defraudadores españoles http://t.co/xdCxsDVk		]]></document>
	<document><![CDATA[Se quieren cargar la madre de todas las ciencias, la que nos hace pensar... http://t.co/3KtJwt0J		]]></document>
	<document><![CDATA[¡Es la Educación, estúpido! http://t.co/sqxItP8J		]]></document>
	<document><![CDATA[@username Bacalao - Bacalhau, Bilbao - Bilbau, parece fácil el portugués... X^DDD		]]></document>
	<document><![CDATA[Presentan la nueva Estrategia Española de Ciencia y Tecnología e Innovación hasta 2020 http://t.co/ZMJDrQ3f Pero, ¿hay pasta?		]]></document>
	<document><![CDATA[Robo a los contribuyentes desde 2000: el valor de Twitter, más que el presupuesto 2013 de Educación Sanidad http://t.co/5pcUcdLh		]]></document>
	<document><![CDATA[Investigar sobre el cáncer de mama: ¿En Valencia no? En Cruces sí http://t.co/2lb8sN9q		]]></document>
	<document><![CDATA[Y eso que es un cálculo conservador... :^(		]]></document>
	<document><![CDATA[El ERE del CIPF de Valencia fue de vergüenza...		]]></document>
	<document><![CDATA[#Move más reciente, Correr 41min, muy intenso, 8,50 km. http://t.co/vkwNRuqp		]]></document>
	<document><![CDATA[Los bancos aceptan la dación en pago para las inmobiliarias pero no para las familias (vía @username) http://t.co/uy4K8dHB		]]></document>
	<document><![CDATA[La torre que inspiró a Tolkien en "El Señor de los Anillos" se vende por 1,17 euros http://t.co/qp0GkJFJ		]]></document>
	<document><![CDATA[@username Tarde, el titular debería decir se ha vendido... ;^)		]]></document>
	<document><![CDATA[En España sí que hay trabajo. El problema es que la gente quiere cobrar por él - http://t.co/eDurfEeh		]]></document>
	<document><![CDATA[Pues ya que miran, señores @username y @username , aprovechen para echarse unas risas con sus promesas electorales y demás mentiras		]]></document>
	<document><![CDATA[#Move más reciente, Correr 41min, muy intenso, 8,50 km. http://t.co/LkONszeS		]]></document>
	<document><![CDATA[Hacienda impone trabas a los inspectores que intentan acceder a los datos de la amnistía fiscal http://t.co/jCoF4OOZ		]]></document>
	<document><![CDATA[Las conexiones seguras por internet no son seguras - http://t.co/rcotyMkx		]]></document>
	<document><![CDATA[Bárcenas, por Joaquin Reyes (YouTube) - http://t.co/h3ZsmtqX		]]></document>
	<document><![CDATA[#Move más reciente, Correr 41min, muy intenso, 8,50 km. http://t.co/UshN359A		]]></document>
	<document><![CDATA[La contaminación por mercurio en el agua se puede detectar con un móvil - http://t.co/y7gJUiXf		]]></document>
	<document><![CDATA[Dinerito público para Microsoft - http://t.co/MMKWMiQ4		]]></document>
	<document><![CDATA[@username ¿Reconocer un error? No, gracias. Si no puedo ganar, empato. #politicsstyle		]]></document>
</author>