<?xml version="1.0" encoding="UTF-8" standalone="no"?><author id="user517">
	<document><![CDATA[Personas o pequeños hitlers? La clave es educar en el NO-consumismo desde que nacen. http://t.co/BiTmGnAsWq vía @username		]]></document>
	<document><![CDATA["La pobreza no es falta de dinero. Es la ausencia de una red de personas alrededor". Lo dice Pavlek Elf, 4 años viviendo sin dinero....		]]></document>
	<document><![CDATA[Pavlik Elf: “nuevas formas de identidad” basadas en un “sistema de reputación” via @username http://t.co/QCt2w3rdcD		]]></document>
	<document><![CDATA[Hemos llorado a los muertos por encima de nuestras posibilidades: http://t.co/CXfFjDHCfG vía @username		]]></document>
	<document><![CDATA[Rajoy descubriendo la administración 2.0, una ley de emprendedor de juguete... ¡Señor! Despidamos a todos esos ineptos para salir adelante!!		]]></document>
	<document><![CDATA[Blesa se va de rositas  http://t.co/hkxzM3ZhKc vía @username		]]></document>
	<document><![CDATA[A cuentas del DNI de la Infanta: Una posibilidad entre diez billones de trillones. http://t.co/cDCNqgtlJF		]]></document>
	<document><![CDATA[RT @username: Qué gran tipo, Wert exige un 6,5 a los estudiantes sólo para evitar que se conviertan en alguien como él. #asíSí		]]></document>
	<document><![CDATA[Twitter viene fuerte: Todas las novedades de Twitter http://t.co/7HJjvDuMdw vía @username		]]></document>
	<document><![CDATA[Ciao Berlusconi! cada vez se parecía más a un maniquí del tipo Kent salido por sus Barbies http://t.co/txxQIfVimK		]]></document>
	<document><![CDATA["La escucha activa se vuelve una necesidad" @username http://t.co/qTQEwH8PMx		]]></document>
	<document><![CDATA[Ideas prácticas y replicables para la creación de contenidos. Ni un lugar común, un alivio @username  http://t.co/lYVNhVjYXI		]]></document>
	<document><![CDATA["No existen gays, lesbianas, homosexuales o heterosexuales, existen personas que se enamoran de otras" #28junio Orgullo Gay via...		]]></document>
	<document><![CDATA[RT @username: 45 Recursos Asombrosos para Fomentar la Creatividad http://t.co/DJmkGaMkjC		]]></document>
	<document><![CDATA[. @username vais a presentar Papel Mojado en Donostia?		]]></document>
	<document><![CDATA[RT @username: Las sabias palabras de Antonio Cancelo en #TEDxAmara, Emprender en tiempos inciertos http://t.co/mpoLxGxyMg		]]></document>
	<document><![CDATA[Vergüenza! Trescientos diputados paralizan la auditoría energética http://t.co/NfNmlLdY30 via @username		]]></document>
	<document><![CDATA[Aumentar la inversión en I+D+i evitando así el éxodo masivo de nuestro capital humano  vía @username http://t.co/6gAb0AfnSE		]]></document>
	<document><![CDATA[Vergüenza! Infojobs: redactor especializado,12 artículos semanales de 300 palabras+2 imágenes x 3€ BRUTOS el artículo http://t.co/hOCfxwzuSG		]]></document>
	<document><![CDATA[Nos vemos en Bilbao http://t.co/joIT2ahjEn 8 y 9 de julio #SALUD2EUS ¡Promtete!		]]></document>
	<document><![CDATA[@username A que no publicaríais un anuncio pidiendo un esclavo? Esto es lo mismo #verguenza		]]></document>
	<document><![CDATA[@username esto pasa cuando pones favorito cualquier tuit que te mencione aunque vaya en contra de tu imagen de marca. Hay que leer...		]]></document>
	<document><![CDATA[Para los mestizos: Ramon Lobo, no tengo identidad ¿es grave? http://t.co/34RVBGNMny		]]></document>
	<document><![CDATA[@username gracias, dice mucho de vosotros. Pero deberíais revisar a fondo vuestras ofertas porque esta era sólo un botón		]]></document>
	<document><![CDATA[Sobre la supuesta bajada de parados, @username pone el dedo en la llaga, al margen de otras consideraciones http://t.co/0gEWGdQLAc		]]></document>
	<document><![CDATA[Google hacia un paradigma cerrado? Muerte de Reader http://t.co/CdokOOidaU y del buscador http://t.co/6ApJC4WlDz  via @username @username		]]></document>
	<document><![CDATA[RT @username: “@username: El futbolista Xabi Alonso cierra la librería La buena vida por avaricia http://t.co/x5mZEQM7n1		]]></document>
	<document><![CDATA[Con @username @username en un maridaje de cavas y productos de Lleida en #donostia Fantàstic!		]]></document>
	<document><![CDATA[Siempre entrañable @username conexión donostia-lleida via #uniónartesana http://t.co/bYVM35XPfD		]]></document>
	<document><![CDATA[Interesante análisis de Iñigo S. Ugarte @username sobre golpe militar en Egipto via @username http://t.co/NsMt21w8fI		]]></document>
	<document><![CDATA[@username @username 4 ojos ven más que 2 y todos cuentan!		]]></document>
	<document><![CDATA[@username lo mismo que tu. 4 ojos ven más que 2. Denuncia!		]]></document>
	<document><![CDATA[Brines, Marzal y Colinas 3 grandes poetas y un pueblo de 200 habitantes, Juzbado, #Esperanza http://t.co/E7KmHMdvIH vía @username		]]></document>
	<document><![CDATA[Ya estamos en Jornadas Osasuna Salud Health 2.0 Bilbao, todo a través del #salud2eus. Programa http://t.co/lILWzUdAKu		]]></document>
	<document><![CDATA[Pacientes también son una red para ensayos científicos @username #salud2eus		]]></document>
	<document><![CDATA[Los médicos desprecian 2.0 por arrogancia. Pero hay pequeños oasis http://t.co/JzMLGd8XlK #salud2eus		]]></document>
	<document><![CDATA[Control para evitar el daño de blogs milagrosos? Los pacientes son adultos inteligentes. Sobra paternalismo, falta respeto #salud2eus		]]></document>
	<document><![CDATA[Internet es un canal, los pacientes son diversos, ¿por qué queremos que Internet valga 100% o nada? Para matarla? Rafa Rotaeche #salud2eus		]]></document>
	<document><![CDATA[Las redes sociales son fundamentales para encontrarse con iguales y combatir mejor la enfermedad@username #salud2eus		]]></document>
	<document><![CDATA[Hay un dejar de preocuparse de la tecnología y preocuparse de quien confía en ti @username #salud2eus		]]></document>
	<document><![CDATA[A + comunidad, + audiencia @username @username: #salud2eus Las comunidades q progresan son las q acentúan el desarrollo de comunidad		]]></document>
	<document><![CDATA[Disponer de información es el primer paso, la educación es más compleja @username en #salud2eus		]]></document>
	<document><![CDATA[A tener en cuenta: vía @username: 'The New York Times' cierra blogs para dedicar recursos a otras áreas, como la elaboración d vídeos.		]]></document>
	<document><![CDATA[+1 @username: Las empresas viven de las ventas, no del número de fans  http://t.co/s9u7IfrCya by @username”		]]></document>
	<document><![CDATA["@username: La república de los abuelos  http://t.co/Kn3ykqRm8t via @username” #esperanza		]]></document>
	<document><![CDATA[Por desgracia no es más allá de Orión @username @username		]]></document>
	<document><![CDATA[@username Si hay furbo hay esperanza, que no sus enterais ;)		]]></document>
	<document><![CDATA[Otra grande que se va: Muere Concha García Campoy a los 54 años, víctima de la leucemia http://t.co/TgOiyEwaDx		]]></document>
	<document><![CDATA[Y seguimos tragando: "Pueden hacer cosas miserables pero ¿mentir? Mentir ¡Nunca!" @username en http://t.co/RpaDWnGQLa		]]></document>
	<document><![CDATA[Anna Argemí siempre espoleando el pensamiento desde Alterconsumismo: ¿Y si la ockupación fuera la solución? http://t.co/SDdNWXDlrf...		]]></document>
	<document><![CDATA[Iniciativa ciudadana alternativa al abandono del espacio público: http://t.co/Y9QPNYTwC1 via @username #economiacolaborativa		]]></document>
	<document><![CDATA[A ver si la prensa nacional se deja de paños calientes, las ruedas de prensa dan vergüenza ajena #Baltoiu http://t.co/6wQ1fmN5xo		]]></document>
	<document><![CDATA[Lujo! Jamie Culum gratis, 24 de Julio 21.30 zurriola- donostia #jazzaldi http://t.co/xX2yfW9acn		]]></document>
	<document><![CDATA[Desperezándonos en el continente: La estrategia en redes de los laboratorios franceses http://t.co/4T1G6uM8Hc #salud20		]]></document>
	<document><![CDATA[Matas, Barcina, Perez de los Cobos, Griñán... y mientras personas y familias honradas deshauciadas #marcaespaña #corrupción		]]></document>
	<document><![CDATA[Jesús Carrasco "la dignidad es ser capaz de mantener la postura después de sufrir las inclemencias de la vida" @username #hazloquedebas		]]></document>
	<document><![CDATA[J. Cortázar "ya no podemos estar parados (...) cuando no había smartphones la gente iba en el metro leyendo, dormida o mirando a la nada"		]]></document>
	<document><![CDATA[Carrasco "el objetivo es que el ultimo de nuestros días seamos nuestra mejor versión (..) Y para eso hace falta tiempo, atención (...)"		]]></document>
	<document><![CDATA[Carrasco: obsesionados con aprovechar el tiempo como si lo perdiéramos. "Me parece una obsesión atroz para construirte" @username		]]></document>
	<document><![CDATA[Un atlas de mortalidad muestra la brutal desigualdad norte-sur en España http://t.co/7UaZDSWEw0 vía @username		]]></document>
	<document><![CDATA[Cuadernos de Oriente Medio: donde Israel y Palestina se leen en castellano? http://t.co/tCfaAyVfLx vía @username		]]></document>
	<document><![CDATA[Destrucción a toda costa: cuando el Gobierno falla en la protección del litoral http://t.co/9hdTQ5OtM3 vía @username		]]></document>
	<document><![CDATA["La austeridad no funciona? Y punto" http://t.co/RnJpSGpzdG vía @username		]]></document>
	<document><![CDATA[Mñn 12-13 presentación #SocialAst: I informe 250 empresas Asturias rrss y Manual Social Media. http://t.co/2iLm1aze0a		]]></document>
	<document><![CDATA[MOVISTAR pide docu vía postal para dar de baja línea ¿por qué no en diligencia? pero si amenazas con queja lo hacen por teléfono. #vergüenza		]]></document>
	<document><![CDATA[Las 7 magníficas: Las farmacéuticas españolas más ambiciosas en Twitter http://t.co/9BFi6oxenf		]]></document>
	<document><![CDATA[+1 RT @username #SocialMedia y psicología del comportamiento en pro de la salud  http://t.co/abxNlm1CFn #Estudio en VIH, extrapolable...		]]></document>
	<document><![CDATA[Interesante RT @username: El ciclo de vida de los grupos #pacientes online http://t.co/q5t46z8z9N. Vía @username #hcsmeuES #Salud20		]]></document>
	<document><![CDATA[Mejores ejemplos de Street-Art 2012 via @username http://t.co/tFoEsJKq7R #arte		]]></document>
	<document><![CDATA[Visto en una parada de autobús #crisis http://t.co/RkuDX7Engl		]]></document>
	<document><![CDATA[En las redes se busca relación y valor @username  #indusmedia #donostia		]]></document>
	<document><![CDATA[Hay que pensar contenidos para todos los dispositivos @username  #indusmedia		]]></document>
	<document><![CDATA[La estrategia digital de una empresa tiene que estar alineada con su estrategia de negocio @username  #indusmedia		]]></document>
	<document><![CDATA[Estrategia de empresa es alinear los objetivos de empresa con los del cliente: levántate, anda y pregúntales @username  #indusmedia		]]></document>
	<document><![CDATA[Sólo en mi web puedo tener mi base de datos @username  #indusmedia		]]></document>
	<document><![CDATA[Digital es un viaje que depende de la máxima dirección de la empresa @username  #indusmedia		]]></document>
	<document><![CDATA[¡Fundamental! Todos por el mismo rasero : Medir todo contra métricas de negocio @username  #indusmedia		]]></document>
	<document><![CDATA[De cómo nos manipulan, en este caso con el coste de la energía. Artículo Lpz Uralde via @username http://t.co/VPUJC6BbqQ		]]></document>
	<document><![CDATA[El relaxing café con leche o la pasión española por la irracionalidad http://t.co/4OAl69Pk5A vía @username		]]></document>
	<document><![CDATA[La perversa estrategia de Urkullu con Fagor Electrodomésticos http://t.co/mXsW2LRDFA vía @username		]]></document>
	<document><![CDATA[Estimado Felipe de Borbón y Grecia http://t.co/4dIVLQgsva vía @username		]]></document>
	<document><![CDATA[Facebook admite que los adolescentes cada vez usan menos la red social http://t.co/IIy814OsDo vía @username		]]></document>
	<document><![CDATA[K país! RT @username: Y #Google salva la inspección de Hacienda en #España tras pagar 1,9 mill € más en impuestos http://t.co/NMcxf40css		]]></document>
	<document><![CDATA[Al fin sentido común! Carme Junyent: 'Que s'acabi aquesta comèdia de desdoblar en masculí i femení' http://t.co/FUiWVRtCB2 vía @username		]]></document>
	<document><![CDATA["Si cree que la educación es cara, pruebe con la ignorancia" Derek Bok, President of Harvard University 71-91 #ErasmusRIP		]]></document>
	<document><![CDATA[Que se mantengan las becas Erasmus para universitarios que no reciben la beca general #ErasmusRIP http://t.co/a5IM37R7MT vía @username		]]></document>
	<document><![CDATA[Una maravilla, el Bolero de Ravel desde las entrañas de la LSO @username -  http://t.co/nsoHeE3gi3 #siempremusica		]]></document>
	<document><![CDATA[+1  RT @username: Me gusta esta campaña: #NoALaMedicalizacionExcesiva http://t.co/e7JhKKHmh2		]]></document>
	<document><![CDATA[Canal 9, el caos en el que se perdieron 1200 millones de euros http://t.co/KF2oUAAtuS vía @username		]]></document>
	<document><![CDATA[Vergüenza de país! "Bárcenas siempre delinquió, el PP nunca"  vía @username http://t.co/v3eOtyVkJP		]]></document>
	<document><![CDATA[Acabo de recibir @username y tengo una copa de vino en la mano. ¡Noche la que me espera! #simequereisirse		]]></document>
	<document><![CDATA[@username tu si que sabes, maestro!		]]></document>
	<document><![CDATA[“@username: Bankia utiliza niños refugiados para vender cuentas de ahorro. #denúncialo #changeorg http://t.co/ghk93i8O5j”		]]></document>
	<document><![CDATA[Metariendome estoy “@username: Metagenial @username en su columna hoy en @username http://t.co/tmQGkY1SCb #gatoencerrado”		]]></document>
	<document><![CDATA[La empatía nos salva d la selva. Lectura obligada "Cuentos verdaderos" en Yorokobu, http://t.co/ToXtModwnG #sisepuede		]]></document>
	<document><![CDATA[El Gobierno lleva a la quiebra a ciudadanos y empresas con sus leyes retroactivas http://t.co/mEORUYWdu0 vía @username		]]></document>
	<document><![CDATA[La estupidez de mentir en la era Internet: Europa confirma que el presupuesto español para Erasmus aumentará un 4,2% http://t.co/pVVF7nvKnp		]]></document>
	<document><![CDATA[Ke país! Manuel Rivas: "La sentencia del Prestige deja sabor de injusticia" vía @username http://t.co/7AuVyjOcbj		]]></document>
	<document><![CDATA[De Matonismo califica El País a Fernández de CUP. Pero Telefonica/Rato es su principal accionista. Matonismo de quién?http://t.co/U9jxE4wW8T		]]></document>
	<document><![CDATA[Pantalones contra el fanatismo http://t.co/89DXtk6znV vía @username		]]></document>
</author>