<?xml version="1.0" encoding="UTF-8" standalone="no"?><author id="user98">
	<document><![CDATA[Acaba de publicar una foto http://t.co/FOMG1ODI		]]></document>
	<document><![CDATA[@username es una cochinada		]]></document>
	<document><![CDATA[@username mejor que te regalen una patada o seaaa		]]></document>
	<document><![CDATA[Por fin terminaron las cantidades industriales de comida!		]]></document>
	<document><![CDATA[¿Es mi imaginación ó estoy de malas?		]]></document>
	<document><![CDATA[@username ????eso es huevo!		]]></document>
	<document><![CDATA[@username Jajaja goei siempre que voy por ti te sales en pj porque te da hueva vestirte y ahora "not cool" ¿quién fue por ti? Jajaja		]]></document>
	<document><![CDATA[Aquél que dijo "al corazón se llega por la panza" claramente no conocía al ego.		]]></document>
	<document><![CDATA[Ustedes siempre niéguenlo todo		]]></document>
	<document><![CDATA[@username menos a Ori, te faltó decir.		]]></document>
	<document><![CDATA[@username oh hay que dar el roll por cada uno :)		]]></document>
	<document><![CDATA[@username jajaja te dije que apagues tu cel y no entiendes, eso te pasa por echar la cuba en el monumento a la nación.		]]></document>
	<document><![CDATA[Niñas quieren ir a comer @username y @username o ya tienen plan?		]]></document>
	<document><![CDATA[@username yei, a las 3 donde siempre va?		]]></document>
	<document><![CDATA[@username quieren que pase por Uds.?		]]></document>
	<document><![CDATA[@username si, perfecto también viene papo ;)		]]></document>
	<document><![CDATA[@username cómo llegas de una a la otra?		]]></document>
	<document><![CDATA[Me estoy muriendo, por si se lo preguntaban.		]]></document>
	<document><![CDATA[Bocos EVERYWHERE!		]]></document>
	<document><![CDATA[Que se enferme la gente con abuelitas que los apapachen, yo qué.		]]></document>
	<document><![CDATA[@username jajajaja no puedo con eso, para ya o ven y compruébalo por ti misma		]]></document>
	<document><![CDATA[@username jajajajaja no puedo con eso tampoco, mejor para la próx rosca, no vaya a ser que te salga muñequito.		]]></document>
	<document><![CDATA[@username tranquila amiga...		]]></document>
	<document><![CDATA[Dime si lanzas indirectas por Twitter y te diré quién eres. C.c @username....		]]></document>
	<document><![CDATA[@username tienes área legal? Tipo medio tiempo?		]]></document>
	<document><![CDATA[@username va yo recomiendo pero Comisión jajajaja		]]></document>
	<document><![CDATA[@username ya me dijo @username estoy por confimar :)		]]></document>
	<document><![CDATA[Princi acabo de ver esto, me ofendes @username http://t.co/MJqmjkrK		]]></document>
	<document><![CDATA[@username Jajaja yo tmpoco me acuerdo o no me quiero acordar... Retráctate soy caballerosa!		]]></document>
	<document><![CDATA[Me excedí con el brunch.		]]></document>
	<document><![CDATA[Alguien que me quiera mucho mucho no me quieren traer un encendedor?		]]></document>
	<document><![CDATA[No sé si llamarles jóvenes entusiastas del fútbol mexicano ó... Atepoquiates http://t.co/zWWW4ykt		]]></document>
	<document><![CDATA[@username por eso eres mediocre, por no asumir tus propias responsabilidades jajaja puuuuum!		]]></document>
	<document><![CDATA[@username @username jaja pudo ser peor y lo sabes!		]]></document>
	<document><![CDATA[@username nos timaron pensé que salía en diciembre la peli ;)		]]></document>
	<document><![CDATA[@username creo tipo marzo-abril		]]></document>
	<document><![CDATA[@username yo lo vi y me reí pero soy más exigente que eso, suerte para la prox chavo jajaja		]]></document>
	<document><![CDATA[Es muy neta el ataque de sueño?		]]></document>
	<document><![CDATA[@username la prox semana que Ando con examenes monita		]]></document>
	<document><![CDATA[Es que hago tanto sentido cuando no lo hago.		]]></document>
	<document><![CDATA[Soy la peor combinación de mal carácter y voz de ardilla.		]]></document>
	<document><![CDATA[@username yo a ti, urge vernos :)		]]></document>
	<document><![CDATA[@username te quiero ????		]]></document>
	<document><![CDATA[@username Jajaja pues contesta el teléfono maldito chango rebelde!		]]></document>
	<document><![CDATA[Quiéranlo, no contó con las mismas oportunidades @username http://t.co/UfjxcVuL		]]></document>
	<document><![CDATA[@username yo le enseñé todo lo que tenía que saber de la vida jaja		]]></document>
	<document><![CDATA[Otra vez White Chicks y la sigo amando.		]]></document>
	<document><![CDATA[Yo sigo traumada por culpa del Rey León, Bambi y Dumbo... SAW qué?		]]></document>
	<document><![CDATA[Que malacopa Lance.		]]></document>
	<document><![CDATA[Quiero mucho mucho a @username pero mucho!		]]></document>
	<document><![CDATA[@username pero yo más la vdd :)		]]></document>
	<document><![CDATA[Me siento como el Mosh, estoy a dos de ir a buscarlo y pedirle que me role el auditorio. :(		]]></document>
	<document><![CDATA[Al borde de la neurosis por la bolita roja que sale en el ícono de las llamadas ¿Cómo lo quito?		]]></document>
	<document><![CDATA[Está científicamente comprobado que las camas resuelven tus problemas de cansacio, yo solo me acuesto y pum! Bye sueño.

Porfa muéranme.		]]></document>
	<document><![CDATA[No se cómo odio tanto a EPN, si es tan gracioso.... No la neta si se primero viene la risa y luego me acuerdo de que es Presidente.		]]></document>
	<document><![CDATA[Jajajaja no puedo más @username @username http://t.co/9a8b8598		]]></document>
	<document><![CDATA[En face o la gente se puso  gorda o ya se casó.		]]></document>
	<document><![CDATA[@username es la hora verdad?		]]></document>
	<document><![CDATA[Mujeres: si Pávlov se hubiera encariñado con sus perros, no conoceríamos la Ley del reflejo condicional.

De nada.		]]></document>
	<document><![CDATA[Esta foto se titula "goei tus ojos son verdes" @username @username http://t.co/Wp51LWbt		]]></document>
	<document><![CDATA[Ya, qué pedo con los mocasines blancos?		]]></document>
	<document><![CDATA[Vamos bien estudio sociológico! ????		]]></document>
	<document><![CDATA[Imperdonable.		]]></document>
	<document><![CDATA[@username jajaja ya toda arrugada, que risa que hasta nombre le puse ;)		]]></document>
	<document><![CDATA[Tengo que ponerle a mi cama un botón de expulsión.		]]></document>
	<document><![CDATA[@username Jajajaja mañana será una historia distinta promise		]]></document>
	<document><![CDATA["Las ya clásicas"		]]></document>
	<document><![CDATA["El verso cae al alma como el pasto al rocío".		]]></document>
	<document><![CDATA[Dra. en hacer doctorados :(		]]></document>
	<document><![CDATA[El peor mood del mundo, abandonen el barco!		]]></document>
	<document><![CDATA[@username porque estás todo menso !!!!!!		]]></document>
	<document><![CDATA[Te odio @username me dejaste con dos ebrios @username y @username , te vas a ir al infierno!		]]></document>
	<document><![CDATA[Andan muy ocurrentes, ojalá plantearan sus tuits un poco más elegantes para poder darles RT.		]]></document>
	<document><![CDATA[@username amo tu avatar, siento que eres un dude que sabe de qué está hablando Jajaja		]]></document>
	<document><![CDATA[Tengo hambre, pueden irse a dormir en paz.		]]></document>
	<document><![CDATA[El único control que la gente debería buscar es el autocontrol.		]]></document>
	<document><![CDATA[@username luego luego malpensando de mi va goei vaaaaa		]]></document>
	<document><![CDATA[@username en tu caso un autosape		]]></document>
	<document><![CDATA[@username decido que no te la comas.		]]></document>
	<document><![CDATA[@username Jajaja no sucumbas pequeño corazón		]]></document>
	<document><![CDATA[No más Guolverin porfa, ya me duele la panza de la risa.		]]></document>
	<document><![CDATA[Los voy a extrañar taaaaaanto, buen viaje @username @username traiganme una sorpre (comida), que se vea que saben que no me merecen.lqm		]]></document>
	<document><![CDATA[Es un abuso perder los audífonos diario.		]]></document>
	<document><![CDATA[@username ay ajá sancho no conozco 1		]]></document>
	<document><![CDATA[@username pues siguiendo el razonamiento de Sancho tu eres una niñita horrorosa jaja		]]></document>
	<document><![CDATA[@username te quiero feisita!		]]></document>
	<document><![CDATA[@username jamás, yo más! Puuuunto!		]]></document>
	<document><![CDATA[En un mundo paralelo el Apocalipsis Maya sucedió y hoy no es mi primer día de clases.		]]></document>
	<document><![CDATA[Va a ser el peor semestre ever! Ya las extraño @username @username @username #fml		]]></document>
	<document><![CDATA[@username @username @username por burra :(		]]></document>
	<document><![CDATA[Es muy neta mi salón? Mejor que me den clase en donde guardian el trapeador y las cubetas http://t.co/e2U3WSXl		]]></document>
	<document><![CDATA[@username es "la cobacha"		]]></document>
	<document><![CDATA[Total que me di el puente.		]]></document>
	<document><![CDATA[Estar a dos de flanear, luego  retractarte solo para descubrir que es muy tarde y terminar flaneando.		]]></document>
	<document><![CDATA[Aquellos que leen ¡Hola! y Quien, ¿Se habrán percatado de que la vida es muy corta?		]]></document>
	<document><![CDATA[@username entonces te cago yo :(		]]></document>
	<document><![CDATA[Quien inventó el término "fashionably late" era un naco, sépanlo.		]]></document>
	<document><![CDATA[Hola Flacco ;) j		]]></document>
	<document><![CDATA[Felicidades Flacco, vales mil		]]></document>
	<document><![CDATA[Perdón me robó el cel un albañil ebrio de coca light.		]]></document>
</author>