<?xml version="1.0" encoding="UTF-8" standalone="no"?><author id="user431">
	<document><![CDATA[Espero que las colaboraciones de Marant ahora sí les queden chavos, porque afrontemoslo no todos podemos medir 185 y ser lánguidos.		]]></document>
	<document><![CDATA[Hoy camine con un recogedor en la mano, obvio con la seguridad como sí llevara una bolsa vuitton.		]]></document>
	<document><![CDATA[Sí dices frases como: ombligo de semana o viernes chiquito, fallaste como ser humano pensante y evolucionado.		]]></document>
	<document><![CDATA[A mi no me escogen los hombres, yo escojo a los hombres. @username Cartier HD http://t.co/0xMyyIxWJk		]]></document>
	<document><![CDATA["@username: "Algunas personas sueñan con piscinas, yo sueño con closets." - Audrey Hepburn" Dulces sueños		]]></document>
	<document><![CDATA[La moda, los santos y mis recuerdos. http://t.co/MduknT81j0		]]></document>
	<document><![CDATA[En orden de aparición: Home Interiors (Texas) Guerrero, Marruecos, Chiapas y Guatemala. http://t.co/J66R5fplMv		]]></document>
	<document><![CDATA[Creo que poco a poco va quedando, mi orden dentro del caos. http://t.co/y76bsNEsXi		]]></document>
	<document><![CDATA[El edificio más alto de 1900 http://t.co/mHcDBFXBcb		]]></document>
	<document><![CDATA["@username: Muy él, muy en su papel: http://t.co/dWy8ag5Ngu @username #iLook #looks4love" :O muchas gracias y me sonrojo		]]></document>
	<document><![CDATA[La moda también es arquitectura. http://t.co/RbLZ7d9mBf		]]></document>
	<document><![CDATA[Me sonrojo con la foto, pero es mi mejor look, gracias @username http://t.co/z5mcCbRwab		]]></document>
	<document><![CDATA[Quiero todos los accesorios y toda la ropa de Shasa #dijonadienunca		]]></document>
	<document><![CDATA["@username: Y una simple y bonita frase por el tercer aniversario luctuoso de #Saramago: "Siempre acabamos llegando a donde nos esperan"."		]]></document>
	<document><![CDATA[Escribir en @username (sólo por invitación) es muy padre (sólo por invitación) http://t.co/zT4z94yWQc (sólo por invitación)		]]></document>
	<document><![CDATA[En la gustada sección, me visto a obscuras y soy muy viejo para vestirme como chaviza:  http://t.co/Y5SNXuNzqD		]]></document>
	<document><![CDATA[Un mini discurso sobre como veo mi profesión http://t.co/OaRfMvSkMd		]]></document>
	<document><![CDATA[Yo no vi estos looks http://t.co/n4f428RDMm pero como sí vi el mío se los comparto.		]]></document>
	<document><![CDATA[Que bonito el espotifai que tiene a blink 182, de las canciones cuando era chavo		]]></document>
	<document><![CDATA["@username: La gente buena se vuelve CABRONA porque se cansa de tanta CHINGADERA. #NadaMasQueLaVerdad" cierto muy cierto		]]></document>
	<document><![CDATA[Sí a la boda a la que vas, los amigos del novio son: el güero Velazco y Ernesto Laguardia. La novia se casó con la mejor amiga.		]]></document>
	<document><![CDATA[Termine muy mal! Entre @username y @username me van a terminar matando http://t.co/w6G5lnLagY		]]></document>
	<document><![CDATA[¿Se acuerdan del capitulo en donde Daria se queda en un bunker con comida pero sin abrelatas? Esa es mi situación actual		]]></document>
	<document><![CDATA["@username: Paris, 1928 http://t.co/v7UREnLdkp" ya me vi haciendo esa pose		]]></document>
	<document><![CDATA[Decoración 101 en http://t.co/OaRfMvSkMd o ¿cómo quedó mi pequeño comedor?		]]></document>
	<document><![CDATA[El orden dentro del caos.                    http://t.co/OaRfMvSkMd http://t.co/mx22Uxckfr		]]></document>
	<document><![CDATA[Hoy llevó mis zapatos viajeros y mi cuello verde Peter Pan. @username Glorieta De Bosques Del Lago http://t.co/xiV7IcXvBe		]]></document>
	<document><![CDATA[El tráfico es como Santa Claus, son los papás.		]]></document>
	<document><![CDATA[Lean el post sobre mis sillones gemelos http://t.co/OaRfMvSkMd		]]></document>
	<document><![CDATA[El afrancesamiento mexicano. http://t.co/gyHAQL9RKp		]]></document>
	<document><![CDATA["@username: Photo: Mr. Impecable @username http://t.co/PgGVUCmT5g" así seré de viejito "Perfecto".		]]></document>
	<document><![CDATA[Ya se que está mal dormir 14 horas, pero que bonito se siente.		]]></document>
	<document><![CDATA[No mamiur que 1995 fue hace 18 años. *corre a sumergirse en crema antiedad*		]]></document>
	<document><![CDATA[Flashback al 2004 @username Residencial Villas Del Bosque http://t.co/gYhs0vlKnl		]]></document>
	<document><![CDATA[Pruebas de fe en Tepozotlán @username Antiguo Convento de Tepotzotlán http://t.co/mqqOCYuNln		]]></document>
	<document><![CDATA[El bonito papel picado que le llaman. @username Centro Historico http://t.co/7oZsC60Wrv		]]></document>
	<document><![CDATA[Me gustaría ser un "it boy" mexicano, después recuerdo que eso de arrastrarme nunca se me ha dado #soloenmexico		]]></document>
	<document><![CDATA[Feliz cumpleaños madrina!!! @username es de que te quiero así bien hartísimo :*		]]></document>
	<document><![CDATA[Pues sí está bien de palomitas #titanesdelpacifico sí pagaba mi boleto por verla de nuevo.		]]></document>
	<document><![CDATA["@username: amanecer en la Ciudad de México, con perfecta vista a los volcanes:
http://t.co/Tj8TDsyizQ" es bien bonito México		]]></document>
	<document><![CDATA[Sólo porque me veo bien guapo! http://t.co/mn25AtJwPf		]]></document>
	<document><![CDATA[Señoras metiéndose en las filas, por que son mujeres! sí querían voto e igualdad no se metan! todos parejos!		]]></document>
	<document><![CDATA[Vintage glamour @username Inglot México http://t.co/mKrJxPdfCo		]]></document>
	<document><![CDATA[¿Sabían qué? estas tarjetas libretitas las llevaban las señoritas en sus vestidos para anotar con… http://t.co/XoAGnSV6Ao		]]></document>
	<document><![CDATA[¡De repente apareció un clutch de cocodrilo en mi casa! http://t.co/vQOT9eoIyD		]]></document>
	<document><![CDATA[¿Alguien sabe de un buen peletero en la colonia Roma?		]]></document>
	<document><![CDATA["@username: Las personas que somos de sangre fría, sin duda somos las que tenemos los sentimientos más reales." ¡Se los dije!		]]></document>
	<document><![CDATA[Jamás haré pedazos mi espejo, así jamás dejaran de sufrir mi altivez.		]]></document>
	<document><![CDATA[presumir qué sigues crudo o en la peda, es como presumir que fumas, comes azúcar en exceso o saturas de colesterol tus arterias. #notnice		]]></document>
	<document><![CDATA[Las ventajas de un gobierno que ve hacia afuera http://t.co/E7swz0lTEx		]]></document>
	<document><![CDATA[La tecnología deja atrás las cargas pesadas del cine http://t.co/pflwEM6FCG vía @username cc @username		]]></document>
	<document><![CDATA[sorpresa mañanera ver en @username a @username @username @username @username y a @username  http://t.co/RmKiWTcCXO		]]></document>
	<document><![CDATA[¿es real qué hay una copia de Justin Bieber llamado Austin Mahoe? #virgencitaplis exterminalo		]]></document>
	<document><![CDATA[Como alguna vez dijeron: La torre latino es un mostruo moderno contemplado por construcciones virreinales http://t.co/Y51HPzNlwB		]]></document>
	<document><![CDATA[Les digo qué Dios le da pan al que no tiene dientes http://t.co/xdZq8F2uSC yo sería el mejor hijo de funcionario público "famoso" ;)		]]></document>
	<document><![CDATA[hoy les platico sobre mi fin de semana http://t.co/OaRfMvSkMd recuerden siempre ver hacia arriba.		]]></document>
	<document><![CDATA["@username: Insisto el premio al Pendejo del año es para el jotingo que se tatuó el autografo del árabe. http://t.co/ZwiU87Fui7" :O		]]></document>
	<document><![CDATA["@username: Yo te atrapo. Tú me atrapas para siempre." Lo que quieras puedes pedirme!		]]></document>
	<document><![CDATA[Oficinas corporativas, que parecen hoteles. http://t.co/LW5sCcqgyv		]]></document>
	<document><![CDATA[#virgencitaplis ilumínalo o de plano fulmínalo http://t.co/Z72a0KZ9X6 foto cortesía de @username		]]></document>
	<document><![CDATA[@username debería de tener los derechos para vender los documentales de historia de la moda, son increíblemente buenos.		]]></document>
	<document><![CDATA[@username me odiaras pero creo que JLo se ve mejor, históricamente creo que ella tiene un cuerpo más Dior new look que la otra.		]]></document>
	<document><![CDATA[@username obvio! las chicas que no tienen curvas, no se ven bien en un new look!		]]></document>
	<document><![CDATA[@username no todo les queda! ya las quiero ver en un vestido de sirena, más bien son charales hehehe (sin ofender)		]]></document>
	<document><![CDATA[Felicidades ya somos el país más obeso, ¡superando a USA! ahora si #otrotaquito		]]></document>
	<document><![CDATA["http://t.co/eZDtlwD2yp corren a joven de escuela de ballet por hacer porno" pff sí yo tuviera cuerpazo haría lo mismo (ganan re bien)		]]></document>
	<document><![CDATA[voy a ir a 5 eventos seguidos y vender mary kay, para que en las fotos me pongan "El empresario y socialité Alex Villatoro"		]]></document>
	<document><![CDATA[¿es real que hicieron física o química en telemundo? ¡wakatelas! Dios bendito no hay nada sagrado para ellos #FOQ		]]></document>
	<document><![CDATA[@username Ahhhh no se! pero seguro es un regetonero que ama a pitbull :'(		]]></document>
	<document><![CDATA[Debo confesar que sí fantaseaba con ser maestro en el Surbayan de @username algo así padre de literatura latinoamericana! :'(		]]></document>
	<document><![CDATA["@username: Los 90's regresan y @username te dice cómo llevarlos #Moda http://t.co/lcTw0u1wsd" ;)		]]></document>
	<document><![CDATA[Con mucha imaginación es mi boca de muppet >_<! http://t.co/d7PQZWFsga		]]></document>
	<document><![CDATA["@username: "muchas felicidades por tu bebé, es un niño muy guapo" .... "es niña" .... Todo mal." Done that! >_<!		]]></document>
	<document><![CDATA[@username hehehe obvio! ademas quién les manda a tener hijas tan masculinas, no es nuestra culpa :/		]]></document>
	<document><![CDATA["@username: Típico. Cuando estás ocupado eres la persona más popular del mundo, y cuando no, ni a una junta vecinal te invitan."		]]></document>
	<document><![CDATA[No es mi culpa ser popular y que todo el mundo me quiera http://t.co/uKOmL5jCGX		]]></document>
	<document><![CDATA[hoy tengo una larga cita con la única persona que importa en mi vida @username ;)		]]></document>
	<document><![CDATA[Bien dicen que la comida ayuda a recordar, hoy recordé con camarones al coco, un viaje que hice a Puerto Vallarta  @username		]]></document>
	<document><![CDATA[Sí conocen a un físico presentenmelo, quiero platicar sobre las teorías sobre el tiempo y las otras dimensiones :D		]]></document>
	<document><![CDATA[Los comerciales de Pepsi son como de 1998, sí ese donde cantaba Shakira :/		]]></document>
	<document><![CDATA[@username con seguridad puedes usar lo que quieras ;)		]]></document>
	<document><![CDATA[ciertamente la verdad te hace libre, no feliz pero sí libre.		]]></document>
	<document><![CDATA[En el salón al que vengo, aún tienen mi corte de cabello que usaba en el 2003. http://t.co/FBTUwEPKQe		]]></document>
	<document><![CDATA[Amo mi cabello, pero amo más cortarlo y no sentir nada #500DaysOfSummer		]]></document>
	<document><![CDATA[El pasado - presente - futuro ya está escrito http://t.co/V1XNt2lTT8		]]></document>
	<document><![CDATA[justo antes de ver el videin escribí esto @username http://t.co/OaRfMvSkMd		]]></document>
	<document><![CDATA[Ahhh yo quiero que me VENDAN en matrimonio como en #AmorRealNovela		]]></document>
	<document><![CDATA["Debería haber un ritual para nacer dos veces: remendada, reparada y con el visto bueno para volver a la carretera" Sylvia Plath		]]></document>
	<document><![CDATA[Caí en cuenta que, lo que yo necesito, es un viaje transoceanico.		]]></document>
	<document><![CDATA[Con esta cara los leo ... http://t.co/5ZYQcJp0q7		]]></document>
	<document><![CDATA["La sociedad dice que tu vida no vale nada" http://t.co/4toPdGYLkO		]]></document>
	<document><![CDATA["@username: AYYY ¿Por qué me hiciste tan estúpida para ligar, Dios?" ya somos dos :/		]]></document>
	<document><![CDATA[Pruebas de fe en la ciudad de México http://t.co/lPqlWEjY7F		]]></document>
	<document><![CDATA[el Gran Hotel de la Ciudad de México http://t.co/azmhIycL4h		]]></document>
	<document><![CDATA[Hoy es uno de esos días en los que llego a casa y se me antoja un tempranillo (Alex del futuro seguro tiene una cava)		]]></document>
	<document><![CDATA["You are not pretty, you are regular." Me dice eso y le parto la  cara. #reasonstobepretty		]]></document>
	<document><![CDATA[No saben que me tienen, hasta que me pierden.		]]></document>
	<document><![CDATA[me encargaron un flapper dress! espero quede bien @username  http://t.co/AOs89NkK3Z		]]></document>
	<document><![CDATA[Comisión Nacional de Aguas circa 1900's http://t.co/sIM8g0Vjzj		]]></document>
	<document><![CDATA[Me dijeron: Tú camisa se vería mejor con una corbata con nudo Windsor y le dije este es nudo Windsor. #sinosabesnohables		]]></document>
</author>