<?xml version="1.0" encoding="UTF-8" standalone="no"?><author id="user258">
	<document><![CDATA[Las clases de mates son a prueba de café. Te duermes sí o sí.		]]></document>
	<document><![CDATA[Lo importante en química es la Casubá.		]]></document>
	<document><![CDATA[Gente a la que colgaría. Del cuello,claro, no el teléfono.		]]></document>
	<document><![CDATA[Yo no sería yo en la disco sin mis compañeros de piradas de pinza @username y @username #OsQuiero		]]></document>
	<document><![CDATA[Volver de fiesta y leer Juego De Tronos en el búho. #LOL		]]></document>
	<document><![CDATA[¿Alguna guía de cómo conseguir putas entradas en pista en los conciertos de los grupos que te molan?		]]></document>
	<document><![CDATA[@username ¿y cómo sabes cuándo es el primer día que estarán a la venta? xD		]]></document>
	<document><![CDATA["Cuando el sol no quería salir porque había pasado la noche sin ti".		]]></document>
	<document><![CDATA[Mis conocimientos de química 2+ se reducen a mis conocimientos de química.		]]></document>
	<document><![CDATA[Que alguien me suicide, por favor.		]]></document>
	<document><![CDATA[@username no tengo tiempo ni para eso!! pa que veas cómo voy XDD		]]></document>
	<document><![CDATA[Lunes, días de examen y posterior no hacer nada.		]]></document>
	<document><![CDATA[Coger todos los apuntes de bio y apilarlos bien juntitos en la mesa. Suficiente por hoy.		]]></document>
	<document><![CDATA[@username amandouskas papadopoulos te echo de menos :( cuándo terminas exámenes??? cuándo te veoooo???!!! #LofLLu		]]></document>
	<document><![CDATA[@username jajajajaj ya ves! es una señal del destino XD		]]></document>
	<document><![CDATA[Recuerden... recuerden... 5 de Noviembre.		]]></document>
	<document><![CDATA[@username pues he llegado perfectamente!!! maldito seas XDD la proxima vez no te iras de rositas jajaja mi venganza sera terrible...		]]></document>
	<document><![CDATA[@username @username lu te entiendo más que a la perfección jajajajaja		]]></document>
	<document><![CDATA[Yo soy de los que se lee los 400 mensajes de un grupo de Whatsapp.		]]></document>
	<document><![CDATA[Fan de quien quiera que sea el que inventó el concepto "tetrakis".		]]></document>
	<document><![CDATA[Soy la cosa menos madrileña que existe.		]]></document>
	<document><![CDATA[De tranquis charlando por Whatsapp y la hora de madrugar cada vez más cerca. #NoProblemo		]]></document>
	<document><![CDATA[Risas del estilo "ajajaja" y otras amorfidades.		]]></document>
	<document><![CDATA[Amaré eternamente a quien invente el SujetaMovilesParaCuandoEstásTumbadoEnLaCama.		]]></document>
	<document><![CDATA[El cianuro es mas fuerte que el superglú.		]]></document>
	<document><![CDATA[- Ahora haremos el problema 18. + Tú si que tienes un problema.		]]></document>
	<document><![CDATA[Que lo mejor de una película sea el tráiler. #CosasDeprimentes		]]></document>
	<document><![CDATA[Los de Aranjuez son la polla. Nunca mejor dicho. @username		]]></document>
	<document><![CDATA[Frases como "But she loved it." que traducidas al español son un truño.		]]></document>
	<document><![CDATA["Quiero tanto que vuelva... que dejé la puerta abierta. Dejé las luces encendidas."		]]></document>
	<document><![CDATA[Los gamers conquistaremos el universo. Está clarísimo.		]]></document>
	<document><![CDATA["Pétalos a todos", dijo el profesor de botánica.		]]></document>
	<document><![CDATA[Qué estilo tiene la flor.		]]></document>
	<document><![CDATA[Si Homer Simpson estuviera en mi clase diría: "Nucela, la palabra es nucela".		]]></document>
	<document><![CDATA[Fe es lo que no pueden tener los anémicos.		]]></document>
	<document><![CDATA[Decir algo en silencio. #Concepto		]]></document>
	<document><![CDATA[Testa que siempre está.		]]></document>
	<document><![CDATA[Coge un móvil Android. Ajustes. Acerca del teléfono. Pulsa varias veces en Versión de Android. Flipa.		]]></document>
	<document><![CDATA[VEO FOTOS DE LOS DOS AÑOS DEL BI Y LLOROOOOOOOOOOOO joder me cago en la puta por qué tuvo que terminar TE ECHO DE MENOS		]]></document>
	<document><![CDATA[@username JAJAJAJ yo me he mofado muchisimo también xDDDDD		]]></document>
	<document><![CDATA[@username es de las que duerme 5 horas al día pero el hecho de que se sobe a cada rato es que es narcolépsica.		]]></document>
	<document><![CDATA[Los profesores de química son los únicos que se pueden equivocar en exceso.		]]></document>
	<document><![CDATA[No sé si reír, llorar o sobar.		]]></document>
	<document><![CDATA[@username jajajajaja es que lo ha dicho el!!! "espero no equivocarme en exceso" y yo como NO PUEDE SEERR JAJAJAJA		]]></document>
	<document><![CDATA[Es entonces cuando ves cómo la suerte ensancha su sonrisa y se ríe en tu cara, en tu puta cara.		]]></document>
	<document><![CDATA[Pereza, muérete lo antes posible que tengo que estudiar.		]]></document>
	<document><![CDATA[Levantarte con mucha sensación de responsabilidad y que después de comer te abandone vilmente.		]]></document>
	<document><![CDATA["Denunciastes" y otras marhuendadas. #L6Noche		]]></document>
	<document><![CDATA[Que en los apuntes de dinámica tenga "cuanto más gordo menos comes" y que no me acuerde de haberlo escrito.		]]></document>
	<document><![CDATA[Madrid la tiene moderadamente dura.		]]></document>
	<document><![CDATA[@username El agua, hombre, el agua... no pienses mal.		]]></document>
	<document><![CDATA[Spotify, tú que haces que la mitad de las canciones que me salen sean en alemán, ¿¡estás insinuando algo!?		]]></document>
	<document><![CDATA["Que algo sea legal no quiere decir que sea justo".		]]></document>
	<document><![CDATA[Tildes como las de "Te encantó" que ciertamente marcan la diferencia.		]]></document>
	<document><![CDATA[Frambueso.		]]></document>
	<document><![CDATA[Empezar una clase de biología con la frase: "Esto es relativamente cierto".		]]></document>
	<document><![CDATA[El que inventó la palabra "indusio" tenía que ser canario por cojones.		]]></document>
	<document><![CDATA[El profe de mates blandiendo la muleta cual espada.		]]></document>
	<document><![CDATA[¡Callaos hipoglúcidos!		]]></document>
	<document><![CDATA[El verbo "recular".		]]></document>
	<document><![CDATA[http://t.co/lfHPn9PDKu JAJAJAJA me mofo mazo. Entre esto y quien chupaba un martillo en el Leroy Merlín... #DobleMoral #ElMejorHashtag		]]></document>
	<document><![CDATA[Salir un viernes de clase a las 11.45. #Gustazo		]]></document>
	<document><![CDATA[La suerte del tú impersonal. El escudo de los adjetivos no acabados.		]]></document>
	<document><![CDATA[De esto que sueles salir bien en las fotos que no se te ve la cara.		]]></document>
	<document><![CDATA[De esto que llevo una hora y cuarto dando vueltas en la cama sin poder dormir. Y mañana examen.		]]></document>
	<document><![CDATA[@username animo martaaaaaa!!! tu puedes con eso y con mucho más que ya me lo has demostrado jajajaj :P		]]></document>
	<document><![CDATA[Nunca me cansaré de decir que si Peeta Mellark es panadero, hace pan de peeta.		]]></document>
	<document><![CDATA[Qué oportuno es que mi profe de mates.hable de cotorras...		]]></document>
	<document><![CDATA[@username y su arte conceptual contemporáneo en mis apuntes de matemáticas. http://t.co/tWJTucz2FI		]]></document>
	<document><![CDATA[De esto que a tu mejor amigo le dicen de Cambridge QUE LE VAN A HACER UNA ENTREVISTAAAAAAAAAAAAA. No se puede ser más puto amo @username		]]></document>
	<document><![CDATA[@username @username cuidadito que me ofendo XD		]]></document>
	<document><![CDATA[En Programación hablando de flujos.		]]></document>
	<document><![CDATA[- Estafar millones de euros al pueblo español. Condena: Ninguna. - Tirar una tarta a un político. Condena: 2 años de cárcel. #ThisIsSpain		]]></document>
	<document><![CDATA["La brujería es la salsa que los idiotas vierten sobre el fracaso para ocultar el sabor de su incompetencia". #JdT		]]></document>
	<document><![CDATA[Mala puntería.		]]></document>
	<document><![CDATA["El día que dejemos de creer en la democracia, la perderemos".		]]></document>
	<document><![CDATA[Subir por las escaleras para no soportar ese silencio incómodo en el ascensor.		]]></document>
	<document><![CDATA[No hay mal que por bien no venga, dicen. No hay bien que por mal no venga, será.		]]></document>
	<document><![CDATA[Y se suponía que mañana iba a madrugar para ver el examen de Química... síiii claaaaaaaaaaaaaro.		]]></document>
	<document><![CDATA[Hace 5 minutos habría jurado que abril iba después de mayo. #OleYo		]]></document>
	<document><![CDATA[De esto que mi profe de química va al super y dice "Dame alcohol".		]]></document>
	<document><![CDATA[Los líquidos son incomprensibles.		]]></document>
	<document><![CDATA[La lista de los WiFi a los que te has conectado como prueba de que has viajado.		]]></document>
	<document><![CDATA[Para los más frikis. http://t.co/tb09CUIy5U		]]></document>
	<document><![CDATA[Conversación entre suicidas: - ¿Qué haces este puente? + Tirármelo.		]]></document>
	<document><![CDATA[No es sólo que existan los conceptos "seno" o ángulo "teta", es que todo el día dicen seno de teta. #Viciosos		]]></document>
	<document><![CDATA[Me he inscrito en las primarias abiertas de @username https://t.co/mjmJJxf8ZL #PrimariasEQUO		]]></document>
	<document><![CDATA[Proyecciones de Fischer o cómo mi profesor de química se convierte en El Crucificado bailando la macarena.		]]></document>
	<document><![CDATA[Fan del violinista de Ciu que toca la banda sonora de Star Wars.		]]></document>
	<document><![CDATA[@username lo sé ;) jajajaj es el destino		]]></document>
	<document><![CDATA[La formación en "silla" es más estable. ¿No veis al tío sentado lo cómodo que está? #VallejoFacts		]]></document>
	<document><![CDATA[Esa gente que ve que el metro esta parado, van andando como si nada y se les cierran las puertas en la cara. Esa gente.		]]></document>
	<document><![CDATA[@username Recuerda la imagen final... jajajajaja		]]></document>
	<document><![CDATA[Acabo de ver a WALL*E en Star Wars IV...		]]></document>
	<document><![CDATA[Letra pequeña: fácilmente deprimible.		]]></document>
	<document><![CDATA["El antisistema no es el rastas que rompe una papelera, sino el señor que desmonta el Estado del Bienestar". Qué grande eres, Wyoming.		]]></document>
	<document><![CDATA[Acabo de pillar al violinista de Ciu haciendo playback. #MenudaDecepción		]]></document>
	<document><![CDATA[Daenerys de la Tormenta me hizo replantearme mi opinión sobre la monarquía. Hasta que caí en que era ficción. Claro, tenía que ser ficción.		]]></document>
	<document><![CDATA[Hacer un test sobre qué personaje serías en Juego de Tronos y que te toque Hodor. ESO es molar. Aprended, bitches.		]]></document>
	<document><![CDATA[He aquí la prueba. http://t.co/MPQwAC7RqP		]]></document>
</author>