<?xml version="1.0" encoding="UTF-8" standalone="no"?><author id="user164">
	<document><![CDATA[@username feliz cumple mi querido Coach		]]></document>
	<document><![CDATA[A construir comunidades de aprendizaje con Lynn Skotniysky y grandes coaches @username @username		]]></document>
	<document><![CDATA[Termina la frase "antes de morirme quiero...."		]]></document>
	<document><![CDATA[Como es que en Estados Unidos siempre tiene dinero para guerras y no para educación o salud?!		]]></document>
	<document><![CDATA[Haces lo que te apasiona? Puedes seguir haciendo lo mismo el resto de tu vida laboral?		]]></document>
	<document><![CDATA[Si supiéramos lo poderosos q son nuestros pensamientos, nunca tendríamos pensamientos negativos.		]]></document>
	<document><![CDATA[@username no lo puedo creer es en serio?		]]></document>
	<document><![CDATA[Una competencia básica en cualquier persona es la empatía, algunos líderes lo van perdiendo conforme van creciendo profesionalmente...		]]></document>
	<document><![CDATA[Tu que tan empatico eres?		]]></document>
	<document><![CDATA[Te has puesto a pensar que te detiene a alcanzar tus objetivos? Pereza, conformismo, miedo, inseguridad...		]]></document>
	<document><![CDATA[@username @username @username totalmente de acuerdo! Como anda su voluntad hoy?		]]></document>
	<document><![CDATA[La humildad se enseña o se aprende de manera natural? Se puede enseñar a un líder a ser humilde?		]]></document>
	<document><![CDATA[“@username: Video: La policía de Dubai patrullará zonas turísticas… ¡en Lamborghinis! http://t.co/SVS2NEi79j” @username como ves?		]]></document>
	<document><![CDATA[Tus acciones están encaminadas a lo que realmente deseas en el ámbito laboral?		]]></document>
	<document><![CDATA[@username muchas gracias Coach! listo para otro intercambio de best practices?		]]></document>
	<document><![CDATA[@username cual es la agoré con mejor rendimiento?		]]></document>
	<document><![CDATA[Lo q estas haciendo hoy te acerca al lugar q quieres estar mañana...Walt Disney		]]></document>
	<document><![CDATA[@username no pues arriba de 40 que manera de ventanear mi edad Mr simancas		]]></document>
	<document><![CDATA[Los buenos líderes no permiten que el éxito se les suba a la cabeza, son humildes y trabajan mucho! Ya tu que clase de líder eres?		]]></document>
	<document><![CDATA[@username felicidades!		]]></document>
	<document><![CDATA[#coaching ayuda a impulsar el potencial de las personas y maximizar su desempeño!		]]></document>
	<document><![CDATA[La calidad y dirección de tus pensamientos determina tu futuro...siempre se positivo!		]]></document>
	<document><![CDATA[@username a cual evento vas a ir?		]]></document>
	<document><![CDATA[#rolandgarros 15 días de emoción ya casi empieza!		]]></document>
	<document><![CDATA[@username ese es su torneo ha ganado como los últimos 7 años		]]></document>
	<document><![CDATA[Alguna vez leí: Si nunca has sentido miedo, vergüenza o dolor es porque nunca te has arriesgado. Tan cierto!		]]></document>
	<document><![CDATA[@username efectivamente solo nosotros ponemos limite a lo que podemos alcanzar!		]]></document>
	<document><![CDATA[@username @username @username @username @username Hoy inicia la semana internacional de coaching! #amosercoach		]]></document>
	<document><![CDATA[Como piensas obtener resultados asombrosos sino estas dispuesto a salir de tu zona de confort?		]]></document>
	<document><![CDATA[@username @username @username claro ahí estaré!		]]></document>
	<document><![CDATA[“@username: Elimina de tu vida: http://t.co/JXZ3buhskH” bonito martes		]]></document>
	<document><![CDATA[Impactante tragedia la de Oklahoma  mis oraciones para ellos.		]]></document>
	<document><![CDATA[Porque nos cuesta tanto respetar nuestras diferencias?		]]></document>
	<document><![CDATA[Celebro las diferencias y la originalidad de cada persona!		]]></document>
	<document><![CDATA[No te olvides de quien eres en tu búsqueda de lo que quieres ser y alcanzar. Buenas noches.		]]></document>
	<document><![CDATA[El outplacement te da las herramientas para que tu búsqueda de trabajo sea mas eficiente y te coloques en el menor tiempo posible.		]]></document>
	<document><![CDATA[La búsqueda de trabajo debe tener una estrategia, no solo consiste en enviar curriculums masivamente.		]]></document>
	<document><![CDATA[La estrategia de la búsqueda de trabajo debe incluir una clara segmentación de industrias, tamaño de empresas y cultura organizacional.		]]></document>
	<document><![CDATA[No es lo que pasa en tu vida, lo que importa es como reaccionas ante ello.		]]></document>
	<document><![CDATA[Sólo se dice adiós una vez en la vida, los amigos verdaderos rebasan tiempo, lugar, espacio y todo!		]]></document>
	<document><![CDATA[La búsqueda de trabajo, es un trabajo de tiempo completo. Y el tiempo que tardes en encontrar es proporcional al tiempo que le dediques. #HR		]]></document>
	<document><![CDATA[Pon atención a tu atuendo cuando vas a una entrevista, la ropa es un arma que te define en la entrevista. #busquedadetrabajo		]]></document>
	<document><![CDATA[Tu imagen debe ser coherente a lo que quieres proyectar...alguna vez has visto un abogado con tatuajes? O a un creativo en traje?		]]></document>
	<document><![CDATA[Hombres: no mezclen tanto que al verlos pensemos en un caleidoscopio y no en un ejecutivo. #tipsdeentrevista		]]></document>
	<document><![CDATA[Mujeres: olvídense de ropa sumamente reveladora. Creativos su look no tiene que tener aspecto de me bañe hace 29 días! #tipsdeentrevista		]]></document>
	<document><![CDATA[Que mejor combinación una persona exitosa con buen corazón.		]]></document>
	<document><![CDATA[Nosotros los nobles es la película mexicana más taquillera ...me tarde en verla, me rei muchisimo, la recomiendo muy buena!		]]></document>
	<document><![CDATA["Cuando el objetivo te parezca difícil, no cambies de objetivo; busca un nuevo camino para llegar a el."Confucio		]]></document>
	<document><![CDATA[Ya encontraste hoy un motivo para sonreír? Buen martes :)		]]></document>
	<document><![CDATA[Sabes como crear credibilidad en un nuevo trabajo? 1.- identifica que es importante para tu jefe #newjob #coaching #liderazgo		]]></document>
	<document><![CDATA[2.- Identifica problemas y oportunidades 3.- No abarques mucho enfocate!		]]></document>
	<document><![CDATA[Lo que te dice una mirada nunca lo dirá la boca... #lenguajecorporal		]]></document>
	<document><![CDATA[Hay alguna música que ponga a bailar tu corazón? Detectala y ponla cuando te sientas estresado!		]]></document>
	<document><![CDATA[Tienes la buena costumbre de meditar? Entre los múltiples beneficios esta el mejorar la memoria y aleja el estrés!		]]></document>
	<document><![CDATA[@username @username @username no se les olvide... Hoy nuestra reunión ICF México a las 19:00 hrs en la Universidad de Londres		]]></document>
	<document><![CDATA[Cuando se nos presenta una situación tan inesperada como ser despedido, también nos da la posibilidad de reflexionar...		]]></document>
	<document><![CDATA[Quieres seguir haciendo lo mismo los próximos 20 años de vida laboral? Te apasiona lo que haces?		]]></document>
	<document><![CDATA[Se fue mayo... http://t.co/Ivmq3mm70v		]]></document>
	<document><![CDATA[Ves esto?... http://t.co/iLJZQAu2Nj		]]></document>
	<document><![CDATA[Para que te sirve contratar un Coach? Para potenciar tus competencias a través de conversaciones desafiantes, explorando retos...		]]></document>
	<document><![CDATA[...y desarrollando planes de acción.		]]></document>
	<document><![CDATA[Para los que nos gusta soñar... http://t.co/CbuAOYVMGI		]]></document>
	<document><![CDATA[El trabajo del pensamiento se parece a la perforación de un pozo; el agua es turbia al principio pero luego de clarifica. Proverbio chino		]]></document>
	<document><![CDATA[@username felicidades un logro más, que sigan los éxitos!		]]></document>
	<document><![CDATA[Que harías sino tuvieras miedo?		]]></document>
	<document><![CDATA[Como elegir un buen Coach? Contacts a 2 o 3 antes de elegir uno, la confianza es fundamental para un buen proceso.		]]></document>
	<document><![CDATA[Como seleccionar a un Coach? Fíjate en su formación, y si esta afiliado a alguna organización reconocida. #coaching		]]></document>
	<document><![CDATA[Contratar un buen Coach no garantiza el éxito si tu no estas comprometido  con el proceso. #coaching		]]></document>
	<document><![CDATA[@username no pues al defender el titulo...apuestas?		]]></document>
	<document><![CDATA[@username jajaja si grrrr el América sorprendió pero ahora me repongo vamossss Sharapovaaaa!		]]></document>
	<document><![CDATA["Si dejas salir tus miedos, tendrás más espacio para vivir tus sueños.” Bob Marley		]]></document>
	<document><![CDATA[Una sonrisa es una fuente de milagros...no dejes de sonreír!		]]></document>
	<document><![CDATA[@username @username @username @username @username @username ese Coach Panameño siempre tan sabio ;)		]]></document>
	<document><![CDATA[Que impotencia se siente cuando no puedes ayudar a la gente que quieres.		]]></document>
	<document><![CDATA[Y como ciudadanos, que frustración, coraje y miedo de sentirnos superados por delincuentes.		]]></document>
	<document><![CDATA[Nadal a set de ganar su octavo #RG		]]></document>
	<document><![CDATA[No cabe duda hay música q pone no solo mi cuerpo pero mi cerebro a bailar dopamina pura!		]]></document>
	<document><![CDATA[La gente carismática convence y seduce...sabes porque? Cuales son sus características?		]]></document>
	<document><![CDATA[Caracteristicas de una persona carismática: gran sentido del humor, pasión y entusiasmo que es capaz de transmitir, autoestima alta...		]]></document>
	<document><![CDATA[...saben escuchar e influenciar en los demás. Se te ocurre otra característica? Y tú te consideras carismático?		]]></document>
	<document><![CDATA[Miles de historias... http://t.co/p0a464T8o0		]]></document>
	<document><![CDATA["Me gusta la gente capaz de entender que el mayor error del ser humano, es intentar sacarse de la cabeza aquello q no sale del corazón."MB		]]></document>
	<document><![CDATA[Hoy decido vivir en el presente...a vivir!		]]></document>
	<document><![CDATA[La vida no permite representantes, toma las riendas de tus sueños!		]]></document>
	<document><![CDATA[La meditación es la llave que abre la puerta de los misterios. En ese estado se sumerge en el océano de la vida espiritual. Abdul Baha		]]></document>
	<document><![CDATA[Hoy decido vivir sabiendo dar lo mejor de mi, vibrando en la bondad.		]]></document>
	<document><![CDATA[@username q deportista!		]]></document>
	<document><![CDATA[Cuida tus palabras tienen un efecto en la gente que te rodea y no se olvidan con facilidad...Busquemos tener un efecto positivo!		]]></document>
	<document><![CDATA["Si hay música en tu alma se escuchará en todo el universo" Lao Tzu		]]></document>
	<document><![CDATA[@username trío de guapos!		]]></document>
	<document><![CDATA[Sabías q el olfato es el sentido con mayor memoria? Que olores por ejemplo te remontan a tu infancia? A mi el olor del campo!		]]></document>
	<document><![CDATA[@username y usted que valores ha transmitido en su despacho?		]]></document>
	<document><![CDATA[Los grandes éxitos inician con un sueño... http://t.co/ddvIElsmJd		]]></document>
	<document><![CDATA[Cuando irradiamos lo q somos, esto aparta automáticamente a quienes no tienen nada q aprender de nosotros y atrae a quienes si...R. Bach		]]></document>
	<document><![CDATA[Somos imanes vivientes y atraemos situaciones y personas q están en armonía con tus pensamientos...vigila tus pensamientos!		]]></document>
	<document><![CDATA[Las conexiones mas profundas se dan cuando te muestras vulnerable! #Quenosetepase #leadership		]]></document>
	<document><![CDATA[Los líderes enfrentan lo que los demás evaden #leadership		]]></document>
	<document><![CDATA[Se el tipo de jefe que te gustaría tener!		]]></document>
	<document><![CDATA[Tu decides que tipo de líder eres, no lo define tu empresa, ni tu jefe.		]]></document>
	<document><![CDATA[@username amiga q inspirada, con la mirada o la memoria que ricos son! :)jaja		]]></document>
</author>