<?xml version="1.0" encoding="UTF-8" standalone="no"?><author id="user255">
	<document><![CDATA[«Ok», ha sido elegida como la palabra para respuesta de mensaje de texto más molesta, irritante y agravante que puedas recibir @username		]]></document>
	<document><![CDATA[Esto de pagar el mal humor de los padres sin ser el causante resulta ya cansino y agobiante...		]]></document>
	<document><![CDATA[He pasado una noche de perros, pero valió la pena http://t.co/NhGHvY43hj		]]></document>
	<document><![CDATA[#Elahitadormotiva @username a mi me da muchiisima dentera el ruido de la lima de uñas No lo soporto, solo de recordarlo me dan escalofrios		]]></document>
	<document><![CDATA[Algo suuper embarazoso es llamar al profe mamá o papá #VIÉRCOLES #ElaHITadorTeSigue @username		]]></document>
	<document><![CDATA[Cuando tu móvil suena en clase, el profesor se da cuenta y no sabes si apagarlo o hacerte el tonto para que no te pille @username		]]></document>
	<document><![CDATA[@username @username y aun más embarazoso si le corrijes mal :§		]]></document>
	<document><![CDATA[En Valencia también tenemos puente @username @username		]]></document>
	<document><![CDATA[@username cuando toda la clase queda en hacerle una broma al profesor cuando entre, y lo haces tu solo :@username ¡tierra trágame!		]]></document>
	<document><![CDATA[#ElAhitadorCumple el mio fue uno en el que mi madre me.obligó a invitar a todo el equipo de balonmano, y todos me regalaron lo mismo!		]]></document>
	<document><![CDATA[Pdta: felicidades @username! la tarta tiene una pintaa ;)		]]></document>
	<document><![CDATA[Tengo la manía de tocarme el pelo en clase y cuando estudio #aHITaElJuernes @username,  con razón luego acaba tan sucio! :(		]]></document>
	<document><![CDATA[#mania no usar los mismos bolis para los ejercicios de clase que para los resúmenes que hago para estudiar #aHITaElJuernes		]]></document>
	<document><![CDATA[@username #aHITaTuCiudad 
Yo quiero gritar ¡¡¡Que @username es el amor de mi VIDA!!! Y que llegue ya el verano por favooor!!!!!		]]></document>
	<document><![CDATA[#aHITaTuCiudad ¡Gracias a @username por leerme en @username! FELIZ VIERNEEESS!!!		]]></document>
	<document><![CDATA[Felicidades a @username,  que con su divertida risa nos descoloca a todos. Felices 18 amor!! :* http://t.co/1BTnKOwXQc		]]></document>
	<document><![CDATA[#LDLJesus dos amigas mias estuvieron con mi ex después de mi, y no pasa nada, siempre y cuando no te lo oculten! Pero yo no lo haría #LDLBea		]]></document>
	<document><![CDATA[Si tuiteas mientras estudias suspendes el examen xd @username #ElaHITadorDaSuerte		]]></document>
	<document><![CDATA[@username #TOP5 Ya llevo dos libros dejados a medias de Isabel Allende: La casa de los espíritus y Paula, no soy capaz de acabarlos xd		]]></document>
	<document><![CDATA[Yo probablemente fui mi abuelo, que murió el mismo día que nací yo, pero años antes 
FELIZ VIERNES!! @username		]]></document>
	<document><![CDATA[#UnPresidenteDiferente es lo que hace falta en España, una persona que su prioridad sea mejorar la calidad de vida de los ciudadanos...		]]></document>
	<document><![CDATA[#unPresidenteDiferente "El mejor lenguaje es la Verdad" J.Mujica		]]></document>
	<document><![CDATA[@username #LDLBea Yo los tengo a mis padres, tíos y abuela y no pasa nada! No tengo nada que ocultar
Buenos días ahitadores!		]]></document>
	<document><![CDATA[@username pasaría 24h comiendo distintos tipos de chocolate, o besando a @username
Feliz Martes aHitadores! #ElaHITadorTeSigue		]]></document>
	<document><![CDATA[A mi me lo quita la vecina de arriba que tiene insomnio y oigo sus pasos y los muelles de la cama ¡¡cada vez que se mueve!! @username		]]></document>
	<document><![CDATA[@username depende de cómo te sientas con esa persona, p.ej. mi novio y yo nos liamos desde la primera cita y vamos a hacer dos años juntos		]]></document>
	<document><![CDATA[Conejito recien nacido. http://t.co/4lgLss9NK4 so #cuuuuutee		]]></document>
	<document><![CDATA[@username en 10 años con la carrera acabada, trabajo e independizada...jajajja ah no que estamos en España, olvidadlo ;)		]]></document>
	<document><![CDATA[Nunca creí que fuera a vivir la abdicación de un rey de España, pero hoy he dejado de creer para ver.		]]></document>
	<document><![CDATA[Esto sí puede ser el fin de la monarquía en España...		]]></document>
	<document><![CDATA[@username quizás no es el momento de apuntar lo que hice mal		]]></document>
	<document><![CDATA[#HITFMOREO Fibrados, no es necesario parecer un curasan o que no puedas cerrar los brazos, lo importante es cuidarse y hacer ejercicio!!		]]></document>
	<document><![CDATA[@username tu si que vales mi vida, hacer estos esfuerzos por mii TE AMOO!!		]]></document>
	<document><![CDATA[Que te nombren #falleramayor 3 días antes de selectivo #notieneprecio,da ánimos para sacar lo mejor de mi en las PAU gracias @username		]]></document>
	<document><![CDATA[Queridos fabricantes de fundas de móviles: TAMBIÉN EXISTE GENTE QUE NO TIENE UN IPHONE, ASÍ QUE HACED FUNDAS GUAYS PARA EL RESTO, GRACIAS.		]]></document>
	<document><![CDATA[#HitFmOreo SÍ si mantienes una juena relación puedes comunicarte y si no, cotillear y molestar jajaj		]]></document>
	<document><![CDATA[#HitFmOreo BARBA si la llevan cuidada y arreglada, no mola nada pincharse cada vez que te acercas		]]></document>
	<document><![CDATA[#HitFmOreo AFEITADO si no son capaces de cuidarse la barba, mejor que se la quiten, yo quiero una cara suave!		]]></document>
	<document><![CDATA[@username pero quieres volver,reconócelo ;)		]]></document>
	<document><![CDATA[Poner el pasapalabra los últimos 15 min y que Paco se lleve el bote
 http://t.co/uLKDUPxSmW		]]></document>
	<document><![CDATA[3 días para volver a la realidad...		]]></document>
	<document><![CDATA[Lo mejor de la rutina es volver a escuchar a @username y @username en @username ??????		]]></document>
	<document><![CDATA[#PintoEnElaHITador lo primero es quitarse los tacones antes de entrar para no despertar ni al perro, y darse una buena ducha! @username		]]></document>
	<document><![CDATA[#ElaHITadorMotiva lo más típico es "tonto el que lo lea",  "apunta" en el baño de tíos y los nombres de los escritores jajaj @username		]]></document>
	<document><![CDATA[#delicious "@username: Sin palabras. Quien no quiere una docena así de rosas? http://t.co/e9blmqSAPQ"		]]></document>
	<document><![CDATA[#aHITaMiDedayuno lo mejor es el café o yogur con las tostaditas con tomate y un zumito de fruta! #ojalaalguienmelohiciese @username		]]></document>
	<document><![CDATA[#aHITaMiDesayuno con la compañía de @username y @username en @username ???? feliz martes!		]]></document>
	<document><![CDATA[@username #aHITaMiDesayuno con tostadas con tomate y zumo de naranja! ????		]]></document>
	<document><![CDATA["@username: Las parejas que beben alcohol juntos suelen tener relaciones más duraderas. http://t.co/GL9f9WQXQz" ya sabes @username		]]></document>
	<document><![CDATA[#aHITaElOtoño en Valencia no es difícil, seguiremos teniendo días de gran sol y calor en los que podremos hasta ir a la playa! @username		]]></document>
	<document><![CDATA[#aHITaElOtoño seguir usando ropa de verano aunque tengas que ponerte medias y rebequitas! Jajajaj @username		]]></document>
	<document><![CDATA[@username @username @username miliquituli camatuli la potinga la se fue a la ética poética sinfónica ????		]]></document>
	<document><![CDATA[@username saltar a la comba, el sambori, el "horóscopo", "chocolate", el conejo de la suerte...Había tantas cosas con las que entretenerse		]]></document>
	<document><![CDATA[#ElaHITadorMotiva el mejor juego era cualquiera porque cultivaba nuestra imaginación y no estaba ligado a la tecnología...Feliz martes!		]]></document>
	<document><![CDATA[@username pobre vieja! Pobre gato! Pobre punta del zapato! ????????		]]></document>
	<document><![CDATA[@username felicidadeees! Un pajarito ha filtrado que era yu cumple así que desde tu oyente n1 de @username feliz cumplee!		]]></document>
	<document><![CDATA[@username @username de nada guapa! disfruta de tu día! ????????????????????		]]></document>
	<document><![CDATA[#aHITaElCumpleBea @username mi peor cumple fue uno en el que mi padre no sabia que era mi cumple ???????? #traumaaaa jajaajja que va! Jeje		]]></document>
	<document><![CDATA[Leer la #Intro de un libro de hace casi 300 años y que suene tan actual, me hace reflexionar sobre la involución de la raza humana.		]]></document>
	<document><![CDATA["Tratado de los delitos y de las penas", Marqués de Beccaria. Totalmente recomendable para todos los públicos ????		]]></document>
	<document><![CDATA[Disfrutando de una noche estupenda en #lafonteta #vivanlasfallas		]]></document>
	<document><![CDATA[@username #ElaHITadorEspabila A mi también me gustaría vibir en la época romana, quiero aprender a luchar cómo las espartanas!!????????		]]></document>
	<document><![CDATA[#aHITaElFinde me fijo en la manera de moverse y actuar, en cómo utiliza sus puntos fuertes o no...Feliz Viernes! ????		]]></document>
	<document><![CDATA[#ElaHITadorEspabila un buen soplo de aire fresco por la mañana! Sal al balcón y veras como el fresquito te despierta!jeje Feliz martes ????		]]></document>
	<document><![CDATA[#ElaHITadorTeSigue A mi me pasa el caso contrario, me cuesta convencerlos de que no saltan conmigo!!????Feliz miernes en valencia! @username		]]></document>
	<document><![CDATA[#ElaHITadorTeDucha la peor catástrofe en la ducha es que estés tranquilamente duchandote con agua caliente y se vuelva friaaa!! @username		]]></document>
	<document><![CDATA[Pero también, ducharte en la uni y que el chorro sea tan fuerte que te haga daño! Uff #ElaHITadorTeDucha @username		]]></document>
	<document><![CDATA[La pena es que me haya dado cuenta tan tarde de lo poco que me querías...y quererte tanto ????		]]></document>
	<document><![CDATA[Como mil agujas presionando mi pecho, como un huracán llevando mi alma de lado a lado, como la muerte. Pero más amarga, porque es en vida.		]]></document>
	<document><![CDATA[Gran noche junto a grandes personas. Os quiero #FM2015 #vicepresi and company http://t.co/7yW4HdvF4Q		]]></document>
	<document><![CDATA[@username si es que todos hablamos latín evolucionado...		]]></document>
	<document><![CDATA[#ElaHITadorEspabila @username  dejar mil indirectas en las redes sociales pero hacerse el pasota en persona. Feliz lunes!! ????????		]]></document>
	<document><![CDATA[#QueLeDenAlLunes hoy entro mas tarde a la universidad pero tuve que levantarme a las 6 para hacer mi última práctica de coche... @username		]]></document>
	<document><![CDATA[Después de un finde de locura toca volver al caos semanal #comeon #Ánimo a por el lunes! Lo http://t.co/ULCFELRiWe		]]></document>
	<document><![CDATA[#ElaHITadorPorqueSi Esto sólo se vive una vez en la vida! Esa me vale todo el año de fallera mayor jeje		]]></document>
	<document><![CDATA[@username en la tienda ????		]]></document>
	<document><![CDATA[#ElaHITadorDespierta dormirme por unos minutos con mi novio y que llegue mi madre y me diga:oye cariño, ¿no es tarde para q esteis aquí? 1am		]]></document>
	<document><![CDATA[@username en mi clase hay, pero no va jajaj		]]></document>
	<document><![CDATA[A veces sienta genial cambiase los papeles ????		]]></document>
	<document><![CDATA[#ElaHITadorTrabaja yo preferiría visora de series en sofá, o viajadora a gastos pagados...jejeje @username		]]></document>
	<document><![CDATA[@username claroo, pero existe de verdad? Jajaj		]]></document>
	<document><![CDATA[#ElaHITadorMotiva "abstenerse de selfies" en los baños...ahí lo dejo jaja		]]></document>
	<document><![CDATA[Odio subir al tranvia y asfixiarme de maría ????????		]]></document>
	<document><![CDATA[@username por mi perfecto ????
Es un honor jeje		]]></document>
	<document><![CDATA[#AmoraHITadero es que no le importe dejar a sus colegas y sus juegos cuando le necesitas...#truelove ????????		]]></document>
	<document><![CDATA[Es #AmorHITadero cuando nada más importa si el esta contigo, cuando sin él tu vida pierde el sentido...#AccionPoetica		]]></document>
	<document><![CDATA[@username la mia mola más jum! http://t.co/Br4hg7FHKX		]]></document>
	<document><![CDATA[No queda nada ???? #proclamacion #nervios #ilusión #2015 http://t.co/3o2UtQQ8uO		]]></document>
	<document><![CDATA[¿A qué sabes? Participa y descubre qué sabor te define https://t.co/rSQw9j4K7u		]]></document>
	<document><![CDATA[Otra semana de locura... #comeon!		]]></document>
	<document><![CDATA[@username Ten en cuenta la diferencia de intereses y de formas de pensar.  Yo tenía 14 y él 19, lógicamente buscábamos cosas diferentes.		]]></document>
	<document><![CDATA[#1añoaHITando Felicidades a @username y @username por su aniversario de madrugones en @username   ????????????????		]]></document>
	<document><![CDATA[@username @username @username Mil gracias Beaa! Besines????????		]]></document>
	<document><![CDATA[Cuando no te da tiempo ni a comer ni a cambiarte al venir de la recogida de premios y volver a la ofrenda #TelepizzaEmergencia		]]></document>
	<document><![CDATA[@username @username @username oh godness @username no dijiste muchachada, es el fin del mundo? Jeje ????		]]></document>
	<document><![CDATA[#ElaHITadorMotiva En la uni, contra los pesados de los folletos: 
-Hola, ¿tienes un momento?
-No..., lo siento que pierdo el tranvia.		]]></document>
	<document><![CDATA[Estos días en los que no sabes si abrigarte más o menos y acabas pasando calor y frío te pongas lo que te pongas...???????? #fuckoff		]]></document>
	<document><![CDATA[Un FAV por esos mosquitos que me pican en las manos y me joden todo el día ????		]]></document>
	<document><![CDATA[Un trabajo a tiempo completo en el que estás siempre de guardia...		]]></document>
	<document><![CDATA[Sin móvil, otra vez. Mierda de reparación.		]]></document>
</author>