<?xml version="1.0" encoding="UTF-8" standalone="no"?><author id="user397">
	<document><![CDATA[Estoy sufriendo con el partido de Belgrano, como si lo q viene a las 21.15 no me alcanzara #VamosLaAcade!		]]></document>
	<document><![CDATA[Bien el Pirata, ahora a sufrir un poco mas con #LaAcademia		]]></document>
	<document><![CDATA[Grande Saja.. casi Teo! :/		]]></document>
	<document><![CDATA[@username al menos no va a ser Sigali el que lesione a #Teo		]]></document>
	<document><![CDATA[Los defensores empiezan a hacerme temblar :(		]]></document>
	<document><![CDATA[Se gano, se goleo, y #Teo sigue siendo el tremendo goleador de siempre.. 14 goles en 18 partidos.. sobran las palabras..		]]></document>
	<document><![CDATA[@username y de rata xD (yo lo hago, no se malinterprete)		]]></document>
	<document><![CDATA[@username tenes cara de huevo en la foto de perfil (?		]]></document>
	<document><![CDATA[@username Toranzo un poco impreciso, Pata Castro hizo un partidazo también.		]]></document>
	<document><![CDATA[@username no tengo conexión directamente con BB + Claro :S alguna idea de la razón?		]]></document>
	<document><![CDATA[Que grande Landriscina en @username !		]]></document>
	<document><![CDATA[@username excelente nota a kusturica! impecable como siempre xD		]]></document>
	<document><![CDATA[@username jajaja dieguito! @username es un procer para nosotros! pero ademas la nota fue buenisima xD		]]></document>
	<document><![CDATA[@username hay un par mas que merecen comer banco unos partidos		]]></document>
	<document><![CDATA[Ciclo de charlas CAChe!'12: lunes 11/06, a las 14hs en sala Smith #FaMAF - "Razonando vulnerabilidades con SMT Solvers", por Pablo Sole		]]></document>
	<document><![CDATA[Los nuevos directores de #YPF
http://t.co/NgFo0bg6		]]></document>
	<document><![CDATA[El lunes, #RichardStallman en la #UNC http://t.co/SAy30L2b		]]></document>
	<document><![CDATA[@username che sos un embole como twittero, tenes menos actividad.. :P		]]></document>
	<document><![CDATA[@username te estaba por escribir que no lo quemes xD		]]></document>
	<document><![CDATA[@username si esto sigue asi, te pago todas las fechas para que twitees los partidos de racing :D		]]></document>
	<document><![CDATA[@username jaja, esa frase me hace acordar a Passarella xD		]]></document>
	<document><![CDATA[Que mal acechará al mundo después de un jugadón de Pillud? :S		]]></document>
	<document><![CDATA[@username gol de los dos líricos: Messi en el Camp Nou, Aquino en el Kempes :P		]]></document>
	<document><![CDATA[@username espero que no sea al revés tambien :S		]]></document>
	<document><![CDATA[@username terrible la última pelota de Iniesta		]]></document>
	<document><![CDATA[a ver si Velez y Newells se juegan con un empate ahora xD		]]></document>
	<document><![CDATA[@username otro para la Wikipedia,los editores no dan a basto xD		]]></document>
	<document><![CDATA[@username vos te das cuenta el tormentón que se vino? además nadie dijo que era en TU casa xD		]]></document>
	<document><![CDATA[@username ah la m... eso si es limpieza profunda :P		]]></document>
	<document><![CDATA[@username pensé que te iba a ver en la joda del DC! :-/ y a veces hace falta una bueeena limpieza..		]]></document>
	<document><![CDATA[@username uhh.. me intriga y me suena a que tenemos que tener una charla extendida.. cuando quieras ;)		]]></document>
	<document><![CDATA[@username nop, te dije que vengas xD		]]></document>
	<document><![CDATA[@username buenisimo, a poner fecha y hora nomás!		]]></document>
	<document><![CDATA[@username a los 4' gana Racing 1 - 0. Hauche la picó después de un regalo de la defensa de River		]]></document>
	<document><![CDATA[@username a los 8 gol de chilena de Rojas. 1 - 1.		]]></document>
	<document><![CDATA[@username voy a la gorra!		]]></document>
	<document><![CDATA[uy, que lástima, otro gol de Quilmes xD #ChauRojo		]]></document>
	<document><![CDATA[@username estamos en la misma patito, además ahora se vienen 90 minutos de tensión..		]]></document>
	<document><![CDATA[@username Hugo ''el carnicero'' Barrientos #JugadoresAdoptados		]]></document>
	<document><![CDATA[@username shh.. no nos quejemos a ver si lo pone a #Sand. Y #Pelle para cuando? :-/		]]></document>
	<document><![CDATA[@username No creo que nadie espere algo de Sand, salvo que se vaya ja. El barba jugó bien contra River, y alguna jugada aislada con camora		]]></document>
	<document><![CDATA[@username si, pero somos #RacingClub, tenemos que sufrir o no sirve.		]]></document>
	<document><![CDATA[@username aunque sufriendo, con paciencia todo llega finalmente :D		]]></document>
	<document><![CDATA[@username la pucha que vale la pena ser de #Racing		]]></document>
	<document><![CDATA[vamos pibe! @username un poco de vida para el ST...		]]></document>
	<document><![CDATA[Qué esperamos para poner a Fariña? 10 contra 10 diría que es el momento... :/		]]></document>
	<document><![CDATA[Sin palabras.. Todo de @username		]]></document>
	<document><![CDATA[@username Fue centro de Cámpora, vale igual :D		]]></document>
	<document><![CDATA[@username si, vende humo ema.. si no es de la B, es xq cuando Riber necesitó un DT Almeyda le puso el pecho, no él..		]]></document>
	<document><![CDATA[@username nos están intentando hacer entender algo? no se nota..		]]></document>
	<document><![CDATA[@username @username no lo vi al partido, pero no le ganamos más a nadie..		]]></document>
	<document><![CDATA[@username @username si hay que poner a 11 Pilluds lo hacemos..  somo' todo' cervecero' el viernes!		]]></document>
	<document><![CDATA[@username así juega un plantel de 30000000? creo que la está pifiando zubeldía		]]></document>
	<document><![CDATA[El fantasma de la B viene asomando ¬¬		]]></document>
	<document><![CDATA[@username hoy puede ser el dia donde le encuentre el verdadero sentido a la vida jaja		]]></document>
	<document><![CDATA[@username debés tener la mandíbula acalambrada también, digo de tanto reirte este finde xD		]]></document>
	<document><![CDATA[Qué resultado hace falta en las eliminatorias para que #indesingente tenga esperanzas de salvarse?		]]></document>
	<document><![CDATA[@username tuvieron la chance de no pasar vergüenza anoche, ver el descenso por TV.. ahora que se la aguanten xD		]]></document>
	<document><![CDATA[@username si te los llevabas anoche, conservaban la dignidad.. ahora te los vas a llevar enfrente de todos..		]]></document>
	<document><![CDATA[@username o porque el paso que ''sale por inducción'' no sale por inducción :P		]]></document>
	<document><![CDATA[@username algún link para ver los fuegos artificiales?? no pude ver nada! =/		]]></document>
	<document><![CDATA[Que jugador impresionante @username!		]]></document>
	<document><![CDATA[@username ese es tu mejor argumento?		]]></document>
	<document><![CDATA[@username es un crack		]]></document>
	<document><![CDATA[@username lejos el mejor.. Punto :D		]]></document>
	<document><![CDATA[Termino la fiesta de #LaAcademia.. Partidazo de @username a esperar el final y la sudamericana ahora		]]></document>
	<document><![CDATA[Vamos rojo que se puede, estas en 1ra todavia.. (por 45' mas) hoy #TeBas y no volves mas..		]]></document>
	<document><![CDATA[En el estadio de colon recien sonaba el tema #TeBas.. Telefono para el rojo xD		]]></document>
	<document><![CDATA[@username se fueron alentando ;) que lindo verlos asi		]]></document>
	<document><![CDATA[@username creo que @username te cerró la boca dos minutos dps de tu tweet con el otro informe jaja		]]></document>
	<document><![CDATA[@username nos vendieron el pescado podrido peor que a Lanata con Sand xD		]]></document>
	<document><![CDATA[@username ah, yo pensé que se iban de pesca ¬¬		]]></document>
	<document><![CDATA[Ay #Rosita tus jugadores prefieren jugar en primera, así que cruzan la vereda.. una pena xD		]]></document>
	<document><![CDATA[@username ahora @username  en Libero!		]]></document>
	<document><![CDATA[@username deja que la jefa @username se ocupe de sus cosas ;)		]]></document>
	<document><![CDATA[@username jajaja claro, tenés que ponerte las pilas xD		]]></document>
	<document><![CDATA[Nievels se descongela de a poco..		]]></document>
	<document><![CDATA[@username van 42 mins ahora según el reloj de Fox		]]></document>
	<document><![CDATA[@username jajajaja la verdad me da igual, al Tata lo banco, pero nievels es amigo del rosita ¬¬		]]></document>
	<document><![CDATA[@username sin dudas! pero guardo nervios para los partidos de la Acade xD		]]></document>
	<document><![CDATA[@username generamos nervios por defecto nosotros jaja		]]></document>
	<document><![CDATA[@username tenes menos prediccion que @username xD		]]></document>
	<document><![CDATA[@username con ayuda de JRR, no le quites mérito..		]]></document>
	<document><![CDATA[@username el gallego Méndez tampoco vale		]]></document>
	<document><![CDATA[@username @username @username era cantado, aunque hay que reconocer que si se quedan Vietto, Centu, Zucu y De Paul es un logro		]]></document>
	<document><![CDATA[@username @username @username con un par de refuerzos (un 3 por favor!), que se que pelle y los pibes nos ilusionamos de nuevo!		]]></document>
	<document><![CDATA[@username @username escuchen esto jaja https://t.co/kTQDNyGhw8		]]></document>
	<document><![CDATA[@username pinta aburrido al principio, pero se re comen la cancha los amargos jaja		]]></document>
	<document><![CDATA[@username no te la puedo creer lo que estamos errando		]]></document>
	<document><![CDATA[@username @username el pibe Melillo no les recuerda un poco a uno que usa la 26 en la espalda? ¬¬		]]></document>
	<document><![CDATA[@username @username @username @username tenemos material de sobra ;)		]]></document>
	<document><![CDATA[La misma sanción para Saja por entrar con su hijo a la cancha en un amistoso, que para el pisotón mala leche de Ponzio.. ay ay ay..		]]></document>
	<document><![CDATA[@username que grande el pibe! igual, es hora que Zubeldia deje de llorar y empiece a armar con lo que tiene, que no es poco..		]]></document>
	<document><![CDATA[@username el problema son los caprichos. Despues estamos 5 fechas sin ganar y otra vez se nos pasa el torneo		]]></document>
	<document><![CDATA[@username se inauguró la temporada de penales 2013-14 en la cancha de independiente		]]></document>
	<document><![CDATA[@username si, eso mas la estrategia de la camiseta.. atrae muchos hinchas de unión, estudiantes y los andes, por ejemplo ¬¬		]]></document>
	<document><![CDATA[@username @username buen comienzo! que lindo es un gol de Zucu, y que Pelle sea el 5 y cumpla como siempre!		]]></document>
	<document><![CDATA[@username @username ah si, pasa que no soy de mirar categorías mas bajas :P		]]></document>
	<document><![CDATA[@username @username estaba a punto de ponerles que nos sigue faltando un 3 :S		]]></document>
	<document><![CDATA[Abuelas restituyó la identidad del nieto 109 http://t.co/HHmcD5a4OT		]]></document>
</author>