<?xml version="1.0" encoding="UTF-8" standalone="no"?><author id="user3">
	<document><![CDATA["La Europa postsoberana". Recomendable artículo de Fernando Vallespín el @username http://t.co/o1912jme		]]></document>
	<document><![CDATA["Una crisis larga, aterradora y aburrida". Recomendable artículo de Timothy Garton Ash en @username http://t.co/QMalPVF1		]]></document>
	<document><![CDATA[Los líderes de la UE vuelven a reunirse tras sellar un acuerdo sin Reino Unido http://t.co/Kh7tQk8R vía @username		]]></document>
	<document><![CDATA[El primero y el tercer mundo, las dos caras de una misma moneda #Reflexionando		]]></document>
	<document><![CDATA[Urdangarín cobró 300.000€ de dinero público por una oficina ficticia a través de Aizoon,propiedad al 50% de la infanta http://t.co/tzc7Ki8S		]]></document>
	<document><![CDATA[El Rey aparta a #Urdangarín por su comportamiento no ejemplar http://t.co/KeJeJe6e		]]></document>
	<document><![CDATA[@username propondrá a Alfonso Alonso como portavoz del Grupo Popular en el Congreso vía @username http://t.co/EVcqJF9K		]]></document>
	<document><![CDATA[Jesús Posada presidirá el Congreso de los Diputados http://t.co/F35ptbTU		]]></document>
	<document><![CDATA[Rajoy no sorprende y Pio García Escudero será presidente del Senado		]]></document>
	<document><![CDATA[Derroche de poderío mediático http://t.co/cmQpMGYb		]]></document>
	<document><![CDATA[Derroche de poderío mediático de @username http://t.co/cmQpMGYb		]]></document>
	<document><![CDATA[Vídeo: Juicio Trajes. Camps se declara "absolutamente inocente" http://t.co/Bb682Av0		]]></document>
	<document><![CDATA[Europa sin Gran Bretaña. Recomendable artículo de Jordi Vaquer en @username http://t.co/JT7TdClf		]]></document>
	<document><![CDATA[Empieza en este momento la décima legislatura de la democracia española		]]></document>
	<document><![CDATA[Algo se muere en el alma cuando un amigo se va...#juicioacamps		]]></document>
	<document><![CDATA[Merkel sentencia al Ibex vía @username http://t.co/rCdemmGq		]]></document>
	<document><![CDATA[Mientras el #paro golpea sin cese,los políticos miran de soslayo obcecados en sus propias aspiraciones. #Gallardón http://t.co/b0uRWOI1		]]></document>
	<document><![CDATA[Francisco Correa se acoge a su derecho a no declarar #gürtel vía @username http://t.co/JvmLgdLn		]]></document>
	<document><![CDATA[Oficialmente la Sexta y Antena 3 acuerdan su fusión		]]></document>
	<document><![CDATA[Explosiona un artefacto casero junto al Estadio Olímpico de la Cartuja http://t.co/jPGPbLrk vía @username		]]></document>
	<document><![CDATA[Los farmacéuticos de Castellón también secundan la huelga de tres días http://t.co/QNN7WruA vía @username		]]></document>
	<document><![CDATA[Marcelino Oreja: 'Europa está huérfana de personalidades' http://t.co/u5Sq6qxJ vía @username		]]></document>
	<document><![CDATA["Las cintas revelan el compadreo de la trama #Gürtel con el PP valenciano". Portada de mañana de @username.  http://t.co/JEwbYivs		]]></document>
	<document><![CDATA[Costa aporta un extracto de su cuenta con el que dice que pagó un traje. Las Provincias http://t.co/uKJ2lzQV vía @username		]]></document>
	<document><![CDATA[Putin se prepara para cerrar la red a la oposición - ABC.es http://t.co/XfC8BQbu via @username #Rusia		]]></document>
	<document><![CDATA[Marruecos advierte de que no permitirá la #pesca de la #UE a partir de medianoche http://t.co/i5XoRRPL vía @username		]]></document>
	<document><![CDATA[#Garzón niega de nuevo que pidiera patrocinio al Santander para financiar sus cursos en Nueva York http://t.co/kYhnha97 #Supremo		]]></document>
	<document><![CDATA[Noticia triste para el #periodismo.#France Soir, que llegó a publicar 7 ediciones diarias, deja de pubicarse en papel. http://t.co/b0uRWOI1		]]></document>
	<document><![CDATA[Fracasan las negociaciones pesqueras para la flota de la #UE en Mauritania #pesca vía @username		]]></document>
	<document><![CDATA['El Bigotes': 'Ni mi empresa ni yo regalamos trajes a los 4 imputados' http://t.co/qbP6tTPv vía @username		]]></document>
	<document><![CDATA[La Bolsa cierra su primera subida de la semana animada por la subasta de deuda http://t.co/vO4wzZZQ vía @username		]]></document>
	<document><![CDATA[El 'nuevo pelo' de #HilarioPino hace furor en la Red http://t.co/w5bbNBh8 vía @username		]]></document>
	<document><![CDATA[Ventajas económicas y políticas de tener grupo parlamentario #Congreso. 28.597 euros al mes y voz propia http://t.co/z8Ryv9Xx vía @username		]]></document>
	<document><![CDATA["¿Tienes alguna cosa pendiente de enviar al señor Camps?" http://t.co/zbYYoA1H		]]></document>
	<document><![CDATA[Mensaje de 2009 recibido en el móvil de 'El Bigotes': medidas sr. #Camps, americana 54 pantalón 48 http://t.co/8oJdVepn vía @username		]]></document>
	<document><![CDATA[#Zapatero y #MaRajoy se reunirán mañana en #Moncloa / Antes de la #investidura http://t.co/uRuuZvuC vía @username		]]></document>
	<document><![CDATA[El #FMI, sin noticias de #España http://t.co/GnuLuNJh vía @username		]]></document>
	<document><![CDATA[@username Resulta bochornoso escuchar este tipo de grabaciones...#juicioacamps		]]></document>
	<document><![CDATA[@username la mejor tuitera del congreso #ComLoc 2011		]]></document>
	<document><![CDATA[Una de las 3 reinas del #mercado amenaza de nuevo. Standard & Poor's baja la nota de 10 entidades financieras españolas http://t.co/pda9cUci		]]></document>
	<document><![CDATA[@username @username @username Lamentable que la corrupción alcance a políticos, banqueros, miembros de la Casa Real...		]]></document>
	<document><![CDATA[@username Como dijo el escritor italiano Giovanni Papini, "el dinero es el estiércol del diablo".		]]></document>
	<document><![CDATA[Parece que ser que #Amaiur no contará con grupo parlamentario propio. vía @username		]]></document>
	<document><![CDATA[La Casa del Rey intentó en 2007 poner en orden los negocios de Urdangarin | Política | EL PAÍS http://t.co/F3La30N3 vía @username		]]></document>
	<document><![CDATA[El 10% del mayor contrato al duque de Palma acabó en su empresa privada | Política | EL PAÍS http://t.co/fLmtX8EI vía @username		]]></document>
	<document><![CDATA[La Casa del Rey obligó a #Urdangarin a salir de #Nóos porque se lucraba http://t.co/WBMfBJwq vía @username		]]></document>
	<document><![CDATA[Fabra anuncia un plan de apoyo para emprendedores y pymes para enero http://t.co/8ivgHKar vía @username		]]></document>
	<document><![CDATA[La inversión gallega en #Novagalicia se queda en la mitad de lo previsto http://t.co/vVqyr0hQ vía @username		]]></document>
	<document><![CDATA[El Gobierno valenciano estudia personarse en el ‘caso Palma Arena’ #Undangarin http://t.co/tMiOSVjg vía @username		]]></document>
	<document><![CDATA[#Urdangarin pedía a las empresas un 'canon anual' http://t.co/Rh55w0sK vía @username		]]></document>
	<document><![CDATA[Las primeras medidas del Gobierno #discursorajoy #investidura http://t.co/2NzDxHmU vía @username		]]></document>
	<document><![CDATA[@username anuncia #recortes 'en todo' salvo en #pensiones #discursorajoy #investidura http://t.co/hYyYVGUp vía @username		]]></document>
	<document><![CDATA[La documentación acredita los 12 trajes a nombre de #Camps. #casotrajes #gürtel   http://t.co/JvmLgdLn vía @username		]]></document>
	<document><![CDATA[@username @username Y tanto...En breve se retoma la sesión del sexto día del juicio a #Camps. #casotrajes		]]></document>
	<document><![CDATA[El #Gobierno alemán elogia las medidas anunciadas por Rajoy: http://t.co/jznFpCLt		]]></document>
	<document><![CDATA[El subdelegado de Castellón deja la puerta abierta a liderar el PSOE de la provincia http://t.co/AN9Bdr2K vía @username		]]></document>
	<document><![CDATA[Los catalanes deberán pagar un euro por receta a partir del 1 de enero http://t.co/HgMZPsRa vía @usernameís		]]></document>
	<document><![CDATA[La que se avecina el el @username. Sí al #debate de ideas que han suscrito algunos dirigentes socialista. Se necesita una #oposición fuerte.		]]></document>
	<document><![CDATA[El @username necesitará, pese a la #mayoriaabsoluta, el apoyo de #CIU, que ha querido comenzar la legislatura marcándole ya la pauta.		]]></document>
	<document><![CDATA[Rajoy alarga la espera de algunos ministrables por miedo a chivatazos http://t.co/Mq9FVqoW vía @username		]]></document>
	<document><![CDATA[Más leña al fuego. #Urdangarin también intentó hacer negocios con consellers de ERC durante  tripartito http://t.co/dNwPjJBP vía @username		]]></document>
	<document><![CDATA[Villalobos quiere controlar la 'cámara' http://t.co/uxfQ6BzA vía @username		]]></document>
	<document><![CDATA[Ximo Puig reclama al @username que se reconcilie con los ciudadanos de la Comunidad http://t.co/LQ9YNZ1G vía @username		]]></document>
	<document><![CDATA[Un Gobierno de amigos y fieles. Por @username vía @username http://t.co/URzvFHvj		]]></document>
	<document><![CDATA[Los trece #ministros de #Rajoy juran su cargo ante el rey: http://t.co/GFJw2AhG #nuevogobierno		]]></document>
	<document><![CDATA[A #CarlosFabra le vuelve a tocar la lotería http://t.co/NEWwH70l vía @username		]]></document>
	<document><![CDATA[#DeGuindos deja sus cargos en #Endesa y Banco Mare Nostrum ...#nuevogobierno vía @username http://t.co/RyOIrbPr		]]></document>
	<document><![CDATA[Pajín y Moratinos se suben al carro de #muchopsoeporhacer...¿Dónde están los políticos de partido? http://t.co/B1GuoTfP		]]></document>
	<document><![CDATA[¿El Rey hará referencia al #casourdangarin en el "tradicional" discurso navideño? #discursodelrey. Hagan sus apuestas...		]]></document>
	<document><![CDATA[@username Ni a comer el día de #Navidad...Pero la felicitación por parte de los duques de Palma estuvo fuera de lugar, y fue consentida...		]]></document>
	<document><![CDATA[@username Es cierto, aunque implícitamente sí que podría hacerlo, tal y como lo hizo el Principe Felipe		]]></document>
	<document><![CDATA[El Rey asegura que la justicia es igual para todos. #discursodelrey		]]></document>
	<document><![CDATA[¿Qué os ha parecido la foto del Rey junto a Zapatero y @username? #discursodelrey		]]></document>
	<document><![CDATA[El estupor de #Occidente. Por Francisco G. Basterra http://t.co/q3ROIAMl vía @username		]]></document>
	<document><![CDATA[#Zapatero no considera "desleal" el manifiesto #muchopsoeporhacer. Vía @username http://t.co/q4nUmFJw		]]></document>
	<document><![CDATA[De Guindos confirma que la #economía volverá a entrar en #recesión http://t.co/oCu5UoeM vía @username		]]></document>
	<document><![CDATA[El #sastre José Tomas: Álvaro me dijo 'Jamás se te puede escapar que estos señores no pagan'. #trajes #Gürtel http://t.co/gmHwN7oX		]]></document>
	<document><![CDATA[Donde dije digo, digo diego.El alcalde de Manises le dice ahora al juez que no tiene ninguna papeleta premiada http://t.co/kJnxkseE #emarsa		]]></document>
	<document><![CDATA[#Sueldos congelados en 2012 en el sector del #metal de #Castellón http://t.co/S3h981m0 vía @username		]]></document>
	<document><![CDATA[Las 12+1 claves de los 12 #trajes  http://t.co/Oo4sNolE #Camps #Gürtel vía @username		]]></document>
	<document><![CDATA[@username Muy recomendable tu artículo. Triste, pero real. La ilusión se desvanece como acuarela en el agua.		]]></document>
	<document><![CDATA[Dónde estarán los #exministros del @username esta #legislatura #política #españa http://t.co/LELzuE1B		]]></document>
	<document><![CDATA[Este viernes les toca el turno de #huelga a los trabajadores de #Renfe. Vía @username http://t.co/TLbkYck0		]]></document>
	<document><![CDATA[Esperamos que #Aznar cambie hoy el rostro que lució ayer en la toma de posesión de los nuevos secretarios de Estado. http://t.co/EvQ7go2f		]]></document>
	<document><![CDATA[#Rubalcaba da un paso hacia delante y presentará el jueves su #candidatura #congresoPSOE. vía @username http://t.co/HRPIOOdi		]]></document>
	<document><![CDATA[Recomendable. #Ana Botella, de 'novata' a #alcaldesa de #Madrid en ocho años y medio http://t.co/KRDOQPtV vía @username		]]></document>
	<document><![CDATA[#Rubalcaba: "No podemos ser una #izquierda conservadora porque si no al final nos ganarán los #conservadores"		]]></document>
	<document><![CDATA[#Rubalcaba apuesta por ceder soberanía nacional a #Europa		]]></document>
	<document><![CDATA[#Rubalcaba hace un guiño al #15-M al insistir en que hay que "cambiar el modelo de la #democracia actual"		]]></document>
	<document><![CDATA[#Rubalcaba:"Necesitamos un partido nacional,que vertebre España y hable con la misma voz,y hemos de  reconocer que se nos ha olvidado" @username		]]></document>
	<document><![CDATA[#Cambio y nuevo equipo en el @username implica nuevas caras y pensar en el interés de #España, no en intereses partidistas y personalistas		]]></document>
	<document><![CDATA[@username Debería haberse marchado, ahora supone un obstáculo. No puede hablar de #renovación un político de la vieja guardia del @username		]]></document>
	<document><![CDATA[Guindos justifica la subida del IRPF en las condiciones impuestas por Bruselas  http://t.co/816BgdF7 vía @username		]]></document>
	<document><![CDATA[#Montoro asegura que el #Gobierno tomará nuevas medidas en el #Consejo del jueves vía @username		]]></document>
	<document><![CDATA[@username lanza una #web de apoyo a su #candidatura vía @username http://t.co/H6Y0H2mk		]]></document>
	<document><![CDATA[Cruce de declaraciones en el. #juiciotrajes. Un escolta de #Camps dice que le prestó 200€ para pagar en #Foreveryoung http://t.co/iJ3W3Q41		]]></document>
	<document><![CDATA[#Urdangarin y #Torres se apropiaron de todo el dinero público recibido por #Nóos, 5,8 millones de euros. vía @username #últimahora		]]></document>
	<document><![CDATA[La desaparición de la #publicidad en #RTVE tendría que haberse producido paulatinamente. Ahora, estudian recuperarla. http://t.co/w7QRl2TQ		]]></document>
	<document><![CDATA[Un poco de cordura.#Sanidad no cambiará la #ley #antitabaco para poder #fumar en locales de #ocio vía @username http://t.co/bzZznL9E		]]></document>
	<document><![CDATA[@username @username Qué buena pinta tiene ese roscón!!!		]]></document>
</author>