<?xml version="1.0" encoding="UTF-8" standalone="no"?><author id="user568">
	<document><![CDATA[Tener el mejor promedio no significa ni saber escribir, ni redactar. Chaaaaleeeee		]]></document>
	<document><![CDATA[¿A dónde va Vicente?		]]></document>
	<document><![CDATA[¿Qué dice este hombre? Oigo olas.		]]></document>
	<document><![CDATA[Seguro novio está igual que yo. http://t.co/R1hrCLJmxy		]]></document>
	<document><![CDATA[Exalumnos que me hacen llorar. :')		]]></document>
	<document><![CDATA[@username pos si y no. Luego platicamos.		]]></document>
	<document><![CDATA[Alejandra @username ñom (@username Dulce Mío Confitería - @usernamedulcemiomx in Zapopan, Jalisco w/ 2 others) https://t.co/4hZX5EARXv		]]></document>
	<document><![CDATA[Ver la palabra "Méjico" y morir un poco.		]]></document>
	<document><![CDATA[Así @username todo el tiempo http://t.co/cL3ggLn5e0		]]></document>
	<document><![CDATA[Buenos días		]]></document>
	<document><![CDATA[@username jue la lluvia u.u lo siento.		]]></document>
	<document><![CDATA[la pura diversión.		]]></document>
	<document><![CDATA[¿Alguien ha visto a @username o a @username? necesito preguntarles algo para salvar mi ego doliente.		]]></document>
	<document><![CDATA[Si descubro que esta variedad es porque me teñí el pelo de azul, CONAPREEEEEEEEED		]]></document>
	<document><![CDATA[La lección titulada "el que da y quita, con el diablo se desquita" jamás la aprendió mi papá.		]]></document>
	<document><![CDATA[Hermosa @username tienes un dm		]]></document>
	<document><![CDATA[Ayer me dijeron que seguro podría hacer otra cosa distinta a dar clases. Y mi mente se quedó en blanco. 

Cha-le		]]></document>
	<document><![CDATA[La cuya me grita pero no se lo significan sus gritos.		]]></document>
	<document><![CDATA[Por lo menos los perros y gatos son un poco más expresivos. Eso, o que es la primera vez que tengo un rodeor punk en mi casa.		]]></document>
	<document><![CDATA[Mi pelo esta pasando a hacer grisverdosoazul y no sé qué pensar de ello…		]]></document>
	<document><![CDATA[Mañana inicio semestre. 

( ._.) 

¿Ya desayunaron?		]]></document>
	<document><![CDATA[Día uno: de vuelta al trabajo y estoy medio muerta. Se me olvida lo cansado que sin los 1ºs días de clase		]]></document>
	<document><![CDATA[Necesito un café irlandés.		]]></document>
	<document><![CDATA[Tengo miedo de mis martes, no sé cómo sobreviviré a ellos.		]]></document>
	<document><![CDATA[Mientras pienso en una estrategia, comeré crema de avellanas… ñom		]]></document>
	<document><![CDATA[Mira @username  a lo mejor así se veía Inna http://t.co/WK7fr4WMTa		]]></document>
	<document><![CDATA[Set de fotos: Leyes y Homofobia… http://t.co/YDALPA7ZNC		]]></document>
	<document><![CDATA[Voy llegando		]]></document>
	<document><![CDATA[chavales, adviertoles, es muy probable que hable de todes a uds en una de mis clases muajaja		]]></document>
	<document><![CDATA[@username la clase se llama "prácticas culturales y espacios sociales" enfocado a la red. jijijijiji entonces pos seguro hablaré de tuiter		]]></document>
	<document><![CDATA[te pintas el pelo azul y te queda morado. :D:		]]></document>
	<document><![CDATA[RT @username: Únete a la Red de Activistas en @username sesiones info 27/ago/14 -2 y 3 pm- http://t.co/ScwrvpTW8l		]]></document>
	<document><![CDATA[Tipo que el "azul" que agarro morado oscuro. Se ve ahorita negro. 

*llora*		]]></document>
	<document><![CDATA[@username lo traía ya decolorado. Era retoque del azul bonis que me puse hace un mes. Es el mismo tinte y pos lo traigo morado. D:		]]></document>
	<document><![CDATA[Lo "bueno" es que mañana podría ir al trabajo con el cabello suelto.		]]></document>
	<document><![CDATA[@username ve, era así justo hace un mes https://t.co/862YQXkwyC y ahora… http://t.co/eltHJ1LnQ6		]]></document>
	<document><![CDATA[En otras noticias, Picchu, la cuya ,se hizo un corte de pelo.		]]></document>
	<document><![CDATA[@username yo no jui. Fue la mujer del saloooon. La misma q me tiñó el pelo hace un mes. D':		]]></document>
	<document><![CDATA[Necesito páginas generadoras de contenido. Ya se me acabaron las ideas y los ejemplos. ¿alguien?		]]></document>
	<document><![CDATA[Buscar en Tumblr "adolescentes" y toparse con una cascada de depresión y notas sobre el suicidio. 

No sé qué pensar de ello.		]]></document>
	<document><![CDATA[¿será que tumblr, al ser menos conocido y usado en español, da pie a decir lo que se siente y piensa más libremente?		]]></document>
	<document><![CDATA[La guerra de los adolescentes por la privacidad en Internet ¿Por qué deberían ser escuchados? »  http://t.co/BUAfdNBPN2		]]></document>
	<document><![CDATA[Me informan que ni a clase media llego. D:		]]></document>
	<document><![CDATA[Convivir 2 minutos con un gato (con acrílico de por medio) y estornudar 6 horas cada 3 minutos. D:		]]></document>
	<document><![CDATA[RT @username: Sí. Así veo yo las cosas también, a veces. http://t.co/cV2bnWLXjI // esas mujeres "desnaturalizadas"		]]></document>
	<document><![CDATA[Hola, queremos deso que comes. http://t.co/AHBbGAIVD7		]]></document>
	<document><![CDATA[neta necesito ayuda, ¿Jenkins o Castells? necesito leer en breve a uno de ellos		]]></document>
	<document><![CDATA[Jenkins será porque yanuncamepinchespelanenestaredsocial		]]></document>
	<document><![CDATA[no una, no dos, tres fueron treeeees!		]]></document>
	<document><![CDATA[@username y por eso mejor una escribe acá… just in case jijiijijiji		]]></document>
	<document><![CDATA[@username ¡pos like!, dime que no fue mi mamá		]]></document>
	<document><![CDATA[De cuando te ponen a leer ejemplos para sacar la hipótesis del autor..		]]></document>
	<document><![CDATA[¿y si ya saqué la hipótesis, creo,  del autor leyendo solo las primeras 4 páginas de 56?		]]></document>
	<document><![CDATA[es que lo demás se repite y se repite, y son ejemplos del ejemplo...		]]></document>
	<document><![CDATA[voy a volver a leer la instrucción de la mayestra, capaz y me estoy equivocando…		]]></document>
	<document><![CDATA[<- pudo meter optativa con la maestría de Desarrollo Humano pero está tomando con laos de Comunicación de la Ciencia y la Cultura xq LOCA		]]></document>
	<document><![CDATA[Entonces, en mi 1ª clase d "prácticas culturales y espacios sociales: ciberculturas" agradecí hacer proy. d intervención en vez d tesis		]]></document>
	<document><![CDATA[alguien alguna vez me dijo que "cultura" es todo aquello que la gente usa, dice y hace.		]]></document>
	<document><![CDATA[Pues no, no me he equivocado. Seguiré leyendo. just in case.		]]></document>
	<document><![CDATA[Algo que está mal es entrar a Petco y que se te antojen unas galletas de mantequilla.		]]></document>
	<document><![CDATA[@username @username ¿qué dijo? Favián, no te entendí.		]]></document>
	<document><![CDATA[@username @username ok *mentalmente busca ejemplos* jmmm		]]></document>
	<document><![CDATA[Esa pinche mala costumbre de llamar por teléfono a la hora de la comida.		]]></document>
	<document><![CDATA[Tengo q ir a explicar el contexto histórico del surgimiento de las ciencias sociales y no he tomado café.		]]></document>
	<document><![CDATA[@username no puedo u.u		]]></document>
	<document><![CDATA[Esa gente…		]]></document>
	<document><![CDATA[Entonces se queda una sin batería en cel, en pleno chisme, porque IPHONE ¬¬		]]></document>
	<document><![CDATA[Primera guerra mundial… tema de la clase a dar en los próximos minutos. Pero no he terminado mi tarea de ciberculturas u.u		]]></document>
	<document><![CDATA[Darse cuenta que, efectivamente, no ajustaste bien tus tiempo y ni de pedo acabarás tu tarea a tiempo ¬¬		]]></document>
	<document><![CDATA[Pinches primeras dos semanas del binomio docente-maestrante. Son un desmadre. u.u bueno, yo. 

Yo ero un desmadre. u.u		]]></document>
	<document><![CDATA[Novio y sus demostraciones de amor… ???? http://t.co/YngyrNDfSK		]]></document>
	<document><![CDATA[¿Alguien ha visto a @username ?		]]></document>
	<document><![CDATA[@username @username  ¿van a venir q mi hogar? @username.@username porque quiero de los torciditos naranjas , de los de bolitas rojos y y y *baila*		]]></document>
	<document><![CDATA[Esos community managers ¡qué impresión!		]]></document>
	<document><![CDATA[Diganle al sr @username  que tiene un diem		]]></document>
	<document><![CDATA[Mire ud @username no pudimos con el antojo. http://t.co/7FxKjTtZ0L		]]></document>
	<document><![CDATA[Ya me quiero dormir -.- y tengo pendienteeeeeeesssss		]]></document>
	<document><![CDATA[@username *aplausos* me gustó, y me gustaría escuchar más :D		]]></document>
	<document><![CDATA[*se vuela*		]]></document>
	<document><![CDATA[pinches salarios		]]></document>
	<document><![CDATA[De cuando te cuestionas si vale la pena todo el trabajo de ser docente. u.u		]]></document>
	<document><![CDATA[No por los plebes, no por las y los estudiantes. Si no por el pinche salario, el desgaste, la subidera de calis a tiempo u.u		]]></document>
	<document><![CDATA[Que llegue el recibo de tu quincena y querer llorar.		]]></document>
	<document><![CDATA[llega el recibo, pero no el pago todavía. u.u		]]></document>
	<document><![CDATA[Cover de Miley Cirus en Bachata. 

No comentarios.		]]></document>
	<document><![CDATA[@username no me interesa q en mi tl aparezca quien favoritió a quién. Gracias cc @username_es		]]></document>
	<document><![CDATA[Perros que no respetan tus límites. ????		]]></document>
	<document><![CDATA[El chihuahua en casa, una sedita; en calle echa pleito a todo mundo.
La corgi un desmadre en la casa; y en calle super bn portada. 
u.u		]]></document>
	<document><![CDATA[Hola soy Inna "Vagancias" Torres, amo a Rex "Chiquito" Torres y me encanta experimentar cn macetas. http://t.co/HkITzJjKAx		]]></document>
	<document><![CDATA[Entonces, llegas a tu hogar ves tus macetas sin plantas y la tierra vaciada en el sillón (por 2ª ocasión) y no sabes si reír, llorar, o qué		]]></document>
	<document><![CDATA[Inna y yo tenemos algún en común, nos gustan las macetas, a mí con plantas y tierra; a ella sin ellas y vacías. ('._.)		]]></document>
	<document><![CDATA[Inna lleva una hora castigada por su variedad en el ÚNICO sillón que tenemos en la sala. Y creo q se quedará otra hora más.		]]></document>
	<document><![CDATA[Esa pinche mala costumbre de culpar a los alugnos de nuestras falencias como docentes.		]]></document>
	<document><![CDATA[Generaciones actuales y generaciones x venir son distintas y presentan retos al docente.1 d ellos bajarse d su pinche pedestal.GET USE TO IT		]]></document>
	<document><![CDATA[Treinta y siete mil uno		]]></document>
	<document><![CDATA[Mas los borrados y la alteridad. o.O		]]></document>
	<document><![CDATA[de cuando te rehusas a formatear  tu disco externo pero que ves que no queda de otra. buaaaaa		]]></document>
	<document><![CDATA[*llora*		]]></document>
	<document><![CDATA[Tuve q formatear mi disco externo y me voy acordando q el diseño d mi tatuaje q me regalaré x mis 29 estaba en disco ahora formateado D:		]]></document>
	<document><![CDATA[La carga vehicular pesada sobre Av. Colón de sur a nte. @username		]]></document>
</author>