<?xml version="1.0" encoding="UTF-8" standalone="no"?><author id="user292">
	<document><![CDATA[Tendré q esperar a q se le pase el efecto de la sopa de hongos		]]></document>
	<document><![CDATA[No me sigan, soy una malvivienta...		]]></document>
	<document><![CDATA[¿Ah verdad? Y luego soy yo la q actúa como atropellada		]]></document>
	<document><![CDATA[Se regalan "gatitos" creen q cantan... Y q atormenta mis oídos con su karaoke
Informes aquí (son como 5)		]]></document>
	<document><![CDATA[Nota mental: no volver a comentar con mi marido sus tuits... prendió la tele  :-/		]]></document>
	<document><![CDATA[Mi vida al lado de Pedro Picapiedra		]]></document>
	<document><![CDATA[@username estamos dormidos ????
Y no, no vamos a ir a la capital... Jajajaja		]]></document>
	<document><![CDATA[Pobres inteligentes sin conciencia... 
https://t.co/tkjFgoa8Tn		]]></document>
	<document><![CDATA[¿Por qué no avisan q ya no debo salir a hacer "jercicio" en mi leotardo cola less?		]]></document>
	<document><![CDATA[@username "ora" sí, perdón pero no entendí  (._. )		]]></document>
	<document><![CDATA[Por favor pónganles en la suya a esos odiosos de Green Bay por favor Ositos ????		]]></document>
	<document><![CDATA[@username "la historia de mi vida" ja		]]></document>
	<document><![CDATA[@username puedo hacer un libro de anécdotas		]]></document>
	<document><![CDATA[Se reduce a inseguridad...		]]></document>
	<document><![CDATA[Jajajaja pues q se la arranque #PosOye		]]></document>
	<document><![CDATA[Green Bay tiodio... Desde hace MUUUUUCHOS años		]]></document>
	<document><![CDATA[Tengo una amiga q utiliza ese método #PorSiOcupan		]]></document>
	<document><![CDATA[TADYATHA OM BEKHANDZYE MAHA BEKHANDZYE RADZA SAMUDGATE SUHA mantra salud/medicina decirlo expulsa espíritus enfermedad/dolor		]]></document>
	<document><![CDATA[Los q vemos cosas q los demás no, muchas veces tenemos q guardar silencio		]]></document>
	<document><![CDATA[Muchas felicidades a tooooooodas las mascotas del mundo mundial ????????		]]></document>
	<document><![CDATA[Hubo más gente en tu fiesta de cumpleaños q en el omnilife		]]></document>
	<document><![CDATA[Hay mas películas en cartelera q gente en el omnilife		]]></document>
	<document><![CDATA[Aquí... Nomas de bocona ????		]]></document>
	<document><![CDATA[Tiene más perros una taquería q gente el omnilife		]]></document>
	<document><![CDATA[Traen más dinero hoy ustedes en la cartera q gente el omilife		]]></document>
	<document><![CDATA[Mil interpretaciones... Una sola verdad		]]></document>
	<document><![CDATA[¿Alguien q quiera q lo lleve al baile? http://t.co/oHzyVqINFu		]]></document>
	<document><![CDATA[Vamos a crear un grupito y seguirnos todos para aburrirnos de lo lindo...		]]></document>
	<document><![CDATA[¿Uno?... 

Es el nombre de un tango		]]></document>
	<document><![CDATA["Tons" no comió NADA la pobre...		]]></document>
	<document><![CDATA[Tengo "algunos" inocentes tuits y no dudaré en usarlos *tono de político en campaña"		]]></document>
	<document><![CDATA[Por cierto, no he visto al "padre" de los inocentes tuits #TúSabesQuiénPasadoEres		]]></document>
	<document><![CDATA[USOS MEDICINALES DE ASHWAGANDHA – MAS AYURVEDA
Creo q voy a necesitar más de un frasco...  http://t.co/auaoxqhCIS		]]></document>
	<document><![CDATA[¿A quien quiere engañar? Otra q nació para la encueradera		]]></document>
	<document><![CDATA[Me gusta cuando se callan y se van a la ver... sión mas corta del mas allá		]]></document>
	<document><![CDATA[Me gusta cuando se callan y se van a la ver... de Antequera		]]></document>
	<document><![CDATA[Me gusta cuando se callan y se van a la ver... ja de la entrada		]]></document>
	<document><![CDATA[Me gusta cuando se callan y se van a la ver... ificación de su auto		]]></document>
	<document><![CDATA[Me gusta cuando se callan y se van a la ver... borreadera  a otro lado		]]></document>
	<document><![CDATA[Jamás estarás más perdid@username como cuando juras q estás en el camino correcto		]]></document>
	<document><![CDATA[#CreoSerLaÚnicaPersona q no está aquí buscando alimentar el ego.
RT si estás de acuerdo, FAV si tú tampoco, fav y RT si mejor me callo		]]></document>
	<document><![CDATA[Amor es no importante servir de pendejo para q te exhiban como tal ante los demás #HeDicho		]]></document>
	<document><![CDATA[Eso quieres, eso tienes		]]></document>
	<document><![CDATA[En persona soy mil veces más adorable
Jajajajajaja me ahogo		]]></document>
	<document><![CDATA[#AlguienSabeSi volverán a vender twinkies de coco? Porque si sí ¡Qué miedo!		]]></document>
	<document><![CDATA[Me gusta cuando se callan y se van a la ver... bena popular		]]></document>
	<document><![CDATA[Me gusta cuando se callan y se van a la ver... dura y a la fruta, sí a eso a comprar frutas y verduras		]]></document>
	<document><![CDATA[... Y se casaron y fueron MUY felices para siempre jajaja
Con todo el karma q traen detrás, lo veo un poco MUY difícil 
¯\_(?)_/¯		]]></document>
	<document><![CDATA[#SoyCapaz de levantarme temprano en lunes y feliz... ¡Vámonos! A q me arrastran los perros ????????		]]></document>
	<document><![CDATA[Día 2 ?¡soxilio!		]]></document>
	<document><![CDATA[Lista para desayunar chilaquiles con 2 huevos estrellados, crema, queso y cebolla; coca cola helada, capuchino y bisquet con mermelada		]]></document>
	<document><![CDATA[@username jajajajaja hasta crees, desayunaré avena instantánea porque gorda ????		]]></document>
	<document><![CDATA[@username todo sea por conservar la salud jajjaja ¡buenos días!		]]></document>
	<document><![CDATA[Tengo toda la colección, los 10 años, tuve una muñeca, usé los zapatos q eran como los suyos y la amé siempre 
MAFALDA ¿y qué?  ¿y qué?		]]></document>
	<document><![CDATA[Ches empacadores y luego no quieren q los odie		]]></document>
	<document><![CDATA[Voy a bajar muchos kilos #PorqueTeTraigoGanas vestido q sólo llegas a la talla 48 ...		]]></document>
	<document><![CDATA[@username JAJAJAJA nocierrrto sicierrrrto jajajahaja		]]></document>
	<document><![CDATA[No he ni comprado el shampoo de cabAllo y ya me creció el cabEllo... Bien raro		]]></document>
	<document><![CDATA[Me gusta Mafalda pero mi cama no "luce" así http://t.co/8oVlBlsukC		]]></document>
	<document><![CDATA[Champú casero para que el cabello crezca: 1 L de champú de caballo 20 pastillas de complejo B 10 ml ... - http://t.co/i1UqAiXXMz		]]></document>
	<document><![CDATA[@username ¿y luego, donde las dejamos? ¿O cómo? Jajaja		]]></document>
	<document><![CDATA[Era una esposa q aprovechaba cuando no estaba su marido para tener dolor de cabeza
 #microcuento		]]></document>
	<document><![CDATA[Capricornio: sólo tú te la crees		]]></document>
	<document><![CDATA[En mi cielo hay suficientes estrellas como para reparar en sus fav's		]]></document>
	<document><![CDATA[Tu hermana, tía, abuela, ¿quién es @username? http://t.co/38cYbrg3DO		]]></document>
	<document><![CDATA[Andar en bicicleta mientras llueve...		]]></document>
	<document><![CDATA[Ustedes no se enamoran de mi porque no me han oído decirle a mi marido "dicen q hay un caos para llegar a casa, mejor métete  a una cantina"		]]></document>
	<document><![CDATA[Tengo ganas de ponerte en la madre y no de dudaré  en usarlas		]]></document>
	<document><![CDATA[@username yo creo q más bien aún no llega		]]></document>
	<document><![CDATA[No me sale tan bien hacerme pendeja como hacer sentir pendejos a los demás		]]></document>
	<document><![CDATA[@username jeje... A veces me brota el código postal ????		]]></document>
	<document><![CDATA[El 2 en 1 ya pasando a la historia ... Ja http://t.co/gHBZ3y4XU1		]]></document>
	<document><![CDATA[Ánimas q puedas salir de tus laberintos		]]></document>
	<document><![CDATA[#EnTwitterNuncaFalta el tuitero "todas mías" panzón, feo y ridículo		]]></document>
	<document><![CDATA[Los únicos números q me preocupan son los del baumanómetro ????		]]></document>
	<document><![CDATA[@username tú decides hasta dónde juegas y hasta dónde te importa ????		]]></document>
	<document><![CDATA[¡Buenos y mojados días!
¡Lo hice! Me levanté temprano y ahora parto (sin dolor) a ser arrastrada por mis perritos ????		]]></document>
	<document><![CDATA[@username no tengo referencias cercanas		]]></document>
	<document><![CDATA[@username del grado de inseguridad		]]></document>
	<document><![CDATA[¡Hoy cumpleaños Ingrid!		]]></document>
	<document><![CDATA[Como la q se creía la flor más bella del ejido. Y elegido había a todos los del ejido pero ninguno a ella ???? pobishita		]]></document>
	<document><![CDATA[Tengo cita hoy con el doc, pero ya sabe q a mi no me puede llamar 
PACIENTE  ????		]]></document>
	<document><![CDATA[... Por fin volverán a comer caliente ja		]]></document>
	<document><![CDATA[Tolerancia sí, paciencia ¡NO!		]]></document>
	<document><![CDATA[Sí quiero una de esas camas ????		]]></document>
	<document><![CDATA[#SabesQueYaDepositaron porque dejan de tuitear		]]></document>
	<document><![CDATA[El día q Twitter tenga voz, te auguro millones de seguidores, sí a ti, a ti mero trabucles		]]></document>
	<document><![CDATA[Lo bien cogida SE NOTA		]]></document>
	<document><![CDATA[Aunque a veces los dejan salir por la boca... Digo		]]></document>
	<document><![CDATA[¿Por qué tengo q ver viejas q me caen mal en mi TL? si sé de su existencia y no las sigo por algo ha de ser 
¡Que se acaben los fav's en TL!		]]></document>
	<document><![CDATA[Así no se puede ????		]]></document>
	<document><![CDATA[¿Trabajando? Eso es explotación infantil		]]></document>
	<document><![CDATA[#EnTwitterNuncaFalta los q se mimetizan para se aceptados		]]></document>
	<document><![CDATA[La hora peligrosa en q a las viejecitas tiernas y dulces como yo nos da sueñito		]]></document>
	<document><![CDATA[Situaciones q no se resuelven con renuncias, tal vez el q venga les resulte peor.		]]></document>
	<document><![CDATA[Sino eres panchera, manipuladora y dramática fracasaste como mamá... De mis hijos		]]></document>
	<document><![CDATA["Y cada vez se la voy a poner peor, ahora quiero q escriba, q recite y... q me ruegue"

Angel de mi Guarda		]]></document>
	<document><![CDATA[Te estás ganando un silenciador		]]></document>
	<document><![CDATA[Buá, me acordé de la niña fantasma de las escaleras ¿nunca se les ha aparecido?		]]></document>
	<document><![CDATA[¿Tengo cara de hacer caridad? 
Ni lo sigo, ni me sigue y me pide votos para quién sabe qué cosa. Tal vez sea q me vio cara de... Ja		]]></document>
</author>