<?xml version="1.0" encoding="UTF-8" standalone="no"?><author id="user527">
	<document><![CDATA[Jajajajajaja ni puta idea de francés! Donde cojones me he metido?		]]></document>
	<document><![CDATA[@username Tu calla y atento a los laboratorios...		]]></document>
	<document><![CDATA[Laboratorio de mecánica de fluidos suena mal eh?  Y al entrar, asustan esas maquinas tan antiguas...Y, joder, que rápido dicta ese hombre!		]]></document>
	<document><![CDATA[Felicidades a @username que va a salir por ahi esta noche. Sin mi claro.		]]></document>
	<document><![CDATA[@username Jajajaja dejate dejate! Que soy un chaval muy responsable.		]]></document>
	<document><![CDATA[Como vais con las drogas en Holanda @username @username @username ? Lo digo porque os estareis hartando. Sin mi.		]]></document>
	<document><![CDATA[@username Todo el santo dia con el culo en volandas...		]]></document>
	<document><![CDATA[Felicidades a @username por su victoria en el debut liguero. Como el Betis, sufriendo. Mmmmmjm		]]></document>
	<document><![CDATA[Mi madre me ha pintado el escudo del Arsenal para decorar mi habitación. #AmordeMadre http://t.co/sDEEr9z7		]]></document>
	<document><![CDATA[@username Y yo... asi tendré 4 nacionalidades!		]]></document>
	<document><![CDATA[Yo conozco a mas de una que encajaría de P. Madre en Gandía Shore. Ahí lo dejo.		]]></document>
	<document><![CDATA["Pues no puedo dormir..." Esto también sirve como escusa para faltar a Materiales.		]]></document>
	<document><![CDATA[@username Pal caso lo mismo es. Jajaja		]]></document>
	<document><![CDATA[@username En la cafetería os espero.		]]></document>
	<document><![CDATA[@username Jajaja cualquier escusa es buena.		]]></document>
	<document><![CDATA[@username Ten cuidado que habla mucho ese hombre...		]]></document>
	<document><![CDATA[¡¿Pero esto qué es lo que es?!		]]></document>
	<document><![CDATA[Que golazo madre mía!		]]></document>
	<document><![CDATA[Ehhh amargados. ¿Habeís probado a escuchar Queen tendidos en la cama? #Denada		]]></document>
	<document><![CDATA[Hola, esto es el lab. de Electricidad. Teneis hora y media para hacer lo que querais. Me paso la clase por el perineo. @username		]]></document>
	<document><![CDATA[@username Un castillo? Siendo filóloga? Donde esta la relación? Mi no entender...		]]></document>
	<document><![CDATA[@username Para comprarte un castillo necesitas dinero. La relación que no veo en tu tweet es la dinero-filologìa		]]></document>
	<document><![CDATA[@username Al saber le llaman suerte...		]]></document>
	<document><![CDATA[No recordaba yo lo que era conectarse a Twitter a través del ordenador. Internet, Bienvenido a mi ordenador.		]]></document>
	<document><![CDATA[El fin justifica los medios.		]]></document>
	<document><![CDATA[@username Yo, yo yoyo. En cuanto te vuelvas, que ya te queda poco.		]]></document>
	<document><![CDATA[@username Yo en los partidos de por la mañana no rindo bien... Asi que da igual si me quedo frito y me harto de botellines hoy!		]]></document>
	<document><![CDATA[@username genial! Si mañana voy medio borracho al partido es por culpa de tus ofertas, bandido! Mmmjmm		]]></document>
	<document><![CDATA[Estoy más feliz de la reaparición de Wilshere que de ganar en Ubrique. #Gunners		]]></document>
	<document><![CDATA[@username Pues te reviento!		]]></document>
	<document><![CDATA[@username Jajaja absolutamente nada que ver!  Jajaja Que grande Blas!		]]></document>
	<document><![CDATA[Sigue en directo el resultado del Chelsea - ManU. @username te lo transmite vía whatsapp. Gracias! mmmjm		]]></document>
	<document><![CDATA[El dinero llama al dinero.		]]></document>
	<document><![CDATA[@username Yo lo llamo "Todos los tontos tienen suerte"		]]></document>
	<document><![CDATA[@username Lo que no puedes hacer es intentar llevar 3 paises por delante: Alemania, Holanda y España		]]></document>
	<document><![CDATA[Se llama siesta... Y los Lunes lo merecen!		]]></document>
	<document><![CDATA[Le François est una mierda como un camión #Ojoaldato		]]></document>
	<document><![CDATA[La vuelta de Amena es el más claro ejemplo de como Rajoy nos lleva al pasado. Si no podemos salir de la crisis, retocedemos en el tiempo.		]]></document>
	<document><![CDATA[@username A ti te es útil pa los moros que están por allí...		]]></document>
	<document><![CDATA[Tenía que haber apostado la cena con @username y no con @username		]]></document>
	<document><![CDATA[@username Ocultar la verdad es el mismo caso que mentir.		]]></document>
	<document><![CDATA[@username Ojalá fuese para ganar la Premier o Champions... Y no en cuartos de copa contra el Reading...		]]></document>
	<document><![CDATA[Te quejas más que un gaditano que se ha quedado sin cambio vendiendo tabaco		]]></document>
	<document><![CDATA[@username Ya me quitaste las ganas de salir hoy... Miá tu que bien.		]]></document>
	<document><![CDATA[@username Si tu estuvieses aqui anda que ibamos a estar en una casa... Mjm		]]></document>
	<document><![CDATA[Angel, Angel! He cogido el coche lloviendo y con niebla hasta el Bosque y volver! Y de Noche!!!! Estoy sano y salvo. Mmjm @username		]]></document>
	<document><![CDATA[@username @username Tu ni caso jajajaja que esto lo arregla Juan de la gasolinera en na y menos!		]]></document>
	<document><![CDATA[El tio en Holanda y 1° en el Trivial que está al lado de la guarra del @username , @username http://t.co/y0A8pD7x		]]></document>
	<document><![CDATA[@username Ella se vuelve locacacacacaca (8) Bis.		]]></document>
	<document><![CDATA["Lo único que hace que venza el mal es que los hombres de buena fe no hagan nada."-El Último Samurai.		]]></document>
	<document><![CDATA[Yo que ustedes no volvía a España... @username @username @username		]]></document>
	<document><![CDATA[@username Nada hombre, pero estáis muy bien lejos de aqui... Muuuuchisimo mejor donde vais a parar!		]]></document>
	<document><![CDATA[@username Y la de los platanos en la frente... @username		]]></document>
	<document><![CDATA[No tener bombona y otras formas de faltar a clase...		]]></document>
	<document><![CDATA[Hoy me tomaré el Lunes como si fuese un Domingo.		]]></document>
	<document><![CDATA[Y hoy también me lo tomo como Domingo.		]]></document>
	<document><![CDATA["Illo, que calor tengo"- Es una expresión mal dicha según la termodinámica. Se debería decir: -"Illo, que de energía tengo".		]]></document>
	<document><![CDATA[@username A ver subnormalona... Que el calor es una forma de transferencia de energía, por eso esta mal dicho -"Illo, que calor tengo!"		]]></document>
	<document><![CDATA[@username Lo que pasa borracho en Grazalema, se queda en Grazalema... Porque como me de por decir todas las cosas que haces... TE HUNDO		]]></document>
	<document><![CDATA[Martes de Carnaval... #Tomaya #Loqueyoquería		]]></document>
	<document><![CDATA[Mentiría si dijese que soy responsable...		]]></document>
	<document><![CDATA[@username Hoy mis lagrimas se quieren suicidar .... etc etc... Suicidar, no morir! Jajajja pero tu no escuchabas regaetton y eso?		]]></document>
	<document><![CDATA[Bah, en @username aplican esto en cada caña que tiran. http://t.co/znH5f1ea		]]></document>
	<document><![CDATA[Un frigorífico... 8kWh y recibe 2kWh. Es viable ateniendonos al 1° principio de la termodinámica? A ver, si enfría sirve. No seas tan inepto		]]></document>
	<document><![CDATA[Acordarme de @username cuando paso Manowar del ordenador al móvil.		]]></document>
	<document><![CDATA[@username Eso creía yo hasta que entre aquí! JAJAJAJAJAJA		]]></document>
	<document><![CDATA[Madrugar en finde semana. Dormir mucho entre diario. #Lógicanotfound		]]></document>
	<document><![CDATA[Que Juventus actual ni que Arsenal de los invencibles. Los invictos somos nosotros @username		]]></document>
	<document><![CDATA[Arteta, vaya puta porquería de partido.Los ingleses no se explican como no estas en la selección. Yo sí. #HeDicho		]]></document>
	<document><![CDATA[@username Que acabo de quemar...		]]></document>
	<document><![CDATA[Hay personas que no pueden vivir sin el Kiboca F.S. Y no es que seamos importantes... Sino que sus vidas son muy tristes. @username		]]></document>
	<document><![CDATA[Ir en el autobus y que una señora sobrada de carnes este sentada al lado tuya mirandote fijamente y riéndose. Nunca he tenido mas miedo...		]]></document>
	<document><![CDATA[@username O en comerse a un niño Somalí Albino!		]]></document>
	<document><![CDATA[@username Jajajaja no se lo deseo a nadie! Por cierto... Es genial tu foto de perfil...		]]></document>
	<document><![CDATA[Fauna rara.		]]></document>
	<document><![CDATA[@username Y eso es lo que digo yo cuando llego a la universidad a las 12:00.		]]></document>
	<document><![CDATA[Te enrollas más que un político... #AsambleaESI		]]></document>
	<document><![CDATA[La mierda sonriente del whatsapp se inventó para situaciones como esta #AsambleaESI		]]></document>
	<document><![CDATA[¿Como se os ocurre volver a darle el micrófono? #AsambleaESI		]]></document>
	<document><![CDATA[@username Estáis reventando a @username !! Mira que estaba hecho polvo antes... Pero ahora con ustedes lo está más @username		]]></document>
	<document><![CDATA[Amador es Dios		]]></document>
	<document><![CDATA[@username Que va homee, si entras a las 12!		]]></document>
	<document><![CDATA[Cenando. Lavandome los dientes. Viendo la tele. Durmiendo. Despertandome... Eso sois vosotros creyendoos que twitter es una agenda.		]]></document>
	<document><![CDATA[@username Peza peza! Puto enano!		]]></document>
	<document><![CDATA[@username Jajaja Este tweet iba dedicado a ti!		]]></document>
	<document><![CDATA[@username "-A callar ya!!!! Que Angel Luis y Jose Carlos estan acostados. PERO YA!!!! Blas... Lucia..." #Tequieromama		]]></document>
	<document><![CDATA[Huelga General 14N http://t.co/El3pLJNQ		]]></document>
	<document><![CDATA[Quiero felicitar a mi pequeña @username , que hoy cumple 20 años... Lo que ella no sabe es que ya no va a crecer más... FELICIDADES :)		]]></document>
	<document><![CDATA[Mas complicao que comprar tabaco un día de huelga en Cadiz		]]></document>
	<document><![CDATA[Si tenéis tiempo leed este articulo acerca de la actual crisis económica en España: http://t.co/3KafY7Lm		]]></document>
	<document><![CDATA[@username No mencionó que antes que ustedes hay una super carrera llamada Ingeniería Aeroespacial?		]]></document>
	<document><![CDATA[@username ZAS! En toda la boca...		]]></document>
	<document><![CDATA[@username Pues te confisco la bata!		]]></document>
	<document><![CDATA[Y tambien me ha invitado al cafè! #Wtf?		]]></document>
	<document><![CDATA[@username @username o me autoinvito o no me invita ella... Asi que decidí aprovecharme de su ensalada de pastas!		]]></document>
	<document><![CDATA[@username La sensación de satisfacción después de una tarde productiva es mejor que la de drogarte! jajajajajajaaj		]]></document>
	<document><![CDATA[Ciudadanía, Derechos, Democracía Justicia, Libertad, Constitución... Palabras falsas que adornan los carteles de la cumbre Iberoamericana.		]]></document>
	<document><![CDATA[Lo bueno, si breve, 2 veces bueno. Buenas noches.		]]></document>
	<document><![CDATA[Bienvenido a la Cumbre Iberoamericana. A su derecha podemos ver miles de parados, a su izquierda desahuciados y mendigos. Disfrutad cabrones		]]></document>
	<document><![CDATA[@username Jajaja me indigna tanto derroche de dinero tal y como está la cosa!		]]></document>
</author>