<?xml version="1.0" encoding="UTF-8" standalone="no"?><author id="user305">
	<document><![CDATA[Dispararse en el pie son cosas de niños y fracurarse la cadera cazando elefantes en Africa son cosas de viejos. TODOSUPERNORMAL.		]]></document>
	<document><![CDATA[Matar un elefante en Botsuana, a partir de 30.000 euros http://t.co/Ca6TAwGF vía @username OJO Q TB AHORRA. ANTES CAZABA UNICORNIOS FIJO.		]]></document>
	<document><![CDATA[He soñado que estaba casada con @username y me he despertado genial,,, Sí que apunto alto!!		]]></document>
	<document><![CDATA[Un senador del PP: 'Ya no estamos en campaña; es momento de decir lo que de verdad pensamos' http://t.co/5ZjYMwhb vía @username		]]></document>
	<document><![CDATA[@username Tus impuestos van a Botwana... ¿pero tú donde has estado la última semana?		]]></document>
	<document><![CDATA[Qué carita! Lo veo castigado con Froilan. Sentados en la cama. Con las piernas colgando. Sin cenar. Me da penita y to #NoTengoCriterio2		]]></document>
	<document><![CDATA[Le he echado albahaca a las palomitas. Luego diréis que no sé cocinar.		]]></document>
	<document><![CDATA[Deberíamos ir acumulando pastillicas para cuando seamos inmigrantes ilegales en Alemania.		]]></document>
	<document><![CDATA[Y fijo que el Barça acaba en segunda.		]]></document>
	<document><![CDATA[Cn tantos y tan variados miembros d ls cuerpos d seguridad dl stado, BCN hoy parece1 gran despedida d soltera. Se despelotan a la d 3, 2..		]]></document>
	<document><![CDATA[Europa está echando a la derecha del poder. Cada vez somos más africanos...		]]></document>
	<document><![CDATA[http://t.co/LHMWoL7i Sin comentarios.		]]></document>
	<document><![CDATA[¿Soy la única a la que "incomodan" las dependientas de lencería que se te meten el en probador sin que les llames? Que afición oye...		]]></document>
	<document><![CDATA[Nos deberían conceder las Olimpiadas Madrid 2020 solo por el morbo de ver de dónde sacamos la pasta para montarlas. Ahí, ensañándose...		]]></document>
	<document><![CDATA[@username Las SICAV son un truco de los millonetis -como la hermana del rey- para no pagar impuestos. Son legales pero poco ejemplares.		]]></document>
	<document><![CDATA[¿Y si en lugar de reclamar Gibraltar español, pedimos a UK que nos adopte a España entera?		]]></document>
	<document><![CDATA[¿Dónde se puede revisar que en el karma tengan bien tus datos?		]]></document>
	<document><![CDATA["Referéndum popular en tres poblaciones de Cáceres: Los toros ganan al empleo. http://t.co/Ji2nhKBs" QUE NOS RESCATEN YA PORDIOSSSSS		]]></document>
	<document><![CDATA[¿El trofeo de la Eurocopa es de oro? ¿De plata? ¿Algo que podamos ir revendiendo? ... ¿Cobre?  ... ¿Chatarra a peso?		]]></document>
	<document><![CDATA["No es un rescate, es un apoyo financiero extremadamente beneficioso"  O_o  Y sin reírse ni nada, q crack...		]]></document>
	<document><![CDATA[pp.es - Actualidad - "España no va a ser rescatada. No existe esa posibilidad" http://t.co/297paqwJ vía @username		]]></document>
	<document><![CDATA[El crecimiento de Facebook se estanca en EEUU http://t.co/JXGH16K3   Facebook stá acabado! Lo tengo unido a Twitter por pena! ...OH! WAIT...		]]></document>
	<document><![CDATA[@username Tranqui, ya pasó....		]]></document>
	<document><![CDATA[http://t.co/76CAvEeZ vía @username  ....Puro-Sentido-Común...		]]></document>
	<document><![CDATA[Josep Prat usó Innova para pagar 13.000 euros al mes a un exdirector de CatSalut  http://t.co/mnsyYYHU vía @username		]]></document>
	<document><![CDATA[Lo más rico del yogur es la tapa. ¿Para cuándo yogur sabor tapa?		]]></document>
	<document><![CDATA[http://t.co/5D1Wh62c Pero RECORDAD, la culpa de la crisis la tienen los abuelos q han acumulado paracetamoles en casa.		]]></document>
	<document><![CDATA[@username Claaaaaaro..... pq su versión post-pantoja es en quien está basado Don Draper no?		]]></document>
	<document><![CDATA[Tenemos una sanidad pública que no nos merecemos, que hemos destrozado poco a poco y que ya empezamos a echar de menos.		]]></document>
	<document><![CDATA[@username Pues nos ha traído hasta aquí. No sé yo si funciona muy bien.		]]></document>
	<document><![CDATA[@username Y a ellos también...		]]></document>
	<document><![CDATA[@username @username Y sin accidente, q tiene más mérito.		]]></document>
	<document><![CDATA[@username @username Eso es un guiño a las tuistars		]]></document>
	<document><![CDATA[¿La Carbonero acaba de decir que "Qué viva España" de Manolo Escobar es el himno español?		]]></document>
	<document><![CDATA[@username pregúntale a @username		]]></document>
	<document><![CDATA[@username q pequeños tienes los pies ¿no?		]]></document>
	<document><![CDATA[@username Esto acabará con un Espe+LaBotella Vs. PilarRahola+LaChacon		]]></document>
	<document><![CDATA[Los tios d ikea m han montado un sofa-cama y una estanteria de las grandes durante los anuncios d A3 en Juego de Tronos.		]]></document>
	<document><![CDATA[Si, estaban en casa a las 23:15h. Vale q dijeron A PARTIR de las 14h, pero...¿Eso no es esclavitud? ¿Hay guardias d montadores d Ikea?		]]></document>
	<document><![CDATA[Cuando se resuelva lo de EuroVegas la siguiente pelea sera  "Castefa Shore vs Torrelodones Shore"		]]></document>
	<document><![CDATA[Gandía, ciudad elegida por MTV para grabar la versión española de 'Jersey Shore' - FormulaTV http://t.co/UVWTUKI2 vía @username		]]></document>
	<document><![CDATA[@username Tranki, tiene pinta q hay unosh q almenos aún poblaran Eshpaña dte 4 añitosh mash. Del resto ya...		]]></document>
	<document><![CDATA[No era perfecta pero era mi vida.		]]></document>
	<document><![CDATA[@username Jose Luis Moreno con batín en un sofá en una esquina, fumando, asintiendo, en la sombra.		]]></document>
	<document><![CDATA[Si cruzas Gargamel con el Sr Burns no te sale Montoro, te sale un tío más agradable que Montoro.		]]></document>
	<document><![CDATA[El Ayto de BCN te multa si vas en bikini por la calle pero luego se tira de los pelos con Madrid por montar EuroVegas -SUPERNORMAL TODO-		]]></document>
	<document><![CDATA["El jamon Bien-Estar de El Pozo es Estar-Bien" ... OLE AHÍ ESE PUBLICISTA! Qué le damos? Un Ondas? Un Pulitzer? Una paguita?		]]></document>
	<document><![CDATA[@username Una lástima pero seguro q t espera algo mejor! T		]]></document>
	<document><![CDATA[@username Parafrasear a alguien q fue encarcelado por defender -de verdad- la libertad de expresion es un poco cínico no?		]]></document>
	<document><![CDATA[@username 6' d medicina: diagnóstico diferencial entre la enfermedad d la cabeza, la dl cuello, la dl tronco y la d las extremidades.		]]></document>
	<document><![CDATA[Sjon como hilillosh de reshcate		]]></document>
	<document><![CDATA[Síndrome del recomendado-plus. Descripción de 2 casos y revisión d la literatura.		]]></document>
	<document><![CDATA[Abuelas q no t traen a la consulta cajas d bizcochos hasta agosto, cd ya saben q has tirado la toalla DEFINITIVAMENTE en la operación bikini		]]></document>
	<document><![CDATA[@username ¿Cuál es tu opinión profesional  sobre lo sucedido en el Mercadona con Sanchez Gordillo? ¿Con quién iría Úrsula?		]]></document>
	<document><![CDATA[Sta semana m ha dado tal furia-limpiadora que he dejado l cesto d la ropa sucia VACÍO. He llegad hasta l mantel de Nochebuena, no digo mas.		]]></document>
	<document><![CDATA[@username Está en el paro q han hecho un ERE y ahora le han subido la hipote... Qué? Ah.... Q esto era de broma... Pues... No sé...		]]></document>
	<document><![CDATA[@username Y que idioma tan bonito		]]></document>
	<document><![CDATA[@username @username y no tiene un buen diazepam cerca...		]]></document>
	<document><![CDATA[@username Con la horchata que corre por sus venas se podría alimentar    a pueblos enteros en África durante 1 año.		]]></document>
	<document><![CDATA[@username Quién quiere tetas teniendo esos mofletillos!!		]]></document>
	<document><![CDATA[@username Es la fan de primera fila.		]]></document>
	<document><![CDATA[Si somos lo que comemos, yo hoy soy un gran Häagen-Dazs de Oreo. Estoy buenísima.		]]></document>
	<document><![CDATA[@username Ya veras q risasa el día q explote la burbuja de twitter...		]]></document>
	<document><![CDATA[@username @username @username @username es q esta mujer da para tanto q un twittero solo no puede, entendedlo...		]]></document>
	<document><![CDATA[@username ¿Los mini magnum esos q van d 6 en 6 cuentan? ¿Y los d marca blanca del Dia?		]]></document>
	<document><![CDATA[@username Lola quemando libros de Alatriste por la noche...		]]></document>
	<document><![CDATA[@username No, a los special...		]]></document>
	<document><![CDATA[@username CR7 se ha dado cuenta de q su novia tiene mejor escote que él. Terrible.		]]></document>
	<document><![CDATA[JOooo... Mi 3º día de vacaciones y Cristiano Ronaldo se pone triste. Ya no puedo dormir.		]]></document>
	<document><![CDATA[Belén Esteban va a una pelu de ludópatas.		]]></document>
	<document><![CDATA[Ahora q los anuncios de tampax no parecen un mal viaje de LSD, se les va la pinza pero bien a los de las gafas. Pos vale.		]]></document>
	<document><![CDATA[¿Q parte d "endeudarnos para construir edificios bonitos nos ha llevado a la ruina" no hemos entendido, Srs? #Eurovegas #BarcelonaWorld		]]></document>
	<document><![CDATA[@username @username ¿Querrá q anuncies los conciertos de Falete?		]]></document>
	<document><![CDATA[Remamos todos juntos pero tu en cubierta tomando el sol ¿No?		]]></document>
	<document><![CDATA[@username The XX en directo fueron como para subir al escenario y tocarlos con un palo para ver si estaban vivos.		]]></document>
	<document><![CDATA[@username La primera canción no. Después ya me dormí.		]]></document>
	<document><![CDATA[@username Te acabo de sacar de los 666 seguidores. De nada.		]]></document>
	<document><![CDATA[Penélope Cruz es guapísima. Pero tiene un cuerpo RA-RO.		]]></document>
	<document><![CDATA[@username ¿Para hacer de España un Donut?		]]></document>
	<document><![CDATA[A ver si el boicot a ls products catalanes de 2006 fue en realidad un simulacro de cómo se apañaría Catalunya sin poder exportar a España...		]]></document>
	<document><![CDATA[Lana del Rey es Tamara No Cambié con pelo largo. Y eso es asíN. Modernos, que sois unos modernos.		]]></document>
	<document><![CDATA[@username Que noooo, que es Tamara No Cambié, que le ha crecido el pelo.		]]></document>
	<document><![CDATA[@username A mi un Stalker 1.0 me escribe "llamame" en el techo del coche. Lo lavo. Se ensucia. Lo vuelve a escribir.		]]></document>
	<document><![CDATA[He borrado la Papelera de Reciclaje. ¿Alguien sabe dónde tengo que ir a buscarla? He entrado en un bucle conceptual de los de liarla parda.		]]></document>
	<document><![CDATA[@username @username Te conocemos todos, cari. Y nos encantas. Pero de ahí a pagar tu sueldo con nuestros impuestos...		]]></document>
	<document><![CDATA[Pagaría x 1estadística sobre qué marcas d coche tienen + posibilidads d ser paradas x los mossos en 1 control rutinario. ¡Qué soy buena, jo!		]]></document>
	<document><![CDATA[Estoooo.... Queee... lo d la independencia y tal... pos vale y eso... pero podremos seguir viendo las tontás de Muchachada & Co no?		]]></document>
	<document><![CDATA[Y el Barça-Madrid no se toca no? A ver si lo + interesante va a ser un Barça - Espanyol...		]]></document>
	<document><![CDATA[@username Pues si existiran serían caros pero bonitos, y si virus, y ligeros, y... y... Y SERÍAN MUY BONITOS!!!		]]></document>
	<document><![CDATA[Supongo q la mejor manera d volver a mi lifestyle original es hacer un Safari+Plata... Hoy la prueba del algodón.		]]></document>
	<document><![CDATA[Jo... ni las pelis... Los Mossos rescatan a un niño que llevaba tres días secuestrado y sedado  http://t.co/GXa29VIa vía @username		]]></document>
	<document><![CDATA[Días que cierran etapas.		]]></document>
	<document><![CDATA[OLE ESA YAYA!! Detenida por amenazar con incendiar una oficina bancaria: http://t.co/TJDl2Bv7 vía @username		]]></document>
	<document><![CDATA[Cada vez q alguien dl gobierno abre la boca sobre Catalunya, Dios convierte a un catalán hijo de extremeña y murciano en independentista.		]]></document>
	<document><![CDATA[@username Ni los directores de banco se fían de los bancos... Espero que la limpiadora se los haya pulido ya.		]]></document>
	<document><![CDATA[¿!Paco Marhuenda es catalán?! Somos la leche en polvo...		]]></document>
	<document><![CDATA[#tomatucasa Ahí estaremos...		]]></document>
	<document><![CDATA[@username lo suyo con el Nobel ya mosquea...		]]></document>
	<document><![CDATA[@username LOL no. Cataluña sería viable si no se dedicase nuestra pasta a hacer viables a otros. Céntrate en el humor, q eres muy buena!		]]></document>
	<document><![CDATA[@username !!Muuuaaaaa!! Qué no puedo estar enfadada contigo!! Tu libro me hizo reír cd parecía imposible... ;P		]]></document>
</author>