<?xml version="1.0" encoding="UTF-8" standalone="no"?><author id="user159">
	<document><![CDATA[@username @username Pues es tierra de nadie friend! Uno q? Jajaja		]]></document>
	<document><![CDATA[@username Q bueno q sigo en la oficina! Jajajajajaja		]]></document>
	<document><![CDATA[@username No muchas gracias, ni falta haces!!!		]]></document>
	<document><![CDATA[@username Tampoco es tan malo twitear el sabado en la noche		]]></document>
	<document><![CDATA[@username Solo las ligas verdad?????		]]></document>
	<document><![CDATA[@username Moralmente tambien ustedes tambien estan obligados a hacerlo. Como siempre haciendo gala de su cinismo		]]></document>
	<document><![CDATA[@username Creo que falta en la lista la Dir. Gerente del FMI C. Lagarde		]]></document>
	<document><![CDATA[Datos de dueños de casinos... Tenían q ser
 RT @username:  Quién es Rodrigo Aguirre Vizzuett?  http://t.co/57WyuA2” @username @username		]]></document>
	<document><![CDATA[@username @username @username @username Como si el 1/dic/12 por arte de magia se acabara la violencia y los muertos.		]]></document>
	<document><![CDATA[“@username: En el corazón de muchos sigue existiendo una nostalgia profunda de Dios http://t.co/EXKfE2d” // en el mío si!		]]></document>
	<document><![CDATA[“@username: Malinalco desde el Cuahucalli o casa de las Aguilas y Ocelotes ” vete a comer en los placeres en la plaza principal. Delicioso!		]]></document>
	<document><![CDATA[@username conductor probablemente ebrio causando peligro autop Cuernavaca - Méx. (alt topilejo) escape negra		]]></document>
	<document><![CDATA[Los 10 tips  #ComohacercarreraenelPRI de @username excelentes! El de Beatriz paredes, jajajaja		]]></document>
	<document><![CDATA[“@username: Tipos de ligadores, ¿con cuál se identifican? http://t.co/r88QA1u” @username jajajaja		]]></document>
	<document><![CDATA[“@username: Mamá, mamá en la escuela me dicen que soy un extraño enemigo - Cállate Masiosare.” @username		]]></document>
	<document><![CDATA[@username por primera vez no concuerdo! Diferentes puntos de vista		]]></document>
	<document><![CDATA[“@username: Bebe como si fuese la primera vez, coge como si fuese la ultima vez. -UT” @username Jajajajajaja		]]></document>
	<document><![CDATA[“@username: Ocurrió un accidente en Constituyentes a la altura de Puente CONAFRUT, hacia Toluca. Y el trafico esta detenido dsd cto int		]]></document>
	<document><![CDATA[#FF a mi amigo @username por ser día de su cumpleaños. Y además esta muuuuuuy crudo! Besos, Tqm		]]></document>
	<document><![CDATA[“@username: @username @username @username fin de semana apenas empieza!! uds q hacen?” Yo descansando, ah sido una semana muy dura!		]]></document>
	<document><![CDATA[“@username: @username @username  seguramente con resaca.  Asi que no les hables tan fuerte XP” // prometo que no lo vuelvo a hacer		]]></document>
	<document><![CDATA[“@username “@username “@username @username q Reitzzz como estas??  Jaja ahora si t vi mal” ya 1 poco mejor, pero si estuve maaal jajaja		]]></document>
	<document><![CDATA[“@username: @username @username Lei bien @username jajajjaaja. Excelente semana.”. Yo si te hare caso amigo zzzzzz” si d hoy al jueves!		]]></document>
	<document><![CDATA[lean#ElGritoDeLosPolíticos d @username: "Salinas: ¡Viva Peña Nieto,el nuevo héroe nacional q salvará la patria (y mi imagen)!”/ xclnts!		]]></document>
	<document><![CDATA[“@username: Disculpen q no responda a todos sus comentarios, ... les agradezco sinceramente y he leído todos sin excepción//  me consta!		]]></document>
	<document><![CDATA[“@username: @username ay friend @username  jajaja Vic dond festejaras” el no tiene nada q festejar, ya no quiso ser mexican		]]></document>
	<document><![CDATA[“@username: “@username: Jajajaja @username   Jajaj. :P y que haran Ud?” estudiar pa ub exam d economy” de licenciatura o de maestría?		]]></document>
	<document><![CDATA[“@username: @username @username @username @username uuuppssss creo q se enojaron????” jajajajaja ay q sentidos! Ya ni el agruro jaja		]]></document>
	<document><![CDATA[“@username: @username ay friend no te sientas mal, aunque seas guatemalteco igual celebra, hay tequila pa todos // +1000 points!		]]></document>
	<document><![CDATA[“@username: el Aeropuerto de la Ciudad de México suspenderá mañana vuelos de 9 a 13 hrs por desfile...” @username si habrá desfile		]]></document>
	<document><![CDATA[“@username: @username @username jaja seremos la peruana, el mojado y el Guatemalan jajaja” / tons, ya sabes la paridad qtzal - Mx $?		]]></document>
	<document><![CDATA[@username la peruana..la paridad qtzal / jaja pus si d hecho s mas Caro q Los soles o no mi reynita del sur/ así s mi gigante guatemalan		]]></document>
	<document><![CDATA[@username q bonito vestido y la sonrisa como siempre encantadora!		]]></document>
	<document><![CDATA[Yo kiero yo puedo y lo voy a lograr eso es actitud Jaja adiós #omarnotengotwtr verda @username @username @username @username @username		]]></document>
	<document><![CDATA[@username @username vean esto http://t.co/PZwYvnSm		]]></document>
	<document><![CDATA[“@username: SABADO  A donde? Como va el puente?  Donde hacen #turismo? excelente! Desde  Misol - Ha, chiapas  http://t.co/STI598U4		]]></document>
	<document><![CDATA[@username  palenque chispas Méx. Ve esto tuuu http://t.co/GHgr54hT		]]></document>
	<document><![CDATA[“@username: TEOTIHUACAN : Desde el cielo!! Quieres volar en globo??? http://t.co/uqKEXqC3 @username mejor te llevo acá		]]></document>
	<document><![CDATA[@username yo también, ya llega! Pa salir a tomar la copa		]]></document>
	<document><![CDATA[@username @username @username @username  ay ps q querían q les trajera un hupil? O unos huaraches? Jajajaja		]]></document>
	<document><![CDATA[“@username:  @username @username asi como @username se va traer los vinos jaja” mmmm, pues solo q quieras quedarte ciego...		]]></document>
	<document><![CDATA[@username @username @username @username bueno, calidad completemos con dudosa, porciónes limitadas, ok! Pero sobre todo envases plásticos		]]></document>
	<document><![CDATA[“@username: Ps la Moet dudosa no creo x q ya vez q no te duro ni un sorbo, envase de plastico pa q resistan // y q me dejas callada tuuu		]]></document>
	<document><![CDATA[@username   @username @username  Vaaaa! Q @username nos la invite la de Moet en el brick!!!		]]></document>
	<document><![CDATA[“@username @username @username @username  Vaaaa! Q @username nos la invite la de Moet en el brick!!!” va me late / Ay vitz eres tan majo!		]]></document>
	<document><![CDATA[@username btw Y esa iglesia católica, queeeee?		]]></document>
	<document><![CDATA[“@username: “@username: @username btw Y esa iglesia católica, queeeee?” esta muy chida deberías conocerla // Te vas a condenaaar! Jaja		]]></document>
	<document><![CDATA[“@username: @username x andar invitandome a emborrachar jajaja oye y no llegastesssss a junta” yoooo		]]></document>
	<document><![CDATA[@username stamos trabajando @username n la ferretería @username dond vistn al paisa @username pintor d brocha gorda y yo toda 1 alta ejec		]]></document>
	<document><![CDATA[Alta?? Ps has de estar como en 167 no??   @username  6to piso cuenta? Y tu @username como vas con la basura? @username @username		]]></document>
	<document><![CDATA[@username @username @username Ay siiii, es un orgullo q el talento guatemalteco de @username forme parte del PIB mexicano!!! Gracias Isra		]]></document>
	<document><![CDATA[“@username q  @username no haga su cuenta publica y se evite "insultos",ahora resulta que van a reglamentar la liberdad de expresion		]]></document>
	<document><![CDATA[“@username: Ya tenemos candidato... Me destapo como ciudadana que irá a votar en el 2012 por Marcelo Ebrard.
¿Qué opinan?” Ya somos 2!		]]></document>
	<document><![CDATA[@username: @username Mi querido Javier, por supuesto EPN debatirá, pero con quienes sean candidatos. Y @username, ya declino? O como??		]]></document>
	<document><![CDATA[“@username: @username @username pos inviten.  @username @username @username” Si friend! Ya llegaaaa, cuando?		]]></document>
	<document><![CDATA[“@username: #soylatino x q vivo cada dia a plenitud y tu?” ayyyyyy!		]]></document>
	<document><![CDATA[“@username: @username me quieres a la malaguena x eso #ereslatina ;) x” jajajajaja ay friend! Y si te digo Soy cubana, jajajaja		]]></document>
	<document><![CDATA[“@username: #soylatino x q eres bien jooocoso! Jajajaja		]]></document>
	<document><![CDATA[“@username: @username jaja eso siempre miss ya” también t I mis yu, ya llega		]]></document>
	<document><![CDATA[“@username: Cosas típicas del DF ¿chidas o chafas? Vota http://t.co/49rkTOlr” // PTI @username, esta interesante		]]></document>
	<document><![CDATA[@username @username @username @username @username  Pus yo #cuernavacazo, alguien se apunta?		]]></document>
	<document><![CDATA[“@username: 8 paisajes que parecen de fantasía en México http://t.co/8rnfRSAo #turismo #mexico @username” // Vean esto!		]]></document>
	<document><![CDATA[“Falso” descenso de homicidios con Peña Nieto: The Economist | Animal Politico: http://t.co/y2OGPcSO via @username		]]></document>
	<document><![CDATA[@username Me vi n la imperiosa necesidad d pasar x el mpio q dices gobernar apasionadamente, vi tu pasión x l descuido d las calles		]]></document>
	<document><![CDATA[“@username:  Si son para q el pri no regrese al poder por su puesto que Son éticas		]]></document>
	<document><![CDATA[“@username: Objetos de deseo...   http://t.co/Q0lDGiIX” @username checa el ultimo, pa q cambies tu cassete		]]></document>
	<document><![CDATA[Gracias a tus consejos @username s&s en casa		]]></document>
	<document><![CDATA[“@username: Lo siento pero el #2deoctubre fue olvidado dsd l 68 si no, #elpridesiempre no hubiera ganado  cc: @username” // +1000		]]></document>
	<document><![CDATA[“@username: LEYENDAS: Un pequeño viaje por los castillos encantados de Europa. http://t.co/zXDNnSPR #turismo #mexico // fyi @username		]]></document>
	<document><![CDATA[“@username: quieren prohibir las corridas de toros "sobre mi cadáver" dice Herrerías // #fuertesdeclaciones, se acaba la mina d oro?		]]></document>
	<document><![CDATA[“@username: !!! 4 hrs n l trtaffic, 12 n la officce, l promedio d folios + alto // + alto d q? Bateo o retraso? Jajajajaja... Con razón!!!		]]></document>
	<document><![CDATA[“@username: @username:  Alguien sabe que pasa en Alencastre? S 1 estacionamnt // saben algo? Nnc había visto tanto trafic n esta zona		]]></document>
	<document><![CDATA[“@username:  eres muy inteligente!”. No gane nada” // pero tus respuestas fueron correctas?		]]></document>
	<document><![CDATA[@username no lo necesitas, tu lo sabes todo!		]]></document>
	<document><![CDATA[“@username: L cambio d planes hizo k la comida tampoco s viera bien, dam it!!!”// no entiende o no se quiere dar cuenta???		]]></document>
	<document><![CDATA[“@username: @username algo debemos hacr, karajo!!!”// vez x q me caes mal????		]]></document>
	<document><![CDATA[“@username: Aprueban diputados el cobre de llamadas por segundos en celulares. Se acabó el "redondeo".”// al fin se acabo ese robo!!		]]></document>
	<document><![CDATA[“@username: @username Ciro, pierdes mucho auditorio cuando dejan al nefasto que te antecede/ yo creo q si! Como permiten esas faltas de respeto		]]></document>
	<document><![CDATA[“@username: Buenísimo! Se van a reir.. RT @username http://t.co/SKEidCnn” @username @username @username // buenísimo!		]]></document>
	<document><![CDATA[“@username: Estoy bien emocionado que hoy voy a ver La Voz México. ¡Sin duda lo mejor del domingo!”// es si fue un buen sarcasmo ?		]]></document>
	<document><![CDATA[“@username: @username : Libera Facebook app oficial para iPad  http://t.co/Sn47YrtN / fyi” // excelente me encanta mi #IPad		]]></document>
	<document><![CDATA[@username @username pusss no seeee! Será? Mi madre es fan de esto y le ha ido bien		]]></document>
	<document><![CDATA[@username Ya la baje y si me gusto!		]]></document>
	<document><![CDATA[“@username: @username @username ya vieron esta? http://t.co/rX9eIGT1” // el #nuevoPRI q asco		]]></document>
	<document><![CDATA[Se unen pisco y tequila Los cnsjs reg dl pisco peruano y el tequila mex buscan en acuerdo.. T hablan @username jajaja
http://t.co/dO0zYcbX		]]></document>
	<document><![CDATA[@username mmmta, y por que?		]]></document>
	<document><![CDATA[“@username: Es momento de conocer las 10 mejores ciudades del mundo para comer http://t.co/CXJjwpOY // d acurdo. Excepto con Lima :W		]]></document>
	<document><![CDATA[@username ay friend tu ya te vas a talonear y yo ni me he dormido tuuu		]]></document>
	<document><![CDATA[@username te traes las moet x q acá están bien cariñosas		]]></document>
	<document><![CDATA[@username  soy dama de una boda y aquí estoy, brindando x los novios! Jajajaja		]]></document>
	<document><![CDATA[Sigo honrando a #SteveJobs ya compre mi #IPad y me encanta!		]]></document>
	<document><![CDATA[“@username: Se tatuaron, dolió, pagaron y se pasaron a arruinar ¿en qué pensaban estos tipos? http://t.co/DlfU3YRW” /// jajaja vean esto		]]></document>
	<document><![CDATA[@username @username @username y el Edomex y Veracruz???		]]></document>
	<document><![CDATA[@username en donde esta?		]]></document>
	<document><![CDATA[“@username: Quiero que seas feliz con o sin mi, pero me hubiese gustado ser el motivo de tu felicidad.” quiero llorar! ?		]]></document>
	<document><![CDATA[“@username: Compartiste con todos tu #librodelfindesemana? Coméntanos qué estás leyendo?” El sueno de Inocencio de @username! Es excelente		]]></document>
	<document><![CDATA[“@username: Coméntanos qué estás leyendo?” El sueno de Inocencio// si lo tienes ahí aventado desde hace meses”// pues x q ya lo termine!		]]></document>
	<document><![CDATA[@username que es un intelectual "orgánico"?		]]></document>
	<document><![CDATA[“@username: #recomendamos La asesina de Gucci prefiere su celda a la vida en libertad http://t.co/kGP9AdjK” @username lee esto		]]></document>
	<document><![CDATA[“@username: En la tercera emision #historiasdeayer Alfonsina y el mar” // conmovedora!!		]]></document>
</author>