<?xml version="1.0" encoding="UTF-8" standalone="no"?><author id="user794">
	<document><![CDATA[Alias el "Pezuña".		]]></document>
	<document><![CDATA[Adquirir nuevos vicios.		]]></document>
	<document><![CDATA[¿Te dedico una rola?		]]></document>
	<document><![CDATA[Esas pequeñas cosas que te cambiab el día.		]]></document>
	<document><![CDATA[Yo creí que ese tipo de cosas quedaron en el 2011. Tsea quepeo.		]]></document>
	<document><![CDATA[No entiendo por qué mi hermana se ríe cuando digo "Ora sistá chido".		]]></document>
	<document><![CDATA[Ya que sea mañana ptm.		]]></document>
	<document><![CDATA[Recuerdo que me hice una cuenta de Facebook sólo para jugar Crazy Combi.		]]></document>
	<document><![CDATA[No te mando WA's prefiero hablarte por MSN, porque eso es amarte a la antigua. *Manda un zumbido del amor*		]]></document>
	<document><![CDATA[Encendiendo la llama del amor con un soplido de Charizard. #Poketuit		]]></document>
	<document><![CDATA[Apago la luz y salen los mosquitos. Qué ganas de cagarle a uno la noshe she she.		]]></document>
	<document><![CDATA[Dios mío ya es 15 de Julio. Eso quiere decir una cosa... #OneDay #Emma #Dexter #InstaGuapos #InstaLaAtropellaron #InstaLloroComoDexter ?		]]></document>
	<document><![CDATA[Es la mejor pelÍcula del mundo mundial, boa yorar.		]]></document>
	<document><![CDATA[No entiendo por qué "aman" a los minions. Ni siquiera hacen caca, no tienen gracia por la vida esos cheetos obreros con lentes y overalls.		]]></document>
	<document><![CDATA[Claro claro claro, si somos la fiesta jajajajajajajajajajajaj puedo decir eso todo el día y no me aburro YEAAAH lml		]]></document>
	<document><![CDATA[Puro rrrrrrock acá lml		]]></document>
	<document><![CDATA[Hoy es día de San Swithin según la escuela de Dexter.		]]></document>
	<document><![CDATA[Felicidad es encontrar una cancha de tennis enorme. #Sensual		]]></document>
	<document><![CDATA[Me caga que me tomen fotos para trámites, nunca puedo salir seria.		]]></document>
	<document><![CDATA[Días como éste que valen muchisisímo la pena repetir.		]]></document>
	<document><![CDATA[Al fin tengo mi película de vuelta. Hoy me toca verla como si no hubiera un mañana.		]]></document>
	<document><![CDATA[Entrar a las 9 al trabajo, y otros placeres de la vida <3		]]></document>
	<document><![CDATA["Best Song Ever" está completamente hermoso boa yorar skghñaslkghaskgsad		]]></document>
	<document><![CDATA[Jálense a Exa fm la están pasando djghñakslghaskghsadgkhsa		]]></document>
	<document><![CDATA[@username No mamen los amo infinitamente por los siglos de los siglos Amén <3333 †		]]></document>
	<document><![CDATA[Los sabes, los sabes, lo sabes...		]]></document>
	<document><![CDATA[Veo un documental sobre el Ferrari World Abu Dhabi y digo ¿QUÉ HAGO ACÁ? ksdgskdgjsasdkñlgs me quiero irrrrrrrrrrr.		]]></document>
	<document><![CDATA[Esto rebasó el límite.		]]></document>
	<document><![CDATA[Y como siempre nunca puede faltar el tweet diario de: ¿Por qué me levanto muy temprano?		]]></document>
	<document><![CDATA[No me gusta el Splenda.		]]></document>
	<document><![CDATA[BOM-BA, para bailar esto es una BOM-BA!		]]></document>
	<document><![CDATA[Hace mucho no cargaba a un bebé ??		]]></document>
	<document><![CDATA[Caaaaarmen se me perdió la cadenitaaa...		]]></document>
	<document><![CDATA[El baile del perrrrrrrrito guau guau guau guau guau		]]></document>
	<document><![CDATA[Reventamos estamos que reventamos		]]></document>
	<document><![CDATA[Jugando desde las 8 y no paso ese maldito nivel ????		]]></document>
	<document><![CDATA[Pues acá borrando de FB a todas esas mascotas de mis amigos que en algún momento me agregaron como amiga.		]]></document>
	<document><![CDATA[#NP Rica Y Apretadita - El General		]]></document>
	<document><![CDATA[Piquetes de mosquito tengo por todo mi cuerpooo (8)		]]></document>
	<document><![CDATA[Escuchando el mejor reggae de la vida <3		]]></document>
	<document><![CDATA[Calor y frío en la mente, y de vez cuando no siento nada...		]]></document>
	<document><![CDATA[http://t.co/OAz7DYnRvy véanlo mucho, se los regalo sjdgasklghasglñksahgsa @username se mamaron está hermosoooo los awooo!		]]></document>
	<document><![CDATA[Creo que una de mis canciones favoritas de One Direction es "Irresistible".		]]></document>
	<document><![CDATA[Y yo así de ¡qué pedo!		]]></document>
	<document><![CDATA[Facturas, pedimentos, facturas, pedimentos everwhere.		]]></document>
	<document><![CDATA[Uno para todos... Y todos para uno *junta su espada con los demás mosqueteros*		]]></document>
	<document><![CDATA[Actitud de hoy: No voa trabajar, no voa trabajar, no voa trabajar (8)		]]></document>
	<document><![CDATA[2 horas y 20 minutos que serán eternos :(		]]></document>
	<document><![CDATA[Ley Aduanera y Ley del I.V.A. sinceramente chinguen a su madre.		]]></document>
	<document><![CDATA[Hoy no traje fiambre.		]]></document>
	<document><![CDATA[Muero de hambre PE TE EME.		]]></document>
	<document><![CDATA[Tuiteando en horas de trabajo y otras formas de revelarse.		]]></document>
	<document><![CDATA[@username me acoldé de ti cuando lo vi mielda jajajajajaja te extlaño neglo https://t.co/5cpqdc3FLG		]]></document>
	<document><![CDATA[Me encanta el como hablan los boricuas jajajajajajajajaja #SoNasty		]]></document>
	<document><![CDATA[Hoy es el último día que nos vemos :(		]]></document>
	<document><![CDATA[Llegaré tarde porque YO-NO tengo ganas de hacer nada hoy. #DíaDeHueva		]]></document>
	<document><![CDATA[Lo que más flojera me da de todo esto es decir unas 20 mil veces "Buenos días".		]]></document>
	<document><![CDATA[Casi llego al tweet 50,000 y yo con estos pelos.		]]></document>
	<document><![CDATA[Ora qué padre desde acá veo mi casa.		]]></document>
	<document><![CDATA[Hubiera sido un buen día sino hubiera sido el último.		]]></document>
	<document><![CDATA[@username No te preocupes, igual te odiamos... Jajajajaja es bromi ntp lo entiendo :(		]]></document>
	<document><![CDATA[Y yo así de "Adiós pá, buenas noches" y él así de "LOL haz tu maleta de una vez".		]]></document>
	<document><![CDATA[Jajajajajajajaja yo quiero de esos Reales que dicen "Alabado sea Gokú".		]]></document>
	<document><![CDATA[Como cuando algo o más bien alguien te retumba en la cabeza y no te deja dormir.		]]></document>
	<document><![CDATA[Qué feo lo que pasó en Santiago de Compostela :(		]]></document>
	<document><![CDATA[Esas costishitas hubieran estado ricas sin esas 3 toneladas de grasa. Ni pedo.		]]></document>
	<document><![CDATA[Como cuando escucho "Stars" de Simply Red y entro en mi momento gay.		]]></document>
	<document><![CDATA[Tweet 50,000 para el puto calor de Acapulco. Gracias. Y para @username que los amo y así.		]]></document>
	<document><![CDATA[Pues acá escuchando Jenni Rivera mientras mi novio está con otra morra porque c'est la vie.		]]></document>
	<document><![CDATA[Vamos a contaminar *Avienta basurita*		]]></document>
	<document><![CDATA[Un niño bajándose el pantalón en Wal Mart. #EpicWin		]]></document>
	<document><![CDATA[Hace años que nadie me regala una carta musical :(		]]></document>
	<document><![CDATA[Te amo como este señor ama las sandías. http://t.co/5kXJCbvhRx		]]></document>
	<document><![CDATA[Y yo así de que hablas webon y pucha ta que agarra y chapamos y yo así de que te pasa, manyas? #jergaperuana		]]></document>
	<document><![CDATA[Pues acá viendo Camp Rock mientras siento como el rock corre por mis venas lml		]]></document>
	<document><![CDATA[@username Jajajaja yo igual te extraño, pues cuando quieras ahí nos ponemos de acuerdo ;)		]]></document>
	<document><![CDATA[Me iba hacer un tatuaje de henna, pero no sé si ponerme tu nombre. O un tamalito.		]]></document>
	<document><![CDATA[Se ve que me rompo la cabeza haciendo Vines. Lo que es la ociosidad.		]]></document>
	<document><![CDATA[Cuando me dicen "ahorra para ir a un Tomorrowland", les respondo, "ese dinero lo donaré a niños de África, así que nostéschingando".		]]></document>
	<document><![CDATA[Ya dije, prefiero irme al  festival de Reggae en Holanda.		]]></document>
	<document><![CDATA[Más triste que tristeman.		]]></document>
	<document><![CDATA[Ojalá el tiempo sí se pase rápido porque por ahora no será lo mismo :(		]]></document>
	<document><![CDATA[Lloro viendo a Ronaldinho llorar.		]]></document>
	<document><![CDATA[Se está yendo :(		]]></document>
	<document><![CDATA[Raspadilla a los años.		]]></document>
	<document><![CDATA[Me maman los ambientes así pura cumbia, puro Neza, puro tsss.		]]></document>
	<document><![CDATA[Y yo con estos pelos. http://t.co/azKyfW9dZW		]]></document>
	<document><![CDATA[Feliz 28 de Julio Perú me hubiera gustado pasarlo allá pero ni pedooo, te awooo!!!		]]></document>
	<document><![CDATA[Acá con la banda. https://t.co/TrKhc1sZbw		]]></document>
	<document><![CDATA[Como cuando escuchas una cumbia peruana del respetable grupo Néctar  interpretada por un grupo mexicano, le falta feeling.		]]></document>
	<document><![CDATA[Dios mio ya no me acordaba de esa frase jajajaja		]]></document>
	<document><![CDATA[@username Porque los domingos te despiertas sólo para ver a Chabelo.		]]></document>
	<document><![CDATA[No quiero irme pero c'est la vie.		]]></document>
	<document><![CDATA[Escuchar "Summer Love" cuando te vas de Acapulco y otras formas de morir.		]]></document>
	<document><![CDATA[Ya quiero llegar a Puebla parrr favaaarrr.		]]></document>
	<document><![CDATA[Jajajajaja como cuando pasas por un McDonalds y te acuerdas de un chiste y te comienzas a matar de risa como loca.		]]></document>
	<document><![CDATA[Esto es el colmo.		]]></document>
	<document><![CDATA[Viéndolo bien estoy requemada ?		]]></document>
	<document><![CDATA[Durante éste fin de semana aprendí a tomar clamato. Lo extraño :(		]]></document>
	<document><![CDATA[La mejor parte del día es cuando estoy junto a ti... Pero como no estás, ni pedo, no hay mejor parte del día.		]]></document>
</author>