<?xml version="1.0" encoding="UTF-8" standalone="no"?><author id="user430">
	<document><![CDATA[El look de hoy muy panameño @username JW Marriott http://t.co/rbMvEBdvps		]]></document>
	<document><![CDATA[En la gustada sección: mis zapatos son talla 7 1/2 y mi pie es 9. http://t.co/o00DCsM1pz		]]></document>
	<document><![CDATA["@username: @username nos da a conocer las propuestas de los diseñadores mexicanos. #15a20 http://t.co/KVElFIVRlk" cc @username		]]></document>
	<document><![CDATA[mi fin de semana será extra señora! veré Proyect Runway y tomaré mucho vino tinto :) http://t.co/2vXLIEacEy		]]></document>
	<document><![CDATA[@username me conoce muy bien, me trajo un anillo de 'bajo del mar! http://t.co/mfXIoofH1f		]]></document>
	<document><![CDATA["@username: La típica postal de Cabo http://t.co/GRkbmmuwww" mi madre viajadora!!!		]]></document>
	<document><![CDATA[Un pedazo de calma http://t.co/Uap6pnPIXG		]]></document>
	<document><![CDATA[Any given sunday @username Periódico Excélsior http://t.co/WznDkSQrhO		]]></document>
	<document><![CDATA[Quizás, quizás, quizás http://t.co/FFX3J6pTME		]]></document>
	<document><![CDATA["@username: La vida no camina sola, hay que jalarla, empujarla y llevarla hasta donde te propones llegar...." cc @username		]]></document>
	<document><![CDATA[Casual que estas lavandote el cabello y te lanzan los lentes a la regadera, mencioné que estoy sólo en casa -_-		]]></document>
	<document><![CDATA[Caminando en Polanco me encontré un ictiosaurio http://t.co/5GhdnTSpCk		]]></document>
	<document><![CDATA[Está foto es un homenaje a @username sólo porque me acorde de ti con la pose! http://t.co/nCe90sM1X9		]]></document>
	<document><![CDATA[No, yo no estoy amargado, sólo no quiero que la gente sea feliz!		]]></document>
	<document><![CDATA[La típica foto en el baño http://t.co/DbqyA3jax5		]]></document>
	<document><![CDATA[El closet de los sueños de Nine West http://t.co/LANQe7sFud		]]></document>
	<document><![CDATA[El chico 15 a 20 y el chico veintitantos en la @username pool party http://t.co/lH6HiEbOHI		]]></document>
	<document><![CDATA[La guapota de ileana_deuriarte y yo en mood springy @username JW Marriott http://t.co/256czh4nkd		]]></document>
	<document><![CDATA[Making of de la nueva campaña de #n624 http://t.co/RAn2NNorMW		]]></document>
	<document><![CDATA[Soy yo o este niño se parece a James Franco http://t.co/GrGg1pscpn		]]></document>
	<document><![CDATA[En 1910 se tocaron las 9 sinfonías de Beethoven por el centenario, después de la revolución, 1921, la gente no sabía que era una sinfonía.		]]></document>
	<document><![CDATA[Algunas veces sí soy bien mi papá http://t.co/zDDI7wOZfp		]]></document>
	<document><![CDATA["@username: Prendas 'maxi' para primavera ¡Te encantarán! #15a20 http://t.co/sHaUREfvvH"		]]></document>
	<document><![CDATA[El día de las naciones unidas, allá por mil novecientos noventa http://t.co/sGFV5l4KdJ		]]></document>
	<document><![CDATA[No se que le ven a zona rosa, cuando sea más como chueca mostraré interés		]]></document>
	<document><![CDATA["@username: Pertenezco al 0.00000001% de la población que nunca se ha desmayado, ni ha tenido un yeso." yo soy ese!		]]></document>
	<document><![CDATA["@username: San Agustín del Faro... siempre soy la más bonita donde me paro!" awwwww igual que yo!		]]></document>
	<document><![CDATA[Amo la frase "en los tiempos de Don Porfirio" es tan yo		]]></document>
	<document><![CDATA[El look realzado con la camisa de #n624 http://t.co/48y1wsUMPs		]]></document>
	<document><![CDATA[Recordando tiempos de Nine West @username W Mexico City http://t.co/Uv5eXdeCBK		]]></document>
	<document><![CDATA[Me levanté a las 650am y siento que eso es horario godín, yo que despierto a las 9am		]]></document>
	<document><![CDATA[De esos días en los que flotas http://t.co/gio8Vq4uTa		]]></document>
	<document><![CDATA[Comidas corridas en Polanco http://t.co/xvCeR1xm50		]]></document>
	<document><![CDATA[Veo este querubín y me hace pensar en tiempos pasados http://t.co/4b8l5K8XEg		]]></document>
	<document><![CDATA[El subirme a un tren siempre es un gusto! http://t.co/E60jkXvLs1		]]></document>
	<document><![CDATA[Este señor ha sido constructor de caminos, mecánico de la chevrolet, boxeador, actor, trovador y mi… http://t.co/WSElz1nMdx		]]></document>
	<document><![CDATA["@username: PRs: Fe no lleva tilde. Revisen un poco sus comunicados #denada" por eso primero los hago en word ;)		]]></document>
	<document><![CDATA["@username: Se me sale el cemento de la varilla cada que veo tu rabadilla #PiroposDeAlbañil" uuuuhhhh @username		]]></document>
	<document><![CDATA["HELL_HUESOS: Yo si te ando tiroleando la espalda con mis chavos #PiroposDeAlbañil" Mmmmm bueno!		]]></document>
	<document><![CDATA[Que bonito es que premien una de tus marcas http://t.co/aAyaMD1xGB		]]></document>
	<document><![CDATA[Creo que mi nuevo corte me.hace ver un poco gordo >_<! http://t.co/0cGVwURdhO		]]></document>
	<document><![CDATA[¿qué tiene está generación? Sus series son de vampiros, aliens y lobos! ¿dónde quedaron las series de gente rica y sus problemas de drogas?		]]></document>
	<document><![CDATA[Según esto, soy soberbio, porque veo a la gente sobre mi hombro. No es mi culpa medir 1,86 cm		]]></document>
	<document><![CDATA[Los sanborns de mi pueblo tienen capillas http://t.co/TmThBLlujj		]]></document>
	<document><![CDATA[Sí eres hombre no puedes usar boyfriend jeans, tus jeans regulares ya tienen el look boyfriend daaaaaaa		]]></document>
	<document><![CDATA[He confirmado que, cosas malas le pasan a las personas buenas y cosas buenas le pasan a las personas malas.		]]></document>
	<document><![CDATA[Creo que es el único metro, a nivel mundial, que tiene íconos. http://t.co/FjpsQRxpCf		]]></document>
	<document><![CDATA[A quién se le ocurre que Punk es un vestido con influencias Art Decó? Ahhh sí a Juliana Rancik >_<!		]]></document>
	<document><![CDATA[En mi casa de repente aparecen figuras del imaginario popular mexicano http://t.co/BpIYhj7amG		]]></document>
	<document><![CDATA[De Sonora a Yucatán, los sombreros de Tardan. http://t.co/j3GbW93aTE		]]></document>
	<document><![CDATA[Pasarelas modernas y un modelo que parecía 007 @username San Miguel Chapultepec http://t.co/n8iLpCZyWP		]]></document>
	<document><![CDATA[Se que estoy muy enfermo, porque tengo pesadillas en donde compro shampoo Caprice y obviamente se que tiene sulfatos y trozará mi cabello		]]></document>
	<document><![CDATA[Ver The OC a está hora, en día de escuela me trae un flashback a la prepa! #foreverteen		]]></document>
	<document><![CDATA["dar lo mejor de ti, sí expectativas"		]]></document>
	<document><![CDATA["50 Tattoos increíbles inspirados en libros - Catálogo de ideas!!! 1. From The Little Prince.... http://t.co/Mff7mYe7RJ" @username		]]></document>
	<document><![CDATA[Los colores que tendrán los tamales chiapanecos (de verdura) de mi madre http://t.co/8Hu0PQfco8		]]></document>
	<document><![CDATA[Me siento como señorita de 1865, como estoy enfermo y no puedo salir de casa, aprendí a hacer tamales de verdura (chiapanecos)		]]></document>
	<document><![CDATA["@username: A veces me pongo triste porque todavía no me sé bien las tablas, pero después me acuerdo que soy bonita y se me pasa."		]]></document>
	<document><![CDATA[Vistas mexicanas http://t.co/LYtdyelEKQ		]]></document>
	<document><![CDATA[Yo no soy mamón, sólo soy exclusivo.		]]></document>
	<document><![CDATA[Me regalan el libro de "The Sartorialist: Closer" hojeando sale esto y todos gritan ¡eres tú! http://t.co/aXbj6itBIg		]]></document>
	<document><![CDATA[Mi madre a sus 23 años dando clases http://t.co/yg78FGZJZO		]]></document>
	<document><![CDATA[De esos días en los que todo parece malo, ves icarly y todo parece mejor!		]]></document>
	<document><![CDATA[He comprobado que "la suerte de la fea la bonita la desea"		]]></document>
	<document><![CDATA[Sabía que esto no era para siempre. http://t.co/ttxl0lJEKb		]]></document>
	<document><![CDATA[Y todos ellos crearon una gran campaña para @username http://t.co/ZhB9hwQgXr		]]></document>
	<document><![CDATA[Hoy me toca probar fuzz off de bliss, los sacrificios que hago por ustedes! http://t.co/D15mdFflzL		]]></document>
	<document><![CDATA["@username: @username nos presenta el look de Norman Delgadillo #15a20 http://t.co/1z3l6XmtYS" de la serie cada mes un estilo diferente		]]></document>
	<document><![CDATA[@username: Mujeres que miden mas de 1.75. SIN TACONES considerense unos pinches refrigeradores mas" pobre seguro mide 170 #mivido #elduende		]]></document>
	<document><![CDATA[Viendo viajeros en el tiempo, Al tiene un protoipad o protogalaxy :O		]]></document>
	<document><![CDATA[Sí estas como host de un programa en utilisima no digas: "les presento lo que es el tratamiento para lo que es la papada"		]]></document>
	<document><![CDATA[Al menos nos divertimos un rato http://t.co/A7QeLt1Ab3		]]></document>
	<document><![CDATA[Cornelius Vanderbilt peleaban box en los bosques con la plebe, 80 años después sus nietas gastaban miles en chanel.		]]></document>
	<document><![CDATA[Las insignias del norte @username Torres de Satélite http://t.co/qzLnmL4PP5		]]></document>
	<document><![CDATA["@username: Por lo que viene bien este post de @username y porqué va cada vez a menos eventos - http://t.co/UNSfDfvSa4"		]]></document>
	<document><![CDATA[Años sin usar mi maxibolsa burberry, lo presumo porque al paso que voy, tardare años en comprarme otra maxibolsa burberry :(		]]></document>
	<document><![CDATA[Ya me explicaron Sex & The City, básicamente es la historia de María María, ósea una telenovela, pff y se dan sus aires de superioridad.		]]></document>
	<document><![CDATA[La gente bulleada en la infancia tiene más fuerza interior dice @username  entonces tengo fuerza interior de Caballero del Zodiaco ;)		]]></document>
	<document><![CDATA[Lo triste es que se lo tienen que venir a decir de harvard, los que pasamos por ahí siempre nos quejamos http://t.co/Q5E9afj02x vía @username		]]></document>
	<document><![CDATA[Pero quieren que cueste 3 pesos y no me vengan con que el salario mínimo es bajo, porque es el más alto del país http://t.co/VFWDnl1pc5		]]></document>
	<document><![CDATA[Gracias a los consejos de @username una pared se iluminó http://t.co/Gj3cArP23m		]]></document>
	<document><![CDATA[Y así recibimos el verano @username Hipódromo de las Américas http://t.co/XT1zcR9Ke0		]]></document>
	<document><![CDATA[Este caballo me cuasó stress durante unos minutos http://t.co/Yu18LxRisA		]]></document>
	<document><![CDATA[Hoy @username me dijo chava moderna, mmm prefiero ser @username ;)		]]></document>
	<document><![CDATA[Hoy soy transparente @username Polanco http://t.co/cJe4Vo9xKe		]]></document>
	<document><![CDATA[Tip de agencia de PR, no hables mal de otros PR cuando hay visitas PR en tú agencia #justsaying		]]></document>
	<document><![CDATA[¿¿¿¡¡Es neta que le ponen Akane a sus hijas!!???		]]></document>
	<document><![CDATA["@username: Alex_Villatoro conozco nombres peores, como Cindy Alexi" mmm me gusta más Brisni Guadalupe ;)		]]></document>
	<document><![CDATA[Quiero creer que se ve francés. http://t.co/eIEzu46p45		]]></document>
	<document><![CDATA[Participen con @username manden su bigote más creativo y ganaran un fuzz off de @username ah con tag #mibigotebliss ;)		]]></document>
	<document><![CDATA[No hay nada peor que la gente que es jarrito de Tonalá sentidas y corrientes		]]></document>
	<document><![CDATA[El closet de los sueños de Andrea http://t.co/NYKdfZP6UW		]]></document>
	<document><![CDATA[Un cierre perfecto para la campaña de Magnum México http://t.co/6uyuyuoohT		]]></document>
	<document><![CDATA["@username: . @username nos tiene una entrevista con @username  #15a20 http://t.co/dRg6Lnu7OT" otra de mis entrevistas!!		]]></document>
	<document><![CDATA[Teteras heredadas en la casa de Joy http://t.co/tIeJdGlh7K		]]></document>
	<document><![CDATA[Yo creo que Shun de Andrómeda no usaba armadura con falda, por que tenía el gluteo perfecto.		]]></document>
	<document><![CDATA[Muere de envidia @username a mi sí me besa Jaime Camil http://t.co/uNudThr3UY		]]></document>
	<document><![CDATA[En mis tiempos los cabrioles estaban en las cocheras, no en las plazas comerciales. @username Multiplaza… http://t.co/jiKV9dMyti		]]></document>
	<document><![CDATA[Salas de estar que parecen de 1990 http://t.co/4BbuPLrodX		]]></document>
	<document><![CDATA[La típica foto de fiesta con mi madre. http://t.co/SvylgLmyaf		]]></document>
</author>