<?xml version="1.0" encoding="UTF-8" standalone="no"?><author id="user687">
	<document><![CDATA[1. Adaptarse a una dieta de ser humano
2. Adaptarse al 3er mundo

#volveracasa		]]></document>
	<document><![CDATA[El Tercer mundo siempre recibe con una abrazadora humedad. Científico		]]></document>
	<document><![CDATA[Me sorprendió la cantidad de miliquitos al pedo adolescentes de la PSA que ponen en la manga a la entrada y salida del avión. Pa qué no?		]]></document>
	<document><![CDATA[@username adornando la manga y jugando al candy crush como los teens que me cruce hoy? Plantas permanentes con poder de fuego ????		]]></document>
	<document><![CDATA[@username nadie pude negar que la miseria es buen sustrato para esta farsa		]]></document>
	<document><![CDATA[@username y sin una dirigencia política y empresaria mediocre y de baja calidad tampoco hay populismo		]]></document>
	<document><![CDATA[@username el rating de las universidades? En qué anda ese drugstore?		]]></document>
	<document><![CDATA[@username si sí pero el que lo miden un par de universidades digo		]]></document>
	<document><![CDATA[@username pero con buenas tetas. Las cosas por su nombre		]]></document>
	<document><![CDATA[@username fue muy malo? No tuve el placer de escucharla		]]></document>
	<document><![CDATA[@username nada nuevo bajo el sol		]]></document>
	<document><![CDATA[@username esto esta correcto? http://t.co/zbZ0k68aGJ		]]></document>
	<document><![CDATA[@username no lo había probado, muy rico. Me felicito		]]></document>
	<document><![CDATA[@username estaba en Ezeiza. Mucha presión. Compre ese, un vsop y un jack		]]></document>
	<document><![CDATA[@username había varios, fue una buena elección?		]]></document>
	<document><![CDATA[@username voy a armarme una columna exclusiva de chuca en tweetdeck		]]></document>
	<document><![CDATA[Laconchadelalora		]]></document>
	<document><![CDATA[@username las verdades no tienen nada q ver con el corazón. Son feos. punto		]]></document>
	<document><![CDATA[No todo esta perdido en el Estado argentino. http://t.co/EGcEXYPTTJ		]]></document>
	<document><![CDATA[@username si vinieras a box además de maldad tendrías el recurso del jab		]]></document>
	<document><![CDATA[@username nos hace sentir más altos a los de unosententi		]]></document>
	<document><![CDATA[Chicos que ven progresismo en milani hablan de que hay gente que no entiende nada. Y bué, coherencia.		]]></document>
	<document><![CDATA[@username acá se iguala para abajo papi		]]></document>
	<document><![CDATA[2da vez q me dan de baja el domicilio x error. Segunda vez q no puedo facturar. Segunda que hago esta cola. #Pobrismo http://t.co/ycWE3C4KhJ		]]></document>
	<document><![CDATA[Un sistema pensado para ser inviable		]]></document>
	<document><![CDATA[Nada como perder vida en afip		]]></document>
	<document><![CDATA[@username @username dramático luis		]]></document>
	<document><![CDATA[@username buenísima		]]></document>
	<document><![CDATA[@username lo importante es no estigmatizar		]]></document>
	<document><![CDATA[Madrugo sin querer x Jetlag y juega argentina. Bien ahí		]]></document>
	<document><![CDATA[@username noooooo la conchadelalora estaba feliz que volvía pastore		]]></document>
	<document><![CDATA[Y me entero que no juega pastore y me deprimo rápidamente ????		]]></document>
	<document><![CDATA[de que se rie el chino arbitro?		]]></document>
	<document><![CDATA[la chola agüero que no venga mas		]]></document>
	<document><![CDATA[@username @username @username @username @username @username estoy hace 14 y vamos por ese camino :)		]]></document>
	<document><![CDATA[elbola agüero		]]></document>
	<document><![CDATA[@username maridado con el locutor de carrefour es ebola + cólera + peste amarilla		]]></document>
	<document><![CDATA[@username la vi en el avión pensando que iba a ser una porquería bizarra. Me gusto mucho		]]></document>
	<document><![CDATA[Hoy somos todos palacio		]]></document>
	<document><![CDATA[Hagamos de este el partido despedida de Agüero		]]></document>
	<document><![CDATA[Pablo tiene menos recursos que el banco central		]]></document>
	<document><![CDATA[Y masche ya empezó a regalarla		]]></document>
	<document><![CDATA[Sándwich de morcilla		]]></document>
	<document><![CDATA[El relator de fútbol y el racismo se aman		]]></document>
	<document><![CDATA[@username el segundo gordo espero que haya sido cariñoso		]]></document>
	<document><![CDATA[9 y pelado, te cojes a la argentina		]]></document>
	<document><![CDATA[Hoy, hoy, te convertís en Romero		]]></document>
	<document><![CDATA[Boyé a la selección		]]></document>
	<document><![CDATA[Neymar se asusto con lo horrible q salió Romero		]]></document>
	<document><![CDATA[@username jajajja me acorde de ese hecho con tu RT		]]></document>
	<document><![CDATA[@username dramático		]]></document>
	<document><![CDATA[El olor a ajo que debe haber ahí diosmio		]]></document>
	<document><![CDATA[Me compre una bata y pienso estar todo el fin de semana con la desnudez fácil		]]></document>
	<document><![CDATA[@username es hora que edites y publiques tu TL		]]></document>
	<document><![CDATA[@username no se pero debe haber manera no? Cómo hago sino para acceder a tus reflexiones sobre las batas?		]]></document>
	<document><![CDATA[@username tengo q armar la columna exclusiva de vos. Soon		]]></document>
	<document><![CDATA[@username impresionante. Anacrónico esos imbéciles y hermoso como los sacan las mujeres		]]></document>
	<document><![CDATA[Haber porteños en la pomada: un lugar para comer esta noche con amigos?		]]></document>
	<document><![CDATA[@username no tengo preferencias, un buen lugar para comer rico, beber y con amigos		]]></document>
	<document><![CDATA[@username jóvenes de 30 (?). Amigos		]]></document>
	<document><![CDATA[@username ????gracias !		]]></document>
	<document><![CDATA[Que lindo se cortó la luz		]]></document>
	<document><![CDATA[@username @username @username @username la cara de CFK esta hecha con el molde de la de Carlitos		]]></document>
	<document><![CDATA[@username Esta excelente. La cara de EL es gloriosa		]]></document>
	<document><![CDATA[@username @username "prepara el gobierno su estrategia para..."
El día de la marmota hecho país		]]></document>
	<document><![CDATA[@username como en Palermo		]]></document>
	<document><![CDATA[@username @username es porque somos unos teens (?)		]]></document>
	<document><![CDATA[@username espantoso		]]></document>
	<document><![CDATA[Nada peor que un politólogo con tuiter		]]></document>
	<document><![CDATA[Supongo que a Juan b justo ya le dieron el premio a la avenida más de mierda del mundo no?		]]></document>
	<document><![CDATA[@username es el que duro una semana como ministro de economía?		]]></document>
	<document><![CDATA[@username un tecnocrata. La PBA se lo come en minutos con pancito		]]></document>
	<document><![CDATA[@username capaz que el barbarismo tecnocratico es tan cortoplacista como el populismo berreta q vivimos		]]></document>
	<document><![CDATA[@username para nada, lo de PBA no se arregla sino negocias fuerte coparticipación y cambias reglas duras q 10 de poder k ni movieron		]]></document>
	<document><![CDATA[@username @username encías sangrantes. Espantoso		]]></document>
	<document><![CDATA[RT @username: ¿Por qué #AlexFreyrePelotudo? Entre otras cosas, por esto: http://t.co/ulxKhwbc51
El facismo es echarle la culpa a otro		]]></document>
	<document><![CDATA[los genial del K*ismo es que echa culpas hacia atrás y hacia adelante de su incapacidad de gobierno y sus consecuencias		]]></document>
	<document><![CDATA[@username @username todo real. la perspectiva de dejar de comer del Estado lleva a ciertos personajes a caer en el más bruto fascismo		]]></document>
	<document><![CDATA[sin el kirchnerismo todos vamos a morir		]]></document>
	<document><![CDATA[si no ganamos la culpa es del gobierno. si ganamos, la culpa es de magneto y la campaña antiargentina 

El plan de gobierno 2014-2015		]]></document>
	<document><![CDATA[@username el problema es que estos argumentos desopilantes van generando el terreno para q cuando lo diga CFK no nos parezca tan bizarro		]]></document>
	<document><![CDATA[@username te queda alguna duda? lo bueno de venezuela es que te permite anticipar los próximos movimientos (salvando las distancias claro)		]]></document>
	<document><![CDATA[mirá si nos quedábamos con los miles de millones q le dio nestor taka taka al FMI… podíamos coger todos sin forro y lanzar el azt para todos		]]></document>
	<document><![CDATA[@username que venga podemos (?)		]]></document>
	<document><![CDATA[pagar 1400 mangos de obra social y que te den un turno para después del 5 de diciembre. #osde		]]></document>
	<document><![CDATA[@username @username discriminación positiva (?)		]]></document>
	<document><![CDATA[@username @username me niego, tiene kiosco y financiamiento de soros. corre con ventaja		]]></document>
	<document><![CDATA[@username @username solo si hacemos un pabellón especial para él, luisito y otros kioskeros de declaraciones bizarras		]]></document>
	<document><![CDATA[@username desde que entró enfierrado a la pista de carreras del vecino es mi presidenciable		]]></document>
	<document><![CDATA[@username sobre todo cuando dijo q de dos preguntas q anoto a "él" le pareció más importante una. Mmmmm		]]></document>
	<document><![CDATA[Le gusta el trekking y como q le quiero dar		]]></document>
	<document><![CDATA[Lo único que pido es que en los próximos días no salga a la luz que a fanta se lo contaron todo. 
No lo soportaría		]]></document>
	<document><![CDATA[Voy a llamar. Sufro que fanta haya leído más que yo		]]></document>
	<document><![CDATA[@username @username no le salto en estudios.
Igual sospecho que el cura (?) no es brazuca		]]></document>
	<document><![CDATA[Alex y Malena a la final		]]></document>
	<document><![CDATA[@username que cagada que no pude estar :(
cómo salió? te gustó?
abrazo grande		]]></document>
	<document><![CDATA[@username me alegro mucho! justo recién estaba leyendo esto: http://t.co/qYJENk9QbT
¿con vos hablamos sobre morozov?		]]></document>
	<document><![CDATA[estaba en FB y me topé con esto…
¿Es real, o es una edición en joda de la campora? 
#SuPlanParaSalvarAlMundo http://t.co/rcgUNgTelz		]]></document>
	<document><![CDATA[@username quiero ir a punta maaaannn		]]></document>
	<document><![CDATA[@username hay un programa creo q en Discovery HD que se llama "el mundo desde el aire". Culpable de varios insomnios míos		]]></document>
</author>