<?xml version="1.0" encoding="UTF-8" standalone="no"?><author id="user210">
	<document><![CDATA[UEEEEE! Acabarem sent uns experts en bromes sobre es tema... ;) @username @username @username		]]></document>
	<document><![CDATA[Aquest baf i aquesta negror de cel inspiren qualsevol... #Untorrentqueeralamar		]]></document>
	<document><![CDATA[Va, va, a la fi ho puc dir: ja he escrit (i toco ferro per seguir fent-ho) la meitat de la meva primera novel·la. #Untorrentqueeralamar		]]></document>
	<document><![CDATA[Ai, omà, @username! Saps que per jo, on se posi na Mª del Mar o en Blai Bonet que se llevi lo demés #colmimeibi #colllomarda #colflore		]]></document>
	<document><![CDATA[Hallo, @username! Qué popu? Tendrás que pasarme vídeo respuesta o algo, éramos jóvenes y no sabíamos lo que hacíamos ;)		]]></document>
	<document><![CDATA[Àngelamaria, marededéusenyor, @username! Es #theytakeitfrommyhands és un mite, no me'n recordava. Quins panxons de riure, per favor...		]]></document>
	<document><![CDATA[Tenc per mi que hauran d'engrandir #Felanitx per les festes del #Cosso2012, enguany... http://t.co/0WPJLNXn		]]></document>
	<document><![CDATA[Vinc de parlar amb l'editor: si tot va bé, la meva primera obra de teatre serà presentada dia 29 de setmebre! #SaMortdenaMargalida #teatre		]]></document>
	<document><![CDATA[Moltes gràcies, @username! Igualment, ara veig que m'he errat; la presentació serà dia 29 d'octubre, no de setembre!		]]></document>
	<document><![CDATA[Moltes gràcies, @username! :) Clar que és possible, ara estic treballant en la correcció, però en tenir una versió bona te l'enviaré!		]]></document>
	<document><![CDATA[Per variar, m'he errat. La presentació de #SaMortdenaMargalida serà dia 29 d'octubre, no de setembre! Hi estau totes i tots convidats... :)		]]></document>
	<document><![CDATA[Muchas gracies, @username! De envidia nada, que en Septiembre lo hablamos y yo te enchufo, hombre ;)		]]></document>
	<document><![CDATA[Moltes gràcies, @username :) Serà a Mallorca, però potser també en farem a l'Espai Mallorca de Barcelona, no et preocupis que t'aviso!		]]></document>
	<document><![CDATA[Moltes gràcies, @username :) M'agrada això de la #GeneracióDel92: Barcelona, en Freddie, naixem noltros... no només servim per molestar!		]]></document>
	<document><![CDATA[Muchísimas gracias, @username! Cuando sepa más cosas ya os contaré :)		]]></document>
	<document><![CDATA[Moltes gràcies, coreta, @username :) Aquesta obra va néixer un pis davall tu, hi degueres tenir qualque cosa a veure?		]]></document>
	<document><![CDATA['Me n'he d'anar, vorereta de la mar...' | #Untorrentqueeralamar | 8 de setembre | 20.00h | Auditori Municipal l'Esponja | #SesSalines		]]></document>
	<document><![CDATA['De ses herbes molles se'n torquen es cul!' | #Untorrentqueeralamar | 8 de setembre | 20.00h | Auditori Municipal l'Esponja | #SesSalines		]]></document>
	<document><![CDATA[Jajajaja! Si me deixen un momentet lliure no dubtis que te trec de s'oficina, @username :) #diva		]]></document>
	<document><![CDATA['Hora baixa, post el sol...' | #Untorrentqueeralamar | 8 de setembre | 20.00h | Auditori Municipal l'Esponja | #SesSalines		]]></document>
	<document><![CDATA[Estic content de veure que al twitter encara el tens, @username :)		]]></document>
	<document><![CDATA['Quin gust, cantar ben a pler dins missa!' | #Untorrentqueeralamar | 8 de setembre | 20.00h | Auditori Municipal l'Esponja | #SesSalines		]]></document>
	<document><![CDATA[S'altre dia (per Sant Joan, concretament) li vaig dir a en @username que aquesta cançó és sa nostra, @username #honey		]]></document>
	<document><![CDATA[Voldria veiéssiu fotos de les proves de perruqueria i maquillatge de les actrius d'#Untorrentqueeralamar. Quina por i quina bellesa...		]]></document>
	<document><![CDATA['Diu que enyora els meus peus de nit...' | #Untorrentqueeralamar | 8 de setembre | 20.00h | Auditori Municipal l'Esponja | #SesSalines		]]></document>
	<document><![CDATA['I la gent parla, perquè jo sé que parla' | #Untorrentqueeralamar | 8 de setembre | 20.00h | Auditori Municipal l'Esponja | #SesSalines		]]></document>
	<document><![CDATA['Pobres il·luses, que som les dones' | #Untorrentqueeralamar | 8 de setembre | 20.00h | Auditori Municipal l'Esponja | #SesSalines		]]></document>
	<document><![CDATA[Com un flam, @username. Però estic segur que tota aquesta feinada donarà els seus resultats :) #SOPARDEGERMANOR #OCBSesSalines		]]></document>
	<document><![CDATA['I jo sense roba negra...' | #Untorrentqueeralamar | 8 de setembre | 20.00h | Auditori Municipal l'Esponja | #SesSalines		]]></document>
	<document><![CDATA[Discurs íntegre de Marisa Cerdó en nom de l'@username a la Universitat Catalana d'Estiu (@username) #joamblOCB http://t.co/JWRJaAK2		]]></document>
	<document><![CDATA['Catalina, catalana, penja el llum a la paret' | #Untorrentqueeralamar | 8 de setembre | 20.00h | Auditori Municipal l'Esponja | #SesSalines		]]></document>
	<document><![CDATA[S'acaba l'estiu, s'acaben els assajos, s'acaba la meva novel·la... #cicles #Untorrentqueeralamar		]]></document>
	<document><![CDATA[DÉU MEVET: Lluís Llach i Maria-Antònia Oliver passaran per @username del Llibre en #Català d'enguany!		]]></document>
	<document><![CDATA[Acabo de tornar del primer assaig amb so i il·luminació d'#Untorrentqueeralamar. Al final semblarem qualque cosa, tu... #teatre #SesSalines		]]></document>
	<document><![CDATA[Moltes gràcies, @username! Això esperam! :)		]]></document>
	<document><![CDATA['La merda, aquí, hi fa la mateixa pudor' | #Untorrentqueeralamar | 8 de setembre | 20.00h | Auditori Municipal l'Esponja | #SesSalines		]]></document>
	<document><![CDATA['Ja no m'apallisava amb la mateixa passió' | #Untorrentqueeralamar | 8 de setembre | 20.00h | Auditori Municipal l'Esponja | #SesSalines		]]></document>
	<document><![CDATA['De tots els homes de casa ni un no ha mort en el llit' (Guillem d'Efak) #Untorrentqueeralamar http://t.co/H2eb0T1R http://t.co/mkLRtj6k		]]></document>
	<document><![CDATA[#FF de tornada per la dona que més estim d'aquest món @username #FriendsForever #WeGo2Gether #Ramalamalama #Kadingakadingadong		]]></document>
	<document><![CDATA[Escolta, Sepharad: els homes no poden ser si no són lliures. (Salvador Espriu) #niunpasenrere #11S2012		]]></document>
	<document><![CDATA[Sí, encara hi ha nits que enyor la meva guitarra...		]]></document>
	<document><![CDATA[M'encanta: els margalidans, enllaçats tots, xiulen en @username al seu pas per la processó de #laBeata2012. MALLORCA NO EL VOL, PRESIDENT!		]]></document>
	<document><![CDATA[Tradició no és deixar rames mortes / sobre els altars, mentre la roda avança. / Tradició és coronar oliveres. (Blai Bonet)		]]></document>
	<document><![CDATA[Estic a QUINZE PÀGINES, a tot estirar, d'acabar la meva primera novel·la... #Untorrentqueeralamar		]]></document>
	<document><![CDATA['Guarda de lloques estantisses...' | #Untorrentqueeralamar | 8 de setembre | 20.00h | Auditori Municipal l'Esponja | #SesSalines		]]></document>
	<document><![CDATA[Quina por, aquesta diada 'tan mallorquina' que ens espera... #gonelles? #provincians? #folklòrics? #colflòrics?		]]></document>
	<document><![CDATA[Però si precisament la Diada que ens defineix com un sol poble és el 31D, @username! El 12S és una invenció que encara no té ni 50 anys...		]]></document>
	<document><![CDATA[Moltíssimes gràcies, @username! Estic content que t'agradàs! :)		]]></document>
	<document><![CDATA[La fascinació és mútua, @username. Estim a molt poquetes persones tant com a tu... :) Moltíssimes gràcies!		]]></document>
	<document><![CDATA[I tu ets la meva millor amiga, @username. Mil gràcies! :) #FF #FriendsForever #F4E #Loveyoudiva #Thxalot		]]></document>
	<document><![CDATA[...i de les persones contra la vida, @username? Moltíssimes gràcies, estic content que t'hagi agradat! :)		]]></document>
	<document><![CDATA[Artur Mas celebra l'èxit de la manifestació d'ahir 'per la Diada'. Per què no diu les coses pel seu nom? #independència		]]></document>
	<document><![CDATA[Plaça de Sant Jaume a vessar esperant l'arribada del President Mas. In, inde... #independència! #FredomForCatalonia http://t.co/shVzlo30		]]></document>
	<document><![CDATA[Dia 25 d'aquest mes, presentació de 'La mort de na Margalida' a #Inca. Dia 26, a #SesSalines?		]]></document>
	<document><![CDATA[No significa que dubti, @username, sinó un 'a veure si tota sa gent que hi ha de participar m'arribarà a dir que sí'. Hahahaha! :)		]]></document>
	<document><![CDATA[Va, sí, a #Ses Salines també: dia 27 d'aquest mes, presentació de 'La mort de na Margalida'! #teatre		]]></document>
	<document><![CDATA[Aviat els mallorquins només podrem dir 'Perdó', 'Hueccomanán' i 'Lonostro' en la nostra llengua #aMallorcaencatalà  http://t.co/LHkJh0KV …		]]></document>
	<document><![CDATA['La mort de na Margalida' arriba al món editorial! Dia 27, presentació a l'Auditori Municipal l'Esponja de #SesSalines http://t.co/ztRvyPWQ		]]></document>
	<document><![CDATA[#LamortdenaMargalida | 27 d'octubre | 20.00 | Auditori Municipal l'Esponja (Ses Salines)     http://t.co/ztRvyPWQ http://t.co/CnNdP6cm		]]></document>
	<document><![CDATA[DÉU MEVET! No havia vist una conjunció tan explosiva i estelar d'ençà que en ZP i n'Obama havien coincidit al poder! @username  @username		]]></document>
	<document><![CDATA[Pertoca al Govern de les @username de definir-se sobre el tancament de l'Espai Mallorca #noaltancament  http://t.co/4RTUD8li (via @username)		]]></document>
	<document><![CDATA[Esperan reacciones del Govern al cierre de l'Espai Mallorca #noaltancament http://t.co/GNnHi8jO (via @username)		]]></document>
	<document><![CDATA[ENTREVISTA: La tràgica mort de na Margalida, teatralitzada un segle després http://t.co/pnSU6eeB (via @username)		]]></document>
	<document><![CDATA[Ueeeee! Només és qüestió d'hores, @username! Quina il·lusió :)		]]></document>
	<document><![CDATA[Aquí teniu l'entrevista que em feren a @username (IB3Ràdio) sobre 'La mort de na Margalida'. A partir del 6è minut! http://t.co/phVRKq5V		]]></document>
	<document><![CDATA['La mort de na Margalida, un èxit a Ses Salines' http://t.co/VkmIyUNv (via @username)		]]></document>
	<document><![CDATA[El @username mai deceb: un fort aplaudiment per 'Un dia d'aquests' i la seva crua però realista visió de la ciutat on vivim #enhorabona		]]></document>
	<document><![CDATA[I, especialment, #enhorabona a @username pels seus desgraciats, decadents, poètics, sublims 'Addictes a Barcelona'!		]]></document>
	<document><![CDATA[Aquí teniu un altre article sobre la presentació de les obres guardonades als Premis Pare Colom 2012 http://t.co/TwTEk1ry (via @username)		]]></document>
	<document><![CDATA[Fa cosa de dos anys que la Conselleria de Cultura l'ha d'exercir el poble, @username, què hi farem! :)		]]></document>
	<document><![CDATA[Ueee! A Arc de Triomf, no, @username? M'encanta, és terrible!		]]></document>
	<document><![CDATA[Moltes gràcies per venir, @username! Esper que t'agradi l'obra :)		]]></document>
	<document><![CDATA[Esper que gaudeixis 'La mort de na Margalida' tant com jo escoltant-te i veient-te així de bonica. Em vas alegrar el dia, @username :)		]]></document>
	<document><![CDATA[I jo, que ho esper, @username! Segur que no et decebrem ^^		]]></document>
	<document><![CDATA[Volia dir-t'ho per privat però no me'n puc estar: per enèsima vegada, ADOR TA MARE, @username. T'espera lectura nadalenca a caseta :)		]]></document>
	<document><![CDATA[Dóna-li una altra vegada les gràcies per tot, please. És DIVIna ;) @username		]]></document>
	<document><![CDATA[Ja en som dues, @username :) Mentrestant, 'La nació dels escorpins' creix en pàgines amb ella de fons. #bonanitguapa #hermosa #laamo		]]></document>
	<document><![CDATA[El fred, el constipat, aquesta malenconia tan de Nadal. Avui 'La nació dels escorpins' farà a prop d'anar-se'n a dormir amb dues escenes més		]]></document>
	<document><![CDATA['El drama marinero de Vilamar del Migjorn engancha', @username parla sobre 'Un torrent que era la mar' http://t.co/n2tSRvxE		]]></document>
	<document><![CDATA[Tu sí que ets gran, @username! Me fa fer moltíssima il·lusió trobar-te entre els capets del públic... :) Molts d'anys, guapíssima!		]]></document>
	<document><![CDATA[Quin espant, @username! La cosa va de fantasmes... ;) Molts d'anys i bons, amb molt de glamour i bones receptes, guapeta meva :)		]]></document>
	<document><![CDATA[Molts d'anys igualment, @username! El món és un mocador i Mallorca... què sé jo. Bon any nou! :)		]]></document>
	<document><![CDATA[Jo TAMPOC confio en ell, però crec que es mereix el vostre RT. Endavant amb les #PrácticasdeEloi! http://t.co/LITOGGhP		]]></document>
	<document><![CDATA[Oh, moltíssimes gràcies, @username! Significa això que ja te l'has llegit? I el que és més important: T'HA AGRADAT? :) #boncapdesetmana!		]]></document>
	<document><![CDATA[Déu meu @username! Ahir vaig estar tot lo dia mirant coses de sa pel·lícula! Serà una de ses nostres nits de Setmana Santa :) #missu		]]></document>
	<document><![CDATA[Es pot defensar Mallorca (i falta que fa) sense difamar... http://t.co/UEGvLuIhmY Vergonyós, @username. Parlau amb propietat!		]]></document>
	<document><![CDATA[Adéu al poble http://t.co/gUovbi7cwd via @username		]]></document>
	<document><![CDATA[UN TORRENT QUE ERA LA MAR | 19 d'abril | 21.00 | Can Alcover https://t.co/2lFwSltgiF @username @username (Entrada gratuïta, per cert!)		]]></document>
	<document><![CDATA[Aquí teniu més informació sobre l'obra: http://t.co/X78jphOAjT ENS VEIM A CAN ALCOVER!		]]></document>
	<document><![CDATA[@username La veritat és que totes les meves muses han estat dones fins ara, però podem parlar de negocis haha! Segueixes amb Geronimo? :)		]]></document>
	<document><![CDATA["La cultura torna a ser un dels punts forts del #Correllengua2013" http://t.co/NWAPEpVAfI @username amb 'UN TORRENT QUE ERA LA MAR'!		]]></document>
	<document><![CDATA[Aquí teniu el programa del #Correllengua2013 cultural d'enguany: http://t.co/r2444PLRrX Demà, 'Un torrent que era la mar'!		]]></document>
	<document><![CDATA[Els de @username també han inclòs 'Un torrent que era la mar' dins la seva agenda: http://t.co/C8iPjvgvn9 Gràcies, companys!		]]></document>
	<document><![CDATA[...i encara hi estarem una estona! #EspaiMallorca @username @username http://t.co/DNf1isP81R		]]></document>
	<document><![CDATA[Avui m'entrevisten al @username per parlar de 'La mort de na Margalida' i 'Un torrent que era la mar'! @username		]]></document>
	<document><![CDATA[Idò te recoman 'El parlar de Mallorca', d'en Borja Moll, que fa molts anys que circula pel món i en deu saber més que tu i jo @username		]]></document>
	<document><![CDATA[Bé, @username. Igual que es metges saben d'infarts, hauríem d'escoltar es sociolingüistes (mallorquins, catalans, espanyols, del món...)		]]></document>
	<document><![CDATA[Clar que no és així. I reiter: posa'm un cas AUTÈNTIC, que coneguis tu, si t'ho han dit mai @username. Hi ha molta manipulació i és una pena		]]></document>
	<document><![CDATA[Bon dia a tothom! Aquí teniu l'entrevista que em feren la setmana passada al @username: http://t.co/EFxNijVMWG @username		]]></document>
	<document><![CDATA[I el raconet de premsa, actualitzat amb l'entrevista que em feren al @username. Un plaer! :) http://t.co/lMV8j2JJhq via @username		]]></document>
</author>