<?xml version="1.0" encoding="UTF-8" standalone="no"?><author id="user984">
	<document><![CDATA[Símbolos de la Nación pueden utilizarse, en todas sus manifestaciones, para expresar nuestro fervor patriótico #Panamá http://t.co/y8S3vtfF		]]></document>
	<document><![CDATA[@username al cabo que ni quería, GRANDE abrazo desde Panamá!		]]></document>
	<document><![CDATA[Nuestro Casco! http://t.co/egxATk5h		]]></document>
	<document><![CDATA[Vista aérea de la ampliación del Canal a  febrero 2013 http://t.co/X8WCnzRZ		]]></document>
	<document><![CDATA[He vuelto @username después de un largo periodo y se nota su gran avance. BRAVO!		]]></document>
	<document><![CDATA[El pasado 3 de febrero, la Autoridad Aeronáutica Civil inauguró el nuevo aeródromo de Pedasí. Azuero avanza! http://t.co/z9FsKmc3		]]></document>
	<document><![CDATA[Así se canta nuestro Himno Nacional, ARRIBA PANAMÁ!		]]></document>
	<document><![CDATA[Acabo de ver un comercial que dice: Panamá es un país que sueña... Le termino la frase: Y LO LOGRA #VamosPanamá		]]></document>
	<document><![CDATA[Más de 6 mil personas están empleadas @username y se generan inversiones por $320 millones Portada La Prensa http://t.co/yuEf69Xv		]]></document>
	<document><![CDATA[“@username: El año de la serpiente estará lleno de retos y trabajo http://t.co/G7INl6EJ” #FelizAñoNuevoChino de anticipado a los hermanos		]]></document>
	<document><![CDATA[“@username: Mirar a tu mamá y pensar: ¿Qué sería yo sin esta mujer?” ASÍ ES!		]]></document>
	<document><![CDATA[Definitivamente la micro empresa se ve beneficiada del éxodo masivo hacia el interior por carnavales, ARRIBA PANAMÁ!		]]></document>
	<document><![CDATA[Proyectos entregables bajo la Admón.  @username empiezan a cambiarle la cara a nuestro país. HACIENDO HISTORIA! http://t.co/oBZi659a		]]></document>
	<document><![CDATA[“@username: La #ONU dice que los muertos en #Siria se aproximan ya a los 70.000 http://t.co/AvGftNq1” Y seguimos sin hacer nada...		]]></document>
	<document><![CDATA[La sinceridad y la objetividad son virtudes que se aprecian #Valores		]]></document>
	<document><![CDATA[Hoy es el #DíaMundialDeLaLuchaContraElCáncerInfantil http://t.co/fpgk6LEM		]]></document>
	<document><![CDATA[Según calificadora de riesgo Fitch: Panamá va a ser el país con el crecimiento económico más rápido en la región. http://t.co/ln9Asv3k		]]></document>
	<document><![CDATA[“@username: Esta dramática imagen ganó el World Press Photo http://t.co/x4t2Ecsn”Please lean el contenido aunque habla por sí sola BASTA!		]]></document>
	<document><![CDATA[Centro bancario intl.panameño registró utilidades por $1.481 millones al 2012 / 12,7% superior a 2011 http://t.co/HSdwPvtI @username		]]></document>
	<document><![CDATA[Inflación disminuyó un punto porcentual en comparación con enero 2011 http://t.co/AoBl8Yd0		]]></document>
	<document><![CDATA[¿Sabes en qué consistirá el sistema logístico de la Cadena de Frío? Este video lo explica @username http://t.co/5hgYOgsY7N		]]></document>
	<document><![CDATA[Cadena de Frío, dando respuesta a una necesidad para el país @username  http://t.co/iuSwhjx7hz		]]></document>
	<document><![CDATA[La Razón-España: Con 2,1 millones de turistas en 2012, este país se reivindica como un destino alternativo. http://t.co/WPopyofwlJ		]]></document>
	<document><![CDATA[@username ensalza inversión de Francia en Panamá 
 http://t.co/jNBubDXNTd@username&utm_medium=Twitter		]]></document>
	<document><![CDATA[@username gracias a ti hermano, tus rutinas de entrenamiento sí hacen la diferencia!		]]></document>
	<document><![CDATA[“@username: La honestidad de un mendigo conmueve a Estados Unidos http://t.co/Wm1zxqwW43” #ContagiaTuLocura #Panamá		]]></document>
	<document><![CDATA[@username oficializó este viernes candidatura para primarias presidenciales de Cambio Democrático. @username  http://t.co/ZpWqWnKKVK		]]></document>
	<document><![CDATA[Existen mil razones para sentirnos bendecidos y orgullosos de nuestro país, aún más de verlo crecer #amoMiPanamá		]]></document>
	<document><![CDATA[Ministro Fabius resaltó la importancia de Panamá como principal socio económico de Francia y la UE en la región CA http://t.co/SxmizTQHuC		]]></document>
	<document><![CDATA[Dale Follow “@username: Recuerda toda experiencia vivida, buena o mala es experiencia ¡Sonríe!”		]]></document>
	<document><![CDATA[Ministro @username en representación del Gobierno Nacional condecora a Canciller de Honduras por destacada labor http://t.co/kSoWhmSErT		]]></document>
	<document><![CDATA[Sitio Arqueológico de Pananá Viejo. http://t.co/2IlSN7YneZ		]]></document>
	<document><![CDATA[Mañana puede darse caos vehicular por regreso a clases, #paciencia, ya muy pronto se verán los beneficios de la nueva infraestructura vial		]]></document>
	<document><![CDATA[“@username: Panameños disfrutaron este domingo de la "Cinta Viva" http://t.co/trwW4gcnYh
#Panama” Excelente iniciativa!		]]></document>
	<document><![CDATA[Nuestra Plaza de la Independencia, Casco Antiguo - PANAMÁ! http://t.co/J0p3QZ2pLF		]]></document>
	<document><![CDATA[AMO mi país hasta con apagones, que bueno que se pudo dar oportuna respuesta, he escuchado que en otros países ha durado dííías...		]]></document>
	<document><![CDATA[Coincidirá con la Cumbre Iberoamericana de octubre en Panamá, la celebración del VI Congreso de la Lengua Española http://t.co/OFGmgFBmJV		]]></document>
	<document><![CDATA[Panamá figura en los planes de dos de los principales jugadores de la aviación internacional. http://t.co/57qBxnSj5W		]]></document>
	<document><![CDATA[Con @username se seguirán dando los buenos cambios que tanto necesitaba nuestro país; Panamá seguirá ADELANTE#JuntosesPosible #Romulo2014		]]></document>
	<document><![CDATA[@username EXCELENTE Embajador!		]]></document>
	<document><![CDATA[“@username: @username saludos, estas apoyando a RR?” Así es hermano @username #Romulo2014		]]></document>
	<document><![CDATA[“@username: http://t.co/laorfltCLZ” Algunas impresiones del candidato Romulo Roux, una verdadera opción para el 2014. #romulopresidente		]]></document>
	<document><![CDATA[La mejor de las suertes a nuestros atletas que inician su participación en los #JuegosCentroamericanos de San José, C.R., y ARRIBA PANAMÁ!!!		]]></document>
	<document><![CDATA[Ahora sí se acabó el domingo!		]]></document>
	<document><![CDATA[Las proyecciones económicas y de desarrollo humano de Panamá se vislumbran promisorias. Vía: http://t.co/E6eg6B3B4k		]]></document>
	<document><![CDATA[Panamá podría convertirse en el eje de negociaciones de commodities de América Latina. Vía: http://t.co/hOdKRJvoqX		]]></document>
	<document><![CDATA[PIB de Panamá en términos nominales ascendió 15,8% en relación con el año anterior. Vía: http://t.co/sb7aAnQtZZ		]]></document>
	<document><![CDATA[QEPD @username y que los hermanos venezolanos tengan una transición democrática.		]]></document>
	<document><![CDATA[Consejo de Gabinete reunido hoy en Chitré rindió cuentas de su gestión en obras y programas que benefician a Azuero. http://t.co/AdzaYvZQYb		]]></document>
	<document><![CDATA[Todavía falta mucho por hacer, nos corresponde a todos aportar y engrandecer nuestro país.		]]></document>
	<document><![CDATA[Brasil, México y Panamá encabezarán en América Latina la creación de puestos de trabajo en el primer trimestre 2013 http://t.co/UcYFgHLuC9		]]></document>
	<document><![CDATA[Panamá es el país más competitivo en materia turística de América Latina. Informe Mundial de Competitividad Turística http://t.co/Nu01ei7Fcz		]]></document>
	<document><![CDATA[Por la unidad del @username con @username rumbo al 2014 #JuntosesPosible @username #Romulo2014 http://t.co/CAl4HBQmkp		]]></document>
	<document><![CDATA[Pronto el aeropuerto de Rio Hato beneficiará enormemente el turismo de playa en el Pacífico panameño. #GanaPanamá http://t.co/WZCGhQRVZT		]]></document>
	<document><![CDATA[Gran recibimiento al candidato  @username en encuentro de líderes de @username en Penonomé @username http://t.co/vKGccuOuW2		]]></document>
	<document><![CDATA[@username y sumando cada día más simpatizantes. Penonomé fue un éxito rotundo  @username #JuntosesPosible		]]></document>
	<document><![CDATA[“@username: Esta imagen lo dice todo. http://t.co/BttEjtnK0g” @username @username		]]></document>
	<document><![CDATA[No tener banco central le ha permitido a Panamá disfrutar de una macroeconomía estable y sólida.
Por @username  http://t.co/1CCMy2ym9O		]]></document>
	<document><![CDATA[“@username: Nuevas olas de #desplazados en el norte de #Siria http://t.co/tuCY1ZxStb” Insisto BASTA!		]]></document>
	<document><![CDATA[Experimento Comparte - Acción contra el Hambre Aprendamos a #Compartir. No dejes de verlo, el futuro que queremos... http://t.co/QpUvsfXN5s		]]></document>
	<document><![CDATA[@username es el candidato que llevará al @username al triunfo en el 2014. Gran persona! @username http://t.co/eIzgTVYXjV		]]></document>
	<document><![CDATA[Ministro de Com. colombiano: "Panamá ha sido bastante dinámico consolidándose como centro de negocios de la región". http://t.co/TnznZUa20V		]]></document>
	<document><![CDATA[Buena noticia, se reactivan negs. de un TLC con Colombia. A seguir contribuyendo con la integración comercial Intl. http://t.co/TnznZUa20V		]]></document>
	<document><![CDATA[“@username: Culminan los trabajos en el puente vehicular de San Miguelito http://t.co/T0TODDG3iA #Panamá” El @username AVANZA!		]]></document>
	<document><![CDATA[@username @username opinión de Embajadora de Argentina ante el Reino Unido vía: @username http://t.co/HANAQfhWsT		]]></document>
	<document><![CDATA[Del 14 al 17 de marzo se dará en Panamá la reunión anual del BID, foro de discusión más importante de este organismo. http://t.co/67BkQoiL6l		]]></document>
	<document><![CDATA[El número de refugiados sirios alcanza el millón de personas 
http://t.co/PwCN9SMxM1		]]></document>
	<document><![CDATA[Parques industriales en Panamá en conjunto suman arriba de los US$200 millones en inversión en 2012. Vía: http://t.co/wdko4GBg4O		]]></document>
	<document><![CDATA[@username analiza desarrollo de servicios logísticos conexos para satisfacer demanda futura por la ampliación. http://t.co/b0LZhR3bPt		]]></document>
	<document><![CDATA[@username GRACIAS por compartir este video, REGUEMOS LA VOZ!		]]></document>
	<document><![CDATA[“@username: Impulsan nuevo programa de armas por trabajo  http://t.co/WFcSzhPXoM
 #Panamá”  @username #Colón		]]></document>
	<document><![CDATA[Interesante: sólo 19 Cardenales latinoamericanos en Cónclave y representamos mayoría (40%) de los católicos del mundo http://t.co/oNlLvFtP2O		]]></document>
	<document><![CDATA[Ministro @username  se reúne con el Presidente del BID previo a la reunión anual a desarrollarse en #Panamá http://t.co/ZSjijuZ0EH		]]></document>
	<document><![CDATA[@username afina junto a SEGIB detalles de la Reunión Iberoamericana de Ministros de la Presidencia @username http://t.co/e4xPRIqSts		]]></document>
	<document><![CDATA[Panamá comprometida con el éxito de la XXIII Cumbre Iberoamericana de Jefes de Estado y de Gobierno de octubre próx. http://t.co/e4xPRIqSts		]]></document>
	<document><![CDATA[Nuestro país por tercer trimestre consecutivo se coloca entre primeros lugares de crecimiento del empleo en el mundo. http://t.co/KOZv986zwU		]]></document>
	<document><![CDATA[Brasil y Panamá crearán más empleo en América Latina Vía: http://t.co/46MFVT0aMN		]]></document>
	<document><![CDATA[“@username: Panamá se lució en atletismo 
http://t.co/OgHlg4Q2rt #Panamá” ENHORABUENA por nuestros atletas!		]]></document>
	<document><![CDATA[Que su mensaje esté lleno de #Solidaridad, #Paz, #Tolerancia y la renovación de la Iglesia Católica. VIVA EL PAPA LATINOAMERICANO!		]]></document>
	<document><![CDATA[“@username: @username feliz de que el papa sea latinoamericano y lo invitará a Panamá
http://t.co/4fZJYeKQ4V”		]]></document>
	<document><![CDATA[Hoy dio inicio en Panamá el primer Foro Empresarial de Mesoamérica del BID http://t.co/hhEQw8YT2e		]]></document>
	<document><![CDATA[Grandes diferencias hoy en el Cuerpo de Bomberos, unos loablemente sofocando un incendio y otros (menos), impidiendo la libre circulación.		]]></document>
	<document><![CDATA[@username @username vuelvo a denunciar autos modificados acelerando excesivamente en Corredor Sur hacía Paitilla @username		]]></document>
	<document><![CDATA[Nos inlcuyeron en listado de países con progresos en Informe 2013 de la Comisión en Aplicación de Convenios de la OIT http://t.co/dOGnvoJYkq		]]></document>
	<document><![CDATA[@username @username ya se discute en la AN, proyecto de Ley que mejorará los procesos de adopción.
http://t.co/ApanuIazp3		]]></document>
	<document><![CDATA[Bueno mañana viernes ADIÓS #DiablosRojos largo, tortuoso y complejo, con algo de paciencia el cambio finalmente se dio. #AvanzaPanamá		]]></document>
	<document><![CDATA[El sábado última salida de la Tuneladora Marta, Est. Iglesia del Carmen. Ya viene @username http://t.co/7jVwAIV2Vr		]]></document>
	<document><![CDATA[Desarrollo de Panamá inspira a empresarios de la región a la innovación @username Vía http://t.co/zKFEfSzO5G		]]></document>
	<document><![CDATA[Pdte. @username "ampliación del Canal marcará el inicio de una nueva época en la historia del comercio" @username http://t.co/zKFEfSzO5G		]]></document>
	<document><![CDATA[Panamá es un ejemplo económico, para toda la región. http://t.co/Dx6E0Wug5G		]]></document>
	<document><![CDATA[VP del Banco Mundial: Panamá, Perú y Chile registrarán tasas de crecimiento "por encima del promedio regional". Vía: http://t.co/9ezAlz3bjP		]]></document>
	<document><![CDATA[Ya hoy son parte de nuestra historia... #DiablosRojos http://t.co/Jgxf2pE3cS		]]></document>
	<document><![CDATA[@username esa es una muy buena iniciativa pero para brindar transporte público en definitiva son vigencia expirada, NO lo merecemos.		]]></document>
	<document><![CDATA[“@username: Hay cosas que no importa qué tan bien hagamos, no cambiarán el destino.” CIERTO!		]]></document>
	<document><![CDATA[Panamá se constituye en un caso único en el mundo en cuanto a su potencial logístico multimodal. Vía: http://t.co/5WP6BFTZ71		]]></document>
	<document><![CDATA[@username @username y ahí estaremos acompañándolo por considerarlo la mejor opción en éstas primarias @username #Romulo2014		]]></document>
	<document><![CDATA[@username @username @username @username @username @username ¡Bendiciones!		]]></document>
	<document><![CDATA[LO LOGRAMOS, el túnel está listo, el @username es un orgullo de TODOS LOS PANAMEÑOS! Foto de @username http://t.co/c1msoSJfuP		]]></document>
	<document><![CDATA[@username hoy en Metetí - Darién, el APOYO TOTAL fue con #Romulo2014 #JuntosHagamosHistoria @username http://t.co/uvCIS8Trio		]]></document>
	<document><![CDATA[“@username: " Facebook VivaPTY" http://t.co/IR2CNGbHkK” Totalmente de acuerdo...		]]></document>
</author>