<?xml version="1.0" encoding="UTF-8" standalone="no"?><author id="user536">
	<document><![CDATA[Caminos alternativos (que nunca debimos dejar) sin #DictamenFiscal: COSTOS, PRESUPUESTOS, AUDITORIA DE EF (!!!!), ANÁLISIS FINANCIERO...		]]></document>
	<document><![CDATA[Mientras más leo la propuesta de #ReformaFiscal más me doy cuenta que la posible desaparición del #DictamenFiscal es el menor de los males..		]]></document>
	<document><![CDATA[...la "carnita" está en el CFF (art. 5 es lapidario) y la LISR (abusiva) que va contra clase media		]]></document>
	<document><![CDATA[La propuesta de #ReformaFiscal en IVA es engañosa desde la exposición de motivos, solo importa administrar y controlar (?)		]]></document>
	<document><![CDATA[“@username: Cordero a Videgaray: no vamos a crecer ni el 1 por ciento. El PAN no va a aprobar en sus terminos Reforma Hacendaria.”~WOW!		]]></document>
	<document><![CDATA[@username hay reformas a la Ley de Amparo. Hasta eso ha sido trastocado.		]]></document>
	<document><![CDATA[“@username: Coca Cola dice que el impuesto a los refrescos es discriminatorio http://t.co/1YcnYNaYfu”~ contra pecsi?		]]></document>
	<document><![CDATA[“@username: No provoques el conflicto pero no lo rehuyas.”~Nosotros nunca iniciaremos una pelea pero estén seguros que sabemos terminarla		]]></document>
	<document><![CDATA[“@username: La eliminación del #DictamenFiscal es un error, se pierde un instrumento de fiscalización. El #IMCP en @username~~ será????????		]]></document>
	<document><![CDATA[La propuesta de #ReformaFiscal está tan mal que empieza diciendo (y defendiendo) que habrá DEFICIT FISCAL que no habido en 20 años...		]]></document>
	<document><![CDATA[...o sea empieza diciendo "vamos a endeudar al país" y que sigue? Inflación, altas tasas de interés, etc. Es como un dejavu...		]]></document>
	<document><![CDATA[...si te sientes en los años 70's u 80's no estás mal, estás leyendo la propuesta de #ReformaFiscal! Que alguien les diga!!!!!!!!!!!!!!!!!!!		]]></document>
	<document><![CDATA[Por cierto, se me olvidaba, en campaña permanente #nomasCNTE y adicionamos #NoMasImpuestos. Ánimo.		]]></document>
	<document><![CDATA[“@username: Siempre está esa persona que es y será tu debilidad.”~mi dragón, mi príncipe y mi sombra		]]></document>
	<document><![CDATA[@username y mucho más infames son las explicaciones y justificaciones en la exposición de motivos de todas las propuestas		]]></document>
	<document><![CDATA[Zanjemos el asunto de la iniciativa #ReformaFiscal hasta que se apruebe (o no.) Hoy debemos atender #LeyAntilavado empiezan los registros!		]]></document>
	<document><![CDATA[Contento y sorprendido por el interés y participación de alumnos de #contaduria en #iberopuebla felicidades!		]]></document>
	<document><![CDATA[@username Dragón, Príncipe, Sombra. Ya les puse mayúscula.		]]></document>
	<document><![CDATA[@username tu preguntaste sus nombres no? Por eso te contesté. Por cierto, no la vuelves a ver (muajajajaja) yo tengo el poder		]]></document>
	<document><![CDATA[Cenacolo!!! Doble YUM!		]]></document>
	<document><![CDATA[@username @username indignante. Este es un México no de contrastes sino injusto		]]></document>
	<document><![CDATA[@username lo importante esta en ISR y en CFF, que negocien ahi!!!!		]]></document>
	<document><![CDATA[El PAR es un programa gratuito y VOLUNTARIO. Que nadie se deje engañar, pueden optar por no contestar.		]]></document>
	<document><![CDATA[Es definitivo! o atiendo un asunto a la vez o no atiendo ninguno #goingcrazy o como dice mi compadrito: pónganse a chambear todos ya!		]]></document>
	<document><![CDATA[Ayuntamiento de Puebla reconocido como Ciudad Digital SAP Urban Matters. Felicidades!		]]></document>
	<document><![CDATA[Soy monocromático. Batallo menos.		]]></document>
	<document><![CDATA[Al parecer el #dictamenfiscal seguirá y se ajusta IVA a vivienda. No es suficiente falta mucho en CFF (arts. 5, 95)		]]></document>
	<document><![CDATA[¿Haces lo que te gusta o lo que sabes hacer? No dejo de pensar en eso #goingcrazy o #middleagecrisis ( :))   :((  )		]]></document>
	<document><![CDATA[“El gato cuando está amarrado, muere por desesperado” ~~niniciativa #ReformaFiscal		]]></document>
	<document><![CDATA[México extraviado y Lobos y Giménez? Qué hacen en el 11 Giovanni y Aquino?		]]></document>
	<document><![CDATA[@username @username: México extraviado y Lobos y Giménez? Qué hacen en el 11 Giovanni y Aquino? Para que los llaman sino juegan!!!!!!!		]]></document>
	<document><![CDATA[@username por favor, por piedad #nomasgiovannidossantos hace meses que nada de nada con el! Intentemos otra cosa		]]></document>
	<document><![CDATA[@username los dos centrales de Panama 1.90 90 kg. Los dos delanteros de Mx 1.65 70 kg. No entendí! Que alguien me explique. Y Denigri		]]></document>
	<document><![CDATA[@username Giovanni como siempre DESAPARECE en los partidos #nomasgiovannidossantos Mx tiene mas opciones por favor!!!		]]></document>
	<document><![CDATA[@username no puede jugar Lobos en el lugar de Giovanni?		]]></document>
	<document><![CDATA[@username cuando eres niño tu entrenador te dice "dénsela al que sabe" qué eso ya no vale? Hay dos que saben Chaco y R. Marquez, tons?		]]></document>
	<document><![CDATA[@username @username jugó Dos Santos? Porque nadie lo vió, no la tocó, no lo intentó, como desde hace meses #nomasgiovannidossantos		]]></document>
	<document><![CDATA[@username sí pero eran 11! Es una verguenza		]]></document>
	<document><![CDATA[@username Giovanni no jugó como siempre. Por esa banda Lobos tiene mas claridad		]]></document>
	<document><![CDATA[La mejor versión de la #SeleccionMexicana en los ultimos 30 años fue la de Lavolpe...#fb		]]></document>
	<document><![CDATA[Las pérdidas económicas estimadas si México no va al mundial son cercanas a los $1,000 millones de pesos #fb		]]></document>
	<document><![CDATA[Para mi la iniciativa de #ReformaFiscal es bullying contra los contribuyentes. El bullying es perseguido, se perseguirá éste? Der. Humanos.		]]></document>
	<document><![CDATA[@username ahora los vas a tener, vas a pensar que los ganas y llegará volando el nvo. CFF y te darás cuenta de tu error.		]]></document>
	<document><![CDATA[Dall 7  Was 0  empezamos bien! #fb		]]></document>
	<document><![CDATA[Intercepción :( #fb		]]></document>
	<document><![CDATA[semana decisiva para la iniciativa de #reformafiscal así que queriendo o no deberemos estar atentos #fb		]]></document>
	<document><![CDATA[@username te felicito por enfrentar a este gobernador como lo hiciste. Es una lastima y es un inutil que los financia		]]></document>
	<document><![CDATA[Y ahora a volver a leer todo porque ya quedaron las negociaciones y apenas es lunes! Buu! Mejor me duermo! Mundo, ahí te quedas!		]]></document>
	<document><![CDATA[@username #nomasgiovannidossantos y #nomaschicharito por el amor de Dios. No metan a Giovanni, PLATICA CON LOBOS VUCETICH!!!,		]]></document>
	<document><![CDATA[@username hoy debe llegar la renuncia de Compean, González Iñarritu y de Vucetich, ah! y de Giovanni y de Marquez y del Chicharito, YA!		]]></document>
	<document><![CDATA[Condición sine qua non para obtener conocimiento no es el estudio, es la edad #jovenes		]]></document>
	<document><![CDATA[Condición sine qua non para poder opinar sobre algo no es la edad, es el conocimiento #jovenes		]]></document>
	<document><![CDATA[Condición sine qua non para los dos asuntos anteriores solo es una vivir la juventud para adquirir edad y conocimiento. Es fácil pero lento		]]></document>
	<document><![CDATA[Tampoco nos gustó como quedó, entonces qué queremos? Que todo siga igual? Se trata de no movernos? Nos quedamos así siempre? #goingcrazy		]]></document>
	<document><![CDATA[El verdadero riesgo para los jóvenes de hoy es que viven bajo el principio MÍNIMO ESFUERZO. Debemos trabajar con ellos desde niños.		]]></document>
	<document><![CDATA[Ayer tuvimos buena fortuna en el fútbol y ni eso nos gustó!nTenemos mala fortuna con #ReformaFiscal y no veo a un país preocupado, tons?		]]></document>
	<document><![CDATA[Atendiendo al punto de vista de Cuauhtémoc Cárdenas respecto de la #ReformaEnergética http://t.co/LuF000Q8Ua		]]></document>
	<document><![CDATA[@username lo que te están diciendo es una aberración y un sin sentido! Es abusivo. Eso solo es moderno en tecno no en recaudacion		]]></document>
	<document><![CDATA[@username solo se recargan en los contribuyentes que existen, NO BUSCAN AMPLIAR LA BASE, es corta y simplista la vision		]]></document>
	<document><![CDATA[@username @username @username @username  ya renunciaron Compeán y Glez. Iñarritu? Va la campaña diaria hasta que lo hagan		]]></document>
	<document><![CDATA[“El que nace para mulo del cielo le cae el arnés" yo por eso ya no me cuelgo nada en el cuello, no vaya a ser.		]]></document>
	<document><![CDATA[Atendamos lo importante y dejémonos de vanalidades. No veamos solo un árbol sino el bosque! #ReformaFiscal #ReformaEnergética		]]></document>
	<document><![CDATA[No puede ser que solo estemos preocupados por un solo tema cuando la iniciativa de #ReformaFiscal incluye muchos...		]]></document>
	<document><![CDATA[Los CP debemos por obligación estar atentos a TODOS los temas con objetividad y profesionalismo pero en cambio solo pretendemos...		]]></document>
	<document><![CDATA[defender a ultranza un solo tema. Eso es visión corta y miope. Se trata de PENSAR! ÁNIMO! Ah! Que no se olvide #nomasCNTE		]]></document>
	<document><![CDATA[Eso que enseñamos a los hijos hoy por pequeño que parezca tiene un impacto monumental en su futuro, empezando en sus recuerdos.		]]></document>
	<document><![CDATA["Toda la oscuridad del mundo no puede extinguir la luz de una sola vela" San Francisco de Asís.		]]></document>
	<document><![CDATA[“Para alcanzar lo que nunca has tenido, tendrás que hacer lo que nunca has hecho.” ~~ asi empezamos la semana. ÁNIMO!		]]></document>
	<document><![CDATA[Esta semana en la música será de Tears for Fears. Gran banda que dejó grandes éxitos. Los iré compartiendo...		]]></document>
	<document><![CDATA[“@username: Diputados dan luz verde a más endeudamiento en 2013 y 2014 #IMCP #cptwitter http://t.co/Y7v5ExXgWO”//AQUÍ ESTÁ EL MEOLLO! Mal mal !		]]></document>
	<document><![CDATA[El reconocimiento viene con los años a través de tus acciones. Ayer la UPAEP reconoció a sus fundadores, entre ellos Luis Maldonado. Bien!		]]></document>
	<document><![CDATA[“El que de ilusiones vive, de desengaños perece". Mucho me temo que #reformafiscal pasará. Es una lástima y una afrenta a mexicanos. Buu!		]]></document>
	<document><![CDATA[Este año a los abuelos http://t.co/XBJora0vDJ		]]></document>
	<document><![CDATA[Como quedamos para esta semana. Otra muy buena canción de la banda y un clásico ya.... ? "Shout" by @username http://t.co/8La6sefMR3		]]></document>
	<document><![CDATA[Apple da a conocer la nueva ipad AIR. Saldrá en 499 USD a partir de Noviembre y será la ipad más ligera.		]]></document>
	<document><![CDATA[Ipad AIR tendrá tecnología MIMO para conectarse a internet, lo que significa múltiples antenas para mejor conectividad		]]></document>
	<document><![CDATA[El mundo necesita ejemplos no opiniones. A ver si dejamos de criticar y nos ponemos a trabajar. ÁNIMO!		]]></document>
	<document><![CDATA[@username @username @username @username @username vamos con el ánimo de representar al Colegio y traer noticias y actualizaciones de FATCA		]]></document>
	<document><![CDATA[Ya en el destino, y ahora?		]]></document>
	<document><![CDATA[Tu espacio intacto!!! http://t.co/Uwi6R4a4gN		]]></document>
	<document><![CDATA[Conocimos al maestro @username y vamos con al inicio de las conferencias con @username y @username		]]></document>
	<document><![CDATA[FATCA / IGA / FFI así o más fácil? #FATCA		]]></document>
	<document><![CDATA[@username pos si! Es lo menos?		]]></document>
	<document><![CDATA[@username maso, pudiste esforzarte mas		]]></document>
	<document><![CDATA[@username CR 7 dos - MESSI dos y los Xavis controlando todo lo demás. #halamadrid		]]></document>
	<document><![CDATA[@username es la única forma de entender el mundo de los negocios		]]></document>
	<document><![CDATA[Con amigos que no he visto en 30 años! Excelente cena con Fernando Miranda y Norma su esposa. http://t.co/tAj8Kpzcyw		]]></document>
	<document><![CDATA[@username pero matan despacio!! Que rico!		]]></document>
	<document><![CDATA[@username ficticia? Hipótesis? Las hipótesis por definición son ficticias luego viene la prueba. En esta caso mucho se puede pensar		]]></document>
	<document><![CDATA[@username como los contactamos para que vengan a Puebla?		]]></document>
	<document><![CDATA[@username Rafa, Carlos Vela no quiere! Si hay quien no quiere		]]></document>
	<document><![CDATA[@username en su cintillo dice automoBil! Ojo es con "v"		]]></document>
	<document><![CDATA[Me preocupan los programas de #Contaduría en las universidades. Ni pies ni cabeza con tal de ganar alumnos. Y la calidad? Y el enfoque? NADA		]]></document>
	<document><![CDATA[No es atractiva la carrera por culpa de las universidades por tantos adornos y éstas los hacen para ser atractivas! Increíble pero cierto		]]></document>
	<document><![CDATA[No hay pre-requisitos, no hay enfoque humanístico y en consecuencia no hay CALIDAD. Insisto, me preocupa.		]]></document>
	<document><![CDATA[@username nos dan espacio para explicarles pero no entienden! Ese es el nivel de ntos legisladores. Acaso perdemos el tiempo con ellos?		]]></document>
	<document><![CDATA[Tal vez si quiero ser obsesivo... http://t.co/NAMyqKSy4M		]]></document>
	<document><![CDATA[@username @username de nada sirve! Les explicamos el impacto y así la sacaron. Golpe FUERTE a clase trabajadora y clase media!		]]></document>
	<document><![CDATA[1/3 nos reunimos con Diputados, les explicamos los absurdos de la reforma con palitos y bolitas...		]]></document>
	<document><![CDATA[2/3 nos reunimos con Senadores, les explicamos los absurdos de la reforma con palitos y bolitas...		]]></document>
</author>