<?xml version="1.0" encoding="UTF-8" standalone="no"?><author id="user72">
	<document><![CDATA[Messi con el traje que se puso para recibir el balín de oro... 
Jajajajajajajaja 
(aunque se vista de seda...)		]]></document>
	<document><![CDATA[@username dice: 
"me voy a traer la otra piñata, y vamos a jugar"
#Priceless @username		]]></document>
	<document><![CDATA[Muchas gracias @username por mis fotos de #ElArgentinoDelicioso 
#priceless 
Más amigas como tu =D		]]></document>
	<document><![CDATA[“@username: Hitler no era tan culero si lo comparas con el traje de Messi recibiendo el balón de oro.”/ #PricelessTweet		]]></document>
	<document><![CDATA[@username significa que seré parte del #Flashmob #NoPantsMx =D 
(Ósea mostraré los calzones en el metro)		]]></document>
	<document><![CDATA[y hoy que me levante tan feliz... 
mi ipod insiste en deprimirme! ¬¬		]]></document>
	<document><![CDATA[Querido ipod del pasado no me pongas los gustos culposos... 
entiende que tenía 15		]]></document>
	<document><![CDATA[Vida, aún no me vences... 
el cielo es el límite.		]]></document>
	<document><![CDATA[@username ¿y un bloqueador que sea humectante?		]]></document>
	<document><![CDATA[NO TE ODIO...

Pero si estás en un incendio y yo tengo agua...

Me la tomo ????		]]></document>
	<document><![CDATA[NO TE ODIO 
pero si necesitas cambio para tu coca de la máquina...
Ups! Se lo di al viene viene. ????		]]></document>
	<document><![CDATA[|O.O| nooooo 
las de Carla Morrison no porque se corta las venas.		]]></document>
	<document><![CDATA[@username Se escribe Target y se pronuncia "Targuet" JAMÁS se pronuncia "Tarllet" De nada.// #PricelessTweet		]]></document>
	<document><![CDATA[@username ¡Felicidades! 
#EnvidiaDeLaMala!		]]></document>
	<document><![CDATA[@username ay yo me quede en el Wii! =( 
Se bueno y consígueme "descuentito" ;0)		]]></document>
	<document><![CDATA[@username jajajaja 
¿Qué? Si uno cuando llega lo primero que hace es averiguar los beneficios ¿no?		]]></document>
	<document><![CDATA[Agradezco enormemente al genio que puso sillas declinables en la terraza. 
#pricelessIdea!		]]></document>
	<document><![CDATA[¿Porqué hay tanta gente, no se supone que es cuesta de enero? (@username Centro Coyoacán w/ 17 others) http://t.co/KrD4zkmP		]]></document>
	<document><![CDATA[Las marcas de ropa interior deberían aprovechar el #NoPantsMx de @username y crear una temporalidad #IdeaMillonaria		]]></document>
	<document><![CDATA[Que tal estos para el #NoPantsMx? 
No están algo aburridos? http://t.co/Ue6eox4m		]]></document>
	<document><![CDATA[Creo que estos son bastante divertidos como para mostrarlos en #NoPantsMx http://t.co/RXmGg3jM		]]></document>
	<document><![CDATA[“@username: Exhibicionismo ó #Lovemark !?.. #Apple http://t.co/9OdJroIc”// todas y ninguna a la vez		]]></document>
	<document><![CDATA[Las pistas siempre están ahí, pero uno no las ve hasta que la realidad nos golpea fuerte y justo en la cara.		]]></document>
	<document><![CDATA[“@username: es un poco controversial la gráfica no crees!!??”// Ja, ¿sólo un poco?		]]></document>
	<document><![CDATA[Ponte a prueba ¿que tanto sabes de cerveza?  http://t.co/Aw0Do1fn		]]></document>
	<document><![CDATA[Es personas que hablan con proveedores y hacen señas para explicarles... 
Como si me vieran ¬¬
#AutoBullying		]]></document>
	<document><![CDATA[¿Alguien sería tan amable de decirme que días es hoy?		]]></document>
	<document><![CDATA[Se pusieron el disco de Búnkers... 
¿Acaso esperan que alguien se aviente por el balcón?		]]></document>
	<document><![CDATA[fui con @username para traer el virus a la oficina... 
jejejej #SoyMuyMala >=D		]]></document>
	<document><![CDATA[Cobrando mi apuesta =D (@username El Depósito - Parque Hundido) [pic]: http://t.co/PmFC6K6Y		]]></document>
	<document><![CDATA[Vamos a ver a Joe (guapísimo) Flacco
Esperando que le gane al marica de Manning. ????		]]></document>
	<document><![CDATA[Pues ahí viene Joe (delicioso) Flacco 
¡Vamos por otros 7!		]]></document>
	<document><![CDATA[Venga Joe (chiquitito) Flacco
Yo tengo fe en ti! 
"Esta es tu chanza"		]]></document>
	<document><![CDATA[Flacco + Lewis = #CombinaciónGanadora

Así que...

Haré un baile ????????????????????????????????????????????????????????????????????????????????????????????????????????		]]></document>
	<document><![CDATA[Ahora vamos a ver a los 49's de @username, venga #SF los quiero ver en el superbowl ????????		]]></document>
	<document><![CDATA[No te deseo el mal...
Pero ojalá tu próximo Brief sea para un informercial.		]]></document>
	<document><![CDATA[“@username: Para los que me decían que la varicela es peor en los adultos...LES CREO!!!”// OMG! ¿Está muy mal?		]]></document>
	<document><![CDATA[Sólo han transcurrido 13 días de el 2013 y ya me siento ¡TAN Bridget Jones! ????		]]></document>
	<document><![CDATA[Personalmente considero la truza como  lo más anti sexy en un hombre #NoPantsMx		]]></document>
	<document><![CDATA[Llegamos a la zona prometida (@username Monumento a la Revolución Mexicana w/ 7 others) [pic]: http://t.co/Fel91pcw		]]></document>
	<document><![CDATA[#MientrasTuMeIgnoras los agentes del #NoPantsMx me quieren dar Follow!		]]></document>
	<document><![CDATA[Si alguien tiene fotos del @username de hoy, súbalas con el HT #NoPantsMx, si me topan en una con el HT, avísenme =D		]]></document>
	<document><![CDATA[El monumento a la madre, me parece más una mentada de madre.		]]></document>
	<document><![CDATA[Revolución #nopantsmx 2013 http://t.co/eRKQClEQ		]]></document>
	<document><![CDATA[La vida es más cómoda sin pantalones #nopantsmx http://t.co/COjLBeAo		]]></document>
	<document><![CDATA[Algunos se producen más para el #nopantsmx http://t.co/bnJZw4P2		]]></document>
	<document><![CDATA[haber estado en el  #NoPantsMx y no salir en los periódicos es un gran #Win		]]></document>
	<document><![CDATA[@username hola, perdona no había visto tus tweets... 
#FollowBack y #MD?		]]></document>
	<document><![CDATA[@username en que canal? Quiero ver ese video. Jajajajajaja		]]></document>
	<document><![CDATA[“@username: No hables tan rápido que no me da tiempo a ignorar todo lo que dices!"/se que esto lo piensas muy seguido sam/#PricelessTweet		]]></document>
	<document><![CDATA[Me dan ganas de comprar libros pero no para mi. Maldito seas #CorazónDeCondominio (@username Gandhi w/ 4 others) http://t.co/Lt6UYllV		]]></document>
	<document><![CDATA[Podría ser yo http://t.co/PbfyA8oR		]]></document>
	<document><![CDATA[@username jajaja ¿les debo una comida, como por? 
Yo diría que ustedes deberían invitar a esta damita. (Y sus amigas)
(Insisto MD)		]]></document>
	<document><![CDATA[Y ella dijo: 
"Wey es publicista, OBVIO que se sabe vender"		]]></document>
	<document><![CDATA[¿Alguien me dice que cambio con la actualización de la app de Twitter para iPhone?		]]></document>
	<document><![CDATA[“@username: Las oportunidades no se esperan, se crean”/#PricelessTweet		]]></document>
	<document><![CDATA[#NoEsQueMeCaigasMal...

Es que sospecho que tu mamá no tomó ácido fólico durante el embarazo.		]]></document>
	<document><![CDATA[@username creo que tienes un mensaje. ????		]]></document>
	<document><![CDATA[No te odio pero ojalá te regalen el "micro touch MAX" y te obliguen q usarlo.		]]></document>
	<document><![CDATA[#NoTeDeseoElMal pero ojalá tu novia use Genie Bra y en color piel.
PUM!		]]></document>
	<document><![CDATA[OMG! Un juego de playmobil para iPad...
¡LO NECESITO AHORA! http://t.co/FQDSrGOP		]]></document>
	<document><![CDATA[La gente debería decirlo como es:
"La primera vez siempre es raro..."
http://t.co/36AVI2Nr		]]></document>
	<document><![CDATA[Yo confieso que disfruto escuchar a Bruce Springsteen en horas laborales. #ViejaAlmaRockera		]]></document>
	<document><![CDATA[Estos calores me hacen sentir cual camello ¬¬. 
¡Aun es invierno, dios santo! 
#OdiandoElCalentamientoGlobal		]]></document>
	<document><![CDATA[#QueridoCreativo ya deberías saber que si escuchas un "Alditooo" y viene de mi... 
SEGURO es para pedirte algo.		]]></document>
	<document><![CDATA[@username ¿Será posible que usted pueda revisar sus mensajes directos de Twitter lo antes posible?		]]></document>
	<document><![CDATA[@username tome muy pocas, ya subí unas. ¿Y tu?		]]></document>
	<document><![CDATA[Camino a casa de la infecciosa Cc. @username, @username (@username Parque de los Venados w/ 8 others) [pic]: http://t.co/yL5OtbTf		]]></document>
	<document><![CDATA[Acaso todos los Godínez que están hoy en Centro Coyoacán son los de "La caja de ahorros de tiempo"
Porque eso parecen ????		]]></document>
	<document><![CDATA[Recordando como es llegar a estas horas a la casa por trabajo... 
(Me frustra, pero me gusta. #PublicistaDeCorazón)		]]></document>
	<document><![CDATA[¿ya les comenté que...

ODIO A LOS BUROCRATAS?

(lo que hace una cuentas por su cliente?		]]></document>
	<document><![CDATA[@username No solté un pedo, pero si cómo para escupir el café ;)		]]></document>
	<document><![CDATA[Cuando hables con un burócrata, SIEMPRE llámalo "Licenciado", te facilitará las cosas ;0) 
#TipDeCuentas		]]></document>
	<document><![CDATA[@username ¿Acaso fuiste victima de los ladrones de vehículos, amantes de lo ajeno, pibes chorro, etc.?		]]></document>
	<document><![CDATA[@username Pon la serie... para que te sientas Carrie Bradshaw		]]></document>
	<document><![CDATA[Lo que más odio de estar en llamas es no poder responder los Whatsapps ='(		]]></document>
	<document><![CDATA[Chocolate para el alma y lectura recreativa para la mente #CombinaciónGanadora. (@username Cielito Querido Café) [pic]: http://t.co/jEbaESUq		]]></document>
	<document><![CDATA[De esas noches en que quiero contarle a alguien como estuvo mi día. ='(		]]></document>
	<document><![CDATA[#MientrasTuMeIgnoras el mesero me pregunta si se me ofrece algo más.		]]></document>
	<document><![CDATA[Música coqueta y un mal de amor, pa' ver si se ... ?  Cenit by La Castaneda http://t.co/UP34qcfP (@username Mezcaleria Vulgar) [pic] #soundtracking		]]></document>
	<document><![CDATA[Lo que más me gusta de la NFL es cuando golpean a los QB... 

Más si se llaman Tom Brady 
#GoRavens		]]></document>
	<document><![CDATA[¿Hay alguien entre mis followers que no odie a Tom Brady?
#GoRavens		]]></document>
	<document><![CDATA[Yo creo que si fue "casco a casco", sin embargo no creo que haya sido culpa del defensivo.		]]></document>
	<document><![CDATA[Aplauso enooooorme para los pases de towch down que ha lanzado Joe (exquisito) Flacco en sus últimos dos partidos. #GoRavens ????????????????????		]]></document>
	<document><![CDATA[Nunca antes había visto a la defensiva de Ravens tan ruda como en esta última mitad del partido. 
#GoRavens		]]></document>
	<document><![CDATA[Creo que Brady está comenzando a sentir "miedito". 

#GoRavens		]]></document>
	<document><![CDATA[“@username: A la veeergaaa pinches Pats y Putito Brady!!!”// Brady está de mariquita #GoRavens		]]></document>
	<document><![CDATA[Venga Joe (lindísimo) Flacco a correr para acabarse el reloj. 
#GoRavens		]]></document>
	<document><![CDATA[Con la intercepcion de de Ravens, Joe (hermoso) Flacco y Ray (héroe) Lewis, vencen a Tom (marica) Brady para ir al SUPER BOWL		]]></document>
	<document><![CDATA[@username si me dan miedo tus 49's pero mi fe está con Lewis y Flacco. 

(#SuperBowlParty necesaria)		]]></document>
	<document><![CDATA[@username lo sé, me lo digo desde que comenzaron los #PlayOffs pero me cae bien Flacco y si no es ahora... 
¡NUNCA!		]]></document>
	<document><![CDATA[@username Yey! Yo me apunto. O/
@username no te preocupes, no llevaré jersey de Flacco, eso si es traición.		]]></document>
	<document><![CDATA[Seamos honestos.
Nadie quería ver a los patriotas en el Super Bowl.		]]></document>
	<document><![CDATA[En los días con este clima entiendo perfecto la depresión de los ingleses.		]]></document>
	<document><![CDATA[@username "a tratarlos con la punta del pie a los cabrones" #CansadaDeBesarSapos		]]></document>
	<document><![CDATA[Si no te abraza de cucharita en estos días de frío... 

¡NO TE AMA!		]]></document>
	<document><![CDATA[¡Me caga que         
me hagas quedar  
cómo un pendejo!
         •
      •               ¿?
   •                 • 
????              ?		]]></document>
	<document><![CDATA[Debo confesar que tengo una debilidad por los activistas altos, delgados, chinos y con barbas =S 
#DocumentalGreenpeace.		]]></document>
	<document><![CDATA[La única forma en la que puedo cambiar al mundo es creando consciencia.		]]></document>
	<document><![CDATA[Creo que debo dejar de tratar que los demás vean lo que sólo yo puedo ver. ????		]]></document>
</author>