<?xml version="1.0" encoding="UTF-8" standalone="no"?><author id="user355">
	<document><![CDATA[@username @username @username Saludos!		]]></document>
	<document><![CDATA[@username @username @username @username Saludos a todos. Feliz Lunes :)		]]></document>
	<document><![CDATA[@username Alguno de estos cursos se puede subvencionar? Gracias.		]]></document>
	<document><![CDATA[@username  Gente inteligente haciendo cosas inteligentes! Cómo me gusta recibir estos tweets.Gracias!		]]></document>
	<document><![CDATA[@username Q tal todo por #Ibiza? :) 1Beso enorme!		]]></document>
	<document><![CDATA[Gracias @username Como socia no, pero como trabajadora ahí sí que me veo :P		]]></document>
	<document><![CDATA[III Curso de Guías de Turismo adaptado en Barcelona http://t.co/iSAiUs5c vía @username  #travel #tourism		]]></document>
	<document><![CDATA[@username @username @username  Gracias por seguirme! Un feliz y primaveral saludo :)		]]></document>
	<document><![CDATA[@username  Ey, no sabía que eras extranjera!!! Jajaja 1Bsito		]]></document>
	<document><![CDATA[@username: MicroBank y el Injuve renuevan su acuerdo para facilitar la financiación a jóvenes emprendedores @username		]]></document>
	<document><![CDATA[@username Salen "chorizos" de todos lados... Qué barbaridad :S		]]></document>
	<document><![CDATA[No sabía q podían derribarlo. Gracias @username por enviarme la noticia :)		]]></document>
	<document><![CDATA[@username Gracias por seguirme! Un saludo :)		]]></document>
	<document><![CDATA[Las Ciudades Wifi seducen a los turistas http://t.co/eYiwsiRE vía @username		]]></document>
	<document><![CDATA[Paz y Bien publica una guía sobre turismo accesible: http://t.co/0sPhgUws vía @username		]]></document>
	<document><![CDATA[Muy bien!  #accesibilidad + #tecnología= #culturadelaaccesibilidad http://t.co/ImUmgeH5		]]></document>
	<document><![CDATA[Gracas a @username @username @username @username @username  por seguirme :) Un saludo.		]]></document>
	<document><![CDATA[@username Claro que sí! :) cc: @username @username		]]></document>
	<document><![CDATA[#Olga Babarro, una guía turística de récord Guinness en lenguaje de signos http://t.co/VP8Mxi8v		]]></document>
	<document><![CDATA[@username Gracias por seguirme! Saludos		]]></document>
	<document><![CDATA[@username Gracias por seguirme! Un saludo		]]></document>
	<document><![CDATA[@username ¡Qué buenísima oferta de cursos! Ya he mandado mi cuestionario para recibir más info :)		]]></document>
	<document><![CDATA[@username ¡Por supuesto!1 estupenda forma de saber qué opinan nuestros clientes, promocionar el producto, resolver quejas directament...		]]></document>
	<document><![CDATA[@username Gracias por la info! :)		]]></document>
	<document><![CDATA[@username Gracias por seguirme! Q pases un estupendo finde!		]]></document>
	<document><![CDATA[@username Gracias!		]]></document>
	<document><![CDATA[Gracias y saludos a mis nuevos followers: @username @username @username		]]></document>
	<document><![CDATA[Gracias a todos los que me seguís y, cómo no, a los nuevos followers! : @username @username @username @username		]]></document>
	<document><![CDATA[@username Qué biografía más poética ¿no? :)		]]></document>
	<document><![CDATA[Feliz Agosto a tod@username ! A disfrutar de esta maravilllosa estación :)		]]></document>
	<document><![CDATA[Saludos para @username @username !		]]></document>
	<document><![CDATA[RT "@username: Al final, lo que importa no son los años de vida, sino la vida de los años." Me encanta!		]]></document>
	<document><![CDATA[@username Claro q sí! Momento de parón para coger fuerzas!! Besitos		]]></document>
	<document><![CDATA[Aunque no sirva de nada: un fuerte abrazo y mucho ánimo para los afectados por el incendio en Málaga #TodosConMálaga		]]></document>
	<document><![CDATA[@username ¡¡Gracias!!		]]></document>
	<document><![CDATA[Semana europea de la movilidad #Martos http://t.co/uGWsJtvI		]]></document>
	<document><![CDATA[Nueva campaña de apoyo al #ComercioMarteño #Martos http://t.co/OfdQOb6E		]]></document>
	<document><![CDATA["Abierto el plazo para los grupos de intercambio de conversación #Martos  http://t.co/B35FJRin " Yo ya me he apuntado, y tú? :)		]]></document>
	<document><![CDATA[Nuevas #RutasSenderistas http://t.co/JOry1mMM cc @username @username ¿Porqué la mayoría las hacen los sábados? :(		]]></document>
	<document><![CDATA[Un saludo y mi agradecimiento a: @username @username @username @username @username @username		]]></document>
	<document><![CDATA[@username Creo que este blog te puede gustar, jeje http://t.co/pVGXMJsD		]]></document>
	<document><![CDATA[Echadle un ojo a los cursos on-line de @username Muy interesantes! cc @username		]]></document>
	<document><![CDATA["@username: El Ushuaïa Ibiza Beach Hotel se ampliará con otro hotel de 8 plantas http://t.co/xwymVXZT vía @username" cc @username		]]></document>
	<document><![CDATA[@username Gracias!! Pillamos ideas para cuando montes tu hotelito, no? :)		]]></document>
	<document><![CDATA[Cuanto tiempo sin pasar por aqui... :S 
Gracias a los nuevos followers: @username @username @username @username @username @username		]]></document>
	<document><![CDATA[@username Como tú dices @username es una forma muy divertida de ayudar!		]]></document>
	<document><![CDATA[@username Ha estado genial!		]]></document>
	<document><![CDATA[@username Habéis estado genial! Mha encantado el invitado y el MashUp :)		]]></document>
	<document><![CDATA["@username: "La pasion es la mejor herramienta contra la crisis "@username"  Totalmente de acuerdo con esto!		]]></document>
	<document><![CDATA[RT "@username: Si no comunicas, formas y ayudas a ser mejores a tu #equipo, no te quejes de que no hacen un buen trabajo"		]]></document>
	<document><![CDATA["@username: En la #venta hay un pilar básico: no te rindas, nunca te rindas. Aprende, evoluciona e intentaló diferente" Me encanta!		]]></document>
	<document><![CDATA[He encontrado por casualidad el perfil de @username y he de decir que son geniales sus tweets: transmiten ganas,pasión...		]]></document>
	<document><![CDATA[@username Cierto. Un placer!		]]></document>
	<document><![CDATA[@username Gracias! Saludos		]]></document>
	<document><![CDATA[Gracias @username ! Ya sabes cómo me gusta @username :) Les doy mi enhorabuena		]]></document>
	<document><![CDATA[@username @username Una visión optimista viene bien siempre a todo y más cuando nos equivocamos ;)		]]></document>
	<document><![CDATA[Buenas noches @username . Gracias.		]]></document>
	<document><![CDATA[Gracias @username !		]]></document>
	<document><![CDATA[@username @username. Muy interesantes para #reflexionar		]]></document>
	<document><![CDATA[Saempleo		]]></document>
	<document><![CDATA["@username: El camino hacia la felicidad, es un camino en el que no se puede ser víctima, sino que se tiene que ser protagonista…" ;)		]]></document>
	<document><![CDATA[@username Me quedo con el refrán del final: "La sonrisa es más barata q la electricidad y da más luz" Buen #findesemana !		]]></document>
	<document><![CDATA[Leyendo #Piturda me encuentro a @username Bonita #foto navideña :)		]]></document>
	<document><![CDATA[@username Cuántas "pintadas" os hice en vuestras agendas con esos bolis! :) #bonitosrecuerdosdelcole		]]></document>
	<document><![CDATA[Un super saludo para @username ! Preciosa,qtal?! #FelizNavidad!!		]]></document>
	<document><![CDATA[@username Feliz Navidad para ti y para Ro!		]]></document>
	<document><![CDATA[@username Genial! Este finde las continuamos con vosotros! 1Bsazo		]]></document>
	<document><![CDATA["@username: Hoy entra en vigor en Italia la norma por la que los conductores deben auxiliar a los animales atropellados" cc @username		]]></document>
	<document><![CDATA[Con estos post dan más ganas de leer: Todo al 69 http://t.co/0w57HKlI		]]></document>
	<document><![CDATA[FeLiCiDaD... http://t.co/ldwesojo Felices fiestas para ti también @username !		]]></document>
	<document><![CDATA[@username @username Yo aún no lo he visto :( Soy la única?  jeje		]]></document>
	<document><![CDATA[Hoy me han regalado #TodoAl69 de @username q conocí hace unos días gracias a un post de @username Gracias @username !!!		]]></document>
	<document><![CDATA[@username Gracias!		]]></document>
	<document><![CDATA["@username: Estamos animando online!!! ;) http://t.co/1SG1FFmK RT @username: @username. Ya la carrera de S,Antón en Jaén"		]]></document>
	<document><![CDATA[@username me ha encantao la sección dla cámara oculta! Q risa!!!		]]></document>
	<document><![CDATA[@username Por supuesto!  :P		]]></document>
	<document><![CDATA[@username:Curso sobre “Cómo Desarrollar aplicaciones para iPad y iPhone” / U.Stanford [Inglés] http://t.co/6MShe5Xp" cc @username		]]></document>
	<document><![CDATA[@username Qué maravilla de programa hacéis! Gran muestra de #valores_sociales importantísimos Gracias!		]]></document>
	<document><![CDATA[@username Gracias!		]]></document>
	<document><![CDATA[Precioso video de un padre y un hijo http://t.co/Z8kfOpvk1t Esfuerzo, motivación y, sobre todo, mucho mucho amor. Feliz lunes a todos/as		]]></document>
	<document><![CDATA[@username genial app. Aportaré lo que pueda y sepa sobre #turismoaccesible. Aunque más sabe de #accesibilidad @username por ejm :)		]]></document>
	<document><![CDATA[@username Gracias por la info!		]]></document>
	<document><![CDATA[Precioso hotel @username ! Gracias por seguirme!		]]></document>
	<document><![CDATA[@username Gracias por el #FF ! :) Feliz fin de semana		]]></document>
	<document><![CDATA[@username Gracias !
Qué tengan un estupendo fin de semana!		]]></document>
	<document><![CDATA["@username: "Viajar es lo único que te hace gastar y a su vez te vuelve mas rico""		]]></document>
	<document><![CDATA[Lo mismo pienso yo @username !		]]></document>
	<document><![CDATA["@username: Si hay gente que hace miles de kilómetros para ver algo que tu tienes a un paso... por algo sera http://t.co/gBYs6jOc8B"		]]></document>
	<document><![CDATA["@username: ¿Es la insatisfacción el motor del cambio?, by @username http://t.co/33Ou7Zgp1O"		]]></document>
	<document><![CDATA["@username: Marca la diferencia: Haz q tu #evento sea #accesible y tendrás + asistentes. Nosotros te ayudamos. #OPC http://t.co/OR6HouQINy"		]]></document>
	<document><![CDATA[@username Buenas noches!		]]></document>
	<document><![CDATA[Es verdad @username , trabajas en el mejor programa del mundo!! #TieneArreglo		]]></document>
	<document><![CDATA[@username Gracias!		]]></document>
	<document><![CDATA[Qué carilla! "@username: Quokka, la especie animal más feliz del mundo. http://t.co/6Vh9X1GsiA Via @username"		]]></document>
	<document><![CDATA[@username @username @username Gracias x seguirme, un placer! Muy interesantes vuestros tweets.Buenas noches		]]></document>
	<document><![CDATA[@username no sabía que te habías ido! Espero que te vaya todo genial!! 1Abrazo :)		]]></document>
	<document><![CDATA[@username gracias por seguirme. Feliz lunes :)		]]></document>
	<document><![CDATA["@username: Instalaciones de #biomasa a coste cero y sin afrontar inversiones http://t.co/82Cg61qduk #EficienciaEnergética #Ahorro"		]]></document>
	<document><![CDATA[@username @username @username @username @username Y sin botas!!! Jeje Cuando queráis, más ! ;)		]]></document>
	<document><![CDATA[Saludos @username ! Feliz fin de semana		]]></document>
</author>