<?xml version="1.0" encoding="UTF-8" standalone="no"?><author id="user144">
	<document><![CDATA[@username hola Chavita! yo también te mando saludos, y como has estado?  como salio todo?		]]></document>
	<document><![CDATA[@username ay amiga, pues espero que todo se mejore !		]]></document>
	<document><![CDATA[#TraumasDeLaInfancia Ir al baño y esperar a que el payaso Eso salga por la coladera ! :S		]]></document>
	<document><![CDATA[@username si yo aun no lo supero jajaja		]]></document>
	<document><![CDATA[@username si y era un terror verla pero aun así vi las dos jaja masoquismo! U.U		]]></document>
	<document><![CDATA[@username si son dos jaja miedo!!!!		]]></document>
	<document><![CDATA[@username mmmmm! Los de piñón también están ricoooos!		]]></document>
	<document><![CDATA[@username @username y con El Niño Real!		]]></document>
	<document><![CDATA[Mira hacia adelante, aprende del dolor y perdona. ????Me dijo una señora sabía.		]]></document>
	<document><![CDATA[Café, la comida más importante del día http://t.co/Gp1YptpieO		]]></document>
	<document><![CDATA[Se tiene la percepción virtual de estar con muchas personas, pero en la realidad se esta solo y aislado. ????		]]></document>
	<document><![CDATA[#NocheDeConfesionesPorSiMeCierranTW La experiencia cibernética es un rasgo característico de nuestro tiempo tan caótico, y fragmentario		]]></document>
	<document><![CDATA[#TeOdioCuando intento olvidarte y tu por mensaje Ola k ase? ????		]]></document>
	<document><![CDATA[La protecciòn de Dios 
http://t.co/lM0sl0xBYe		]]></document>
	<document><![CDATA[#ConfesionesDeMediaNoche el cafe se toma en la mañana no en la noche ????habérmelo dicho antes ?		]]></document>
	<document><![CDATA[#EnTwitterTenemos fans que hacen este tipo de TT #EspinozaPazElSolteroMasCodiciado y me pregunto que he hecho mal en esta vida ????		]]></document>
	<document><![CDATA[@username cuantas cosas nos han ocultado ????		]]></document>
	<document><![CDATA[@username por eso hay que estar truchas con la información		]]></document>
	<document><![CDATA[@username @username Es que El quiere una novia pechugona de Televisa ????		]]></document>
	<document><![CDATA[@username @username y como ese cientos en la ciudad, arriesgando a nosotros los peatones ???? lamentable !		]]></document>
	<document><![CDATA[@username suele pasar ????		]]></document>
	<document><![CDATA[@username @username @username y se hace de la vista gorda con los tuits		]]></document>
	<document><![CDATA[@username @username @username que mal que mal "jefe de gobierno"		]]></document>
	<document><![CDATA[BESTIAS DEL SUR SALVAJE Trailer Español http://t.co/fjywegxKgc		]]></document>
	<document><![CDATA[@username Feliz Cumpleaños! ????		]]></document>
	<document><![CDATA[@username suele suceder ????		]]></document>
	<document><![CDATA[@username totalmente de acuerdo!		]]></document>
	<document><![CDATA[@username @username  posoye que te desvelas		]]></document>
	<document><![CDATA[@username @username   Posoye ya me imagino tu cara de sueño jahaja ????		]]></document>
	<document><![CDATA[#LaCarreraDeLadyGagaEstáMásMuertaQue Internet Explorer jahaja chequen http://t.co/VRZENpccVC		]]></document>
	<document><![CDATA[@username pobre del que aun lo usa jahaja		]]></document>
	<document><![CDATA[Hola, ¿qué hace? ¿Comprando los útiles escolares a la mera hora o que hace?		]]></document>
	<document><![CDATA[Chavela Vargas - Que te vaya Bonito http://t.co/XRGCYySe77		]]></document>
	<document><![CDATA[#traumasdeinfancia todo lo que se mueva como esto! http://t.co/Y5PFfye2FY		]]></document>
	<document><![CDATA[#MejorPrefieroTuitear que soy feliz contigo o sin ti. Nel solo sin ti, jahaja buena buena http://t.co/q0PaTHHhx2		]]></document>
	<document><![CDATA[@username ya tramitaste el certificado total de la Master?		]]></document>
	<document><![CDATA[@username ahora entiendo todo ????		]]></document>
	<document><![CDATA[#PeoresFormasDeEnamora Quieres tener hijos? ???? eso que?		]]></document>
	<document><![CDATA[DÓNDE ESTÁ LA VIDA - 2011 (Francisco Céspedes).mp4 http://t.co/v08lEUXaOl		]]></document>
	<document><![CDATA[Me pregunto por qué tantas avionetas pasan por el sur de la ciudad ?		]]></document>
	<document><![CDATA[Acabo de utilizar #Shazam para taguear The Animator de Junior Boys. http://t.co/PJjlsNQysG		]]></document>
	<document><![CDATA[Acabo de utilizar #Shazam para taguear Be Afraid de Franz Ferdinand. http://t.co/Iof4AV31aS		]]></document>
	<document><![CDATA[Acabo de utilizar #Shazam para taguear Speed Of Light de Alphawezen. http://t.co/ZKptddft6Z		]]></document>
	<document><![CDATA[Acabo de utilizar #Shazam para taguear Glad To Be Unhappy de Billie Holiday.???? http://t.co/ZQOcxxD5T2		]]></document>
	<document><![CDATA[Acabo de utilizar #Shazam para taguear Smile For Me de Colette. http://t.co/vBxgfaD2ej		]]></document>
	<document><![CDATA[Acabo de utilizar #Shazam para taguear Heaven de Electric Skychurch. http://t.co/sJLrbxJwOK		]]></document>
	<document><![CDATA[Acabo de utilizar #Shazam para taguear Summer Breeze de Jason Mraz. http://t.co/mw6SHJD3F2		]]></document>
	<document><![CDATA[Andemos en nuestras vidas vanas y superficiales para tapar nuestro vacío ????		]]></document>
	<document><![CDATA[Por eso muchacha no partas ahora soñando el regreso! 
que la vida es simple 
@username I miss you!		]]></document>
	<document><![CDATA[#PeñaNietoTieneMiedo		]]></document>
	<document><![CDATA[@username @username no se porque me acuerdo de ti @username		]]></document>
	<document><![CDATA[@username y a muchos les importa más el tráfico		]]></document>
	<document><![CDATA[Los dichos de la lengua francesa http://t.co/E4etgcw1aV via @username http://t.co/o1cs3RrM3M		]]></document>
	<document><![CDATA[@username mejor propón 1 cadena de ayuda para esos maestros que luchan. Yo no m amedrento x el tráfico o porque mi ciudad se vea bonita		]]></document>
	<document><![CDATA[@username @username yeah sure! :/ No es mi respuesta		]]></document>
	<document><![CDATA[La 4ta es la vencida y todas las veces que quiera !		]]></document>
	<document><![CDATA[Lo del pasado se queda en el pasado.		]]></document>
	<document><![CDATA[@username que mal que mal :/ ahora cualquier podrá husmear tu perfil con toda legalidad y libertad		]]></document>
	<document><![CDATA[@username como crees que empezó la revolución? Así siendo discretos ?		]]></document>
	<document><![CDATA[Y pues lo que no te edifica, desechalo ????		]]></document>
	<document><![CDATA[Adiós "mañanas de despertar tarde en mi hermosa cama" :/		]]></document>
	<document><![CDATA[@username que no puedes ver? Jiji		]]></document>
	<document><![CDATA[@username oye lo siento mucho pero ya no te avise lo del domingo :(		]]></document>
	<document><![CDATA[@username cuando tomabas tu tetita jaja		]]></document>
	<document><![CDATA[@username @username quien es Mayte perroni?		]]></document>
	<document><![CDATA[#NombresParaTuPerro barrabas!		]]></document>
	<document><![CDATA[Aveces lo mejor es marcharse ????		]]></document>
	<document><![CDATA[@username @username porque tanto miedo a los bloqueos? Nos afectan si, pero acaso  no vale la pena, como creen se inició la revolución ?		]]></document>
	<document><![CDATA[@username no digas tonterías, exiges tu derecho a la libertad y sugieres que secuestren a los maestros de la CNTE #repugnant		]]></document>
	<document><![CDATA[@username y muchos q piden en el camión porque acaban de salir de la cárcel y no quieren robar jaja		]]></document>
	<document><![CDATA[Con nadie más vería una peli de terror y salir muerta de la risa jaja @username		]]></document>
	<document><![CDATA[@username @username señorito cara de papa		]]></document>
	<document><![CDATA[Al que esta sentado sobre el trono. Chico cristiano incomoda a un jurado en reality show 
http://t.co/CvDIhqqy5K		]]></document>
	<document><![CDATA[El cielo se escucha rancio ! ????		]]></document>
	<document><![CDATA[@username @username me suena como la Reforma Energética, que no se privatiza Pemex... No nos quieras dar atole con el dedo		]]></document>
	<document><![CDATA[@username @username puro lamebotas y peñabots por aquí ????		]]></document>
	<document><![CDATA[Se dice que la noche es para dormir, eso deberían saberlo mis ojos #NocheDeConfesiones		]]></document>
	<document><![CDATA[@username y los de Hi5 que horror! Jaja		]]></document>
	<document><![CDATA[Difícil difícil pero tu estas aquí!		]]></document>
	<document><![CDATA[#NoDoyElGritoEnEnZocalo porque no hay nada que celebrar #NoDejesElZocaloCNTE http://t.co/HQtQRWCfMK		]]></document>
	<document><![CDATA[@username mejor lamenta los hechos violentos que provocaste hoy en tu país. Candil d la calle obscuridad en su casa		]]></document>
	<document><![CDATA[@username @username ahora entiendo todo ????		]]></document>
	<document><![CDATA[#CNTEseQueda que se celebra el 16 de septiembre? Que independencia ?		]]></document>
	<document><![CDATA[Un largo viaje. Marcela Gandara http://t.co/rsCw8aoDuj		]]></document>
	<document><![CDATA[@username @username deberíamos dar 1 golpe d estado haber cuantas ratas burocráticas cobardes corriendo o no? @username		]]></document>
	<document><![CDATA[@username @username @username no anda en burro, por que el es el burro y esta en los pinos! peñalibers so sorry, true story		]]></document>
	<document><![CDATA[La polecia siempre será polecía si defiende al opresor pero será un héroe si defiende la justicia! #CNTESeQueda		]]></document>
	<document><![CDATA[#CNTEseQueda importante para la CNTE http://t.co/UO1a8fM7Ym		]]></document>
	<document><![CDATA[#CNTEseQueda por eso @username se quedará sólo.... Chequen ... Por eso #NoDoyElGritoEnElZocalo http://t.co/Gu6hJXSbvL		]]></document>
	<document><![CDATA[@username : "La police évacue la place centrale de Mexico occupée par des manifestants" Hablan bien de EPN http://t.co/ZHwAjbMBTD		]]></document>
	<document><![CDATA[@username Diaz Ordaz murió enloqueciendo, no lo sabias?		]]></document>
	<document><![CDATA[@username Peñaliber, en que momento voté por ti! Mi más grande equivocación #repugnant		]]></document>
	<document><![CDATA[Un Viaje Largo - Marcela Gandara [Audio Oficial] http://t.co/23mkaa4dIk		]]></document>
	<document><![CDATA[@username que no salve del narcotráfico, maricones		]]></document>
	<document><![CDATA[Algún día ... Me iré y nunca regresare :D http://t.co/XLdbiML1co		]]></document>
	<document><![CDATA[#EresMexicanoSi Independiza tu Nación decían, serás libre decían * se revuelca en su tumba ????		]]></document>
	<document><![CDATA[Hasta cuándo pueblo mío, hasta cuando volverá tu corazón a Él #EresMexicanoSi		]]></document>
	<document><![CDATA[@username @username @username ese EPN nada te quiere FOREVER ALONE!		]]></document>
	<document><![CDATA[Puedo oír su despertar sobre Reforma #NadaQueFestejar Estoy contigo Maestro		]]></document>
	<document><![CDATA[@username @username @username pura pinchi party para ellos ????		]]></document>
</author>