<?xml version="1.0" encoding="UTF-8" standalone="no"?><author id="user530">
	<document><![CDATA[Y así estamos en mi piso. http://t.co/9l5BHT9w		]]></document>
	<document><![CDATA[Felicidades a mi @username que es una de las mejores personas que he conocido aqui y un gran amigo. http://t.co/Rd4WVFvh		]]></document>
	<document><![CDATA[Si el mundo terminase en Domingo, yo me suicidaba en el Sábado.		]]></document>
	<document><![CDATA[@username Está mas amargado que yo hoy. Le recuerdo que aparte de ser Domingo, yo tengo esta semana 3 exámenes. ¿Quién está peor?		]]></document>
	<document><![CDATA[@username Jajaja,yo soy mas guapo! Además tus putos ojos miopes no se pueden comparar a mis grandes ojos negros. Un placer alegrarte!		]]></document>
	<document><![CDATA[Pues me he pasado a Laplace por el forro.		]]></document>
	<document><![CDATA[Que no olviden los que juegan con tal codiciado poder que los gritos de justicia se oirán cada vez más.		]]></document>
	<document><![CDATA[@username Quita ya la foto esa del carnaval!		]]></document>
	<document><![CDATA[Felicidades a mi zagala preferida. No lo celebramos porque estamos de exámenes. Recuerdame que me invites a un botellin! @username		]]></document>
	<document><![CDATA[@username ¿Y tu otro Twitter?  ¿Eres tan famoso que te plagian las cuentas?		]]></document>
	<document><![CDATA[Quiero decirle a mis amigos que no me informen del partido del Arsenal. Gracias.		]]></document>
	<document><![CDATA[@username Es Dios. El Dios de los Aeroespaciales. Gracias!		]]></document>
	<document><![CDATA[Y cuando entendamos que solo somos motas de polvo en el universo, es entonces cuando seremos verdaderamente libres.		]]></document>
	<document><![CDATA[A Febrero podrían quitarlo del calendario. Puto mes.		]]></document>
	<document><![CDATA[Facturación hecha! @username @username		]]></document>
	<document><![CDATA[Escuchar "La Ley Innata" en la cama antes de levantarte.  #Placeresdelavida		]]></document>
	<document><![CDATA["@username: Lo confirman soy un tragaalmohadas" Hazte mirar el problema psicológico que tienes		]]></document>
	<document><![CDATA[@username Lo marco de favorito porque se que es verdad! Jajaja		]]></document>
	<document><![CDATA[Quien algo quiere, algo le cuesta.		]]></document>
	<document><![CDATA[Y si no consigues lo que quieres, al menos riete.		]]></document>
	<document><![CDATA[@username Jaja hay tantas cosas que se pueden pedir... Pero la filosofía de madrugada que no me la quiten!!		]]></document>
	<document><![CDATA[Aviso a navegantes. Nunca os metáis en Ing. Aeroespacial, y menos en Cádiz. #Hedicho		]]></document>
	<document><![CDATA[No es que no quiera contestarte, es que mi madre me dijo que no hablase con desconocidos.		]]></document>
	<document><![CDATA[No preocuparse los compis de @username del PTO que yo cuido al chiquitin por Alemania y Holanda.		]]></document>
	<document><![CDATA[Felicidades a @username que es la que hace que el mes de Febrero valga la pena dejarlo en el calendario!		]]></document>
	<document><![CDATA[@username Se escuchará el chasquido de tu corazón? Yo creo que si. Ojalá nos dieses una sorpresa y aparecieses sin avisar...		]]></document>
	<document><![CDATA[Que sepaís que yo hasta ahora también creía que era una estupidez el "modo vuelo" del avión.		]]></document>
	<document><![CDATA[no haguanto el ritmo de esta jente... me van a tener que llebar en un remolque. me acuesto		]]></document>
	<document><![CDATA[A Ibuprofeno diario... y yo que era de Dalsy. Puto @username y la farmacia que lleva montada en la mochila.		]]></document>
	<document><![CDATA["Nai Nai Nai"  Expresión alemana que te ahorrará tabaco cuando los alemanes gaditanizados te lo pidan.		]]></document>
	<document><![CDATA[Que bonita es La Haya.		]]></document>
	<document><![CDATA[Que chalaura es esto!		]]></document>
	<document><![CDATA[Aunque ella crea que ha sido un sueño, ayer me encontré con @username en el aeropuerto de Weeze. Eso si es casualidad!		]]></document>
	<document><![CDATA[Lo siento @username (bendito templo) pero mis hermanos chicos reclaman mi presencia para tendernos en el sofá. Mañana no te fallaré.		]]></document>
	<document><![CDATA[Felicidades a mi @username ! ¿Veis to lo grande que es? Pues mas grande es tenerlo como amigo! El ioputaaaaaa		]]></document>
	<document><![CDATA[@username @username Los que iban a salir por Prado del Rey. Que asco Tios!		]]></document>
	<document><![CDATA[Para sacarse Ingenieria Aeroespacial se necesita a una secretaria personal que te lleve los grupos de Laboratorio. #Verdadverdadera		]]></document>
	<document><![CDATA[Jajaja me voy a hartar de reir al ducharme sin bombona a estas horas.		]]></document>
	<document><![CDATA[No. No era tan gracioso. Los muertos del agua fría.		]]></document>
	<document><![CDATA[@username Jajajajaja calla, que la gente va a pensar que soy un guarro!!		]]></document>
	<document><![CDATA[@username favores sexuales al profesor?		]]></document>
	<document><![CDATA[@username Tenemos mucho de que hablar tu y yo. Ve haciéndome un hueco en tu agenda!!!!		]]></document>
	<document><![CDATA[Se rompió la cadena que ataba el reloj a las horas.		]]></document>
	<document><![CDATA[Conversaciones eternas entre @username @username @username . Haced un grupo de whatsapp cojones!		]]></document>
	<document><![CDATA["@username: @username pero a mí me quieres,reconocelo!" Como no quererte con esos ojos azules!! (L)		]]></document>
	<document><![CDATA["@username: Amor" No me dediques 2 tweets seguidos!! Y dile a la de la rivera que son azules no verdes.		]]></document>
	<document><![CDATA[@username @username azules muuu claros.		]]></document>
	<document><![CDATA[De 9:00 a 21:00 y tiro porque me toca.		]]></document>
	<document><![CDATA[Puta oca.		]]></document>
	<document><![CDATA[Esta noche dormiré como un niño chico. O como un NiNi. Lo mismo es.		]]></document>
	<document><![CDATA[Puta cola del Carrefour. Puta Uca. El futbol es sagrado me cago en sus putas madres.		]]></document>
	<document><![CDATA[Messi tienes justificados tus 4 balones de Oro. Y los que te quedan...		]]></document>
	<document><![CDATA[Hola. Me encanta madrugar.		]]></document>
	<document><![CDATA[Miro mi semana y me siento un desgraciado. Después veo lo que le ocurre a @username y se me pasa.		]]></document>
	<document><![CDATA[@username Dice que él a ti también.		]]></document>
	<document><![CDATA[@username Ha sido un mal día no un cambio de ciclo. Mañana madrugo por mis cojones.		]]></document>
	<document><![CDATA[@username me enseña "Juego de Tronos"		]]></document>
	<document><![CDATA[Enseño a mi hermana a restar y sumar céntimos y euros. En papel no tiene ni idea pero en real no hay manera de timarla...		]]></document>
	<document><![CDATA[@username No dudes de mi capacidad lingüistica, mi vidita.		]]></document>
	<document><![CDATA[Ale hop! Buenos días mundo.		]]></document>
	<document><![CDATA[@username que va hombre! Eso es la Fuenteabajo, el Tajo, la Asamblea, la calle detrás del Jarillo y el callejón del Metra del Kiboca		]]></document>
	<document><![CDATA[Que grande eres Juanillo!! Buena foto me has mandado! http://t.co/PHwkh9t0y0		]]></document>
	<document><![CDATA[Al carajo Lunes.		]]></document>
	<document><![CDATA[Hola Juego de Tronos.		]]></document>
	<document><![CDATA[Me he pasado la liga pokemon. Gracias @username		]]></document>
	<document><![CDATA[Comilona en filosofía.		]]></document>
	<document><![CDATA[Ciudad de Dios.		]]></document>
	<document><![CDATA[@username lo tuyo ya es currante life.		]]></document>
	<document><![CDATA[José Carlos lucha, no te quedes dormido en medio de clase por favor. Se que tu puedes!		]]></document>
	<document><![CDATA["Un espíritu noble ensanchece hasta al hombre mas pequeño" Jebediah Springfield.		]]></document>
	<document><![CDATA[Y hoy acabo "Juego de Tronos". Es coger algo por banda y pulirlo en ná y menos.		]]></document>
	<document><![CDATA[Queridos seguidores, si no llego vivo a Grazalema es que @username ha dejado mi cadáver en una cuneta. Vengad mi muerte!		]]></document>
	<document><![CDATA[Madrugar entre diario. Madrugar los Sábados. Va a seguir siendo un niño bueno quien yo se, porque me voy a retirar del cargo.		]]></document>
	<document><![CDATA[@username habló Jesucristo Garcia.		]]></document>
	<document><![CDATA[@username @username Po la he cagado atras y encima he jugado de delantero! Mjmjm		]]></document>
	<document><![CDATA[Pues mi ordenador me cuida tanto que me desinstala el PRO el solo para que estudie. Elijoputa, lo reventaba.		]]></document>
	<document><![CDATA[Que no, que no sirve el PRO. Día triste para mi Arsenal, que era en el único sitio donde ganaba títulos.		]]></document>
	<document><![CDATA[Llegaron bien los Bosqueños @username @username ?		]]></document>
	<document><![CDATA[@username yo que tú me cambiaba a Ing. Informática!		]]></document>
	<document><![CDATA[@username vaya imagen le das al negocio diciendo eso...		]]></document>
	<document><![CDATA[Y algún día se cumplirán, todos tus sueños se harán realidad.		]]></document>
	<document><![CDATA[Pourqué no pitas na? Pa que te pagan hijo?		]]></document>
	<document><![CDATA[El pase es de Monreal ehhhhh?		]]></document>
	<document><![CDATA[Empieza el día con mi ordenador roto, y con discusión en casa. Los gitanos no quieren buenos comienzos... Eso dicen.		]]></document>
	<document><![CDATA[Pues sin ordenador, el móvil sirviendo cuando le da la gana, los de Yoigo que no me quieren cambiar a su compañia. Puta tecnología.		]]></document>
	<document><![CDATA[Esa agradable sensación de dormir con los agujeros de la nariz atascados, respirar por la boca y dejar la almohada empadada de saliva.		]]></document>
	<document><![CDATA[Nariz atascada. Otra vez. Mañana os comento si he empadado la almohada.		]]></document>
	<document><![CDATA[Pa hacer trabajos no, pero pa emborracharse bien que quieren un grupo. Mi viiiidita.		]]></document>
	<document><![CDATA[@username es el hermano gemelo Maia!!		]]></document>
	<document><![CDATA["@username: @username y yo hemos ganado nuestra particular Guerra Civil." Sin bajas ninguna. 0 Kill.		]]></document>
	<document><![CDATA[" @username :Hoy en día tener un idioma es más importante que cualquier carrera" Y más importante es tener la carrera y aparte idiomas.		]]></document>
	<document><![CDATA[Sufro de "Busofobia".		]]></document>
	<document><![CDATA[Cai, Cai... A ver si llego un Domingo y estas bajo las aguas, bien profunda.		]]></document>
	<document><![CDATA[@username En Grazalema en mi tiempo libre!		]]></document>
	<document><![CDATA[Y algún día tendré un horario normal. Mientras aprovecharé de la magia de la noche y de lo bien que se está en la cama por las mañanas.		]]></document>
	<document><![CDATA[@username Hoy no vacila del partido. Si cae conmigo arrasa, pero cuando cae contra mi...		]]></document>
	<document><![CDATA[15981. Ese es mi puesto en la Beca. Para mi que este Verano no me muevo de Grazalema...		]]></document>
	<document><![CDATA["@username: @username eres un chulo!!!" Eres la máquina twiteando. La gente que no te sigue no sabe lo que se pierde.		]]></document>
	<document><![CDATA[Puta universidad. Viva la Champions.		]]></document>
	<document><![CDATA[@username quien coño es @username ?		]]></document>
</author>