<?xml version="1.0" encoding="UTF-8" standalone="no"?><author id="user356">
	<document><![CDATA[Ahora en @username una familia de #Martos ¡¡Ojalá lo consigan!! Nosotros seguimos con la recogida de tapones :) #cadaunoayudacomopuede		]]></document>
	<document><![CDATA[Por fin una #marteña ayudando !! Oleeee @username http://t.co/iioqw7aueO		]]></document>
	<document><![CDATA[Conseguido!!! Gracias @username y @username ! Me voy a la cama feliz!!  "Si quieres ser feliz, haz a otra persona feliz"		]]></document>
	<document><![CDATA[@username Ey!! ¿Qué tal? Espero que todo bien!		]]></document>
	<document><![CDATA[Gracias @username por seguirme. ¡Un saludo!		]]></document>
	<document><![CDATA[@username Saludos		]]></document>
	<document><![CDATA["@username: #Canarias utilizará alimentos ecológicos y locales en los #comedoresEscolares de varios colegios http://t.co/zHuVOcjDDk"		]]></document>
	<document><![CDATA[Qué maravilla de #empresasolidaria #ElevadoresPraysa Mi FF adelantado para el talento de esa empresa cc @username		]]></document>
	<document><![CDATA[Qué sorpresa @username Cómo estás? Un abrazo!		]]></document>
	<document><![CDATA[@username @username @username Gran verdad. Hoy estáis muy bien rodeados! :)		]]></document>
	<document><![CDATA[Enhorabuena @username ! No paro de leer tweets muy positivos de la presentación de #aprendiendodelosmejores Lo leeré :)		]]></document>
	<document><![CDATA["@username: ¡Perfecto para las noches de verano! http://t.co/BkSN4neMTe Via @username" Así sí  :D		]]></document>
	<document><![CDATA[@username bienvenido! ;)		]]></document>
	<document><![CDATA[@username @username Pasadlo bien pareja! Os lo merecéis :) 1Abrazo		]]></document>
	<document><![CDATA["@username: Los cambios comienzan a suceder cuando le das más energía a tus sueños que a tus miedos. #Unidosaprendemos"		]]></document>
	<document><![CDATA["@username: La FFE  y Predif elaboran una “Guía de Vías Verdes accesibles”
http://t.co/vWcDmocQfJ http://t.co/f9RLAThni1"		]]></document>
	<document><![CDATA[@username Gracias! Feliz fin de semana!		]]></document>
	<document><![CDATA[Los móviles como herramienta de accesibilidad - Andalucia Lab -  http://t.co/mAnzSJMpPn vía @username		]]></document>
	<document><![CDATA[Por fin han llegado! :) cc @username @username Deseando leerlos (aunque tengo que estudiar...jeje) http://t.co/Qio7YKDzZr		]]></document>
	<document><![CDATA[@username a @username lo conocí en Twitter gracias q tus super clases. Gracias a los dos x vuestros blogs también!		]]></document>
	<document><![CDATA[Campaña solidaria Sonrisas Dulces  http://t.co/416kytsb5I		]]></document>
	<document><![CDATA[Qué gran #libro Enhorabuena @username Lo empecé ayer y no puedo parar de leer :) Gracias #AprendiendoDeLosMejores		]]></document>
	<document><![CDATA["@username: IMPRESIONANTE: Plantbook el #ordenador portátil del #futuro. http://t.co/NiI69d72et" Me gusta!!		]]></document>
	<document><![CDATA[@username Así sí que da "subidón" el #café ;)		]]></document>
	<document><![CDATA[No hay que ir a la #playa para comer buen #pescaitofrito :) By #PescaRando Buen provecho!! http://t.co/IEygx4QuH7		]]></document>
	<document><![CDATA[Programas de fidelización 2.0, según Google http://t.co/Cl6Xb0F89I vía @username		]]></document>
	<document><![CDATA[Recomiendo el #libro #QuienEresTu de @username Gran trabajo! cc @username		]]></document>
	<document><![CDATA[@username De nada! Un placer :)		]]></document>
	<document><![CDATA["@username: Los 10 mandamientos. http://t.co/Rc7rSawTSH" Amén ;)		]]></document>
	<document><![CDATA["@username: EXCELENTE MENSAJE via @username http://t.co/h9ENLUIqKX" Cuánta razón		]]></document>
	<document><![CDATA[Gran voz la de @username Cómo he disfrutado en su concierto #Linares		]]></document>
	<document><![CDATA[Sí, @username Es simpático, agradecido... y su #voz es INCREIBLE.Ha estado genial, me ha encantado el #concierto  Cc @username		]]></document>
	<document><![CDATA[@username Cómo te cuidas, eh! Di que sí! ;)		]]></document>
	<document><![CDATA[@username cierto! No es buscar polémica, es ser justos #ElSolSaleParaTodos		]]></document>
	<document><![CDATA[Qué buena reflexión! "@username: #Reflexióndeldia Siempre es necesario un momento de reflexión y ensimismamiento http://t.co/GqnE4Vswa1"		]]></document>
	<document><![CDATA["@username: ¿Hoteles para tod@username?.  http://t.co/UuPSh9HMAk #TurismoAccesible, #TourismForAll"		]]></document>
	<document><![CDATA[@username @username @username @username @username @username Felicidades por el aniversario! Qué sean muchos más ;)		]]></document>
	<document><![CDATA[Qué buena pinta tiene el nuevo programa #CIUDADANOSempleo Tod@username l@username que estamos desempleados, a tomar nota! :) Suerte!!		]]></document>
	<document><![CDATA[Empezando la #catadevinos de la #SierraSur de #Jaén http://t.co/AGHszRG3hZ		]]></document>
	<document><![CDATA["@username: Cosas que la sociedad puede hacer por fomentar la #accesibilidad y sin gastarse un euro http://t.co/Xrv3vFHSEU"		]]></document>
	<document><![CDATA["@username: "Antes de dar al pueblo sacerdotes, soldados y maestros, sería oportuno saber si no se está muriendo de hambre." Leon Tolstoi"		]]></document>
	<document><![CDATA[Lo mismo digo! Qué alegría ver a mi gran compañera y amiga @username		]]></document>
	<document><![CDATA[@username @username @username @username Qué bien lo pasamos!!! :)		]]></document>
	<document><![CDATA["@username: Tú y yo aquí, piénsalo ? 
Playa del Naufragio, Grecia. http://t.co/rW1UfnarlX" cc @username		]]></document>
	<document><![CDATA[RT Ésta Navidad… ¡Recíclate! http://t.co/LFIRkAAGa8 #Martos ¡Me encanta esta idea! Iré :)		]]></document>
	<document><![CDATA[#sosciomijas Todo mi apoyo a #CioMijas q tanto me enseñó y donde pude conocer a grandes #talentos cc @username @username @username		]]></document>
	<document><![CDATA[@username Qué foto tan bonita. Dan ganas de jugar al #golf nada más que por estar ahí sentada :)		]]></document>
	<document><![CDATA[Una gran idea para los #regalosnavideños http://t.co/bEeB7V16UV de @username		]]></document>
	<document><![CDATA[Descanse en paz #Mandela GRANDE con mayúsculas (Fragmento del #libro #AprendiendoDeLosMejores) http://t.co/omiLex3yOb		]]></document>
	<document><![CDATA[@username No sabía qué #Ubuntu significaba eso. Me encanta!		]]></document>
	<document><![CDATA[Gracias por RT @username @username @username @username Qué tengáis buen finde! :)		]]></document>
	<document><![CDATA[@username Gracias por RT		]]></document>
	<document><![CDATA[@username @username Ojalá salga todo bien :) Mucho ánimo para tod@username #sosciomijas		]]></document>
	<document><![CDATA[Gracias por RT @username ;)		]]></document>
	<document><![CDATA[Por fin visitando el #PalaciodeCarlosV @username Precioso! http://t.co/qHSBCffX18		]]></document>
	<document><![CDATA[@username llevas razón... Una de ellas es esta misma jajaja		]]></document>
	<document><![CDATA[Realmente preciosas y emotivas "Las 35 #fotos más conmovedoras http://t.co/vg3P1eAjdK"		]]></document>
	<document><![CDATA[Empieza el #ConciertodeAñoNuevo en #Martos http://t.co/jXlcEHLCdA		]]></document>
	<document><![CDATA[Los pelos de punta con la #StraussEuropeanOrchestra y la soprano #DanielaPacurar cc @username		]]></document>
	<document><![CDATA[@username Me encantaría poder visitaros este año en @username   con @username :) #andaluciaenfitur		]]></document>
	<document><![CDATA[A puntito de cruzar la frontera #ByeByeSpain #HelloPortugal :)		]]></document>
	<document><![CDATA[¡Gracias @username ! Son viajecillos express pero merecen la pena, jeje		]]></document>
	<document><![CDATA[Echadle un buen vistazo al #corto de #PacoLeón llamado #LaVueltaALaTortilla Para todos/as los/as valientes q le echan huevos a un #Cáncer		]]></document>
	<document><![CDATA[@username @username @username Muy original :)		]]></document>
	<document><![CDATA["@username: <Siempre es el momento apropiado para hacer lo que es correcto>. Martin Luther King."		]]></document>
	<document><![CDATA[El marteño #José Jiménez oferta el “Cielo Nocturno” como recurso turístico en #FITUR http://t.co/CKm6fC6QCs		]]></document>
	<document><![CDATA[Preciosa ciudad #Úbeda Si no la habéis visitado, os la recomiendo. Cc @username @username http://t.co/nh7r6QWW15		]]></document>
	<document><![CDATA[Qué gran don: una preciosa #voz  Enhorabuena a todos los componentes de @username Anoche estuvisteis genial. #ARTISTAS. cc @username		]]></document>
	<document><![CDATA[@username @username Preciosa iniciativa! Enhorabuena a l@username ganadores del concurso. Compraré una de esas botellas :)		]]></document>
	<document><![CDATA[Muy interesantes"@username: 145 cursos universitarios, online y gratuitos que inician en Marzo http://t.co/89rWgyxRRQ"		]]></document>
	<document><![CDATA[Feliz cumple a dos personajillas @username y @username con las que me río muchísimo! Un beso de los grandes!		]]></document>
	<document><![CDATA[@username claro que sí! Buenas noches		]]></document>
	<document><![CDATA[Ahorra en #Londres. ¿Dónde puedo comer barato? @username nos lo cuenta http://t.co/4CqiCdwd4R cc @username Puede serte útil ;)		]]></document>
	<document><![CDATA[Espectacular #Cascada #LaCimbarra #EstoEsJaén 100% recomendable http://t.co/Licv51LRkl		]]></document>
	<document><![CDATA["@username: ¿Se ha apuntado ya tu ciudad a la #horadelplaneta? http://t.co/gYyJ3kTLju http://t.co/etPmiQifCo" cc @username		]]></document>
	<document><![CDATA["@username: #ASPACEnet en las jornadas A-Liandonos de Fundación ONCE y CERMI. http://t.co/dNssbno5XY http://t.co/1D0Zx2Mf38"		]]></document>
	<document><![CDATA["@username: Usemos esta arma expansiva de construcción masiva! http://t.co/TKUWXvGzar" Me encanta! :)		]]></document>
	<document><![CDATA[Bravo!"@username: 3er puesto
Baño al mister y... Ha disfrutar del momento! 
Gran año para las naranjas mecanicas! http://t.co/AuW76H5Ror"		]]></document>
	<document><![CDATA[#Talento #esfuerzo #ilusión ... Enhorabuena @username Es la recompensa de tantas horas de trabajo ;)		]]></document>
	<document><![CDATA["@username: Y este domingo, viajamos a Andalucía con @username en #conmisojos de @username A las 20:30 http://t.co/KaSCTED9XF"		]]></document>
	<document><![CDATA[Ya no tienes excusa para no visitar dos ciudades de 10: #Úbeda y #Baeza https://t.co/jdhOxFTanC #UB11		]]></document>
	<document><![CDATA[Muy útil! "@username: Qué pocas veces se habla del botiquín de viaje y su uso. Muy buena info http://t.co/jBbpm3XP9n"		]]></document>
	<document><![CDATA[:( "@username: Basta de deforestación! http://t.co/nZ3b6ZaT6E"		]]></document>
	<document><![CDATA[Todo mi cariño y apoyo para aquellos/as q sufren de algún modo esa cruel enfermedad #DiaMundialdelAlzheimer #Recordemos		]]></document>
	<document><![CDATA[Madrid se llena de pianos http://t.co/T7OJnBM27t vía @username		]]></document>
	<document><![CDATA["@username: El turista, más móvil dependiente que nunca vía @username http://t.co/gHWz6wUMVr"		]]></document>
	<document><![CDATA[Mañana Sevilla tendrá "un color especial" con @username Allí estaremos pasándolo bien haciendo un poquito de #deporte :)		]]></document>
	<document><![CDATA[Lectura #accesible a prsonas con #autismo gracias a un software diseñado en la #UniversidadDeJaén http://t.co/8CGk79aNTb vía @username		]]></document>
</author>