<?xml version="1.0" encoding="UTF-8" standalone="no"?><author id="user168">
	<document><![CDATA[Se lució con sus declaraciones la candidata Republicana, cuanta ignorancia...gays culpables hasta de tornados  http://t.co/BTsdxjnL3O		]]></document>
	<document><![CDATA[Una buena planeacion, correcta administración del tiempo y gran determinación...son pequeñas cosas q hacemos diariamente las q dan el éxito		]]></document>
	<document><![CDATA[Un Coach siempre te ayudará a ver tu pasado para impulsarte nunca para estacionarte en el... http://t.co/BwrgF4Fmbt		]]></document>
	<document><![CDATA[Has cosas hoy que te acerquen más a tu objetivo!		]]></document>
	<document><![CDATA[@username Porfa pásame el whatsapp tuyo y de tu mami		]]></document>
	<document><![CDATA[Diez maneras de ser muy feliz (avaladas por los científicos) http://t.co/MunOBDKT2m		]]></document>
	<document><![CDATA[Somos producto de nuestras circunstancias o nuestras decisiones?		]]></document>
	<document><![CDATA[@username grax ahora los guardo		]]></document>
	<document><![CDATA[@username ya te escribí...		]]></document>
	<document><![CDATA[“@username: #LoBásico Agencias de EU y Reino Unido espían a través de ¡Angry Birds! http://t.co/xPKYuKPLCV” me parece el colmo!		]]></document>
	<document><![CDATA[Compartir nuestros sueños y metas es una cosa, convencerlos de que son correctas...para que? Son tuyas ellos tendrán las propias.		]]></document>
	<document><![CDATA[Vive y deja vivir!		]]></document>
	<document><![CDATA[Que te está impidiendo lograr tus sueños? No lo sabes? Un #coach te ayuda a detectarlos.		]]></document>
	<document><![CDATA[Normalmente el éxito no viene de la suerte o de un talento extraordinario, casi siempre es el resultado de ser perseverantes y disciplinados		]]></document>
	<document><![CDATA[Como hay palabras q alegran el alma! Y otras q apachurran el corazón...		]]></document>
	<document><![CDATA[@username @username grax coaches por esta larga sesión de trabajo y sobretodo por compartir su sabiduría ahora si a despejar la mente!		]]></document>
	<document><![CDATA[“@username: Miren esta belleza de reloj para mujer de Technomarine. http://t.co/YIPnS3Z9jz” @username amiga ideas para q me regales :)		]]></document>
	<document><![CDATA[Un estudio reveló que las plantas en tu escritorio reducen el estrés...Tienes una en tu oficina? Sino quizás sea buen momento de comprar una		]]></document>
	<document><![CDATA[“@username: http://t.co/H5JTrQPV7A” Liberate de tus miedos		]]></document>
	<document><![CDATA[Llego febrero y el súperbowl listos para mañana? Voy broncos!		]]></document>
	<document><![CDATA[“@username: No hay crecimiento espiritual si trabajamos solos. La única forma de transformarnos es ayudando y conectándonos con otros.”		]]></document>
	<document><![CDATA["Y quien puede saber lo que es reír y vivir bien si antes no sabe lo que es batallar y vencer?" F. Nietzsche		]]></document>
	<document><![CDATA[“@username: Si te quiere en pijama y sin maquillaje, te merece en tacones y con ligueros.” Muy bueno!		]]></document>
	<document><![CDATA["Una sonrisa puede iniciar una amistad, una palabra terminar una pelea, una mirada salvar una relación y una persona cambiar tu vida"		]]></document>
	<document><![CDATA[Magia es creer en ti mismo!		]]></document>
	<document><![CDATA[La sencillez es lo que hace a una persona sobresalir ante mis ojos. Tanta pretensión me cae gorda!		]]></document>
	<document><![CDATA[Disfrutar de la vida depende de valorar lo realmente importante!		]]></document>
	<document><![CDATA[Que es amor? http://t.co/DqjqQArb7g		]]></document>
	<document><![CDATA[“@username: La ciencia de la economía: Robo de arena, un negocio tan rentable como la droga http://t.co/guCgo8vFar”me parece el colmo!		]]></document>
	<document><![CDATA[Madurar es... http://t.co/Gg8FJmQSJ1		]]></document>
	<document><![CDATA[Como me gustan las olimpiadas de invierno! #Sochi2014		]]></document>
	<document><![CDATA[El enojo no aporta soluciones, el odio no logra nada positivo...cuando tengas esos sentimientos no tomes decisiones en ese momento.		]]></document>
	<document><![CDATA[Recuerda detenerte del acelere de tu vida para poder escuchar lo que tu alma quiere decirte.		]]></document>
	<document><![CDATA[Porque sí hay personas que sacan lo peor de ti las mantienes en tu vida? Elige rodearte de gente más positiva!		]]></document>
	<document><![CDATA[@username @username Porfin terminamos una etapa de estudios juntos gracias por el compañerismo son unos grandes coaches!		]]></document>
	<document><![CDATA[“@username: "La sonrisa es el idioma universal de los inteligentes". Tomás de Iriarte.”		]]></document>
	<document><![CDATA[Si no tuvieras que pensar a dónde te llevaría tu corazón? Happy valentines day!		]]></document>
	<document><![CDATA[El tiempo en el amor... http://t.co/0WvOA85pGj		]]></document>
	<document><![CDATA[Wooooow que buena película, la ladrona de libros. Realmente se las recomiendo mucho me encantó!		]]></document>
	<document><![CDATA[El verdadero amor no es otra cosa que el deseo inevitable de ayudar al otro para que sea quien es. Jorge Bucay		]]></document>
	<document><![CDATA[No pierdas el tiempo comparándote con otros, mejor dedica tiempo a mejorarte a ti mismo!		]]></document>
	<document><![CDATA[Entré más se quieran a ustedes mismos más luz irradiarás.		]]></document>
	<document><![CDATA[“@username: Piénsa en qué y en quién dedicas tu tiempo, porque ese tiempo nunca lo recuperarás”		]]></document>
	<document><![CDATA[Un #coach se enfoca en un futuro lleno de posibilidades y no en los errores del pasado.		]]></document>
	<document><![CDATA[Algunas personas tienen valor, otras precio... http://t.co/Luvu5Kaz5T		]]></document>
	<document><![CDATA[La realidad supera por mucho la ficción !		]]></document>
	<document><![CDATA[“@username: #EnVideo ‘Cuerdas’, premio Goya al mejor corto de animación. Vean el corto completo: http://t.co/UW62CZlsGz” bien merecido!		]]></document>
	<document><![CDATA[Somos un imán viviente... http://t.co/ZfvMPxRzqb		]]></document>
	<document><![CDATA[@username  y ahora amiga que te paso? a quien golpeo? jajjaj		]]></document>
	<document><![CDATA[@username que envidia y yo chambeando ya tengo hambre!		]]></document>
	<document><![CDATA[@username jajjaja de acuerdo! bss ya déjate ver		]]></document>
	<document><![CDATA[@username animo todo va a salir bien y cuenta conmigo para lo que necesites!		]]></document>
	<document><![CDATA[A veces el éxito y el dinero pueden ser muy malos consejeros...		]]></document>
	<document><![CDATA[“RT @username El mayor grado de inteligencia que puede alcanzar un ser humano es la observación de si mismo sin juicio alguno.”		]]></document>
	<document><![CDATA[Hay cosas que superan toda mi imaginación como puede existir tanto egoísmo y maldad?!		]]></document>
	<document><![CDATA[@username  Maduro ocultando la verdad al mundo http://t.co/sd3C64VgP0		]]></document>
	<document><![CDATA[Dios bendiga a #VenezuelaLibre. Rezo porque llegue la paz a su país.		]]></document>
	<document><![CDATA[...en un beso sabrás todo lo que he callado...Pablo Neruda		]]></document>
	<document><![CDATA[“@username: La alegría es el ingrediente principal en el compuesto de la salud #mis13 #dentrodelsombrero http://t.co/nM3uzcUtBU”		]]></document>
	<document><![CDATA[@username suerte!		]]></document>
	<document><![CDATA[“@username: “Ellos miran, Ellas huelen”, los olores son más importantes en las mujeres a la hora de elegir pareja http://t.co/5nLboHRGX9”b		]]></document>
	<document><![CDATA[No dejes que las preocupaciones del pasado afecten tus acciones hoy!		]]></document>
	<document><![CDATA[“@username: Medicina preventiva: quédate con lo agradable de una experiencia y expulsa las nimiedades que te intoxican.”		]]></document>
	<document><![CDATA[Sólo tenemos el momento presente...tu decides que haces con el. Buen día!		]]></document>
	<document><![CDATA[Esto se llama comparar curriculums... http://t.co/NucF4iEyjd		]]></document>
	<document><![CDATA[Que responsabilidad más grande formar hijos felices, seguros, íntegros, respetuosos con valores...quien me pasa la receta para no regarla?!		]]></document>
	<document><![CDATA[Y que quede claro...jajaja http://t.co/qm8d8urKWv		]]></document>
	<document><![CDATA[“@username: Ser feliz es encontrar todos los días un motivo para sonreír, aunque no existan grandes hechos :) "de acuerdo!		]]></document>
	<document><![CDATA[“@username: “Magia”, es creer en ti mismo.Si puedes hacer eso, 
puedes hacer que cualquier cosa suceda Johann Wolfgang Goethe		]]></document>
	<document><![CDATA[“@username: No se trata de pintar de verde las hojas del árbol enfermo, sino de sanar sus raíces. Entonces él mismo florecerá nuevamente.”		]]></document>
	<document><![CDATA[Meditar es observar tus propios pensamientos libre de juicios... sabes meditar?		]]></document>
	<document><![CDATA[Logras ver y aceptar a las personas como son o las ves como tu quieres que sean?		]]></document>
	<document><![CDATA[No se puede sólo cerrar el corazón porque uno no quiere sentir... http://t.co/gLbJ5BLRzd		]]></document>
	<document><![CDATA[@username jajaha hay q seguir practicando		]]></document>
	<document><![CDATA[@username q implicaciones tiene para los q tenemos aforé profuturo Gnp?		]]></document>
	<document><![CDATA[Porqué si es gratis hay tantas personas q les cuesta sonreír? Ufff sonrían buen día!		]]></document>
	<document><![CDATA[Tan cierto! Jaja http://t.co/nNvKxl9nZY		]]></document>
	<document><![CDATA[No cabe duda que los libros y los viajes expanden la mente!		]]></document>
	<document><![CDATA[@username Gracias Coach!		]]></document>
	<document><![CDATA[12 años de esclavitud, otra película que no pueden perderse!		]]></document>
	<document><![CDATA[Tus amistades fomentan tu crecimiento o te complican tu vida?		]]></document>
	<document><![CDATA[@username llego el día! Muestra behind the escenes! Ah por cierto vi agust y la actuación de Meryl S me parece de Óscar		]]></document>
	<document><![CDATA["Viva México Cuarones!”, gravity 7 oscares!! los óscares del 2014 causan revuelo en las redes sociales.		]]></document>
	<document><![CDATA[Porque justificas tus sueños? Son tuyos!!!		]]></document>
	<document><![CDATA[Iniciamos la Cuaresma, feliz miércoles de ceniza.		]]></document>
	<document><![CDATA[“@username: "Hay cosas que se tatúan sin tinta."”		]]></document>
	<document><![CDATA[...no es lo que los demás piensen de ti lo que importa sino lo que pienses tu de ti mismo!		]]></document>
	<document><![CDATA[Ojalá no termine en guerra el conflicto de Rusia y Ucrania.		]]></document>
	<document><![CDATA[Feliz día de la mujer. http://t.co/rnlivo9ZvB		]]></document>
	<document><![CDATA[Eres líder si... http://t.co/rDIhfbcZBk		]]></document>
	<document><![CDATA[Vivamos el momento presente!		]]></document>
	<document><![CDATA[Sólo vivir en el presente trae paz... http://t.co/lYOsICyZhO		]]></document>
	<document><![CDATA[“@username: "El maquillaje que embellece más es una sonrisa sincera" Stanley E Daugherty”		]]></document>
	<document><![CDATA[Es una bendición tener amigos con los que puedes compartir sueños...gracias!		]]></document>
	<document><![CDATA[El resumen de noticias: La ‘bolita’ de 26 mil millones que se le perdió a Marcelo | Corte de Caja - Yahoo Noticias http://t.co/K21EQ3ReCW		]]></document>
	<document><![CDATA[@username amiga voy con mis hermanos y papas a Madrid mayo 21 a ver si organizamos algo no?		]]></document>
	<document><![CDATA[@username 3 días pero dile a tus hijos q me digan q quieren!		]]></document>
	<document><![CDATA[Que manera de exponerse! Jajaja http://t.co/BlaMShZ2h7		]]></document>
	<document><![CDATA[¨Eres parte del rompecabezas de la vida de alguien aunque nunca sabes dónde encajas,pero la vida de alguien nunca puede ser completa sin ti¨		]]></document>
	<document><![CDATA[@username me encantan sus neurotwitts hágalos con más frecuencia!		]]></document>
</author>