<?xml version="1.0" encoding="UTF-8" standalone="no"?><author id="user896">
	<document><![CDATA[@username @username no hay  que preocuparse, HAY QUE OCUPARSE		]]></document>
	<document><![CDATA[La Hueva que es Mota Fina y sus IPATSSSS http://t.co/g1hFcanD // jajaja		]]></document>
	<document><![CDATA[@username bara bara llevelo llevelo a 12 meses de trabajos forzados jajaja		]]></document>
	<document><![CDATA[@username @username y casi para la 3era		]]></document>
	<document><![CDATA[@username orales...y el cajero esta a ups? yaq no me enteré...jajaja		]]></document>
	<document><![CDATA[@username uuff...ahora si a dormir tranquilo...jajaja...estaba repreocupado		]]></document>
	<document><![CDATA[Sol, arena y mar http://t.co/0ASVKYf0		]]></document>
	<document><![CDATA[Atardecer... http://t.co/CIXfOCet		]]></document>
	<document><![CDATA[@username para cuando?		]]></document>
	<document><![CDATA[@username @username @username #siserás, #siserás, tenia que ser el chavo del gel		]]></document>
	<document><![CDATA[Hoy se cumplen 38 años de que se fue mi Jefe, gracias Don Enrique Guerrero		]]></document>
	<document><![CDATA[@username gracias Licenciada, jajaja		]]></document>
	<document><![CDATA[@username Pus Felicidades wey		]]></document>
	<document><![CDATA[@username buenas noches		]]></document>
	<document><![CDATA[Cuanta tecnología Wayusey!!!		]]></document>
	<document><![CDATA[@username 1879 - 1855? A los -24? http://t.co/7eyNuwap		]]></document>
	<document><![CDATA[RT @username: RT @username: La sextuitera común y corriente http://t.co/l17UEnHM		]]></document>
	<document><![CDATA[Vueltas, vueltas, vueltas y vueltas y no entiende #ohquelachin		]]></document>
	<document><![CDATA[#ohquelachin ya fueron mas de 15 minutos de compensacion ya pita weeeeey		]]></document>
	<document><![CDATA[@username no era hoy?		]]></document>
	<document><![CDATA[La chimuela de Laura http://t.co/wwz9UAtH		]]></document>
	<document><![CDATA["@username: “@username: "Todos tenemos una amiga puta, si tú no la tienes la puta eres tú"”\ el gaaaaaaas		]]></document>
	<document><![CDATA[Que espera que le marquen al Pikolin?		]]></document>
	<document><![CDATA[@username jajaja, no te quedaste con las ganas		]]></document>
	<document><![CDATA[@username a este Sr. Abascal, no le gusta perder ni una, jajaja, que chingue		]]></document>
	<document><![CDATA[Y si fuera al revés? @username.		]]></document>
	<document><![CDATA[RT @username Todo lo que quieres en la vida está justo fuera de tu zona de comodidad. (Autor desconocido) ... muy cierto		]]></document>
	<document><![CDATA[RT @username La diputada priísta Carolina Viggiano reclama sobre visita de EPN a la Ibero: "para qué ... http://t.co/0KVwdPX9		]]></document>
	<document><![CDATA[@username @username , por orden expresa del Presidente?		]]></document>
	<document><![CDATA[@username @username @username con esa clase de políticos de fuertes convicciones partidistas, no cabe duda, estamos jodidos		]]></document>
	<document><![CDATA[@username @username 
las saladitas son horneadas		]]></document>
	<document><![CDATA[RT @username Los viejos dan buenos consejos porque ya no pueden dar malos ejemplos ... jajaja muy cierto Checo		]]></document>
	<document><![CDATA[RT @username Los hombres no dan detallitos, los verdaderos hombres dan detallones. // Jajaja		]]></document>
	<document><![CDATA[RT @username QT @username: @username amigo eres un p........../ sólo en ocasiones //nomas de un lado...jajaja		]]></document>
	<document><![CDATA[@username @username  // y eso significa...		]]></document>
	<document><![CDATA[RT @username -Gordo, perdoname! Te di la medicina para los nervios en lugar de la diarrea, como estas? -Bien ... http://t.co/g38Iy0uh		]]></document>
	<document><![CDATA[Los calcetines de Loret		]]></document>
	<document><![CDATA[#AMLOenTercerGrado. Los calcetines de Loret		]]></document>
	<document><![CDATA[@username, Yarrintong? Moreira? Hablamos de corrupción?		]]></document>
	<document><![CDATA[@username Yarrintong? Moreira? el gober precioso? salazar mendiguchia? te suenan?		]]></document>
	<document><![CDATA[@username @username  @username ni eso pueden hacer bien?		]]></document>
	<document><![CDATA[@username que tomó. DR. ? Vidrio molido?		]]></document>
	<document><![CDATA[@username lo oigo muy callado Dr.		]]></document>
	<document><![CDATA[RT @username RT @username Volverte a casar, es el ejemplo perfecto de que la esperanza siempre se va a chingar a la experiencia.		]]></document>
	<document><![CDATA[@username sera 2 de julio		]]></document>
	<document><![CDATA[@username @username// Otra veeeeeez? #ohquelachin, ya pongan atención		]]></document>
	<document><![CDATA[@username @username @username @username como vivir con 6 mil pesos, no?		]]></document>
	<document><![CDATA["Estoy aflojado en terracería". http://t.co/U40aI8MS // yo también,  jajaja		]]></document>
	<document><![CDATA[@username @username  si, hay un ambiente enrarecido,		]]></document>
	<document><![CDATA[@username el sentir de muchos de nosotros Inge		]]></document>
	<document><![CDATA[@username Muy bien por el Solovino		]]></document>
	<document><![CDATA[@username Juan, se lo apuntamos al nuevo preciso?		]]></document>
	<document><![CDATA[@username , estoy de acuerdo, pero solo como para empezar a llevar la cuenta, saludos y gracias por la respuesta		]]></document>
	<document><![CDATA[@username @username  también por las 60000 muertes y el regalo al PRI		]]></document>
	<document><![CDATA[RT @username @username Si eres hombre y usas una máscara eres aun más puto. BYE // jajaja ouch		]]></document>
	<document><![CDATA[@username jajaja ahora la bebes o la derramas ¡¡¡		]]></document>
	<document><![CDATA[@username ¿Y no dan cursos de gramatica y redaccion?		]]></document>
	<document><![CDATA[@username @username//mmm entonces el sería como Obama?		]]></document>
	<document><![CDATA[@username interesante tu reportaje		]]></document>
	<document><![CDATA[@username y ahora que te paso Checo?		]]></document>
	<document><![CDATA[@username. Uy pues que te mejores pronto, saludos Checo		]]></document>
	<document><![CDATA["@username: "Si no puedes lidiar conmigo en mi peor momento, definitivamente no me mereces en el mejor" Marilyn Monroe"...		]]></document>
	<document><![CDATA[@username pues conectalooooo¡¡¡		]]></document>
	<document><![CDATA["@username: “@username: El éxito es como un pedo,solo le molesta a la gente cuando no es suyo!!!!”/Jajaja. Muy bueno, negrito! ????" jajaja		]]></document>
	<document><![CDATA[@username Suerte y a descansar		]]></document>
	<document><![CDATA[@username pues que compraste?		]]></document>
	<document><![CDATA[@username pus huevos		]]></document>
	<document><![CDATA[@username si ha de ser muy feo		]]></document>
	<document><![CDATA["@username: #YEntoncesYoDije o el matrimonio es muy chingón, o de plano hay muchos pendejos que se casan más de una vez." mmm... Sera?		]]></document>
	<document><![CDATA["@username: Los aztecas llegaban a fin de mes haciendo muchos sacrificios."... Que no se pierda esa bonita tradición		]]></document>
	<document><![CDATA[@username @username... ese es otro ...show		]]></document>
	<document><![CDATA[@username buen reportaje Juan		]]></document>
	<document><![CDATA[@username para ver a Fobia con @username http://t.co/emmpb2G0		]]></document>
	<document><![CDATA["@username: Somos lo que decidimos ser. Podemos poner la culpa en los otros, pero no es inteligente hacer eso #cambiemos" muy cierto		]]></document>
	<document><![CDATA[@username: El barco está más seguro en el puerto; pero no es para eso que se construyeron los barcos		]]></document>
	<document><![CDATA[@username aguas, ya empiezas a caminar como caballito de Tony Aguilar		]]></document>
	<document><![CDATA[@username jajaja no creo yo me salí a las 8		]]></document>
	<document><![CDATA[@username sabes que el primer síntoma es la negación?		]]></document>
	<document><![CDATA[@username pa'lante Pariente		]]></document>
	<document><![CDATA["@username: Recientes investigaciones científicas confirman que: hace un calor de la #chingada"		]]></document>
	<document><![CDATA[@username y la corona apá?		]]></document>
	<document><![CDATA[@username yo creiba que ya habíamos empezado los festejos		]]></document>
	<document><![CDATA["@username: Mientras tu me ignoras, la señora de las frutas me ofrece de su papaya, me la pela y me pide que me la coma toda." Jajaja		]]></document>
	<document><![CDATA[Como que quiere llover		]]></document>
	<document><![CDATA[@username @username probremas = mas pobres		]]></document>
	<document><![CDATA[@username: Si el matrimonio fuera sagrado ya tendría yo una esposa.		]]></document>
	<document><![CDATA[@username de acuerdo		]]></document>
	<document><![CDATA[@username: Los hombres en su misoginia dicen que darle una licencia para conducir a una mujer es como darles licencia para matar.		]]></document>
	<document><![CDATA[@username: #UnVerdaderoHombre aprende a amar el fondo para luego amar la forma. Así en la vida como con las mujeres...cierto muy cierto		]]></document>
	<document><![CDATA[@username #macrosimulacro hasta para eso son Pendejos		]]></document>
	<document><![CDATA[No es posible!!! OMD		]]></document>
	<document><![CDATA[Y que? Quieren mole? No Mamen, para eso les pagan		]]></document>
	<document><![CDATA[@username: Que no se pierda la bonita costumbre de pensar... por lo menos de vez en cuando.		]]></document>
	<document><![CDATA[La nueva novela de TV Azteca...La Teniente Rada...el gaaaaaaaaas!!!		]]></document>
	<document><![CDATA[@username:Voy al cajero y mi cuenta,vacía.El banco dice que me prestó el servicio de cobrarse el adeudo de mi tarjeta/son chingaderas		]]></document>
	<document><![CDATA[@username pues haz una		]]></document>
	<document><![CDATA[@username: Puedes pasar tu vida culpando al mundo, pero tus éxitos o tus derrotas son tu entera responsabilidad		]]></document>
	<document><![CDATA[La frase de hoy: "mas detallado y en resumen" Marisol de finanzas		]]></document>
	<document><![CDATA[@username @username @username @username yo diría "En su pinche vida"		]]></document>
	<document><![CDATA[@username @username. No son peleles, son REPENDEJOS al igual que los senadores y diputados		]]></document>
</author>