<?xml version="1.0" encoding="UTF-8" standalone="no"?><author id="user147">
	<document><![CDATA[@username @username @username el fino se siente muy acá!		]]></document>
	<document><![CDATA[Dolor en mi corazon  http://t.co/b4982wsIXe		]]></document>
	<document><![CDATA[Estoy bien http://t.co/FuzXR8lYBM		]]></document>
	<document><![CDATA[Edith Piaf / Hymne à l'amour (Letra/Traducción) *1950* http://t.co/3pnMh1t8xO		]]></document>
	<document><![CDATA[Edith Piaf Rien de rien subtitulos frances español http://t.co/jbj9eFYzjc		]]></document>
	<document><![CDATA[Édith Piaf - La Foule (Sub español) http://t.co/jU6x4zZeFU		]]></document>
	<document><![CDATA[La Marsellesa -  Himno Nacional de Franciadel Film La vie en rose http://t.co/YgH9LqObU4		]]></document>
	<document><![CDATA[@username @username por que?		]]></document>
	<document><![CDATA[@username @username porque es amigo de Satanás ???		]]></document>
	<document><![CDATA[@username @username yo no estoy ni a favor ni en contra, pero la Biblia habla de ofrendas pero quien quiere lo hace y quien no, no se		]]></document>
	<document><![CDATA[@username @username le obliga, al final de cuentas si lo hacen con fin de lucro, la Biblia dice que Todo saldrá a la luz ????		]]></document>
	<document><![CDATA[@username @username pues si ellos no están haciendo lo correcto q Dios se los demande, porq si no lo es, sólo  PERECERÁ, no crees?		]]></document>
	<document><![CDATA[@username @username si ya entendí tu postura, se respeta y quien lo quiera hacer que sea de corazón quien no, pues no		]]></document>
	<document><![CDATA[@username @username creo que te sobran versículos y te falta corazón		]]></document>
	<document><![CDATA[@username @username No sabes escuchar, no se porque? http://t.co/4yhxz7osnE		]]></document>
	<document><![CDATA[He encontrado Fade Into You de Mazzy Star con #Shazam. http://t.co/Uhf1WdIirk		]]></document>
	<document><![CDATA[He encontrado Days Go By de Dirty Vegas con #Shazam. http://t.co/7EWCAJRliX		]]></document>
	<document><![CDATA[Juan Carlos Alvarado - Glorificate http://t.co/BsMeCWckWp		]]></document>
	<document><![CDATA[Platica de idiotas 
????		]]></document>
	<document><![CDATA[He encontrado Sin Respuesta de Jumbo con #Shazam. http://t.co/KwTnLYjD2O		]]></document>
	<document><![CDATA[@username En cual semestre @username ?????		]]></document>
	<document><![CDATA[Mira @username una escuela de manejo.
http://t.co/IMX4TBWswq		]]></document>
	<document><![CDATA[Eurojazz en el Cenart, proximo 16 de Marzo 17:00 hrs 
http://t.co/b6xf8gl8C5		]]></document>
	<document><![CDATA[Feo pero con actitud... Yeah!		]]></document>
	<document><![CDATA[Soñé 
http://t.co/1dk8CXkkOC		]]></document>
	<document><![CDATA[Creo que debo de dejar de soñar y esclavizarme en un fucking trabajo????????		]]></document>
	<document><![CDATA[En Espi?ritu Y En Verdad - Rey De Justicia - My King  http://t.co/7A7CLI3FRW		]]></document>
	<document><![CDATA[Relajen los sentidos es L U N E S		]]></document>
	<document><![CDATA[@username @username región 4		]]></document>
	<document><![CDATA[@username caballero ????		]]></document>
	<document><![CDATA[¿Cómo se toma el vino? http://t.co/bnShfGxjmt		]]></document>
	<document><![CDATA[“@username: Manifestantes forran con sus reclamos avenida en #AltaVista http://t.co/RmvyfrJlAS #CiudadCDC http://t.co/p6HkGukeVt”		]]></document>
	<document><![CDATA[Top diez de los alimentos que queman grasa mas rápido 
http://t.co/qT3lKszBSS		]]></document>
	<document><![CDATA[Ey @username te invito a que viajes en Metro un día para que veas que tu aumento NO ES JUSTIFICABLE! #PosMeSalto		]]></document>
	<document><![CDATA[Ahhh me choca el "sígueme y te sigo" ????		]]></document>
	<document><![CDATA[@username Que nos censure la Tv abierta, Televisa y demás basura #defenderInternet		]]></document>
	<document><![CDATA[Manejar en esta Estridente ciudad, siempre es muyyyyy estresante! ????		]]></document>
	<document><![CDATA[@username Excelentes clases!! e instructores muy pacientes #MuyRecomendado		]]></document>
	<document><![CDATA[Melomanos ????????		]]></document>
	<document><![CDATA[@username vamos a la #MarchaDeGloria hoy a las 2:00 saliendo de Reforma y Gandhi		]]></document>
	<document><![CDATA[#EPNvsInternet somos muchos contra la censura @username, #censuramestaEPN http://t.co/0oGgM5BuAm		]]></document>
	<document><![CDATA[@username d) todas las anteriores		]]></document>
	<document><![CDATA[Propiedades de los tés  http://t.co/E6YYlvE2in		]]></document>
	<document><![CDATA[En que semestre de Comunicación te enseñan a hacer vídeos en YouTube? @username #GuerraDeProfesionistas		]]></document>
	<document><![CDATA[Vamos mañana a la #CadenaHumana  de Televisa a los Pinos en Av. Chapultepec y Niza 11:00 hrs por la #LibreExpresion http://t.co/vjI69uI2j3		]]></document>
	<document><![CDATA[@username una cadena de oración por la nefasta ????????????		]]></document>
	<document><![CDATA[@username puro chisme de la lavadero		]]></document>
	<document><![CDATA[Con el choro de siempre, estoy afinada ???? http://t.co/dad8BAeZ4s		]]></document>
	<document><![CDATA[@username @username como el posible que el racismo llegue a tal grado! y los de polanco se dicen cultos!		]]></document>
	<document><![CDATA[Ahh como jodes en mi mente!		]]></document>
	<document><![CDATA[The Black Keys - Fever [Official Audio] (+lista de reproducción): http://t.co/xTUAhGOtRe vía @username		]]></document>
	<document><![CDATA[En este día tan especial quiero desear de todo corazón el día de las madres que  #ChingueAsuMadreEPN con todo respeto!		]]></document>
	<document><![CDATA[@username menos a las que tengan más de tres chilpayates http://t.co/hvQPAYdOpz		]]></document>
	<document><![CDATA[#NoEsMujerSi no se ahoga en un mar de lágrimas ???? http://t.co/P3v52psbLD		]]></document>
	<document><![CDATA[Qué paso tiempo, no que lo curabas todo?
 #esperoconansias		]]></document>
	<document><![CDATA[Ninis "trabajando" será el fin del mundo?		]]></document>
	<document><![CDATA[Aveces uno amanece con ganas de extinguirse... ???? #JulioCortazár http://t.co/s7y8P4Dgfn		]]></document>
	<document><![CDATA[Directo a la #friendzone ???? #barbaraSoy		]]></document>
	<document><![CDATA[Breaking Bad  Piloto  completo español capitulo 1 temporada 1 http://t.co/1X1DnYybcP		]]></document>
	<document><![CDATA[Julieta Venegas - Me Voy (Video) (Stereo) http://t.co/42elupG2Qb		]]></document>
	<document><![CDATA[He encontrado Be Italian de Fergie con #Shazam. http://t.co/BWxt1jneIp		]]></document>
	<document><![CDATA[Al lugar donde voy no te puedo llevar, porque ahí no puedo esperar más a nadie #NoMoreFriends #LasNiñasBonitas http://t.co/sQN5Z0dUSH		]]></document>
	<document><![CDATA[A la cárcel por ser felices - Vía EL PAÍS iPhone http://t.co/hL4xoPWnPq		]]></document>
	<document><![CDATA[EPN: presidente más odiado del siglo http://t.co/1bG6ekhABg		]]></document>
	<document><![CDATA[@username y entonces por qué tanta represión Leonel?		]]></document>
	<document><![CDATA[Lo que eres: Mensaje para mujeres http://t.co/AAqWrZ45KI		]]></document>
	<document><![CDATA[Y ya viene el Mundial, listos para apend!"·$%&/()? :/		]]></document>
	<document><![CDATA[Si Mèxico ganara el Mundial, NADA, NADA los mexicanos no ganaríamos nada!		]]></document>
	<document><![CDATA[Nuestra Guerra Interior - Pastor Claudio Freidzon - Rey de Reyes http://t.co/rvWUoiveui		]]></document>
	<document><![CDATA[Guía nuestro camino... ????		]]></document>
	<document><![CDATA[He encontrado Cristo Yo Te Amo de En Espíritu Y En Verdad con #Shazam. http://t.co/6wgjK3RmJw		]]></document>
	<document><![CDATA[Debo ahogar mis miedos o ellos me ahogarán a mi http://t.co/BCsiDRsJzO		]]></document>
	<document><![CDATA[Ya llega el Festival de Música 2014 el 21 de junio Cd de México #FdM2014 http://t.co/2DCEqPa0W7		]]></document>
	<document><![CDATA[Lo más importante que un futbolista  #inauguracionmundial http://t.co/xvJBMekasZ		]]></document>
	<document><![CDATA[@username sí tienes razón. Creo que el fútbol es un excelente deporte hasta que hacen negocio de el		]]></document>
	<document><![CDATA[Al que esta sentado en el trono (En Vivo) - Marcos Brunet http://t.co/JSmsKs8NuE		]]></document>
	<document><![CDATA[Ni tu eres para tanto ni yo para tan poco ???? http://t.co/OIFBqPCc9b		]]></document>
	<document><![CDATA[#MexicanosAlGritoDeOctavos ay ya van a empezar "patriotas". Definitivamente México se merece al presidente que tiene		]]></document>
	<document><![CDATA[@username muchas gracias ????		]]></document>
	<document><![CDATA[@username muchas gracias y que Dios te bendiga también		]]></document>
	<document><![CDATA[Lo que es cierto es que #NoPuedesObligarANadie a amarte http://t.co/6r2Ru1fj3X		]]></document>
	<document><![CDATA[#NoEsDeChicasBien enamorase de un amigo ???? http://t.co/p4ehNtq9xT		]]></document>
	<document><![CDATA[#MundialBrasil2014 a qué le tiras cuando sueñas mexicano?		]]></document>
	<document><![CDATA[Roadhouse Blues - The Doors - Subtitulado Español http://t.co/1xJHPLxgT4		]]></document>
	<document><![CDATA[Lo que uno se encuentra en youtube!
stealer! jajaja uh uh 
http://t.co/vhRGgzAR5B		]]></document>
	<document><![CDATA[Sí ya saben que tengo alas tan grandes para que me dan un pasaporte #whereverYouGo http://t.co/UAqbf8yhKR		]]></document>
	<document><![CDATA[#Mundial2014 sale México también goleado http://t.co/FhiNIi033h		]]></document>
	<document><![CDATA[Que mala organización cuando de emergencia se trata @username #linea7 ????????		]]></document>
	<document><![CDATA[@username empieza x rescatar la calle rosa roja en molina de rosas, se inunda cda que llueve y NUNCA dan una respuesta OPORTUNA		]]></document>
	<document><![CDATA[Si Puedes Creer - Marcos Witt (en concierto) http://t.co/UFPob4f1u0		]]></document>
	<document><![CDATA[04. Marco Barrientos - Quién nos separara http://t.co/KhmGcC12M8		]]></document>
	<document><![CDATA[He encontrado An Ocean Apart de Julie Delpy con #Shazam. http://t.co/PLPXC9QtgY		]]></document>
	<document><![CDATA[Al que esta sentado en el trono (En Vivo) - Marcos Brunet http://t.co/EMohxcRy0V		]]></document>
	<document><![CDATA[EDITH PIAF. Non, Je Ne Regrette Rien, Subtitulado http://t.co/PtAW9pO6Uc		]]></document>
	<document><![CDATA[Edith Piaf: La Foule (francés-español) http://t.co/vgWJLCDPb1		]]></document>
	<document><![CDATA[Ojalá que los abuelos fueran eternos!		]]></document>
	<document><![CDATA[@username Da bara el minuto *le activa claro viajes, claro video y ya no es promoción ????		]]></document>
	<document><![CDATA[@username cerdo asqueroso  como el PRI!		]]></document>
	<document><![CDATA[Jamás creí que pudiera enamorame de una persona que nació hace 100 años ???????? #JulioCortazar http://t.co/X58D7snz2R		]]></document>
	<document><![CDATA[@username #NoteDeseoElMal pero ojalá no traigas guaruras y te toqué viajar en metro http://t.co/L4vUQoJKoP		]]></document>
</author>