<?xml version="1.0" encoding="UTF-8" standalone="no"?><author id="user531">
	<document><![CDATA[Buenos dias... Pa quien lo sean.		]]></document>
	<document><![CDATA[Esto que va un gaditano por la calle y no te pide tabaco.		]]></document>
	<document><![CDATA["@username: Las personas superiores mentalmente, duermen más que la media" Gracias por aclarar a todos que lo mio no es una enfermedad!		]]></document>
	<document><![CDATA[@username Estrenador Estrenador, El Cluj!		]]></document>
	<document><![CDATA[@username Ayer comí pollito al limón del Chino.		]]></document>
	<document><![CDATA[Noche mágica		]]></document>
	<document><![CDATA[Finde de encierro en casa. @username @username		]]></document>
	<document><![CDATA[Acabo de ganarle a mi hermano pequeño en el Top Manager y sin avisarle. Que guarro soy.		]]></document>
	<document><![CDATA[@username @username Cuidarme a estos. @username y @username no saben donde tienen la cara, y @username se despista con su risa.		]]></document>
	<document><![CDATA["@username: Amigos" Yo, yo.		]]></document>
	<document><![CDATA[Alguna duda?		]]></document>
	<document><![CDATA[Traidor. Esa es la mejor palabra para definirte @username .		]]></document>
	<document><![CDATA[Perdón por el retraso es lo que me dirá mi casero cuando aparezca.		]]></document>
	<document><![CDATA[@username @username Jajajaja que buen rato echamos! Jajajaja Este finde toca de nuevo!		]]></document>
	<document><![CDATA[Hoy puedes vacilar @username		]]></document>
	<document><![CDATA[Lo bueno del tiempo que todo lo malo lo hace ir a mejor.		]]></document>
	<document><![CDATA[@username No puede poner uno una frase filosófica ni a las 2:55 de la madrugada...		]]></document>
	<document><![CDATA[@username Chilla cuando no friega.		]]></document>
	<document><![CDATA[No cojo más el autobus resacoso en mi vida.		]]></document>
	<document><![CDATA["@username: @username estas acostumbrao a q te lleve @username ...." Lleva 3 semanas sin llevarme...		]]></document>
	<document><![CDATA["@username: “@username: Dormir más de 8 horas hace que nuestro cerebro se envejezca” @username" Envejecer es hacerse sabío!		]]></document>
	<document><![CDATA["@username: olvida lo que te dije anoche, gracias. Jamas me casaré." No digas tonterías que la mesa de los VIPS es mía		]]></document>
	<document><![CDATA[@username Este señoras y señores es mi hermano. Después de un atentado, pone este pedazo de tweet. Y tan contento que se queda! OLE.		]]></document>
	<document><![CDATA[@username Nuestro amigo Homer nos los explica graficamente. http://t.co/7xIOPO5tjA		]]></document>
	<document><![CDATA[Puto sueño traicionero de las 8 de la mañana. Ese que pareces que sigues con la rutina y sin embargo estás dormido.		]]></document>
	<document><![CDATA[@username buaf buaf buaf. Comprame una!! Dios que pajote tiene!		]]></document>
	<document><![CDATA[Y mi consuelo para aguantar este sufrimiento es el ofertón que me voy a meter entre pecho y espalda.		]]></document>
	<document><![CDATA[10:30 de universidad. Llegar a casa y estudiar. No es tan bonita la vida del estudiante eh?		]]></document>
	<document><![CDATA[Profesor Gutiérrez. A su servicio!		]]></document>
	<document><![CDATA[Adaptando mi tecnología a los nuevos tiempos		]]></document>
	<document><![CDATA[Graciosos son los gallegos hablando.		]]></document>
	<document><![CDATA[Increíble lo del Valencia! Vaya 6 minutos! 4 goles...		]]></document>
	<document><![CDATA[Profesor de inglés. De tercero de primaria. Eso me ha tocado ser hoy.		]]></document>
	<document><![CDATA[De cuarto de cuarto!! Perdon perdon...		]]></document>
	<document><![CDATA[Sobrecito antes de dormir. Cortesía de @username y @username		]]></document>
	<document><![CDATA[Piensa diferente, Piensa diferente.		]]></document>
	<document><![CDATA[Abuso del Bayern. Da igual los errores arbitrales, este Bayern da mucho miedo.		]]></document>
	<document><![CDATA[“@username: @username yo te lo retuiteo hijo mio jaja” Gracias Carmele!!		]]></document>
	<document><![CDATA[“@username: Egocéntrica, Sabelotodo, Superior y Muy soberbia... Todo lo que odio y todo lo que probablemente soy” Y muy guapa tambien.		]]></document>
	<document><![CDATA[Yo me enamoré de Lewandowski en la Eurocopa y algunos decían que era estúpido. 4 goles en semifinales de Champions me dan la razón.		]]></document>
	<document><![CDATA[@username Hoy potaje, que tienes que crecer. Además que seguro que tu madre me lo agradecerá!		]]></document>
	<document><![CDATA["Algún día", pase o no pase, nos sirve al menos para soñar.		]]></document>
	<document><![CDATA["Si no cierras bien los ojos muchas cosas no se ven" Buenos días.		]]></document>
	<document><![CDATA[Pues como no cuenta para nota esta vez podemos decir que no me han follado. Me libre!		]]></document>
	<document><![CDATA[@username Es la cara que lleva todo el que se monta con tu hermano (él incluido)		]]></document>
	<document><![CDATA[Puta mierda de Orange. Putos routers de mierda anticuados y puta conexión tercermundista.		]]></document>
	<document><![CDATA[@username  lo que me da mas miedo de ese piso son los tweets cachondos de @username		]]></document>
	<document><![CDATA[Me encanta que me acaricien el pelo. Soy un puto perro.		]]></document>
	<document><![CDATA[“@username: @username te podrás quejar ya quisiera @username tener compañeras que le limpien el piso mientras duerme” Ojala...		]]></document>
	<document><![CDATA[He dicho alguna vez que con los tweets que más disfruto son de @username ?		]]></document>
	<document><![CDATA[Rvp, de ídolo a villano.		]]></document>
	<document><![CDATA[Sagna de malo a peor.		]]></document>
	<document><![CDATA[Vaya partido pésimo de Sagna.		]]></document>
	<document><![CDATA[Contra preciosa. La cronometrará deportes cuatro?		]]></document>
	<document><![CDATA[“@username: @username ?Te estass convirtiendo en un malote eh!!!! Te estas dejando malinfluenciar por @username” tó lo malo se pega!		]]></document>
	<document><![CDATA[Hasta medicina tiene cafetería. Que les pasa a los ingenieros? Somos tontos? Es lo fundamental en cualquier universidad!		]]></document>
	<document><![CDATA[Vaya semanita pal hígado me espera...		]]></document>
	<document><![CDATA[+Hola eres el dueño de la casa? -Si.+ Qué edad tienes? -19 años. + Pues avísame cuando tengas 24, adios.		]]></document>
	<document><![CDATA[@username me ha desvirgado en el triviados.		]]></document>
	<document><![CDATA[@username no sabes lo que van a ser 5 días con los enanos... Espero que no vengas con ganas de suicidarte!		]]></document>
	<document><![CDATA[Y ahora @username me folla. Puto Triviados. Una vez que te desvirgan te entran todas dobladas...		]]></document>
	<document><![CDATA[200 informes, 300 trabajos, 150 exámenes, 700 laboratorios y un mes de clase. Y yo duermo tranquilo por las mañanas... Ole mis cojones.		]]></document>
	<document><![CDATA[Primera de la semana. Cuantas me quedan?		]]></document>
	<document><![CDATA[La práctica rota es cortesía mía aerospaciales y de @username . De nada.		]]></document>
	<document><![CDATA[¿Qué coño has hecho con mi chandal @username ? http://t.co/KZ4njL4iVb		]]></document>
	<document><![CDATA[Aeroespaciales en la puerta de mi @username http://t.co/nm3uyXAhPe		]]></document>
	<document><![CDATA[@username Yo soy cascarón.		]]></document>
	<document><![CDATA[Me han eliminado de copa y he gastado 8 tokens en un jugador que al final no he podido fichar. Los muertos del juego.		]]></document>
	<document><![CDATA["@username: Soy el Erasmus con menos clases de la historia, pero eso da igual porque de todas maneras no iba a ir" Hijo la gran puuuta.		]]></document>
	<document><![CDATA[Mas agobiado que @username jugando al fútbol sala en Ubrique.		]]></document>
	<document><![CDATA[Puto @username que me copia el fondo de twitter. De espaldas y con un monumento detrás... Comprate un fondo tonto.		]]></document>
	<document><![CDATA[Deportes Cuatro es un programa de Corazón.		]]></document>
	<document><![CDATA[Oju Wert chiquillo, la que estás formando! http://t.co/P0aPeJynwP		]]></document>
	<document><![CDATA[Y no se os olvide, señores, llorar solo cuando valga la pena.		]]></document>
	<document><![CDATA[Y disfrutad siempre, que vida solo hay una!		]]></document>
	<document><![CDATA[@username busca camarera. Guapa, simpática con don de gentes y q sume sin dificultad. Apuntarse o se verá obligado a contratar a @username		]]></document>
	<document><![CDATA[“@username: Toda la suerte del mundo al mejor hermano!! Edu el guaperas !! ;)”@username		]]></document>
	<document><![CDATA[Coordinar 11 aeroespaciales en un examen y otras formas de intentar aprobar métodos númericos.		]]></document>
	<document><![CDATA[La banda sonora de Tarzan es una obra maestra.		]]></document>
	<document><![CDATA[Menos mal que hay un equipo mas desgraciado que el Arsenal!		]]></document>
	<document><![CDATA[Una final preciosa		]]></document>
	<document><![CDATA[@username te estás convirtiendo en un catalán malo que celebra desgracias ajenas... Antes molabas.		]]></document>
	<document><![CDATA[@username Entonces ya puedes quitar lo de "La Décima" de tu biografía, que ya la ha conseguido el Atlético Aviación.		]]></document>
	<document><![CDATA[Mertesacker, eres un coladero tio.		]]></document>
	<document><![CDATA[Preciosa ovación a Harper.		]]></document>
	<document><![CDATA[Pues mis esperanzas están puestas en el Sunderland. Vaya primera parte de mierda Arsenal. Ni Champions ni pollas.		]]></document>
	<document><![CDATA[Hola Wenger, que tal si ponemos a Oxlade de extremo izquierdo y a Cazorla en el centro del campo? De nada.		]]></document>
	<document><![CDATA[Vaamos cojones!!!		]]></document>
	<document><![CDATA[Pues tendremos que esperar otro añito para ver al Arsenal en el Villamarin.		]]></document>
	<document><![CDATA[Ya he hablado mucho del Arsenal. Seguidores, prometo hablar ahora solo de como me follan en la carrera y de lo mucho que duermo. Trato?		]]></document>
	<document><![CDATA[Hola Programacion. No te voy a aprobar en mi puta vida.		]]></document>
	<document><![CDATA[@username Ojala me enseñases.		]]></document>
	<document><![CDATA[Buscando mi destino, viviendo en diferido. Así estoy yo y así seguiré hasta que me encuentre.		]]></document>
	<document><![CDATA[Salmorejo cordobés. Je lia		]]></document>
	<document><![CDATA[Hoy a las 18:00 me vuelvo a enfrentar a mi bestia negra. Me voy a hartar de reír contandole esta asignatura a los nietos de @username		]]></document>
	<document><![CDATA[@username te mereces todo lo que te pasa.		]]></document>
	<document><![CDATA[No os acostumbreis gaditas, que hoy he dado un cigarrito porque me habeis pillao de buen humor!		]]></document>
	<document><![CDATA[Adios Shempions, adios copa. Solo la Liga. Puto Top Eleven.		]]></document>
	<document><![CDATA["@username : al menos tú tendrás opciones de ganarla, yo ni eso...jajajajja" Voy a acabar quitándome del juego e instalando el Pro otra vez.		]]></document>
	<document><![CDATA[Pues el nombre de MOSFET le pega mas a un pokemon que a transistor. Y BJT no era el de "La Banda del Patio"?		]]></document>
</author>