<?xml version="1.0" encoding="UTF-8" standalone="no"?><author id="user74">
	<document><![CDATA[Un regalo inesperado. http://t.co/uSncQDVO		]]></document>
	<document><![CDATA[Tantas personas en el mundo, tan poca vida... 

Y yo perdiendo el tiempo pensando en ti.		]]></document>
	<document><![CDATA[En 26 minutos termina la invasión de zombies con cruces en la frente y comienza la de zombies de san Valentín.
Extreme precauciones.		]]></document>
	<document><![CDATA[“@username: Me doy penita, soy mercadólogo y caí en el viejo truco del día de los enamorados.”// que vergüenza ????		]]></document>
	<document><![CDATA[Yey! 
por fin es 14. 
yo AMO los 14...

porque es quincena >=D		]]></document>
	<document><![CDATA[Hay que chillonas ¬¬ @username @username @username @username @username @username		]]></document>
	<document><![CDATA[@username OBVIO! la próxima mejor no me menciones y ambas nos lo ahorramos ¬¬ 
(hasta parece que no me conoces)		]]></document>
	<document><![CDATA[@username ¡ay... mi vidoooo!
 ¿ya vas a llorar?		]]></document>
	<document><![CDATA[@username un pésimo habito ¬¬
Algo así como masticar con la boca abierta.		]]></document>
	<document><![CDATA[Uf que buena rola como para que la escuches... 

Tu sabes quien eres ¬¬

Ultrasónicas - Que Grosero: http://t.co/g1Z5h2hN		]]></document>
	<document><![CDATA[@username lo que debes hacer... 
es dejar de chismosear¬¬		]]></document>
	<document><![CDATA[o.O ¿porque la gente me trae regalitos y me dice "Feliz día"? Que yo sepa no es mi cumpleaños.		]]></document>
	<document><![CDATA[El menú de hoy: tortas de plátano con queso panela, en salsa de tamarindo. (Que mal la paso) (@username Jardin Interior) http://t.co/LIWiXRzA		]]></document>
	<document><![CDATA[Para este viernes una deliciosa Brown 7 barrios. http://t.co/eR92NyA7		]]></document>
	<document><![CDATA[Que ayer cumplí dos años con mi cuenta de Twitter. 
Ya estoy mayorcita. =D		]]></document>
	<document><![CDATA[“@username: Vas a querer pastel...”// y regalo. 
¡OBVIO Jav!		]]></document>
	<document><![CDATA[Bancomer puso ocho cajeros y cuatro practicadas en perisur. 
PD siempre hay uno disponible. 
Bien hecho ????		]]></document>
	<document><![CDATA[Este lunes el destino me mando un taxista fan d... ?  Madness by @username http://t.co/44hAJCPX #soundtracking		]]></document>
	<document><![CDATA[Cuando alguien usa el termino "Buen partido" para referirse a alguien. 
En ese momento queda descartado.		]]></document>
	<document><![CDATA[fans de MUSE! 
no se pierdan el concierto que está comenzando en apoyo a War Child
aquí -> http://t.co/CjIYhO9V		]]></document>
	<document><![CDATA[Matthew Bellamy despierta mis más bajas pasiones. 
en vivo ahora http://t.co/CjIYhO9V		]]></document>
	<document><![CDATA[“@username: Seguro mientras MUSE está tocando en vivo, les importa un chingo que a ustedes ya no les guste, no mamen.”//#PricelessTweet		]]></document>
	<document><![CDATA[El primer día de GYM y yo cero condición #Fail #CansadaPeroFeliz (@username Fitness Express) http://t.co/ijmimQva		]]></document>
	<document><![CDATA[Hoy por la tarde el concierto de MUSE y ahorita en @username #LilaEnEl22		]]></document>
	<document><![CDATA[Oye @username ¿ya viste que está #lilaEnEl22?		]]></document>
	<document><![CDATA[@username a distancia unidas por la tecnología del celular, de @username y la música de @username		]]></document>
	<document><![CDATA[Tengo que gritarlo al mundo...

¡AMO EL HARLEM SHAKE!

http://t.co/ckTAoyQJ		]]></document>
	<document><![CDATA[No puede faltar la versión de Google 
http://t.co/Hn0cwMs0

Cc. @username @username		]]></document>
	<document><![CDATA[Hoy nos toca comer tarde pero sano ;0) (@username Jardin Interior) http://t.co/Qq6m5TSO		]]></document>
	<document><![CDATA[Se rumora que el tráfico de hoy es patrocinado por el partido en el estadio

¡ODIO EL SOCCER!

¡Mil veces maldito! >=(		]]></document>
	<document><![CDATA[¿Que dijeron? "Hoy no fue al GYM" (@username Fitness Express) http://t.co/rkc3zGMGGj		]]></document>
	<document><![CDATA[“@username: Felicidades a @username por su premio a la Agencia de Promoción del Año #PremiosInformaBTL”// RT porque soy presumida.		]]></document>
	<document><![CDATA[“@username: Quiero un pinche chai de dos litros.”// fácil ve a Starbucks y pide un venti ;0)		]]></document>
	<document><![CDATA[Les dejo la lista de Empresas Socialmente Responsables 2013 ¿ya vieron si está su empresa? 
Yo ya busque a @username http://t.co/gQSwgbBLis		]]></document>
	<document><![CDATA[“@username: @username @username cuando nos dicen que no es cuando más decimos "¡como ching... no!.”// #PricelessTweet		]]></document>
	<document><![CDATA[@username ¿cómo (guiño) se consiguen los Google glass? (Guiño, guiño)		]]></document>
	<document><![CDATA[@username ¡PORFIN ALGUIEN QUE ME ENTIENDE!
¿Para que quiero los domingos sin #NFL, para que quiero los lunes si no hay #MondayNight? =(		]]></document>
	<document><![CDATA[@username ???????????? yo sólo veo la NFL y el tenis cuando lo topo. Así qué sólo me queda esperar.		]]></document>
	<document><![CDATA[@username uf, pues ya que el guiño no funciono y está cañón ser desarrolladora... No me queda de otra que esperar =...(		]]></document>
	<document><![CDATA[¿Para qué ver la entrega del Óscar... 
Si en Twitter está todo el resumen?		]]></document>
	<document><![CDATA[@username -¿A qué hora sales por el pan?
-A las 7 para ti
-¿Te encargo unas conchas?
-Pero yo pensé
-¡UNAS CONCHAS DIJE! #PricelessTweet		]]></document>
	<document><![CDATA[“@username: Puto el que se rajé eh @username ... Que se te muera el pajarito y la Gaviota si sale del bote!”/ #PricelessTweet		]]></document>
	<document><![CDATA[En los días tan calurosos como hoy es cuando digo: 
"ven que si necesitamos jacuzzi en la agencia" ¬¬		]]></document>
	<document><![CDATA[Buen provecho. (@username La Bipolar) http://t.co/XHtiLloStA		]]></document>
	<document><![CDATA[@username: Menos de 1 día  para  que sam me de mi juguete nuevo!/ por mi te lo daba hoy, llevo toda la semana cargando 2 teléfonos.=S		]]></document>
	<document><![CDATA[@username no esperes algo mejor que esto, si fuera buena empacando, sería China. http://t.co/y1tus2rJ7M		]]></document>
	<document><![CDATA["Se pueden ganar unas elecciones pero perder un gobierno"

Sabías palabras de @username.		]]></document>
	<document><![CDATA[Por este tipo de cosas no compró un Galaxy http://t.co/urJAfcHlMu		]]></document>
	<document><![CDATA[¿Morado? Alguien va a ser Rockstar. http://t.co/SU5eZ4g0w3		]]></document>
	<document><![CDATA[Y ahora el naranja. Esto es cada vez más interesante. http://t.co/MOhG8qPRKC		]]></document>
	<document><![CDATA[Cuando ella vio las lágrimas en sus ojos no supo si era dolor o culpa, sólo supo que en ese momento debía ser fuerte.		]]></document>
	<document><![CDATA[-Jamás hubiera funcionado lo nuestro.
-Aja, repítelo hasta que te lo creas.		]]></document>
	<document><![CDATA[“@username: #YDijoElKarma  Amarás a quien no te ame, por no haber amado a quien te amó.”// #ZazPatricia me pego la piedra.		]]></document>
	<document><![CDATA[“@username: #YDijoElKarma Las cosas malas te pasan por algo, por pendejo por ejemplo ;)”//#PricelessTweet		]]></document>
	<document><![CDATA[#YDijoElKarma "yo creo que levamos a llamar... 
Cruda"		]]></document>
	<document><![CDATA[¿Cansados del Harmen Shake?
¡Pues llegó el Homer Shake!
http://t.co/51Judf5ZG9 vía @username		]]></document>
	<document><![CDATA[Situación sentimental: 
"Hablando con SIRI" 

#ForeverAlone		]]></document>
	<document><![CDATA[Disfruto estos momentos con @username en los que gracias al iPhone nos ignoramos mutuamente.		]]></document>
	<document><![CDATA[Hay cosas que siempre la harán recordarlo...

Como la FIL por ejemplo. 

#PedazosDeMiCuento.		]]></document>
	<document><![CDATA[Cuando la canción terminó ella recordó lo que él pensaba de ésta. Podía recordar sus palabras como el día en que las dijo #PedazosDeMiCuento		]]></document>
	<document><![CDATA[@username gracias. Espero estés teniendo un GRAN domingo.		]]></document>
	<document><![CDATA[Pues vamos a la NFL experience. (@username Auditorio Nacional Mx w/ 11 others) http://t.co/b6RYiHyBo0		]]></document>
	<document><![CDATA["Muchas sorpresa más" 
¿Ah? ¿Quien le dice a nuestros amigos del hipódromo que les faltó una S?

#CosasConTypos http://t.co/duGAwgAdWd		]]></document>
	<document><![CDATA[Cafecito tardío. (@username Librería Porrua) [pic]: http://t.co/VolpXYHh8D		]]></document>
	<document><![CDATA[Osh! ¿Toda esta gente no debería estar viendo el soccer cual zombies? (@username Perisur w/ 41 others) http://t.co/yEIPj7I4wR		]]></document>
	<document><![CDATA[De pronto se dio cuenta... 
Hacer repostería era sólo una actividad que hacia para no pensar en él.
#PedazosDeMiCuento		]]></document>
	<document><![CDATA[Amo! comenzar el día con un video de Harlem Shake #Priceless		]]></document>
	<document><![CDATA[Que levante la mano quien ya tenga sus boletos y su calendario para el vive. O/		]]></document>
	<document><![CDATA[¿sería usted tan amable de desaparecer de mi TL FOREVER?

Por su atención gracias.		]]></document>
	<document><![CDATA[#UnHombreQue tenga el valor de taruarse así...
#NoPorqueMeEnamoro http://t.co/JOckQWSGSH		]]></document>
	<document><![CDATA[Pues llevo una semana con el y la verdad no la siento más grande. 

Y estoy hablando de la pantalla de mi iPhone. 
(Por si había duda)		]]></document>
	<document><![CDATA[“@username: ¿Les regreso a @username y me llevo a @username?”/¡SI POR FAVOR! aunque dudo que @username pueda ir al cielo.		]]></document>
	<document><![CDATA[Un pequeño desestres (@username Fitness Express) http://t.co/II6sNYHiOk		]]></document>
	<document><![CDATA[Cafecito pre-junta. ¡Buen día señores! (@username Garabatos) http://t.co/NRXoUY257G		]]></document>
	<document><![CDATA[Cerrado reforma a la altura del ángel. Cc @username http://t.co/293fdVz7Pq		]]></document>
	<document><![CDATA[Hora de relajarse (@username Fitness Express) http://t.co/CclCrwmX8j		]]></document>
	<document><![CDATA[Estar a media rutina en el GYM y que te llegue un aroma de brownies no debe ser algo bueno. ???? #SufroComoGordaEnDieta.		]]></document>
	<document><![CDATA[“@username: Olvide decirte que te quiero y puedes con esto y más ok @username ??”//¡ÁNIMO!		]]></document>
	<document><![CDATA[Cada día que paso sin ti es un tormento...

¡Te extraño NFL! ='(		]]></document>
	<document><![CDATA[@username ¿cómo es posible que en el funeral del Comandante Chávez te quedes dormido? Fuiste a poner en evidencia la mediocridad del poder en MX.		]]></document>
	<document><![CDATA[Mientras @username se queda dormido en el funeral de Chávez, dejando una pésima imagen de Mx, @username twitea esto. http://t.co/qvk9ZCIWV2		]]></document>
	<document><![CDATA[Oye @username en cine canal está por comenzar Capitán América. 

#PorSiOcupas.		]]></document>
	<document><![CDATA[La verdad es que X-MEN primera generación está muy por debajo del nivel de las tres anteriores.		]]></document>
	<document><![CDATA["No hay nada que más haga encabronar a una vieja, que estar esperando a que un cabrón se decida"

#SabiasPalabras #Tony #XY		]]></document>
	<document><![CDATA[¿Que les he hecho yo a los de este restaurante como para que le pongan tocino a mi sopa de setas?		]]></document>
	<document><![CDATA[@username te compadezco, yo aquí bancandome a los panboleros #Casual ????		]]></document>
	<document><![CDATA[Memo para mi. 
Salir a comer tarde los días de partido. 
Así se acaba cuando voy a media ensalada.		]]></document>
	<document><![CDATA[A poco más de un día para que comience el @username.
¿Ya están listos? 
¿Están emocionados? 
Yo SI!		]]></document>
	<document><![CDATA[@username jajaja
Tengo sentimientos encontrados. 
Pero si, no extrañare las manos de mantequilla nadita. 
¿Cómo vez el draft?		]]></document>
	<document><![CDATA[“@username: El nuevo Papa, tan cerca de Maradona y tan lejos de Mafalda.”// #PricelessTweet		]]></document>
	<document><![CDATA[Benedicto fue parte de la SS 
Francisco I colaboró con la dictadura argentina de los 70's.

Estos católicos son si saben escoger líderes ????		]]></document>
	<document><![CDATA[Mírenla, mire, mire, mire, mírenla
Ciro y Los Persas  
(no se porque una se identifica) http://t.co/4fMhfxq0O8 vía @username		]]></document>
	<document><![CDATA[Conociendo el nuevo lugar del rumbo. (at Fogonazo Florida - @username) http://t.co/wZNitvVufu		]]></document>
	<document><![CDATA[@username excelente, 
Seguro volvemos 
¿No tienen plan de cliente frecuente?		]]></document>
	<document><![CDATA[Esa sensación crujiente al comer la primera cucharada del cereal. 
#Priceless 

#TwiteandoPendejadas.		]]></document>
	<document><![CDATA[Mmm...

El lagoteo barato del barista vs el desayuno barato y con jamón de la agencia.		]]></document>
	<document><![CDATA[Típico que vienes al vive con @username y haces carita pide paro para entrar al estacionamiento.		]]></document>
	<document><![CDATA[????????te di mi corazón y lo perdiste, te lastimaste cuando me mentiste????????

????????????????????????????????????????????????

Los D E C A D E N T E S. 

¡Toáame pero sha ché!		]]></document>
	<document><![CDATA[@username ahí también están transmitiendo el vive?		]]></document>
	<document><![CDATA[@username ahí en radio Pacussich!		]]></document>
</author>