<?xml version="1.0" encoding="UTF-8" standalone="no"?><author id="user89">
	<document><![CDATA[@username Si ya te llegó disculpa. Es una nueva colección de #Fundar q inauguramos ayer: http://t.co/AqlOnw0DHn / #OtrosReferentes #Arraigo		]]></document>
	<document><![CDATA[RT "@username: ¿Vives sol@username? Sal a caminar pensando: "¡Nos amamos! ¡Nos estamos buscando! ¡Nos encontraremos!"		]]></document>
	<document><![CDATA[@username te la acabo de reenviar desde mi cuenta. Bonito dia.		]]></document>
	<document><![CDATA[Se vale circular: ¿Y la CNDH apá? // 
http://t.co/GHc0GY7VrE @username		]]></document>
	<document><![CDATA[@username Anduve todo el día de reuniones y recién me entero de tu cumpleaños: F E L I C I D A D E S!!!		]]></document>
	<document><![CDATA["@username: Lindo día queridxs!!! Beso @username @username @username @username" // besos		]]></document>
	<document><![CDATA[No se lo pueden perder:
Una vez más, la #CNDH nos falló a todos
http://t.co/Vre1wXd8c1		]]></document>
	<document><![CDATA[El titular de la #CNDH declaró durante su comparecencia ante el Senado "revisaré las legislaciones y presentaré acciones de ser necesario"		]]></document>
	<document><![CDATA[El 2 de junio venció el plazo p/impugnar la Ley anti marvhas en #QuintanaRoo q restringe el derecho a la protesta y la libertad de expresión		]]></document>
	<document><![CDATA[Una vez más #LaCNDHnosfalló // 
¿Y la CNDH apá? http://t.co/GHc0GY7VrE vía @username		]]></document>
	<document><![CDATA[Con futbol, critican a #CNDH por ley antiprotesta http://t.co/mYtiFc5lcU vía @username		]]></document>
	<document><![CDATA[Mi palabra del día: #Fundamentadamente		]]></document>
	<document><![CDATA[Si te preguntas ¿de qué tipo de retrocesos en los DDHH estamos hablamos cuando decimos que #LaCNDHnosfalló / Lee:
http://t.co/tAARM6Nmzf		]]></document>
	<document><![CDATA[http://t.co/RYY5g35VbO // me compartes el link cuando la tengas @username		]]></document>
	<document><![CDATA[A dormir para madrugar mañana		]]></document>
	<document><![CDATA[@username mi buen chava. Si no fuera por la @username nunca te encontraba en esta jungla. Estas en la Uia o en la Perrreira?		]]></document>
	<document><![CDATA[@username @username el de los burgueses *diría la tía* / otro famoso SJ / pero sa gusto roparse asi de pronto a la bansa. Suerte!!		]]></document>
	<document><![CDATA[@username ya estate *se acomoda en la almohada*		]]></document>
	<document><![CDATA[@username @username @username @username buen dia! Echando café.		]]></document>
	<document><![CDATA[La larga historia de la lucha de los pacientes de VIH por el Pabellón 13:
http://t.co/CyKbgkJpo5		]]></document>
	<document><![CDATA[Pues a datle con todo que se nos acabó otra semana!		]]></document>
	<document><![CDATA[@username @username Cómo te fue en la ibero laguna??		]]></document>
	<document><![CDATA[Y por que no.... perdimos *otra vez		]]></document>
	<document><![CDATA[@username y si. Nuestra triste historia.		]]></document>
	<document><![CDATA[@username eres un ñoño *para hacer platica mañana jajaja		]]></document>
	<document><![CDATA[@username no sé we... *algún día.  El que sea que decidas salir del depto a socializar.		]]></document>
	<document><![CDATA[¿Y la @username apá? | @username en @username  http://t.co/GHc0GY7VrE #Plumaje"		]]></document>
	<document><![CDATA[Buenos días banda!! Besos matutinos @username @username @username y a @username mucha energía p/que termine pronto el cap. 3		]]></document>
	<document><![CDATA[Hoy es #DiadelaLibertaddeExpresion y las leyes en #QuintanaRoo, #chiapas, #Puebla y el #DF nos quieren limitar ese derecho		]]></document>
	<document><![CDATA[También un beso matutino para @username #Dontstartyourdaycomplaining		]]></document>
	<document><![CDATA[Al rato me voy a lanzar a #Xochimilco por unas plantas / #porsialguiengustair		]]></document>
	<document><![CDATA["@username: Día de la Libertad de Expresión..¿celebramos? ¿lloramos? ¿gritamos? ¿callamos?.." / Qué tal si #Protestamos y nos #Manifestamos		]]></document>
	<document><![CDATA[Buen dia!!		]]></document>
	<document><![CDATA[Mañana nublada y fría.  Perfecta para estar en casa y leer! http://t.co/WcOVE1FcfL		]]></document>
	<document><![CDATA[@username al intentar llenar.. los campos desaparecen. chécalo!		]]></document>
	<document><![CDATA[No acabooooo....... *cómo vas @username ?		]]></document>
	<document><![CDATA[RT @username: "No acabooooo....... *cómo vas Pal?” / ahí la llevo... Apenas llegando / `(+o+)´  <---- carita llorando!!		]]></document>
	<document><![CDATA[@username @username Los haremos parte del acervo de la red si cooperan **Pienso en alguien para transcribir entrevistas** #ñaca-ñaca		]]></document>
	<document><![CDATA[Buenos dias!  A darle con alegría.		]]></document>
	<document><![CDATA[@username mi bro anda x ahi también! dile #quenolesaque y que me traiga una playera de palestina *cc @username		]]></document>
	<document><![CDATA[ánimos tuiteros @username		]]></document>
	<document><![CDATA[Ya vieron @username @username @username
"Se amparan contra ley que regula marchas en Quintana Roo
 http://t.co/XOuuc6Jij2"		]]></document>
	<document><![CDATA[@username @username @username que tal estuvo el evento? Mucho éxito! !!		]]></document>
	<document><![CDATA[Ando re-ma-drea-do / y no es de hoy.		]]></document>
	<document><![CDATA[Me do gusto saber que todo salió bien en #10JunioMX		]]></document>
	<document><![CDATA[@username  ni te dije. El sábado lo llenamos finalmente. Las cuatro últimas fueron un martirio.  Gracias!!!!		]]></document>
	<document><![CDATA[Un día como hoy de 2011 se incorporan los derechos humanos al texto Constitucional en México #ReformaDdHh #Art.1		]]></document>
	<document><![CDATA[Un útil recurso si quieres conocer un poco más de la reforma en Derechos Humanos: 
http://t.co/UUbJ40yV4M		]]></document>
	<document><![CDATA[Sólo ideas... @username // jajajaja // abrazos tuiteros hasta la franja de gaza http://t.co/Ghefnkzlo6		]]></document>
	<document><![CDATA[¿Quieres saber cómo es el proceso de designación o reelección del Ombudsman en la #CNDH? @username @username http://t.co/wPwlSOpDbi		]]></document>
	<document><![CDATA[No permitamos que nos pase en #internet lo mismo que en la TV // 
#DemocracyNotFoundMx
https://t.co/Ki7rOaL9MU / De @username		]]></document>
	<document><![CDATA[No permitamos que nos pase en #internet lo mismo que en la TV // https://t.co/dE3MxaX0aR // de @username		]]></document>
	<document><![CDATA[No permitamos que nos pase en #internet lo mismo que en la TV // https://t.co/FGUTYJ0DLx // De @username		]]></document>
	<document><![CDATA[Otra vez la ciudad se llena de arcoiris!		]]></document>
	<document><![CDATA[Sobre el Artículo 1 de la Constitucion: Nuevo paradigma de Derechos Humanos // 
http://t.co/UML4pg3So7		]]></document>
	<document><![CDATA[Por miedo? al cuerpo humano? ---> #Facebook cerró la página de @username x fotos de exposición #ElHombreAlDesnudo http://t.co/gBA72CjcsM		]]></document>
	<document><![CDATA[Me llegaron los saludos @username @username / ;) #bechosmundialistas		]]></document>
	<document><![CDATA[Miren @username @username Pa hacer arqueología de datos s/ Fut /jugadores plataforma p/comparar selecciones http://t.co/iWKOvpKUpP		]]></document>
	<document><![CDATA[@username En Yucatán también... http://t.co/GKjUKoQ3Cq		]]></document>
	<document><![CDATA[@username y si sólo es corte???		]]></document>
	<document><![CDATA[Estoy de vacaciones ... #Mevalemadres #Nolospelo		]]></document>
	<document><![CDATA[@username jajaja te tomó dos tuits *saludos banda* / Gracias!!		]]></document>
	<document><![CDATA[@username @username jajaj me acabo de enterar que anduvieron por acá.  Yo jeton.  Jajja		]]></document>
	<document><![CDATA[@username @username ya no me despedi!  Me estoy despertando. Besos! !		]]></document>
	<document><![CDATA[@username  ya en casa! Gracias x todo.		]]></document>
	<document><![CDATA[@username @username Tiene un extraño apego por los #Followback de farmacias y comercios de servicios		]]></document>
	<document><![CDATA[@username @username el famosísimo #Willis		]]></document>
	<document><![CDATA[@username y pensar que cual siglo xv, le cancelaron la pagina del FB a @username por contenido *inapropiado		]]></document>
	<document><![CDATA[@username @username tranquis. Aca echando un #carajillo en casa con unos colegas		]]></document>
	<document><![CDATA[Inicia la jornada de trabajo-vacacional! #NiPedo #Adarle		]]></document>
	<document><![CDATA[Mira @username ---->  implementación de Licencia de Paternidad para trabajadores del @username		]]></document>
	<document><![CDATA[Un día muy productivo: boletin, entrega de cuadernillo, transcripcion de entrevistas y conferencia con #flacso		]]></document>
	<document><![CDATA[Que buen partido!!!		]]></document>
	<document><![CDATA[@username yo ando en la misma. Dime a ver si no lo tengo yo y te digo el mio jajajaja		]]></document>
	<document><![CDATA[@username @username @username @username @username @username y eso?		]]></document>
	<document><![CDATA[Y así suena esta noche de #PreOctavos // Neon Trees 
https://t.co/d6slV9uyhJ		]]></document>
	<document><![CDATA[@username Nope. En el senado también. *Oye, voy a Camotitlán el jueves		]]></document>
	<document><![CDATA[@username No he comprado mi boleto. Voy por la mañana y regreso x la tarde. Me toca a la 1.15 participación. Te busco?		]]></document>
	<document><![CDATA[Me siento extrañamente en #Trento escuchando a @username // sólo que ahí no tenían NADA qué hacer ni gastaban dinero público		]]></document>
	<document><![CDATA[@username @username @username @username @username @username Besos a las 5 (+1)		]]></document>
	<document><![CDATA[Validez y eficacia... un dilema para los sistemas normativos? Descúbrelo en @username http://t.co/8MYZqbs9Qu		]]></document>
	<document><![CDATA[@username @username @username No presenta #AccionDeInconstitucionalidad p/ leyes que flagrantemente vulneran derecho a la protesta		]]></document>
	<document><![CDATA[Acá mas de la #CNDH //
http://t.co/InyALcpgN6 // cc. @username		]]></document>
	<document><![CDATA[@username Por dios (pagano), qué no recuerdan su posición en el debate de llevar los derechos sexuales a consulta pública???		]]></document>
	<document><![CDATA[De verdad qué albúm el de @username // #FF
https://t.co/shu8udD4Pr		]]></document>
	<document><![CDATA[Buen día raza!		]]></document>
	<document><![CDATA[@username Hay que entrar a *Configuración + *Aplicaciones + *Revocar permiso // ;)		]]></document>
	<document><![CDATA[Siempre hay algo #pendejísimo que tiene que desinflarnos los ánimos mundialistas // un penal, un chiflido, una mentada // pero siempre.....		]]></document>
	<document><![CDATA[Bienvenida!!!!		]]></document>
	<document><![CDATA[Buena la asistencia a la presentacion del Informe sobre #Protesta en la UAP		]]></document>
	<document><![CDATA[Con la novedad de que Uruguay eliminó a uno de mis favoritos. Que me queda? Irle a ka selección? ?		]]></document>
	<document><![CDATA[Llegando! Gracias por la #lasagna de huitlacoche y la increíble compañía @username *ánimos		]]></document>
	<document><![CDATA[@username yo opté por el metro. Casi por llegar a casa a #StaFe		]]></document>
	<document><![CDATA[Buen día!!!		]]></document>
	<document><![CDATA[@username Hoy es la noche 
#Gatsby		]]></document>
	<document><![CDATA[Por cierto. Tuve una noche de sueños de lo más bizarros / qué loca se pone la cabeza cuando uno anda en drogas		]]></document>
	<document><![CDATA[@username lindo dia!  Ayer comi con @username y te mentamos *cariñosamente		]]></document>
	<document><![CDATA[@username cuando empiezas campamento CIDE?		]]></document>
	<document><![CDATA[@username muchas felicidades!		]]></document>
	<document><![CDATA[Aca la nota: @username del foro de ayer: @username @username 
10 http://t.co/qTWKrphI0N		]]></document>
</author>