<?xml version="1.0" encoding="UTF-8" standalone="no"?><author id="user307">
	<document><![CDATA[Nicki Minaj entendió el "menos es más" justo al revés. Pero todo bien.		]]></document>
	<document><![CDATA[Hola @username, no seguís a nadie en twitter para no dar pistas de quiénes son los malos ¿verdad? Ok, shhhh....		]]></document>
	<document><![CDATA[Facebook me sugiere al = tiempo páginas de búsqueda de empleo y marisqueríasVIP... Los veo desorientados...		]]></document>
	<document><![CDATA[@username ¿Lo dices por el momento piscina con Bieber? Ese en que el pobre niño pone cara de "no me dejéis solo con ella..."		]]></document>
	<document><![CDATA[@username Ah,bueno.. pues nada. Venga, hasta luego....		]]></document>
	<document><![CDATA[La policía registra la casa en París de la directora del FMI, Christine Lagarde: http://t.co/4ziTesiw9R vía @username		]]></document>
	<document><![CDATA[¿Aceptamos ya a Alonso como piloto mediocre? ¿Y ahora? ¿Y ahora?		]]></document>
	<document><![CDATA[Pan y circo... El Barça copa el 60% de las ayudas de la Agencia Catalana de Consumo  http://t.co/MpF3I9S0Gm vía @username		]]></document>
	<document><![CDATA[Han dejado pocas opciones más. El #Escrache es solo una parte de lo que merecen.		]]></document>
	<document><![CDATA[Pff... Cifuentes afirma que la PAH ha manifestado su apoyo al entorno de ETA  http://t.co/DwXe4mwikW vía @username		]]></document>
	<document><![CDATA[Cómo tiene que estar el panorama para que Corea del Norte amenace con armas nucleares a EEUU y nos de así como un poco igual...		]]></document>
	<document><![CDATA[Es q sin patillas no puedes amenazar con destruir un pais sin dar un poco de risa.		]]></document>
	<document><![CDATA[Creo necesario hacer una peli sobre la vida de Jesus y otras historias de la Biblia pq no se han hecho suficientes versiones sobre el tema.		]]></document>
	<document><![CDATA["SER historia" sábados a las 04:00 y "Muchachada Nui" domingos a las 9:00. Sip, aquí cuidamos la calidad. #MarcaEspaña		]]></document>
	<document><![CDATA[El primer anuncio que habló de optimismo ante la crisis molaba. El decimonoveno, ya cansa.		]]></document>
	<document><![CDATA[@username Y las promos no son promos, son spoilers en toda regla. Han resumido media temporada en 3 anuncios.		]]></document>
	<document><![CDATA[Este tipo promete. "@username: Maduro aparece con un sombrero de paja con un pajarito en un acto de campaña http://t.co/yhYcAVRu8z"		]]></document>
	<document><![CDATA[Analistas económicos muy listos que, ahora q todo ha salido mal, cobran por decir que habría que haberlo hecho diferente... ¿!NO ME DIGAS?!		]]></document>
	<document><![CDATA[Me he enamorado http://t.co/ubpGDN4Q6S		]]></document>
	<document><![CDATA[@username Adoro Salvados, pero espero q el d las farmacéuticas no sea un ejemplo de vuestro rigor habitual. Sería decepcionante.		]]></document>
	<document><![CDATA[@username ¿Ha comenzado con la III República a lo grande?		]]></document>
	<document><![CDATA[Hay q ser cínica... Báñez llama “movilidad exterior” a la fuga masiva de jóvenes del país  http://t.co/DZ98mdIHyJ vía @username		]]></document>
	<document><![CDATA[Ainx... Cuándo podremos cantar "The bitch is dead" aquí...		]]></document>
	<document><![CDATA[Las bitches pueden tener barba y/o bigote ¿no?		]]></document>
	<document><![CDATA[@username @username Yo he leído "el bastón" de oro y me lo estaba imaginando de alcalde...		]]></document>
	<document><![CDATA[Ostras!! Me sigue el @username!!!		]]></document>
	<document><![CDATA[Oye @username, q todo es en broma eh!		]]></document>
	<document><![CDATA[“@username: esquirees - Actualidad - El drama humano del WhatsApp http://t.co/wqDToUmiRP vía @username” Ese gran misterio...		]]></document>
	<document><![CDATA[¿Diferencias entre mechas californianas y raices de rubia de bote de 3 meses sin arreglar? #espregunta		]]></document>
	<document><![CDATA[Júpiter recuerda a una imagen de Melancholia imposible de olvidar.		]]></document>
	<document><![CDATA[Estamos a ESTO de llamar Coca Cola a tu hijo a cambio de que le paguen la merienda hasta los 18.  http://t.co/p5ayx74J6E		]]></document>
	<document><![CDATA[@username @username @username Hasta ahora eran de la SuperPop. ¡Qué rápido crecen!		]]></document>
	<document><![CDATA[Cuenta la leyenda q hubo un futbolista q una vez no comenzó una respuesta con un "sí, bueno, ¿no?". Escalofriante.		]]></document>
	<document><![CDATA[????Gracias, creo. http://t.co/rX3Fs7d9FZ		]]></document>
	<document><![CDATA[OU YEA!! Grecia amenaza con cobrar a Berlín daños de guerra por la invasión nazi  http://t.co/5VpN90Xhgi vía @username		]]></document>
	<document><![CDATA[Que seas feo por fuera no significa q seas bello por dentro. #sí,soyunaborde #voyairalinfierno #ymeencontrarécongentemásmajaqueyo		]]></document>
	<document><![CDATA[Y dos de cada dos españoles.  http://t.co/YYjgAzqzJ2		]]></document>
	<document><![CDATA[El video es genial pero no tiene nada que ver con el títular...  http://t.co/bHkIjObvjm vía @username		]]></document>
	<document><![CDATA[Au! Ves a dormir...La delegada del Govern a Catalunya: "És important que hi hagi 'pijos' i rics" http://t.co/nyzAGW614f vía @username		]]></document>
	<document><![CDATA[@username Nop, mientras no t quite tiempo para escribir...		]]></document>
	<document><![CDATA["No querían entrar pero les obligaron" http://t.co/XUdxg5unjg vía @username		]]></document>
	<document><![CDATA[¡Cómo saben lo q nos importa! @username http://t.co/azUE9cZcti		]]></document>
	<document><![CDATA[@username Deberían aprender de @username, que tiene de líder al pibón Marhuenda...		]]></document>
	<document><![CDATA[¿Empleo recomendado? Sr. Linkdn : ¿Qué parte de "soy médico" no entiende? http://t.co/eWOKV80aNM		]]></document>
	<document><![CDATA[A los 65 hay un repunte del ego XD Las preocupaciones de cada edad, según Dr. Google http://t.co/oMjfBHBwYH		]]></document>
	<document><![CDATA[@username JUAS! Eso es AMOR!!		]]></document>
	<document><![CDATA[Creo que no van a dejar de reponer Matilde en La1 hasta q la vea.		]]></document>
	<document><![CDATA[@username @username ¿La gente aún no sabe q los d izquierdas se alimentan del aire o qué? Comer es de fachas de toda la vida.		]]></document>
	<document><![CDATA[Yo ahí veo parejas cómplices y unidas. http://t.co/n6EgKtDGK1 vía @username		]]></document>
	<document><![CDATA[Si un adulto suelta en una cola un "¡te has colado!", visto desde fuera es ridículo, pero es que si estás dentro, ¡¡da mucha rabia, JO!!		]]></document>
	<document><![CDATA[Y conste q no m ha pasado a mi. 
Vale, si. 
Ayer se m colaron a mi -> hoy m he colado yo -> he vivido la histeria ridícula dl adulto -> FIN		]]></document>
	<document><![CDATA[@username La mía no da 2 besos de despedida, da 1 bolsa llena de mandarinas.		]]></document>
	<document><![CDATA[Parece q Batman se ha visto obligado a salir a la luz x un aparcamiento torpón. Pq no hay otra explicación a esa horterada de coche, no MAR?		]]></document>
	<document><![CDATA[@username @username Yo soy culé y creo q también...		]]></document>
	<document><![CDATA[La evolución natural d las señoras q meten prisa al perro para hacer pis son las señoras que riñen al cajero automático por ser complicado.		]]></document>
	<document><![CDATA[¿Puedo denunciar a IKEA por causarme una epicondilitis al montar una mesa suya? ¿O pueden denunciarme ellos por floja?		]]></document>
	<document><![CDATA[He comenzado a leer el libro "El sari rojo" http://t.co/IJvwEpQ0gQ		]]></document>
	<document><![CDATA[Dos monstruos juntos http://t.co/oGYkfPgU8p vía @username		]]></document>
	<document><![CDATA[¡¡Hora y media de manicura!! La Europa de 2 velocidades me ha dado hoy una leche con la mano abierta...		]]></document>
	<document><![CDATA[¿De qué narices se ríe? http://t.co/lMk9SIJ7IL vía @username		]]></document>
	<document><![CDATA[Mi nuevo superpoder es llegar siempre sólo un poquito demasiado tarde.
¿Cuenta?		]]></document>
	<document><![CDATA[Si l'Espanyol nos da una liga yo mañana soy capaz de dar un beso a un perico #queestoymuyloca		]]></document>
	<document><![CDATA[A mi esta mujer me fascina. Angelina Jolie se somete a una doble mastectomía  http://t.co/w501ZhnGnW vía @username		]]></document>
	<document><![CDATA[España va a ser un maravilloso erial de ciencia y cultura #marcaespana		]]></document>
	<document><![CDATA[Me acabo de inventar el concepto ALMAFRODITA. Y si ya existía no cuenta pq YO no lo había oído. Voy a pensar bien qué significa.		]]></document>
	<document><![CDATA[Hoy empiezo una serie buena n TV prime time. 
Calculo q veré unos 3 capítuls antes d q la pasen a las 02:00 y en tandas de 3 caps #optimismo		]]></document>
	<document><![CDATA[Paulina Rubio es tonta #facts		]]></document>
	<document><![CDATA[España expulsa al talento  http://t.co/0QNZ8ELPjT vía @username		]]></document>
	<document><![CDATA[Los 7 pecados de la banca que nos han traído hasta aquí http://t.co/z9zV8Rkt8x #pecatsbancaris		]]></document>
	<document><![CDATA[Hay colectivos "profesionales" q me decepcionan a los 30 igual que lo hicieron a los 16 #segundasoportunidades #ytercerasSical		]]></document>
	<document><![CDATA[¿Alguna emergencia? http://t.co/LLKq8VWqpm		]]></document>
	<document><![CDATA[Deberían ofertar + becas d investigación d esas en las q uno de los requisitos para pedirlas es tener un contrato ESTABLE. OLE VOSOTROS.		]]></document>
	<document><![CDATA[Aznar, si quieres salvar España, coge ya los gayumbos, la capa y el mono azul. Sabemos que eres SuperLopez #nosepuedesertantonto		]]></document>
	<document><![CDATA[Feliz día del orgullo friki ???? http://t.co/rvoEuT8ngt		]]></document>
	<document><![CDATA[Definición de calma http://t.co/qtcGk2oZUl		]]></document>
	<document><![CDATA[¿Se pueden defender los derechos sindicales si te pasas desayucomiendo 3 de las 8h q cobras? ¿Sin reir? ¿Y los gamusinos qué tal? ¿Hermosos?		]]></document>
	<document><![CDATA[“@username: La crisis nos va a matá http://t.co/DKOjoniM8S”¿Alguna duda?		]]></document>
	<document><![CDATA[La escritura del CM de @username es propia de tener #dedosmorcilla o las uñas recién pintadas. Y o se hace la manicura cada 12h o...		]]></document>
	<document><![CDATA[Caxis... Para un día q SÍ quiero hacer huevos revueltos va y me sale una tortilla...		]]></document>
	<document><![CDATA[Si Urdangarín sale del armario a lo Priscilla, yo se lo perdono TO-DO. Necesitamos relajarnos.		]]></document>
	<document><![CDATA[@username ¿Necesitaban rezar?		]]></document>
	<document><![CDATA[Vale q lo de ser médico no es un trabajo, q es una profesión y tal. Pero lo de cobrar el tiempo q le echas, pues se agradece, la verdad.		]]></document>
	<document><![CDATA[@username Pero... ¿de pequeño te quería, o lo fingía al menos? ¿O ha sido siempre así?		]]></document>
	<document><![CDATA[Deseo y psique http://t.co/OCbqX0ZKP3		]]></document>
	<document><![CDATA[A veces estoy taaan orgullosa de mi tierra. Los Príncipes, abucheados en el Liceo de Barcelona  http://t.co/JATJmLQk5H vía @username		]]></document>
	<document><![CDATA[Si vale, todo está fatal y yo no m entero de nada. Pero en 15 días vuelve True Blood y  eso no m lo quita nadie #ADSLsaveM		]]></document>
	<document><![CDATA[@username Nuria sta llegando a Madrid y no se acuerda cómo ha pasado de la cama al AVE...		]]></document>
	<document><![CDATA[¿Se inventan lo del Lapao pero llaman Catalán a la cosa esa q se habla en la megafonía del AVE Barcelona-Madrid?		]]></document>
	<document><![CDATA[Como sigas pronunciando la L así te vas a ganar un esguince de lengua #AVEexperiece		]]></document>
	<document><![CDATA[Y rematando...???????? Entre la precariedad y la emigración http://t.co/2C84wel0Bj vía @username		]]></document>
	<document><![CDATA[Acabo de escuchar a posta una canción de Mariah Carey #KillmeTruck		]]></document>
	<document><![CDATA[No me lo voy a tomar mal pero... http://t.co/HesHJ7m0Sh		]]></document>
	<document><![CDATA[@username A mí un abuelo q llevaba ingresado 3 semanas me dijo q YO no tenía vida pq trabajaba demasiado...		]]></document>
	<document><![CDATA[Vivancos, desayunad fibra... #GrimaSupreme		]]></document>
	<document><![CDATA[@username Hay quien tiene lavavajillas SÓLO para los coladores. #SoyMaruja		]]></document>
	<document><![CDATA[Yo sólo quería bailar pero... Literatura e intertextualidad en Pet Shop Boys http://t.co/XEsshrMCKc vía @username		]]></document>
	<document><![CDATA[@username ¿Te la han comprado en ikea o qué?		]]></document>
	<document><![CDATA[Después de ver la boda roja, q te manguen el móvil no parece tan terrible... Mal de muchos, un poco si consuela.		]]></document>
	<document><![CDATA[Y aquí no pasa nada. El ‘número 2’ de la sanidad catalana contrata con firmas que representa  http://t.co/GPMVnRkHuZ vía @username		]]></document>
	<document><![CDATA[Hola @username ¿ls 13 sms el vierns a ls 03:00 es pq estabais borrachs y os acordasteis d mí o pq la gallina se durmió sobre el botón?   		]]></document>
</author>