<?xml version="1.0" encoding="UTF-8" standalone="no"?><author id="user1010">
	<document><![CDATA[@username @username gracias chaparra hermosa ? teamo :D		]]></document>
	<document><![CDATA[@username no soy compradora compulsiva :( lo que pasa es que casi no compró u.u jaja teamo amor<3 buenos dias :*		]]></document>
	<document><![CDATA[El viernes nace mi hermanoo o/		]]></document>
	<document><![CDATA[Que emoción ajsjsjaus *.*		]]></document>
	<document><![CDATA[@username sólo se que en el seguro no!		]]></document>
	<document><![CDATA[Odio con todo mi ser a las arañas y cucarachas iuuck		]]></document>
	<document><![CDATA[Mi bebe me hizo señales de luz :3		]]></document>
	<document><![CDATA[@username Si, estoy emocionada, *.* awws		]]></document>
	<document><![CDATA[El viernes creo que no ire a la uni		]]></document>
	<document><![CDATA[Dios pqe me hiciste tan responsable jajaja		]]></document>
	<document><![CDATA[Lo bueno que entro a las 10		]]></document>
	<document><![CDATA[Amo con todo mi ser alma espíritu y cuerpo, estar contigo<3 @username		]]></document>
	<document><![CDATA[@username a la que padrisimo haha suertudo		]]></document>
	<document><![CDATA[@username sera agotador.pero bonito :3 sera como mi hijo jaja x3		]]></document>
	<document><![CDATA[Odio despedirme de ti :( @username grachias x todo bbe jiji teamo muchisimo!!!		]]></document>
	<document><![CDATA[Le hice señitas de luz a mi bebe :D<3		]]></document>
	<document><![CDATA[Y en 6 hrs nace mi hmnito :3		]]></document>
	<document><![CDATA[@username gracias.monse :3		]]></document>
	<document><![CDATA[@username. Gracias :3		]]></document>
	<document><![CDATA[@username teamo precioso <3		]]></document>
	<document><![CDATA[@username obvio :3 y gracias ivansito :D		]]></document>
	<document><![CDATA[@username gracias :)		]]></document>
	<document><![CDATA[@username gracias :3		]]></document>
	<document><![CDATA[@username gracias hermosa -*.*		]]></document>
	<document><![CDATA[Listo pofin acabe la limpieza de toda la casa o/		]]></document>
	<document><![CDATA[Ahora esta super limpio para que mi hermanito pueda estar aqui :D		]]></document>
	<document><![CDATA[@username gracias gorda! Yo tmbn <3		]]></document>
	<document><![CDATA[@username graciaaaaaaaas gordi :3 te extraño :( yo tmbn mucho o/		]]></document>
	<document><![CDATA[Ya quiero que vengan a la casa :(		]]></document>
	<document><![CDATA[Extraño a mi mamá :'(		]]></document>
	<document><![CDATA[@username gracias hayde :D obvio si lo mega super cuidare jaja :D		]]></document>
	<document><![CDATA[@username pequeño cacheton y muuuy hermoso *.*		]]></document>
	<document><![CDATA[Haz llenado de mil emociones mi alma y mi ser ?		]]></document>
	<document><![CDATA[@username aleee muchas gracias hermosa ?:3		]]></document>
	<document><![CDATA[@username gracias oskar :3 igualmente:*		]]></document>
	<document><![CDATA[Gracias por estar conmigo en todo momento! ? teamo mucho @username		]]></document>
	<document><![CDATA[@username siempre ? muy muy felices :3		]]></document>
	<document><![CDATA[Solo tengo una sonrisa y espero una de vuelta!		]]></document>
	<document><![CDATA[Yo soy la vida que ya tengo tu eres la vida que me falta ?		]]></document>
	<document><![CDATA[@username yo también ?		]]></document>
	<document><![CDATA[Teamo celostino :3 ? @username mañana te dan tu pin o/		]]></document>
	<document><![CDATA[@username pero nadie como tu :3		]]></document>
	<document><![CDATA[@username te extraño :'(		]]></document>
	<document><![CDATA[@username re bien gracias a dios ?		]]></document>
	<document><![CDATA[@username hoooy te lo dan miamor! o/ buenos dias :') ? teamo!		]]></document>
	<document><![CDATA[@username pqe lo dices?		]]></document>
	<document><![CDATA[@username eres lo 1ero que pienso cuando me despierto jiji ?teamooo!!		]]></document>
	<document><![CDATA[@username @username mejor consigan trbajo ? haha		]]></document>
	<document><![CDATA[@username animo may :) escucha mejor reggaeton jajaja ok no!! Ojala estes bn ?		]]></document>
	<document><![CDATA[@username @username yo los morados ?		]]></document>
	<document><![CDATA[@username @username disfrutarlo cuando este contigo :D		]]></document>
	<document><![CDATA[Amo escuchar tu voz por la mañana lo juro! @username ya quiero verte :'( teamo<3		]]></document>
	<document><![CDATA[@username ya quiero que sea sabado? 25 meses :D		]]></document>
	<document><![CDATA[@username iras a ver a daniel hoy? :D		]]></document>
	<document><![CDATA[Odio esperar y mas si es con el doctor :(		]]></document>
	<document><![CDATA[@username 25 meses y los que faltan bbe<3 teamo demasiado		]]></document>
	<document><![CDATA[Hoy es 9 <3		]]></document>
	<document><![CDATA[@username gracias hermosa :3 nosotros a ti!!		]]></document>
	<document><![CDATA[@username cual?		]]></document>
	<document><![CDATA[Fue como romeo y julieta en el balcón *.* @username		]]></document>
	<document><![CDATA[Semana de exámenes, animo :)		]]></document>
	<document><![CDATA[Su correo es rmaganao@username.edu.mx @username envíale tus ilustraciones YA		]]></document>
	<document><![CDATA[@username teamo precioso<4		]]></document>
	<document><![CDATA[@username edes el mejor ya chabias?		]]></document>
	<document><![CDATA[@username @username ojala bebe si Diosito quiere :) para toda la vida<3		]]></document>
	<document><![CDATA[3er San Valentín juntos ? @username teamo!!!		]]></document>
	<document><![CDATA[Quiero dormir :(		]]></document>
	<document><![CDATA[@username que horror -.- jaja		]]></document>
	<document><![CDATA[Hoy definitivamente no estoy de humor		]]></document>
	<document><![CDATA[@username muere :(		]]></document>
	<document><![CDATA[Lo de siempre.		]]></document>
	<document><![CDATA[@username & es mas el amor que te tengo que todas las tempestades y es por eso que nada ni nadie me separará de ti ? teamo!		]]></document>
	<document><![CDATA[@username el amor es lo que siento por ti ?		]]></document>
	<document><![CDATA[Te odio tarea, señor pqe me haces tan responsable porqueeeeeeee jajaja		]]></document>
	<document><![CDATA[¡Buenos días! Teamo ? @username		]]></document>
	<document><![CDATA[Y te extraño :( @username		]]></document>
	<document><![CDATA[Cólicos :'(		]]></document>
	<document><![CDATA[Odio los cólicos con todo mi ser :(		]]></document>
	<document><![CDATA[Que lindo es kevin Jonas con su esposa *.*		]]></document>
	<document><![CDATA[@username ñiiii :3 buenos dias bebe teamo mucho!!!! ?		]]></document>
	<document><![CDATA[Cuando llegue a la casa se lo doy :') ?		]]></document>
	<document><![CDATA[Aunque nuestra vida sea muy humilde, lo que tenemos hay que compartir!		]]></document>
	<document><![CDATA[De lunes a viernes estudio diseño gráfico y los fines de semana ing. en electrónica y comunicaciones o/ ?		]]></document>
	<document><![CDATA[@username @username gracias aznar :'):*		]]></document>
	<document><![CDATA[Ya veeñ te extraño :( @username		]]></document>
	<document><![CDATA[Alguien me stalkea porque me ama <3 @username		]]></document>
	<document><![CDATA[@username tengo entendido que si!		]]></document>
	<document><![CDATA[@username creo que YO si te menciono ...		]]></document>
	<document><![CDATA[@username holi, yo también byee		]]></document>
	<document><![CDATA[@username sin importar distancia ni situación yo tambien lo estare ?		]]></document>
	<document><![CDATA[@username lo mejor de empezar la semana, es amandote un poquito mas ?		]]></document>
	<document><![CDATA[@username a veces una sola palabra lo dice todo bebe, teamo ? mejor dimelo cuando me veas :3		]]></document>
	<document><![CDATA[Odio pasar a lado de los trailers :(		]]></document>
	<document><![CDATA[@username buenos días señorita ?		]]></document>
	<document><![CDATA[Suerte hoy en tu examen @username teamo mejor amiga del universo ?		]]></document>
	<document><![CDATA[Dios hoy salgo hasta las 7 :(		]]></document>
	<document><![CDATA[@username jajajaja amo platicars contigo!!		]]></document>
	<document><![CDATA[Si algo odio es que no me contesten		]]></document>
	<document><![CDATA[Estaaaaaaaaaaaaaaaaaaaaa @username Top Tracks for Michael Bublé (lista de reproducción): http://t.co/OzPWrxjNd1 vía @username		]]></document>
	<document><![CDATA[@username drogandome con canciones<3		]]></document>
</author>