<?xml version="1.0" encoding="UTF-8" standalone="no"?><author id="user516">
	<document><![CDATA[qué dura está siendo la vuelta al cole! RT Seth's Blog: Why wait? http://t.co/2iRwcj1E		]]></document>
	<document><![CDATA[para los atrapados en un atasco 8 horas de música sobre el tiempo, las horas y los relojes, a raíz del cambio de hora  http://bit.ly/d7Hmrz		]]></document>
	<document><![CDATA[I favorited a @username video http://t.co/PNvhxuwS Algo Contigo - Andrés Calamaro		]]></document>
	<document><![CDATA[un  gran día para todos: ETA abandona la lucha armada http://t.co/k0e4h9Xa vía @username		]]></document>
	<document><![CDATA[Cada vez más fan de iPad		]]></document>
	<document><![CDATA[Vergonzoso. Vueling te cobra por el asiento después de haber pagado el billete. Un atraco sin posible escapatoria.		]]></document>
	<document><![CDATA[Falta 18 horas, 2 minutos y 10 segundos. Unete a la orquesta más grande del mundo. http://t.co/poB5dtb6		]]></document>
	<document><![CDATA[Que las campañas electorales no sirven para enterarse de nada lo demuestra la necesidad de iniciativas como  http://t.co/xdtrIcrB		]]></document>
	<document><![CDATA[alternativas en tiempos de crisis #microfinanciamos en la calle: http://t.co/5woDWGR5 vía @username		]]></document>
	<document><![CDATA[He apoyado la petición Casilla de apoyo a la Ciencia en la Declaración de la Renta 0,7% - http://t.co/yOoHm4ly		]]></document>
	<document><![CDATA[un poco de humor mañanero. Nace Sarkojoy: "Viernes es viernes" http://t.co/8MCW9IVe vía @username		]]></document>
	<document><![CDATA[Saliendo de la UOC. Gran previsión de temas interesantes para 2012.		]]></document>
	<document><![CDATA[Mercadona ganó un 19% más en 2011 tras crear 6.500 empleos  http://t.co/NEG42vOx vía @username		]]></document>
	<document><![CDATA[¡VERGÜENZA! Matas no ingresará en prisión porque el fiscal rechaza pedirlo  http://t.co/KqWOXFvJ vía @username		]]></document>
	<document><![CDATA[Fantástico análisis. La política de la intimidación punitiva  http://t.co/rxB7RGWs vía @username		]]></document>
	<document><![CDATA[Reír por no llorar http://t.co/GNG4hP5Z		]]></document>
	<document><![CDATA[Por qué Europa sigue a un país con la tradición de hundirla? "La obsesión de Merkel por el déficit puede hundir España" http://t.co/nHgVUKvz		]]></document>
	<document><![CDATA[He donado mi perfil para decirte todo lo que se ha logrado contigo en la lucha contra la pobreza #ytusinenterarte. http://t.co/J7eADvUv		]]></document>
	<document><![CDATA[Entre todos hemos conseguido que el 89% de las personas tengan acceso a agua potable #ytusinenterarte Cuéntalo http://t.co/2w2snft6		]]></document>
	<document><![CDATA[Mira que formar parte de la mayor campaña de vacunación del mundo contra el sarampión #ytusinenterarte Cuéntalo http://t.co/2w2snft6		]]></document>
	<document><![CDATA[Entre todos hemos conseguido reducir la mortalidad infantil en 4 millones al año #ytusinenterarte Haz que se sepa en http://t.co/2w2snft6		]]></document>
	<document><![CDATA[Mira que conseguir que el 99% de los niños vayan al colegio en Tanzania #ytusinenterarte http://t.co/2w2snft6		]]></document>
	<document><![CDATA[En 10 años hemos conseguido que la tasa mundial de pobreza se reduzca del 46 al 27% #ytusinenterarte Haz que se sepa en http://t.co/2w2snft6		]]></document>
	<document><![CDATA[Hemos logrado que el 50% de las regiones en desarrollo tengan acceso a la telefonía móvil en 2009 #ytusinenterarte http://t.co/2w2snft6		]]></document>
	<document><![CDATA[Egipto ha superado la meta de los ODM para reducir la mortalidad infantil #ytusinenterarte Haz que se sepa en http://t.co/2w2snft6		]]></document>
	<document><![CDATA[E_    V_ E_ I_ _    _ E   _ _ _ E_ E_ _ S   _ _ S   _ E   70... #vuelingwords http://t.co/mzcTtfxE		]]></document>
	<document><![CDATA[¡He acertado la frase de #vuelingwords para conseguir un vuelo gratis! Intentalo tú también en http://t.co/mzcTtfxE		]]></document>
	<document><![CDATA[Sencilla explicacion del Boston de Higgs para profanos. Solo en francés. http://t.co/4dAx7Uep		]]></document>
	<document><![CDATA[Alquilo piso 2 habitaciones reformado, amueblado en Poble Sec 750 € - Metro L2 y L3 - Visita virtual http://t.co/HYjqDG6C - María 600423005		]]></document>
	<document><![CDATA[Y no desisitir en el intento ;)) @username		]]></document>
	<document><![CDATA[@username con ganas de pasarme por el local Gracias!!		]]></document>
	<document><![CDATA[Zoomintro y Adelphi firman un acuerdo de social media research en salud. #esalud #salud20 #socialmedia http://t.co/3bfX6xfg		]]></document>
	<document><![CDATA[No hay más sordo que el no quiere oir  #ilpesdemocracia Gran anális de @username http://t.co/bbC7p7Dp		]]></document>
	<document><![CDATA[RT @username Inhibiendo la democracia http://t.co/QZdYRo7T		]]></document>
	<document><![CDATA[RT @username: Los 10 mejores #Coworking de la Silicon Valley Europea vía @username http://t.co/zv7IO7Vj		]]></document>
	<document><![CDATA[RT @username: Ada Colau (PAH): "Ahora queda lo más importante: que no se pervierta la iniciativa": http://t.co/Pk6RfbLh Hay que...		]]></document>
	<document><![CDATA[RT @username: Aquella gent que pensa que Dolce&Gabbana és una marca amb estil. A veure, és la marca favorita dels narcos i dels...		]]></document>
	<document><![CDATA[Saliendo de @username con las pilas a tope. Gracias nerea, @username @username y todos los demás!  #coworking #donostia		]]></document>
	<document><![CDATA[RT @username: Twitter permitirá mostrar sólo los tweets más relevantes  http://t.co/9ioaZYjQ vía @username		]]></document>
	<document><![CDATA[RT @username: "En esta empresa no creemos en las redes sociales"  #socialmedia #esalud http://t.co/e4Ed2tya		]]></document>
	<document><![CDATA[RT @username: "En esta empresa no creemos en las redes sociales" #socialmedia #esalud http://t.co/luZ5JbkJ		]]></document>
	<document><![CDATA[RT @username: Nuevo post: Contra el paro: reparto del trabajo, reparto del salario http://t.co/nz9fk2aQis		]]></document>
	<document><![CDATA[@username lo mismo digo!!!		]]></document>
	<document><![CDATA["En esta empresa somos limitados" pero que muy limitados  #humana, #falible, #limitada, #hartadetantotuitbanal  http://t.co/KjCdgTKCUe		]]></document>
	<document><![CDATA[Diana Krall, Pharoah Sanders, Dave Douglas, Steve Swallow. Festival Jazz Donosti 24-28 julio. Día 8 venta entradas http://t.co/tFBFU9Fack		]]></document>
	<document><![CDATA["En esta empresa somos limitados" pero que muy limitados. Nuevo post.  #humana, #falible, #limitada, #hartadetantotuitbanal...		]]></document>
	<document><![CDATA[Sanidad lanza el proyecto de RD que regulará la farmacia 'online'  vía @username http://t.co/l0SBeK9LtC		]]></document>
	<document><![CDATA[RT @username: Google programa un ciclo de charlas sobre arte con expertos de grandes museos, mediante hangout http://t.co/dokglH1ypv		]]></document>
	<document><![CDATA[#p2pwikisprint ya estamos mapeando desde Donostia		]]></document>
	<document><![CDATA[Mesa debate sobre crowdfunding en EVEV7 de Euskal Valley!! http://t.co/2QLHL3p9yI		]]></document>
	<document><![CDATA[#EVEV7 #crowdsourcing en #tecnun #donostia despegando!		]]></document>
	<document><![CDATA[No me interesan los números, me interesan las tendencias @username #socialmedia		]]></document>
	<document><![CDATA[Socialbro interesante herramienta para análisis de perfiles y comportamiento en Twitter #RRPPON @username		]]></document>
	<document><![CDATA[El uso de redes sociales en el sector farma: dpto. de marketing vs dpto. legal? http://t.co/kMWxp2dBPl #socialmedia #esalud #salud20		]]></document>
	<document><![CDATA[Util y de sentido común. Presentación de @username slideshare http://t.co/CqR3k5VRB3 #RRPPON		]]></document>
	<document><![CDATA[Reir por no llorar Pi-Pas: http://t.co/r7GvS9D7WP gracias a @username		]]></document>
	<document><![CDATA[El perfil de los pacientes ha cambiado y la escucha activa en redes será clave para las empresa del sector salud http://t.co/xFKfCOTQE1		]]></document>
	<document><![CDATA[El perfil de los pacientes ha cambiado, la escucha activa en redes será clave para el sector salud #salud20 #escuchactiva...		]]></document>
	<document><![CDATA[El perfil de los pacientes ha cambiado, la escucha activa en redes será clave para el sector salud #salud20 #escuchactiva...		]]></document>
	<document><![CDATA[Quina pena no ser-hi avui a Barcelona, la millor festa del món! Por los libros: superación, cultura y  esperanza #diadellibro #santjordi...		]]></document>
	<document><![CDATA[Beauty drinks: Coca-Cola se introduce en el sector farmacéutico de la mano de Sanofi http://t.co/3zGVTXP4Vi #cosociety #health #pharma		]]></document>
	<document><![CDATA[Deplorable cinismo: Pornografía ideológica http://t.co/v1RnkByGAH vía @username		]]></document>
	<document><![CDATA["Errores médicos afectan 160k pacientes USA al año" y muchos son por negligencias en la cadena de comunicación via @username...		]]></document>
	<document><![CDATA[Gran artículo de Alex Navas http://t.co/WUjeYjSRp7 "La crisis que atraviesa España es sobre todo una crisis moral" #crisis		]]></document>
	<document><![CDATA[Contra el culto al ego y perdiendo miedo al fracaso. Todavía hay esperanza  http://t.co/UoKYuOBl9X via @username		]]></document>
	<document><![CDATA[Toma nota! Manifiesto crowd: la empresa y la inteligencia de las multitudes, de Juan Freire y Antoní Gutiérrez-Rubí, #manifiestocrowd...		]]></document>
	<document><![CDATA[pobreza y producción de azúcar, dos mapas que se superponen http://t.co/L34CvTSbQN  #comerciojusto via @username		]]></document>
	<document><![CDATA[La App de @username premiada en EEUU, entre las 16 mejores del mundo http://t.co/q6Vl2cZjlB via @username		]]></document>
	<document><![CDATA["Cada joven es un objetivo de las corporaciones". Junot Díaz, Fantástica entrevista http://t.co/QKCNnJh77n vía @username		]]></document>
	<document><![CDATA[¿Cómo participa un laboratorio farmacéutico en medios sociales? @username http://t.co/aQynoe04al vía @username #salud20 #hcsmeus		]]></document>
	<document><![CDATA[Transparencia y más transparencia es la ley de oro RT @username Caso Pepephone: Convertir un error en oportunidad http://t.co/UpRmED8YMb		]]></document>
	<document><![CDATA[Estamos en una guerra económica via @username Mil días de sacrificios contra la voluntad ciudadana por presión de UE http://t.co/2BSmi9Dbtq		]]></document>
	<document><![CDATA[Las opciones de Farmaindustria en el “mercado de las relaciones” http://t.co/QFGZscp2wZ #crowdfunding #salud20 #hcsmeues		]]></document>
	<document><![CDATA["¡no habrá economía del conocimiento sin estructura industrial que la soporte!" @username CATALUNYA INNOVADORA http://t.co/Y68Qxjqzot		]]></document>
	<document><![CDATA[Las opciones de Farmaindustria en el “mercado de las relaciones” http://t.co/QFGZscp2wZ #crowdfunding #salud20 #hcsmeues		]]></document>
	<document><![CDATA[Este viernes en @username #OuiShareDrinks: quieres conocer proyectos colaborativos y saber qué se coció en París? Empezamos a las 18h!!		]]></document>
	<document><![CDATA[Enhorabuena Anna Argemí, @username, ha nacido un blog coral sobre consumo responsable en El País http://t.co/w1DXkLr7Ne		]]></document>
	<document><![CDATA[IMPRESENTABLE, VERGONZOSO, SIN PALABRAS El mejor físico europeo joven se queda sin beca en España  http://t.co/0taCldlvWW vía @username		]]></document>
	<document><![CDATA[El viernes fue fantástico compartir en @username #Ouisharedonostia con tanta buena gente http://t.co/6ff4XdsTJQ #economiacolaborativa		]]></document>
	<document><![CDATA[Alternativas colaborativas para no quedarse en el inmovilismo http://t.co/fdlRlosyRF vía @username		]]></document>
	<document><![CDATA[Tengo ganas de llorar: Una científica despedida en un ERE en Valencia ha participado en la clonación http://t.co/tOXkknD7X2 vía @username		]]></document>
	<document><![CDATA[@username necesito contactar con vosotros para propuesta. Mail? Esk Asko		]]></document>
	<document><![CDATA[RT @username: Oye @username ¿habéis pensado ya en ir ampliando el espacio? #NoCabemosYa		]]></document>
	<document><![CDATA[Éxito total! @username sold-out!! En una tarde todas las entradas vendida. ¡¡Yo voy!! http://t.co/3ZNWdbvKiW		]]></document>
	<document><![CDATA[Guía muy útil para utilizar LinkedIn Groups vía @username http://t.co/CIFI7i47Jt		]]></document>
	<document><![CDATA["Si cree que la educación es cara, pruebe con la ignorancia" Derek Bok, President of Harvard University 71-91 Ante la fuga de cerebros...		]]></document>
	<document><![CDATA[#aznarvuelve corrupción+ladrillo es parte de su legado, ¡será cínico!: “Nunca he eludido mi responsabilidad”  http://t.co/dc08jwGKKa		]]></document>
	<document><![CDATA[Tal cual lo describe @username , cuántas empresas viven hoy esta dinámica letal: La dictadura de los controllers, http://t.co/iagMhNrqlE		]]></document>
	<document><![CDATA[10 años sin Miguel Gil, cuando los mejores se van dejan un hueco imposible de cubrir via @username http://t.co/VyZvrmvOob		]]></document>
	<document><![CDATA[Guárdamed una!!! RT @username: Chulísimo regalo de Nerea de @username #CwSC http://t.co/A11HZ6mcSc		]]></document>
	<document><![CDATA[Contra la crisis de pensamiento, subscríbete a @username , @username @username @username @username @username...		]]></document>
	<document><![CDATA[Tenemos un nuevo premio en la oficina! #salud20 #aimfa #esclerosismultiple    http://t.co/LrsJZYYmLs		]]></document>
	<document><![CDATA[Curso recomendable de #crowdfunding de los amigos de @username via el gran @username :)) http://t.co/BT8NH8FpTY		]]></document>
	<document><![CDATA[People have the power RT @username: ¿Te has planteado alguna vez apadrinar un vino? #empresassociales http://t.co/IEEU9wrC7c		]]></document>
	<document><![CDATA["Hacia una sociedad P2P" con Michel Bauwens 11/6 Donosti y 12/6 Bilbo organiza @username + @username http://t.co/oGFLEyBmfU		]]></document>
	<document><![CDATA[Tenemos un nuevo premio en la oficina! @username #salud20 #aimfa #esclerosismultiple http://t.co/LrsJZYYmLs		]]></document>
	<document><![CDATA[Cómo innovar para sensibilizar con la esclerosis e involucrar figuras públicas y bloggers especializados. Enhorabuena! @username #salud20		]]></document>
	<document><![CDATA[Tenemos un nuevo premio en la oficina! @username #salud20 #aimfa #esclerosismultiple http://t.co/LrsJZYYmLs		]]></document>
	<document><![CDATA[Sólo a los #clientesinteligentes se les puede dar auténtico valor, los demás están paralizados por su inseguridad y matan la creatividad		]]></document>
	<document><![CDATA[Cómo hacer un plan de contenidos en redes sociales por @username http://t.co/vcZQaviCRY		]]></document>
</author>