<?xml version="1.0" encoding="UTF-8" standalone="no"?><author id="user399">
	<document><![CDATA[@username @username culpan a los cortes por las "pocas luces" en tn		]]></document>
	<document><![CDATA[@username @username @username @username muy seria tu respuesta, bien de la opo.. "que nos gobierne cualquiera" jajaja		]]></document>
	<document><![CDATA[@username TN com Dr. Hubris a la cabeza hablando de antidemocracia ahora!		]]></document>
	<document><![CDATA[@username pobrecitos, se creen q es como el 8 de browb se adrogue. No saben q aca es con la pelotita estos mala leche		]]></document>
	<document><![CDATA[#AlRojoMeLoC.. Como sigue?		]]></document>
	<document><![CDATA[No me dejan de hacer reír los capítulos viejos de #TheITCrowd		]]></document>
	<document><![CDATA[Con que noticia nos desinformará #TN mientras #HablaLaJefa ?		]]></document>
	<document><![CDATA[Próxima frase gorila ''tienen 24 años toda la vida para cobrar el Progresar'' xD		]]></document>
	<document><![CDATA[@username claro, los pobres no se esfuerzan. vaaaamos!		]]></document>
	<document><![CDATA[@username @username no, pero el Estado tiene el deber de proveer el bienestar general, le guste a quien le guste. Además. (Sigue)		]]></document>
	<document><![CDATA[@username @username antes no se esforzaba nadie? nadie merecía nada en los 90? nos olvidamos de eso ya.. :-/		]]></document>
	<document><![CDATA[@username @username es el mismo "regalito" que nos dan a los que tenemos servicios subsidiados, univ pública, etc ;)		]]></document>
	<document><![CDATA[@username @username ok. vos ves un regalo, yo no. Listo.		]]></document>
	<document><![CDATA[@username @username sin duda. Yo no quiero volver a los 90		]]></document>
	<document><![CDATA[@username @username después nadie se anota en el ProCreAr, nadie estudia en la univ. pública, no se quejan de la quita de subisios. -.-		]]></document>
	<document><![CDATA[que shegua esta  @username le da guita a los pibes para que estudien #PROGRESAR		]]></document>
	<document><![CDATA[@username @username no iba dirigido a vos tampoco, pero leí mucho de eso por ahí dando vueltas, cosas fuleras..		]]></document>
	<document><![CDATA[@username anzuelo? :-P		]]></document>
	<document><![CDATA[@username doña doble d xD		]]></document>
	<document><![CDATA[Fue bueno mientras duró, fin de vacaciones y a emprender la vuelta a Cba...		]]></document>
	<document><![CDATA[Me da mas fiaca aún laburar desde casa, que caminar hasta la ofi (lo cual no hice :-/) #Procrastination		]]></document>
	<document><![CDATA[Actualizando todas las series u.u		]]></document>
	<document><![CDATA[Nunca me había arrepentido de no levantarme 3 horas antes.. #OverDream		]]></document>
	<document><![CDATA[#Utopia la rompe.. Serie altamente recomendada..		]]></document>
	<document><![CDATA[@username @username @username con retraso pero feliz día académicos! ojalá hoy nos dé una alegría!		]]></document>
	<document><![CDATA[@username con esa nariz, es obvio quien fue -.-		]]></document>
	<document><![CDATA[Bajando la S02 de #House y la S01 de #TrueDetective Hay que estar preparado u.u		]]></document>
	<document><![CDATA[Jorgito #Larrata le pego a CFK por su esguince en el tobillo.. Que bajito han caido @username		]]></document>
	<document><![CDATA[@username jajaja, ya son varios que me están p*teando por eso xD		]]></document>
	<document><![CDATA[@username o para cuando si, pero no tenés ganas :-P		]]></document>
	<document><![CDATA[#Racing111AnosDePasion y una gran imagen http://t.co/TiYDjNhjVW		]]></document>
	<document><![CDATA[#Racing111AnosDePasion y otra foto http://t.co/dz4hbpb4sQ		]]></document>
	<document><![CDATA[@username y que te parece! No es para menos, es un grande el Cholo! Ojala gane todo..		]]></document>
	<document><![CDATA[Que flojito @username  para hacer el aguante y tomar fernet		]]></document>
	<document><![CDATA[@username ahi se ve quien toma y quien no.. Vos siempre con el vaso vacio		]]></document>
	<document><![CDATA[@username espero tú llamada :)		]]></document>
	<document><![CDATA[Gracias por volver, Morel! #BojoBobo		]]></document>
	<document><![CDATA[@username @username no no, si es a Cristina vale, órdenes directas de Don Héctor		]]></document>
	<document><![CDATA[@username @username claaaaaaaaaro, cualquiera que se meta con el monopolio lo tiene merecido :P		]]></document>
	<document><![CDATA[@username @username según Dr. @username no		]]></document>
	<document><![CDATA[@username @username ''todos lo que digas será usado en tu contra, incluso el sarcasmo será ignorado''		]]></document>
	<document><![CDATA[@username @username @username quién es el que tiene seguidores retrógrados ahora?		]]></document>
	<document><![CDATA[@username @username @username tenés razón, los presidentes tienen que ser hombres heterosexuales. Y mano dura!		]]></document>
	<document><![CDATA[@username si!!! y respondí mal una muy boluda! perdí mi oportunidad :'(		]]></document>
	<document><![CDATA[@username que mala gente jaja		]]></document>
	<document><![CDATA[@username palo y a la bolsa! xD no tengo mas vidas por 24mins #Preguntados		]]></document>
	<document><![CDATA[@username @username falta q salten con q @username dijo lo de la ''sensación'' o con algún otro ''tema'' de moda		]]></document>
	<document><![CDATA[@username yo te pediría esto https://t.co/PaLt00dKxa		]]></document>
	<document><![CDATA[@username increible, Videla tiene chapa de ídolo.. ojalá no se olviden los otros 10 de que se juega así		]]></document>
	<document><![CDATA[@username @username Pelle-Videla, que me decís de ese doble 5?		]]></document>
	<document><![CDATA[@username @username jaja.. che pato, sos vos el de la foto? estás igual! jajaja		]]></document>
	<document><![CDATA[@username te falto yabran y menem.. ah no..ese no se murio todavia :/		]]></document>
	<document><![CDATA[@username @username el rulo aprovecho la volteada para tocarnos joako.. ojo!! xD		]]></document>
	<document><![CDATA[@username @username es culpa del rulo q me la deja picando (no vale explotar esta frase para hacer chistes :)		]]></document>
	<document><![CDATA[@username @username @username es cualquier cosa!! el rulo salto y desvirtuo todo!! :D		]]></document>
	<document><![CDATA[@username debe ser eso, @username no se queria quedar afuera, se lo mandamos a @username que le gustan estas cosas xD		]]></document>
	<document><![CDATA[es la primera vez que despues de escalar, me duelen las piernas.. estare aprendiendo o sera casualidad? xD		]]></document>
	<document><![CDATA[@username no, para eso esta el ascensor xD una palestra, desde hace un tiempo ja..		]]></document>
	<document><![CDATA[@username @username el rulo se obsesiono conmigo.. voy a tener cuidado xD		]]></document>
	<document><![CDATA[@username estoy en la 01 xD.. pero buena serie..		]]></document>
	<document><![CDATA[@username @username nombrarlo es como romper 50 espejos juntos..les acompaño el sentimiento (igual ayer hice el mismo chiste xD )		]]></document>
	<document><![CDATA[la pagina de ticketek esta un poco saturada, y yo no tengo mi entrada para la #copaamerica todavia :/		]]></document>
	<document><![CDATA[@username estamos hasta las manos.. las compramos con la tarjeta de un amigo, pero no podemos entrar.. y hay muy pocas :/		]]></document>
	<document><![CDATA[@username la verdad q si.. terrible banda ntvg, la estoy escuchando bastante :P todo bien juli, usted?		]]></document>
	<document><![CDATA[@username q tenga buenas noches entonces ;) q sueñe lindo..		]]></document>
	<document><![CDATA[sera posible? :(		]]></document>
	<document><![CDATA[no pasa nada en twitter.. #supernatural y a la cama #TwitterOff		]]></document>
	<document><![CDATA[@username no quedan mas entradas para Arg-Japon? :'(		]]></document>
	<document><![CDATA[@username si si, yo tmb estuve intentando anoche y nada.. y era obvio q se iban a agotar hoy :/ a intentar ver la final ahora je		]]></document>
	<document><![CDATA[@username viniendo de vos, la comida entra por donde deberia salir.. author: me xD		]]></document>
	<document><![CDATA[@username no se loop, vos sos el q sabe xD		]]></document>
	<document><![CDATA[@username es q me la dejas picando (como dije el otro dia, no vale hacer chiste con eso :D)		]]></document>
	<document><![CDATA[@username igual eso es bueno creo xD		]]></document>
	<document><![CDATA[cada vez q no me sale una demo, me acuerdo q podria estar trabajando, y eso me da fuerzas para seguir xD		]]></document>
	<document><![CDATA[@username @username conclusion.. estan re locas las dos! jajaja.. xD		]]></document>
	<document><![CDATA[confirmado, no se puede ser feliz si te quedaste sin entradas para #Arg-Japon		]]></document>
	<document><![CDATA[@username @username admitirlo es el primer paso (ese es el protocolo para hablarle a los locos? xD)		]]></document>
	<document><![CDATA[@username @username lo digo xq a mi me dicen eso siempre :/		]]></document>
	<document><![CDATA[@username @username gracias gracias muchachas ;)		]]></document>
	<document><![CDATA[@username me parece que @username no se recupera mas, no da ni el primer paso xD		]]></document>
	<document><![CDATA[@username esa la considero mala.. no recomendable..		]]></document>
	<document><![CDATA[@username deja de postear boludeces y respondeme por gmail xD		]]></document>
	<document><![CDATA[@username @username tenes razon Tucu! minimo un asado en la casa xD		]]></document>
	<document><![CDATA[@username @username @username se aceptan todas! familiy guy, los pitfos o la novela de las 4! xD		]]></document>
	<document><![CDATA[@username o el premio nobel de la paz, puede ser una mentira tambien #obama		]]></document>
	<document><![CDATA[ojala q gane #insituto.. me cansaron mis vecinos hinchas de #belgrano gritando goles de central :/		]]></document>
	<document><![CDATA[@username seee!! estaba por ir a la cancha a ver ese partido.. mira lo q me perdi :( jaja		]]></document>
	<document><![CDATA[@username @username estas dos chicas, me asustan xD		]]></document>
	<document><![CDATA[@username @username jajaja.. por que tengo que estar imaginando?? solo asustado xD		]]></document>
	<document><![CDATA[@username @username Juaaaaaaaaaaa!!! ves?? eso es xq tenes miedo de q te descubra jaja		]]></document>
	<document><![CDATA[@username @username esta bien.. no aclares que oscurece querida! jajja		]]></document>
	<document><![CDATA[@username @username me junto a comer con unos amigos y dps caere en algun bolichon de nueva cordoba jeje xD		]]></document>
	<document><![CDATA[@username @username mejor q la noche de anoche supongo q tiene q ser jaja		]]></document>
	<document><![CDATA[@username @username a las 12 estaba en la cama, mirando #supernatural.. muy triste para un viernes ja..		]]></document>
	<document><![CDATA[@username @username nooo... esa cervecita marco la diferencia jeje		]]></document>
	<document><![CDATA[@username juegan en contra.. como van a perder los dos? xD		]]></document>
	<document><![CDATA[@username @username sabor a poco.. buena definicion xD		]]></document>
	<document><![CDATA[@username jajaja.. ojala q gane #LaAcade.. no es x ser aguafiestas, pero tenemos que entrar a la copa..		]]></document>
	<document><![CDATA[@username que grande el pendejo!! xD		]]></document>
	<document><![CDATA[@username no sera la de #Arsenal ? xD		]]></document>
</author>