<?xml version="1.0" encoding="UTF-8" standalone="no"?><author id="user296">
	<document><![CDATA[#GustosDePobres limosnear regalos, bueno creo q eso ya brincó a nivel de miserables 
Jeje		]]></document>
	<document><![CDATA[¿Próximas nupcias? Linda madrina de cojines ofrece sus servicios, satisfacción garantizada.
Informes ahí    ||
                        V		]]></document>
	<document><![CDATA[Ya me levanté, al baño
Ahora regreso a mi camita calientita para seguir durmiendo... Por cierto, 
¡ya levántense! Jeje		]]></document>
	<document><![CDATA[Che chamaco OGT... q lo enjaulen encadenado y con un bozal #HeDicho		]]></document>
	<document><![CDATA[@username ¡tsssss! Y legalmente creo q es responsabilidad de los padres ¿no?		]]></document>
	<document><![CDATA[@username insisto en la jaula, qué triste q esto se generalice y q aun no sepamos qué hacer, controlar y erradicar este tipo de agresiones		]]></document>
	<document><![CDATA[#LaClaveEstá en q en realidad NO tenemos ninguna ????		]]></document>
	<document><![CDATA[@username mira cariño ????https://t.co/18d7sGoXZr		]]></document>
	<document><![CDATA[@username jajajajajajajaj lo haré si me vuelves a hablar como si yo fuera una señora ya mayorWAIT		]]></document>
	<document><![CDATA[Pues creo q es en el de hoy... Nocierrrrto, la verdad es q no tengo la menor idea de lo q hablan jajajajajajajaj
#Metichona		]]></document>
	<document><![CDATA[Toc Toc Carlitos @username 
Mi madeja de trapillo ya es algo:
Una Tote bag 
y me gustó el resultado ???? http://t.co/aOb37AX26Z		]]></document>
	<document><![CDATA[#NoSoporto q TODOS los lunes negreen a mi nieto. Creo q lo heredaré en vida para q dejen de explotarNO!... QUE SE CHINGUE ????		]]></document>
	<document><![CDATA[Los conoces, los sigues, te conocen, te siguen, te aburren, los aburres, te dejan de seguir, los dejas de seguir, se mueren y ... Te ríes		]]></document>
	<document><![CDATA[Q no pase del susto ????		]]></document>
	<document><![CDATA[#SoyTanCursiQue Ya ni me hablan porque se dieron cuenta ????		]]></document>
	<document><![CDATA[¿Qué hacer cuando ya se te cayeron las nalgas y te da hueva hacer ejercicio? 
Un buen principio: no andarlas exhibiendo... Digo		]]></document>
	<document><![CDATA[@username dime q fue a propósito ????		]]></document>
	<document><![CDATA[@username mentarle su madre a la tristeza con una gran carcajada ????		]]></document>
	<document><![CDATA[... De niña me rogaban para q comiera ahora me ruegan para q lo deje de hacer #DobleMoral		]]></document>
	<document><![CDATA[@username Te faltó el Ba y una hache		]]></document>
	<document><![CDATA[Con esos tuits estoy segura q "alguien" ya se puso "firmes"		]]></document>
	<document><![CDATA[@username la neta, sí. ¿Creerás q de niña hasta me vitaminaron?... ¡No se vale!		]]></document>
	<document><![CDATA[@username @username sicierrrto, por cierto ¿todavía venden tortas de chilaquiles afuera de tu chamba? Te encargo 4 plisito		]]></document>
	<document><![CDATA[@username @username nada más me hacen sufrir...		]]></document>
	<document><![CDATA[Ya quita tu ridículo candado		]]></document>
	<document><![CDATA[No puedo comer carne de cerdo		]]></document>
	<document><![CDATA[Pues le quedan re buenos los perros a @username		]]></document>
	<document><![CDATA[@username Y es tan talentosa en la cocina q puede haber q sepan a borrego, cerdo, pollo o salmón...  eh, @username		]]></document>
	<document><![CDATA[@username Jajajaja ¿son sextuiteras?
 ¿O de qué estamos hablando?		]]></document>
	<document><![CDATA[@username uy, entonces ha de ser por envidia. Jajajajajajaja		]]></document>
	<document><![CDATA[@username jeje me gustó mucho y más porque no seguí instrucciones sólo la saqué de una foto ????		]]></document>
	<document><![CDATA[@username es q era para mi		]]></document>
	<document><![CDATA[¿A poco y se enamoró?
... Inusuales tuits		]]></document>
	<document><![CDATA[Angelito de mi guarda... Mñe http://t.co/reIszWRva0		]]></document>
	<document><![CDATA[Ese triste momento en q te das cuenta q eres una persona adulta y hay q cumplir con ciertos trámites (a tus 51 años)		]]></document>
	<document><![CDATA[Escuchando @username llorando de risa, un tipo intenta meterse y no lo dejo, se puso peor creyendo q mis carcajadas eran X eso... ¡Y sí!		]]></document>
	<document><![CDATA[Qué miedo dan esas horribles q se creen bonitas... ????		]]></document>
	<document><![CDATA[Y llenan con sus selfies q son faveadas por ciegos o "comprometidos" de mi TL		]]></document>
	<document><![CDATA[Hoy mi nieto comió "verdad"		]]></document>
	<document><![CDATA[... Y la anda escupiendo		]]></document>
	<document><![CDATA[#ElSueñoDeUnChilango no toparse con provincianos pendejos		]]></document>
	<document><![CDATA[@username yo creo q la loca psicópata era ella. Él, ¿por qué?		]]></document>
	<document><![CDATA[Yo, cuando tengo viaje a la vista http://t.co/mhsjH5N5lG		]]></document>
	<document><![CDATA[@username creo q no se había dado cuenta hasta el día q desapareció		]]></document>
	<document><![CDATA[@username tú prepara maleta con ropa por si llueve, por si hace sol, por si nos invita Obama a una cena de gala, por si nadamos, en fin...		]]></document>
	<document><![CDATA[¡Cómo se nota lo ociosa q ERA!		]]></document>
	<document><![CDATA[Hay caras q son baratas, como la mía porque no uso cremas ni maquillaje ¡ah, verdad!		]]></document>
	<document><![CDATA[#CuandoMeGustaAlguien ignórolo y al mismo tiempo le hago fiestas o otro para despistar... 
Nunca me ha fallado ????		]]></document>
	<document><![CDATA[Me dejaré crecer la barba		]]></document>
	<document><![CDATA[Al fin q sus rehenes son unos tupper's y unas servilletas de su lunch		]]></document>
	<document><![CDATA[“@username: Elefante bebé solo con un minuto de vida. hermoso!!! http://t.co/28RaqC9xty”
Ccp @username ¡sonríe!		]]></document>
	<document><![CDATA[Alguna vez morí de risa gracias al tuqueque y este HT  #FrasesDeUnaMadreMexicana
¡Gracias mil por ello!		]]></document>
	<document><![CDATA[#TodoBienHastaQue el trinche doctor tiene la brillante idea de subirte a la báscula ????		]]></document>
	<document><![CDATA[Como q el frío invita a cobijarse con unos tequilitas ¡Salud!		]]></document>
	<document><![CDATA[@username jajjajajaaa haciéndose el importante y sí		]]></document>
	<document><![CDATA[Anota: Un día mas sinmigo ¡qué triste, por ti!		]]></document>
	<document><![CDATA[Alguien mas dio en el clavo		]]></document>
	<document><![CDATA[Q el mono ese es subnormal,  #NoSeDiscute se acepta y ya		]]></document>
	<document><![CDATA[@username en presentación galones ????		]]></document>
	<document><![CDATA[@username lo podrían leer con un espejo ???? 
aunq no les interese ja		]]></document>
	<document><![CDATA[@username Inhala, retienes y exhala, retienes antes de volver a inhalar y repetir el proceso. No tomes decisiones estando ENOJADO		]]></document>
	<document><![CDATA[¿Te aplacas o te doy un estate en paz? #FrasesDeUnaMadreMexicana		]]></document>
	<document><![CDATA[@username muy como de telenovela ????		]]></document>
	<document><![CDATA[En momentos difíciles es obligatorio echar mano de ingenio y buen humor 
¡Miéntales su madre con una sonrisa!
"Manque" sea de Gardfield...		]]></document>
	<document><![CDATA[Situación sentimental: Tomando Mensifem		]]></document>
	<document><![CDATA[Situación sentimental: sopa de lentejas sin plátano macho y sin tocino... O sea 
UNA TRISTE SOPA DE LENTEJAS ????		]]></document>
	<document><![CDATA[Las nubes y yo
DISPERSAS		]]></document>
	<document><![CDATA[Yo creí q la única q tuiteaba feo era yo... NPM		]]></document>
	<document><![CDATA[Jajaja y será como los villancicos q se escuchan año tras año en la misma fecha ????		]]></document>
	<document><![CDATA[La enorme diferencia radica en lo q cada un@username anda buscando		]]></document>
	<document><![CDATA[Nunca fui revoltosa ¿o si y ya ni me acuerdo?		]]></document>
	<document><![CDATA[A este paso la única voz q escucharé será la mía ????
... Como debe ser		]]></document>
	<document><![CDATA[Pinches piezas q no son de tu rombecabezas pero q embonan perfecto		]]></document>
	<document><![CDATA[Me chiflan las lentejuelas, el chicle, los zapatos de teibolera y las medias de red ¡zas!
Me salva q no uso todo junto ¿verdad?		]]></document>
	<document><![CDATA[¿Cómo así?		]]></document>
	<document><![CDATA[Ese muñeco me recordó una película de Ann-Margret		]]></document>
	<document><![CDATA[@username ¿no era este muñeco el de "Magia"? ¿O eres muy joven para saberlo? Je		]]></document>
	<document><![CDATA[Igual y ya los cables se me cruzaron o "se me despegó el diurex" diría René		]]></document>
	<document><![CDATA[@username lo q recuerdo de la película era eso, un muñeco diabólico		]]></document>
	<document><![CDATA[Pero ya vi q no es el monito		]]></document>
	<document><![CDATA[¡Qué feo ha de ser buscarte en mis tuits y no encontrarte!		]]></document>
	<document><![CDATA[Y luego dicen q no soy buena haciendo predicciones, porque bruja sí creen q soy... Y de las buenas		]]></document>
	<document><![CDATA[Si digo q a mi nunca se me ha roto un cable de Apple igual y hoy empiezo, así q mejor me callo		]]></document>
	<document><![CDATA[¡Ches sábanas de 2500 millones de hilos! ¡Ya suéltenme!		]]></document>
	<document><![CDATA[La letra de Stockholm Syndrome la escribió el renegado ¡seguro!...		]]></document>
	<document><![CDATA[¿Cuánto necesitas NO quererte como para permitir q alguien mas te diga lo q tienes o no qué hacer?		]]></document>
	<document><![CDATA[@username fue un error de mi dedito, pero en la quincena te vuelvo a dar follow ¿va?		]]></document>
	<document><![CDATA[Eres más inútil q los acentos en el teclado de mi nieto		]]></document>
	<document><![CDATA[Tengo una risa de mi hermana atorada en el orgullo ????		]]></document>
	<document><![CDATA[Mis Criterios para dar block
Porque se me de la gana
Porque se me de la gana
Y Porque se me de la gana		]]></document>
	<document><![CDATA[Había un vez un pobre animalito q se creía muy bonito y no, porque era FEO de a madres... fin 
#Cuentuit		]]></document>
	<document><![CDATA[Poniendo tanto empeño en mi persona me hace sentir tremendamente halagada jajajajaja		]]></document>
	<document><![CDATA[No quisiera pero sus inseguridades me resultan harto divertidas		]]></document>
	<document><![CDATA[Entre el alcohol, el chamoy y tus mamadas mi hígado está hecho una piltrafa		]]></document>
	<document><![CDATA[Y yo tratando de manejar un bajo perfil ????		]]></document>
	<document><![CDATA[Al Chila
??? ? ???? ?????
(     Devuélvanle su          ) 
(      herencia               ?? 
???  ? ?  ?? ?
   O
 o
 ° 
????		]]></document>
	<document><![CDATA[¡Qué mala soy para hacer esto!		]]></document>
	<document><![CDATA[@username mejor q sea el primero		]]></document>
	<document><![CDATA[Oye @username ¿cómo para cuándo recordará usted su clave? Jajajaj (no tiene para cuándo)		]]></document>
	<document><![CDATA[@username yo, con la condición de q dejes en paz mi cajón de medicinas		]]></document>
</author>