<?xml version="1.0" encoding="UTF-8" standalone="no"?><author id="user911">
	<document><![CDATA["anticipan políticas monetarias  acomodaticias en mayor parte de las economías  avanzadas y en muchas emergentes por un periodo  prolongado"		]]></document>
	<document><![CDATA["la Reserva Federal tiene incentivos para  realizar un ajuste gradual y ordenado de sus tasas"		]]></document>
	<document><![CDATA["ya que episodios de volatilidad en los mercados  financieros podrían repercutir negativamente en la  recuperación de su economía"		]]></document>
	<document><![CDATA[Todos los miembros de la Junta aseveraron que  durante 1T 2014 la economía  mexicana continuó presentando el reducido ritmo  de crecimiento.		]]></document>
	<document><![CDATA["en marzo el IGAE presentó  una variación mensual desestacionalizada negativa,  en gran medida por un pobre desempeño de los  servicios"		]]></document>
	<document><![CDATA[Uno de los integrantes espera un fuerte  repunte cíclico del PIB en el segundo semestre.		]]></document>
	<document><![CDATA[La mayoría prevé que para 2014 el  crecimiento económico será menor al esperado  hace apenas un par de semanas.		]]></document>
	<document><![CDATA[Sorprendió que el aumento  del PIB de México en el primer trimestre fue menor  al esperado;		]]></document>
	<document><![CDATA[Sorprendio que la variación mensual del IGAE en  términos desestacionalizados en marzo fue  negativa		]]></document>
	<document><![CDATA[Sorprendió que la importante revisión a la baja de la  tasa de variación del PIB de Estados Unidos en el  primer trimestre de 2014		]]></document>
	<document><![CDATA[opinaron que  el proceso de aprobación de las reformas ha sido  más lento de lo esperado		]]></document>
	<document><![CDATA[algunos  señalaron que la brecha del producto se ha  ampliado y que se prevé que se ubique en terreno  negativo más allá de finales de 2015		]]></document>
	<document><![CDATA["la política  monetaria puede contribuir a un entorno de estabilidad para el crecimiento, pero no puede solucionar los riesgos"		]]></document>
	<document><![CDATA["el  grado de apertura de la economía mexicana  acrecienta el impacto potencial de los movimientos  de capitales"		]]></document>
	<document><![CDATA[La mayoría de los miembros (más no todos) arguyeron a favor de una reducción de 50 puntos  base en la tasa de interés de referencia.		]]></document>
	<document><![CDATA["un miembro consideró que la situación  económica descrita plantea una difícil disyuntiva  para el manejo de la política monetaria"		]]></document>
	<document><![CDATA[Un miembro opinó que "sería preferible no  modificar la tasa de interés de referencia en esta ocasión"		]]></document>
	<document><![CDATA["Otro miembro [también] elaboró sobre las razones por las que sostuvo una posición de mantener sin cambio la tasa de referencia".		]]></document>
	<document><![CDATA[Tres miembros votaron a favor de la disminución, aclarando que no serían recomendables  reducciones adicionales en el futuro previsible.		]]></document>
	<document><![CDATA[Dos miembros votaron por mantener sin cambio la tasa de referencia.		]]></document>
	<document><![CDATA[@username No es lo mismo la brecha del producto que un producto negativo.		]]></document>
	<document><![CDATA["en la  comunicación de octubre Banxico había  señalado que no serían recomendables  reducciones adicionales en la tasa de referencia"		]]></document>
	<document><![CDATA["una reducción en la tasa de referencia  podría afectar la credibilidad e introducir incertidumbre en los mercados"		]]></document>
	<document><![CDATA[Nos dice que "la reducción en la  tasa de referencia no sería el inicio de una serie de reducciones secuenciales en dicha tasa", pero...		]]></document>
	<document><![CDATA[...nos dijeron más o menos lo mismo en octubre. Entonces ¿les podemos creer?		]]></document>
	<document><![CDATA[Aunque reactivación económica y política monetaria más laxa respecto a EEUU no deja espacio para reducir la tasa en futuro  previsible.		]]></document>
	<document><![CDATA[La Encuesta Quincenal de Expectativas de Banamex reduce de nuevo su proyección de crecimiento para 2014 a 2.7% (de 2.8%).		]]></document>
	<document><![CDATA[La institución más optimista es CIBanco con 3.2% y la más pesimista es Monex con 1.9%.		]]></document>
	<document><![CDATA[Solo Barclays, Banamex y CIBanco ven el crecimiento en 3% o más. Curioso que sean tan optimistas después de leer minutas de Banxico.		]]></document>
	<document><![CDATA[En cambio, BBVA, Multiva, Santander, Itau, Prognosis, Vector, Signum, FInamex y Monex ven el crecimiento en 2.5% o menos.		]]></document>
	<document><![CDATA[Banorte ve un mundo perfecto para México en 2015: crecimiento en 5.0% e inflación en 3.0%.		]]></document>
	<document><![CDATA[La encuesta anticipa 0.09% de inflación para la 1Q de junio. Los extremos son Nomura (0.02%) y Banorte, Invex y Valmex (0.17%).		]]></document>
	<document><![CDATA[Solo tres instituciones (JPMorgan, Scotia y Vector) ven la inflación fin de 2014 por encima de 4.0%.		]]></document>
	<document><![CDATA[Todas ven la inflación subyacente al final de 2014 entre 3.0% y 3.65%, salvo Multiva, que la ve en 2.49%.		]]></document>
	<document><![CDATA[@username No es cierto, hubo muchos antes...		]]></document>
	<document><![CDATA[Se espera buen encuentro Inglaterra España. Será en el aeropuerto.		]]></document>
	<document><![CDATA[La tasa de desempleo del Distrito Federal llegó a 7.17% en mayo, la mas elevada de las entidades federativas del país.		]]></document>
	<document><![CDATA[La tasa nacional de desempleo ajustada por estacionalidad sube a 5.0% en mayo (4.9% en abril).		]]></document>
	<document><![CDATA[La tasa urbana de desempleo (más representativa del mercado laboral) sube a 5.88% en mayo (de 5.54% en mayo de 2013).		]]></document>
	<document><![CDATA[Las entidades con mayor desempleo son DF (7.17%), Tabasco (6.39%), Edo Mex (6.19%) y Durango (6.12%).		]]></document>
	<document><![CDATA[Las entidades con menor desempleo en mayo 2014 son Guerrero (1.83%), Yucatán (2.25%) y San Luis Potosí (2.93%).		]]></document>
	<document><![CDATA[@username Para nada. La TIL está correlacionada con pobreza, Es más elevado en estados más pobres y menos urbanos.		]]></document>
	<document><![CDATA[@username En México, entre más pobre es un estado, menor es su tasa de desempleo.		]]></document>
	<document><![CDATA[@username Entre más pobre y menos educado, menos desempleo, ya que no pueden darse el "lujo" de estar desempleado.		]]></document>
	<document><![CDATA[@username Te recomiendo capítulo cinco del libro Lo que Indican los Indicadores.		]]></document>
	<document><![CDATA[@username Muchas gracias.		]]></document>
	<document><![CDATA[El crecimiento ausente de México: http://t.co/ja3awpmKQL		]]></document>
	<document><![CDATA[@username No funciona la liga.		]]></document>
	<document><![CDATA[@username Gracias		]]></document>
	<document><![CDATA[Muy buena noticia: el IGAE de abril crece 1.25% respecto a marzo y 2.95% tasa anual corregido por efecto calendario.		]]></document>
	<document><![CDATA[Muy buena noticia: las actividades terciarias de abril crece 1.09% respecto a marzo y 3.12% tasa anual corregido por efecto calendario.		]]></document>
	<document><![CDATA[Se confirma buena noticia de actividades secundarias: abril crece 0.64% respecto a marzo y 2.55% tasa anual corregido por efecto calendario.		]]></document>
	<document><![CDATA[Era de esperarse, que hubiera efecto rebote después de la caída significativa de marzo.		]]></document>
	<document><![CDATA[La inflación de la 1Q de junio fue 0.08%. Aunque la tasa fue modesta, por base de comparación empuje inflación anual a 3.71%.		]]></document>
	<document><![CDATA[La expectativa de la inflación para la 1Q era 0.09%, por lo que el consenso se acercó bastante.		]]></document>
	<document><![CDATA[Las instituciones que le atinaron fueron Santander, Scotia, Signum y Thorne, que anticiparon correctamente una tas de 0.08% para 1Q junio.		]]></document>
	<document><![CDATA[Las instituciones que más fallaron fueron Banorte, Invex y Valmex, que pensaban que la inflación sería 0.17% en la 1Q.		]]></document>
	<document><![CDATA[Sigue creciendo la economía informal y las operaciones fuera del sistema financiera: la demanda por billetes y moneda creció 13.4% anual.		]]></document>
	<document><![CDATA[Ahora sí, @username menciona tasa anual corregido por efecto calendario. ¿Por qué no lo mencionaron el mes pasado? ¡Mañosos!		]]></document>
	<document><![CDATA[Buena gráfica de @username sobre los goles metidos y recibidos por los ganadores de la Copa Mundial: http://t.co/EEtV5xzI79		]]></document>
	<document><![CDATA[@username Muchas gracias		]]></document>
	<document><![CDATA[@username Creo que no me has leído suficiente. Saludos.		]]></document>
	<document><![CDATA[De los "top ten" del INEGI, el precio del jitomate fue el único genérico de agropecuarios que esta en la lista de los que aumentaron.		]]></document>
	<document><![CDATA[En cambio, 8 de 10 de los que más bajaron fueron agropecuarios: pollo, chile poblano, uva papaya limón, plátano, otros chiles y tomate verde		]]></document>
	<document><![CDATA[El precio de la cerveza fue de los que más aumentó (claro, tenemos un duopolio que no fomenta competencia).		]]></document>
	<document><![CDATA[Aumentaron mucho los precios de loncherías, fondas, torterías, taquerías, restaurantes y similares. ¿Será señal de una reactivación?		]]></document>
	<document><![CDATA[Escribe @username sobre el papel de la expansión del crédito en la gestación de crisis: http://t.co/8Sefa5Cp2r …		]]></document>
	<document><![CDATA[@username Muchas gracias, bienvenidos.		]]></document>
	<document><![CDATA[Escribe @username sobre el Secretario de Hacienda:  http://t.co/BXSTdyUBxz …		]]></document>
	<document><![CDATA[@username Muchos saludos, un abrazo!!!		]]></document>
	<document><![CDATA[@username No escribe Krugman para OEM, simplemente OEM compra su columna que sal e en mil periódicos en el mundo. Gran diferencia.		]]></document>
	<document><![CDATA[Wow, Estados Unidos revisa a la baja el crecimiento del PIB del primer trimestre a -2.9%.		]]></document>
	<document><![CDATA[Lo peor de la revisión del PIB de EUA fue la reducción del consumo privado a 1.0% (de 3.1%). Nota de @username: http://t.co/pgxWeBuavX		]]></document>
	<document><![CDATA[Ya es oficial, FIFA abrió investigación oficial sobre el caso de Luis "Hannibal" Suárez: http://t.co/NUvZyMvsS8		]]></document>
	<document><![CDATA[La caida de 2.9% en el primer trimestre del PIB de EUA es la mayor desde principios de 2009 en la gran recesión: http://t.co/pgDJRMIWaV		]]></document>
	<document><![CDATA[Aunque por otro lado, 4 de 5 indicadores claves de vivienda en EUA mejoraron en en segundo trimestre: http://t.co/TzV9xlkbTS		]]></document>
	<document><![CDATA[En el primer trimestre de 2009, el PIB de EUA disminuyó 5.4%.		]]></document>
	<document><![CDATA[Aunque una caida de 2.9% sugiere que EUA pudiera estar al borde de una nueva recesión, lo más probable es que veamos un rebote importante 2T		]]></document>
	<document><![CDATA[Interesante gráfica de @username, que muestra que el crecimiento del 1T de EUA fue un verdadero "outlier": http://t.co/ruxtfLjtKQ		]]></document>
	<document><![CDATA[¿Cómo interpretar el IGAE de abril? ¿Señales de recuperación?: http://t.co/ccq0JKnLNc		]]></document>
	<document><![CDATA[Mi columna en Reforma de esta semana (para los que no alcanzaron comprarlo en la mañana): http://t.co/ccq0JKnLNc		]]></document>
	<document><![CDATA[@username "Snollygoster": en inglés, típico político mexicano.		]]></document>
	<document><![CDATA[@username ¿México o Estados Unidos?		]]></document>
	<document><![CDATA[@username La disminución de la base en lo que va del año es el patrón estacional típico, nada que ver.		]]></document>
	<document><![CDATA[@username La disminución de la base en lo que va del año es el patrón estacional típico. Nada que ver.		]]></document>
	<document><![CDATA[Para mi, lo absolutamente peor del mundial hasta ahora es @username. FIFA lo debería expulsar de por vida. Pura verguenza para Uruguay.		]]></document>
	<document><![CDATA[Lo mejor hasta ahora, el que el Piojo se haya covertido en un fenómeno  mediatico por su entusiasmo e imagenes eufóricos.		]]></document>
	<document><![CDATA[En esta primera ronda, Costa Rica, Ochoa, el Piojo, Messi, Neymar y la cantidad de goles han sido de lo que más me ha gustado.		]]></document>
	<document><![CDATA[@username Siempre me ha gustado Uruguay, país admirable. Pero Suárez ha mostrado una y otra vez que no merece por lo antideportivo.		]]></document>
	<document><![CDATA[@username De acuerdo, respeto tu opinión.		]]></document>
	<document><![CDATA[@username ¿Ya viste el castigo le pusieron a Suarez? Expulsado del mundial, más otros partidos, más mega multa.		]]></document>
	<document><![CDATA[Dice @username que Christine Lagarde habló muy bien del desempeño económico de México. Se nota que solo platicó con funcionarios públicos.		]]></document>
	<document><![CDATA[@username El problema es que no lo vio el arbitro. De haberlo visto, lo hubiera expulsado y hubiera puesto razón en tarjeta arbitral.		]]></document>
	<document><![CDATA[Este artículo de @username propone salario mínimo diferenciado por estado, algo que México eliminó (tres zonas): http://t.co/G0yvAsoOlF		]]></document>
	<document><![CDATA[Buenas noticas exportaciones no petroleras de mayo: aumento de 4.8% anual, pero 5% más a EUA y 4% al resto del mundo. Esto último muy bueno.		]]></document>
	<document><![CDATA[Las exportaciones no petroleras avanzaron 1.3% en mayo respecto a abril. Parece ser que se recupera nuestro motor principal de crecimiento.		]]></document>
	<document><![CDATA[También se observan buenos avances en las importaciones no petroleras en mayo, lo que suguiere mejoría en la demanda interna.		]]></document>
	<document><![CDATA[¡Que triste! Hoy no hay futbol. Ahora sí, verdadero pretexto para tomar.		]]></document>
	<document><![CDATA[A pesar de la mejoría en el margen, las importaciones enero-mayo muestran la debilidad de los primeros 5 meses del año.		]]></document>
	<document><![CDATA[Las importaciones enero-mayo de bienes de capital cayeron -1.2% respecto mismo periodo del año anterior.		]]></document>
</author>