<?xml version="1.0" encoding="UTF-8" standalone="no"?><author id="user42">
	<document><![CDATA[Besalu... lunic poble sense neu d tptq la provincia... clima tropical!		]]></document>
	<document><![CDATA[Gent d girona! Com esta el tema? Ja teniu llum? K tal les carreteres?		]]></document>
	<document><![CDATA[24 hores després... TV3 avisa que la carretera Olot - Girona - Palafrugell (a partir de Besalú) està tallada.

Sempre tan ràpids!		]]></document>
	<document><![CDATA[@username estic fent servir la búsqueda per discografica a l'spotify... Acabo de passar a formar part de la teva llista d'enemics?		]]></document>
	<document><![CDATA[Montilivi sembla part del decorat de "El día de mañ". No vingueu amb cotxe		]]></document>
	<document><![CDATA[RT @username: Hoy 2manydjs en el Razzmatazz. Por eso creo que mañana será un día “Last night a dj saved my life”.		]]></document>
	<document><![CDATA[Ole! Pase de premsa per divendres pel mundial d'snowboard de la molina! :D		]]></document>
	<document><![CDATA[On cony es el bus!		]]></document>
	<document><![CDATA[Londres, Paris, Roma... Madrid? #frac1		]]></document>
	<document><![CDATA[Mhan cardat el plan danar amb bici enlaire!		]]></document>
	<document><![CDATA[@username m'he deixat les claus del candau, juntament amb els de casa, dins de casa! :D		]]></document>
	<document><![CDATA[Perquè totes les portades de les pelis de l'Iñarritu són clavades? Serà perquè les pelis també ho són?		]]></document>
	<document><![CDATA[@username o que lo hay...		]]></document>
	<document><![CDATA[@username pero en ese caso no sé que significaria tal demostración...		]]></document>
	<document><![CDATA[Porto la tarda buscant grups de "señoras que" al facebook... crec que tinc un problema.		]]></document>
	<document><![CDATA[Señoras que citan a Stalin... això està desvariajant!		]]></document>
	<document><![CDATA[Señoras que se esconden el bolso cuando te ven...		]]></document>
	<document><![CDATA[Em  cago en les putes obres dels cony de veins i en el desgraciat de la radial!		]]></document>
	<document><![CDATA[@username cada vez que alguien escucha "papa topo" dios avanza un día la destrucción de la tierra...		]]></document>
	<document><![CDATA[@username un pel fluix no?		]]></document>
	<document><![CDATA[O aprenem com funciona la puta persiana del lab, o morirem de calor en els pròxims mesos...		]]></document>
	<document><![CDATA[S'obren les votacions! A quin pont de Girona puc obtenir més calers pidolant? (el de sant agustí no, que ja està ocupat per un comunista)		]]></document>
	<document><![CDATA[quina desil·lusió... jo pensava que el grup "Tapes'n Tapes" era català... ara resulta que son uns guiris i vol dir "cintes i cintes" ¬¬		]]></document>
	<document><![CDATA[Cada dia vaig + esperrucat...		]]></document>
	<document><![CDATA["como sigáis jugando así no es que vayamos a perder el partido, es que hoy vamos a perder la Liga" que gran el mestre Pep...		]]></document>
	<document><![CDATA[Arribà semana santa... La semana on la gent es disfrassa de membres del kukux clan de colorins!		]]></document>
	<document><![CDATA[@username la cervesa, el thc, la festa i dormir poc no crec que hi tinguin res a veure no...		]]></document>
	<document><![CDATA[@username algún lloc bo,bonic,barat per dormir a londres¿?		]]></document>
	<document><![CDATA[Quan tindrem el  #twitterencatala? que #tenimpressa!		]]></document>
	<document><![CDATA[@username vale vale, si te encuentro en el tren ya te daré coversación. no te preocupes!		]]></document>
	<document><![CDATA[que curts que són els caps de setmana llargs...		]]></document>
	<document><![CDATA[@username Si en trobes algun avisa... :(		]]></document>
	<document><![CDATA[Doncs jo m'assabento que fan el Rey León en 3D i em poso palote... què voleu que us digui		]]></document>
	<document><![CDATA[S'ha cancelat la reunió de Madrid de la setmana que ve! Sííííííí´! :)		]]></document>
	<document><![CDATA[si no está en spotify no existe... si no está en spotify no existe...		]]></document>
	<document><![CDATA[Perquè les perruqueries cada cop s'assemblen menys a les perruqueries?		]]></document>
	<document><![CDATA[Tothom que surt amb una càmera a la seva foto de perfil no deixa de ser un presumptuós amb ínfules de fotograf.		]]></document>
	<document><![CDATA[En serio, Què cony trobeu als amics de les arts? Si són incapaç de quadrar les sil·labes amb la música! Quadren pitjor q un tango argentí!		]]></document>
	<document><![CDATA[A sobre els molt cabrons són pedants a matar! Doncs no, per més noms d directors francesos i japonesos que poseu les vostres lletrs son caca		]]></document>
	<document><![CDATA[saber  y ganar! saber y ganar! no seas gallina y no dudes en contestar! http://digs.by/aSjvjv Jordi Hurtado, nigga from the hood!		]]></document>
	<document><![CDATA[@username http://digs.by/aSjvjv el youtube a través del twitter també fa r		]]></document>
	<document><![CDATA[Delorean ( @username ) són refotudament grans. Molt refotudament grans.		]]></document>
	<document><![CDATA[@username fuera, fuera		]]></document>
	<document><![CDATA[Que n'aprenguin els @username dels Marcel! http://t.co/aYmqDsl7		]]></document>
	<document><![CDATA[@username exacte, de moment ja teniu el nom acabat amb -el		]]></document>
	<document><![CDATA[RT @username Luz de octubre y calor de agosto.		]]></document>
	<document><![CDATA[Para cuando la porno de Wiki licks?		]]></document>
	<document><![CDATA[@username entonces.... lo de los agentes solo fue una farsa? :'(		]]></document>
	<document><![CDATA[Soc molt cabron per descullonarme de la gent que cau pel carrer?		]]></document>
	<document><![CDATA[... hoy he visto a un hombre muerto en el lavabo, pero era sólo un albornoz ...		]]></document>
	<document><![CDATA[@username como todos los demás portatiles y telefonos del mundo! Hoy he descubierto que samsung originalmente era un tienda de noodles...		]]></document>
	<document><![CDATA[@username Y si de unos Noodles sacas un galaxy, no hace falta decir que el siguiente paso es dominar el mundo.		]]></document>
	<document><![CDATA[Colonia de senyora gran: el millor remei contra el mal de cap		]]></document>
	<document><![CDATA[RT @username Si dices Eyjafjallajökull tres veces delante de un espejo, aparece Björk detrás disfrazada de volcán cantando. Terrorífico		]]></document>
	<document><![CDATA[Realment cal que Standstill faci servir el "dong" del google talk en les seves cançs?		]]></document>
	<document><![CDATA[@username yo también comí pizza... la culpa no es solo tuya :'(		]]></document>
	<document><![CDATA[I ara sembla que el senyor Samaranch no hagués trencat mai un plat...		]]></document>
	<document><![CDATA[El problema no és parlar un idioma o un altre, el problema és ser Gerard Quintana.		]]></document>
	<document><![CDATA[Kofi Annan ho clava a el coleccionista de huesos. Segur que sóc el primer en fer el xist...		]]></document>
	<document><![CDATA[@username Jo pensava que parlava del convidat!		]]></document>
	<document><![CDATA[Tonraré a mirar #elconvidat, que quan ahir vaig començar a despotricar d'en Gerard Quintana encara no s'havia tret el carnet de ciutadans.		]]></document>
	<document><![CDATA[No fa falta rajar de Gerard Quintana perquè parli en castellà. Hi ha mil motius més per fer-ho		]]></document>
	<document><![CDATA[Escolant el cd nou de mishima		]]></document>
	<document><![CDATA[El millor del convidat d'ahir: la Jamelga que apareix al minut 7:36		]]></document>
	<document><![CDATA[Només hi ha una cosa més trista que parlar als teus fills en castellàs sent català. Fer-ho sense saber pronunciar la "C", Gerard Quintana		]]></document>
	<document><![CDATA[La nena de'n Gerard Quintana sap exactament què vol dir quan diu "Yo soy calle"? http://t.co/N1CPZ99k		]]></document>
	<document><![CDATA[@username és que el meu odi respecte en gerard quintana no té res d'idiomàtic. (i això que sopa de cabra m'agrada)		]]></document>
	<document><![CDATA[@username quan acabi de mirar el convidat d'ahir et faig la llista :P		]]></document>
	<document><![CDATA[@username @username com la llibertat que cada un té de rajar del que veu.		]]></document>
	<document><![CDATA[http://digs.by/dzxVSV ai que bonitooo.... #muéretecabrón		]]></document>
	<document><![CDATA[@username Ser ministro franquista no es suficiente para probarlo?		]]></document>
	<document><![CDATA[@username ser del PP es una opción democrática, ser ministro durante una dictadura es todo lo contrario. Ya no es apoyarla, es ejercerla.		]]></document>
	<document><![CDATA[@username privar de libertad a millones depersonas no te parece un crimen? Ser parte d la élite del regimen y fomentar el statuquo tampoco?		]]></document>
	<document><![CDATA[@username No se llega a ministro solo por dejarse llevar... No se llega a ministro sin tener otra opción...		]]></document>
	<document><![CDATA[@username por favor, no compares la situación actual con la anterior. No hay minsitros forzados, ni ahora ni antes		]]></document>
	<document><![CDATA[@username Ser parte de una dictadura militar, no renegar de ella, no pedir perdon por ella e incluso valorarla positivamente... suficiente		]]></document>
	<document><![CDATA[@username el () només era a tall informatiu		]]></document>
	<document><![CDATA[1$ el RT		]]></document>
	<document><![CDATA[Mandarines impelables		]]></document>
	<document><![CDATA[@username http://t.co/cx7HuDKJ  (de @username )		]]></document>
	<document><![CDATA[@username discrepo, si de cas retoquem els sous dels polítics, però les eines de treball te les ha de proporcionar l'organ de treball.		]]></document>
	<document><![CDATA[@username si no es creen lletjos i perillosos precedents.		]]></document>
	<document><![CDATA[@username jeje. pero aixo ja es cosa de la ineptitud dels plitics, no  de les eines!		]]></document>
	<document><![CDATA[Que el cel no ens caigui al damunt...		]]></document>
	<document><![CDATA[@username a la universitat de girona ja donen les classes amb flotador i salvavides...		]]></document>
	<document><![CDATA[Carregar-se la pantalla del projector a la primera classe que fas... #epicfail		]]></document>
	<document><![CDATA[@username els socorristes encara no ens han donat permís.		]]></document>
	<document><![CDATA[@username IA de 4t, però només era ahir i avui. Ara que he aconseguit arribar a la glòria em retiro de la docència amb el cap ben alt.		]]></document>
	<document><![CDATA[@username dejando de lado que si pides de golpe 350 lineas con inet a movistar los telefonos te van a salir baratos como poco.		]]></document>
	<document><![CDATA[@username cabró... em fots una pena! :P		]]></document>
	<document><![CDATA[@username @username No t'imagines la enveja que em fas! Pel meu aniversar-hi m'hi van convidar a sopar. Regal increible!		]]></document>
	<document><![CDATA[@username eres la primera persona que linca un meme mío... snif... :')		]]></document>
	<document><![CDATA[@username fer història-ficció és de les coses més divertides que hi ha al món! I si no en tens ni idea, encara és + divertit!		]]></document>
	<document><![CDATA[@username debo recordarte que hoy NADA DE PIZZAS!		]]></document>
	<document><![CDATA[Cada cop que algú posa la música de Gladiator en un video motivador... Déu es torna una mica més de l'inter... O SIGUI QUE PAREU JA CABRONS!		]]></document>
	<document><![CDATA[@username el último dato es realmente espectacular :o		]]></document>
	<document><![CDATA[@username ¬¬ cuantos ventiladores con manivela caben en 1 petabyte?		]]></document>
	<document><![CDATA[Qui va ser el desgraciat que va menjar pizza ahir mirant le barça? ¬¬		]]></document>
	<document><![CDATA[@username hi vaig enviar representació familiar :P		]]></document>
	<document><![CDATA[#votamanta por un mundo más absurdo!		]]></document>
</author>