<?xml version="1.0" encoding="UTF-8" standalone="no"?><author id="user829">
	<document><![CDATA[¡¡ojoplático!! RT: @username: nunca te acostarás sin saber algo más. Las tarjetas de identificacion tienen un standard:  ISO 7810-ID1		]]></document>
	<document><![CDATA[@username @username para evitarlo, podéis escribir un programa, luego otro y luego otro; llamad al 1º 'p1.c', al 2º...		]]></document>
	<document><![CDATA[@username vale para cualquier aplicación que tenga buscar/reemplazar, pero en efecto, la falta en Excel es gravísima #cyc2012		]]></document>
	<document><![CDATA[zapeo mientras tuiteo: 'El síndrome de China'... ¡¡qué recuerdos!!		]]></document>
	<document><![CDATA[@username sí, por supuesto, las de Word son 'sui generis', pero al menos te permiten algo, yo las he usado mucho tb		]]></document>
	<document><![CDATA[@username si puedo ayudarte (si soy capaz, digo)... mañana estoy dando clase en Donosti		]]></document>
	<document><![CDATA[@username ¡encantado!		]]></document>
	<document><![CDATA[pero si es que 'El síndrome de China' es de 1979, o sea, coincidió con lo de Harrisburg, no me acordaba de la coincidencia		]]></document>
	<document><![CDATA[@username sí, ahora lo estoy viendo en la wikipedia; pero aquí en España, llegó más tarde, supongo...		]]></document>
	<document><![CDATA[@username sí, estaría bien, que estamos casados... xDDD		]]></document>
	<document><![CDATA[@username sí, estaría bien, que estamos casados... xDDD  cc/ @username (se me olvidó...)		]]></document>
	<document><![CDATA[me voy a perder el chicharrillo de 'EsdC' (@username me ha puesto deberes de lectura...)		]]></document>
	<document><![CDATA[entre Amorebieta y Elgoibar, nevadísimo; Donosti, na de na		]]></document>
	<document><![CDATA["Bilbao busca la tranquilidad acústica" http://t.co/KVjf4ipG @username un poquito en 00:21		]]></document>
	<document><![CDATA[¡¡siguiendo en... 2,1,0!! RT: @username: Damos la bienvenida a @username con su blog sobre piscología experimental http://t.co/UlFhg2au		]]></document>
	<document><![CDATA[@username nosotros ya lo hicimos en 2006 http://t.co/5281olvG http://t.co/QE2mDp9e		]]></document>
	<document><![CDATA[@username @username @username @username @username un honor; y muy agradable la desvirtualización, ¡hay que hacerlas más!		]]></document>
	<document><![CDATA[me duele la cabeza, y esta vez no creo que sea por el viento sur...		]]></document>
	<document><![CDATA[@username pues eso, que no lo sé... (pero, vamos, como otras veces, no es novedad)		]]></document>
	<document><![CDATA[@username en este caso, estoy de acuerdo con G. Cumming que el indulto debería ser para todos los condenados como Turing		]]></document>
	<document><![CDATA[@username @username creo que los enlaces correctos sobre el remake de 'Espacio 1999' son http://t.co/Qvld6IPW y http://t.co/AuDt4XY4		]]></document>
	<document><![CDATA[@username al principio puede costar un poco, pero luego se le encuentra el sentido cc/ @username		]]></document>
	<document><![CDATA[¡¡se me quema el calabacín, vaya olvido!!		]]></document>
	<document><![CDATA[Muy muy apenado: Iñaki Beti, "un buen hombre, un buen tipo, un buen profesor" http://t.co/vitgdL1o http://t.co/vCLtdlWQ		]]></document>
	<document><![CDATA[¿han cambiado la página #principal de #google o es cosa mía?		]]></document>
	<document><![CDATA[¡Qué manía! Los de Twitter también han cambiado su interfaz web: lo que más hacía, ya no lo puedo hacer #fail #ux		]]></document>
	<document><![CDATA[@username gracias por la info, probaré a ver; en realidad, yo solo abría la página de tuiter para hacer lo que han quitado...		]]></document>
	<document><![CDATA[@username te deseo suerte		]]></document>
	<document><![CDATA[@username no es opcional (según la RAE), ahora NO hay que ponerla: http://t.co/4XMvBWBy		]]></document>
	<document><![CDATA[@username no es opcional (según la RAE), ahora NO hay que ponerla: http://t.co/4XMvBWBy cc/ @username @username @username		]]></document>
	<document><![CDATA[@username @username @username acabo de enterarme: grrrrrrrrrrrrrrr... xD		]]></document>
	<document><![CDATA[otro uso de los códigos QR xD RT: @username: Oltra exhibe en las Cortes una camiseta con un mensaje codificado... http://t.co/n9wf5eaB		]]></document>
	<document><![CDATA[@username o sea, a Elsevier le están 'dando' hasta los que no firman... a ver si aprenden		]]></document>
	<document><![CDATA[Relevante la perspectiva sistémica (mejora horarios implica menos emisiones, implica seguros + bajos) presentada x JA Zufiria #deusto125		]]></document>
	<document><![CDATA[@username perdona, se refería a mejora de horarios de transporte público		]]></document>
	<document><![CDATA[@username no tenías que saberlo, mi tuit era muy poco explicativo...		]]></document>
	<document><![CDATA[@username lo q viene a decir Zufiria es q eso encima es + caro, provoca + emisiones, + accidentes, etc.		]]></document>
	<document><![CDATA[¡y desmitificando los #top500 ! (buenísima pregunta de @username )		]]></document>
	<document><![CDATA[@username @username eso ya me gusta más xDDD		]]></document>
	<document><![CDATA[@username @username @username @username ideas: (1) paneles (2) proyección películas/documentales (3) charlas (4) ... #ATY		]]></document>
	<document><![CDATA[Tras la magnífica conferencia de JA Zufiria (IBM) en #deusto125 https://t.co/1UrWs2Ld https://t.co/kE6FtR9t , un par de apuntes (cont.)		]]></document>
	<document><![CDATA[1) lo de tanta patente ("de software, la mayoría"), ya no mola tanto... 2) ni lo de SPSS; #mejorparatodos apoyar R http://t.co/k4cdxFku		]]></document>
	<document><![CDATA[@username ¡¡¡¡¡¡¡¡¡¡¡¡¡PESADOS!!!!!!!!!!!!!!!!!! (otra vez han cambiado la página de búsqueda, sutilmente, pero fastidiando)		]]></document>
	<document><![CDATA[a 1x10^-10 de volver a perder un mensaje web que llevaba escribiendo 12 minutos (no es gmail, no hay 'draft') #odiolasaplicacionesweb		]]></document>
	<document><![CDATA[@username no, si ya lo suelo hacer muchas veces, pero a la vez n+1 crees que será solo 1 minuto, empiezas a escribir, etc. ¡¡¡zas!!!		]]></document>
	<document><![CDATA[@username bien casi todos los (y las guitarras) elegidos, pero nº 7 + #GibsonLesPaul creo que tienen representantes + genuinos...		]]></document>
	<document><![CDATA[@username @username me suena que puede tener que ver con http://t.co/h0sbDNTU http://t.co/4qmLBx25		]]></document>
	<document><![CDATA[osea, Thomson Reuters (la del WoK/ISI: una cosa nada científica, que gobierna la ciencia) también es la del euribor: si ya me caían mal...		]]></document>
	<document><![CDATA[Miguel Olarte "45 millones de rehenes" http://t.co/At2hIBEX		]]></document>
	<document><![CDATA[@username ¡¡¡equilicuá!!!		]]></document>
	<document><![CDATA[#elsevier y #neolengua http://t.co/qlSizJyD #ahoraestarde		]]></document>
	<document><![CDATA[@username ¡¡¡¡Felicidades!!!!, también para @username claro		]]></document>
	<document><![CDATA[Sara: "El momento de la indiferencia ha pasado". +10 http://t.co/ANFeDJN7		]]></document>
	<document><![CDATA[@username ¡¡¡que están echando #Quadrophenia en #la2!!!		]]></document>
	<document><![CDATA[@username perdona que te corrija: while( 1 ) credibilidad--; a ver cuánto esperan para mandarle SIGKILL al programa...		]]></document>
	<document><![CDATA[http://t.co/p1CmzA8V “en mi promoción, en 2009, nos licenciamos 120 periodistas, ni un 10% está trabajando en la profesión” #meditar		]]></document>
	<document><![CDATA[@username #efectivamente, y entre otras cosas; por eso creo que esa frase es para #meditar con mucho detenimiento		]]></document>
	<document><![CDATA[mi madre me pidió el otro día que le volviera a dejar "Rayuela"; leyendo algunos cachos, me he dado cuenta que = yo también lo necesito		]]></document>
	<document><![CDATA[@username no son solo empresas d soft (en España) yo creo que todas d servicios; ¿pq 'managers' no leen artículo? http://t.co/oUOoW0GP		]]></document>
	<document><![CDATA[FYI: ¡¡¡estoy bajando la persiana!!! (del curro, me refiero), pero por aquí espero seguir ("no, no, eso no")		]]></document>
	<document><![CDATA[@username no había visto tu tuit... ¡¡vaya cosa más rara!! sí que tiene pinta de molar...		]]></document>
	<document><![CDATA[via @username: xDDD RT: @username: Práctico invento para los exámenes http://t.co/fC7mu66L		]]></document>
	<document><![CDATA[@username lo siento mucho, confío en que todo sea propicio en Aragonia; pero seguirán las 'máximas mínimas' ¿no?		]]></document>
	<document><![CDATA[vaya día, ¡¡¡por favor!!! y de lo 1º que me encuentro cuando abro el tuiter es... (via @username) http://t.co/oDQ4nJ1S		]]></document>
	<document><![CDATA[productividad=nº de publicaciones; visibilidad=nº de citas; ¿para qué liarse más, verdad? #viva #el #reduccionismo #salvaje		]]></document>
	<document><![CDATA[Franck Frommer "El pensamiento PowerPoint. Ensayo sobre un programa que nos vuelve estúpidos" http://t.co/WPDkhBg9 #notamental		]]></document>
	<document><![CDATA[Nubes y claros, fútbol masculino (pero música femenina ¿será a propósito?), marea muy baja, un barco entrando al Abra		]]></document>
	<document><![CDATA[mentiras (incorrecciones) periodísticas, juro que no lo soporto: http://t.co/i78WLy6i		]]></document>
	<document><![CDATA["La UE facilita con iTranslate4.eu el entendimiento de sus 46 lenguas" http://t.co/i78WLy6i http://t.co/aGl6fuva cc/ @username		]]></document>
	<document><![CDATA[yo he visto #hoy nieblas costeras que vosotros no creeríais...		]]></document>
	<document><![CDATA[@username vaya, lo siento, es verdad, lo he oído en la radio...		]]></document>
	<document><![CDATA[@username @username gracias por los RT, me alegro que os haya hecho gracia ;-)		]]></document>
	<document><![CDATA[@username muchas gracias, algo sé de compiladores, pero también hay muchas que no sé... cc/ @username		]]></document>
	<document><![CDATA[RT: @username: Twitter es una plataforma genial para mostrar nuestros problemas mentales. (via @username)		]]></document>
	<document><![CDATA[¿por qué no sale un tuit que acabo de escribir? Grrr, a escribirlo otra vez...		]]></document>
	<document><![CDATA[@username solo conozco códigos intermedios 'sin registros': libro Dragón, JVM, CIL, http://t.co/obBJS6r1 cc/ @username @username		]]></document>
	<document><![CDATA[@username no he trabajado con RTL http://t.co/V4GiCDXo así que no puedo ayudarte con tu pregunta cc/@username @username		]]></document>
	<document><![CDATA[@username creo que puede haber algo en http://t.co/RDZYn7dM secs. 'Register movement', 'Register allocation' cc/@username @username		]]></document>
	<document><![CDATA[Ramón López de Mántaras (http://t.co/502pYYac) "El legado de un científico visionario" http://t.co/VVQN3InL #Turing #ATY		]]></document>
	<document><![CDATA[por cierto, sábado pasado volví a pasar por Euroforum El Escorial, donde escuché en 1991 a Lotfi Zadeh (dir. MSc thesis de L. de Mántaras)		]]></document>
	<document><![CDATA[@username BeerHouse se cerró (supongo que después de que pasara eso), ahora es un banco; Mai nos atendió en decenas de comidas		]]></document>
	<document><![CDATA[@username ya te digo, con 'diff' puedes hacer maravillas, y si añades 'grep', pillas casi todo (ni sospechan nuestras capacidades)		]]></document>
	<document><![CDATA[El reactor de Garoña se para de forma automática por el cierre de las válvulas de aislamiento de vapor http://t.co/ku0cKdan		]]></document>
	<document><![CDATA[genial, directo a la línea de flotación RT: @username: How to Write Like a Scientist - | @username http://t.co/71tUw5Df		]]></document>
	<document><![CDATA[@username ¡¡sí!!, por eso yo he notado lo mismo con @username (que estaba seguro que seguía) esta tarde...		]]></document>
	<document><![CDATA[Arrggghhhhh RT: @username: Diagrama "sección tronco de árbol" http://t.co/MtKxqpmb #enfin		]]></document>
	<document><![CDATA[@username por supuesto, lo de las tartas está clarísimo, así que no te digo esto otro, y los efectos 3D, y las pirámides...		]]></document>
	<document><![CDATA[@username ¿enlace a la información sobre dicha asamblea (lugar, horas, etc.)?		]]></document>
	<document><![CDATA[@username y lo mejor *no* es solo la temperatura...		]]></document>
	<document><![CDATA[absolutamente de acuerdo +100 RT: @username: Para filosofar: peripatear.		]]></document>
	<document><![CDATA[@username opino: me parece titular casi 'sensacionalista', y "doble ciego" no es solución, es problema... http://t.co/9ygDpQHH		]]></document>
	<document><![CDATA[@username raro, lo que se dice raro, es que no disimulen en decirlo a las 10:45; que los conozca, no es raro, es 'confirmatorio'		]]></document>
	<document><![CDATA[@username cuadra muy fácil: no quieren que nosotros seamos su competencia, ni en ciencia, ni en industria, ni... si acaso en playas		]]></document>
	<document><![CDATA[contundente RT: @username: La reforma de la Universidad: preguntas erróneas, respuestas incorrectas http://t.co/xiZXQ3VR vía @username		]]></document>
	<document><![CDATA[otros que se apuntan a remodelar su web y destrozar (de paso) la #userexperience: la BBK. ¡Qué manía!		]]></document>
	<document><![CDATA[genial: la wikipedia [http://t.co/MrhZjE4D] presenta *más y mejor* dónde utilizar el VIA-T que la propia http://t.co/p8e6kH4T ¡país!		]]></document>
	<document><![CDATA[moi aussi RT: @username: He firmado el "Manifiesto por unas universidades a la altura de sus misiones": http://t.co/CYUKnS2h		]]></document>
	<document><![CDATA[es un clamor MT: @username: MT @username "Carta de un investigador al Jefe del Estado" http://t.co/K9RfgBvp http://t.co/x0zbjpff		]]></document>
	<document><![CDATA[@username el profesor, Ullman, es máxima autoridad en el tema, coautor del libro más conocido		]]></document>
	<document><![CDATA[@username no, es este otro: http://t.co/xhhjUdTK		]]></document>
</author>