<?xml version="1.0" encoding="UTF-8" standalone="no"?><author id="user795">
	<document><![CDATA[Amor infinito a las películas de Woody Allen. ???? (No soy hipster)		]]></document>
	<document><![CDATA[Me fascina que te valga caca.		]]></document>
	<document><![CDATA[Esta es la idiotez más grande del mundo. Bye buenas noches los odio. http://t.co/qcA3TKcibJ		]]></document>
	<document><![CDATA[Siempre que me acuerdo como @username cantó "Little Things" cierro mis ojos y abrazo a un tlacuache, porque ellos también necesita amor.		]]></document>
	<document><![CDATA["El amor eterno dura aproximadamente 3 meses".		]]></document>
	<document><![CDATA[@username quiobas muchachon!		]]></document>
	<document><![CDATA[Parezco peor que papa, me estoy pelando culero .l.		]]></document>
	<document><![CDATA[A ella no le gusta trabajar, lo que le gusta es bailar, moviendo las caderas siempre va, con su caguama... Historia de mi vida.		]]></document>
	<document><![CDATA[@username JAJAJAJAJAJAJAJAJAJAJAJAJAJAJA Así voy a terminar aveda siciertonocierto		]]></document>
	<document><![CDATA[He sacado mi conclusión con respecto a la foto infracción de Puebla. Esas cámaras las ponen en autopista, y en autopista la gente corre...		]]></document>
	<document><![CDATA[La finalidad de esas fotos es evitar las pérdidas humanas, pero digo yo ¿Quién cojones va estar cruzando o caminando por la autopista?		]]></document>
	<document><![CDATA[Es ilógico la localización de es esas cámaras, en todo caso que las coloquen en las calles y ya.		]]></document>
	<document><![CDATA[@username Jajajajajajaajajajaja siii eso está mortal, pero pensándolo bien se me fue el pedo y no tomé en cuenta los choques		]]></document>
	<document><![CDATA[No están para saberlo ni yo para contarlo pero me siento muy mareada lml maldito añcohol		]]></document>
	<document><![CDATA[Siempre quieres un baby shower en la oficina ????		]]></document>
	<document><![CDATA[El rap del insomnio. ???? https://t.co/uQ8OkXvXqk		]]></document>
	<document><![CDATA[Actividad paranormal. @username #Exorcista https://t.co/hUWfaEnoxN		]]></document>
	<document><![CDATA[No sé como cojones me voy a despertar al rato pero tampoco puedo dormir		]]></document>
	<document><![CDATA[Mi abuelo se inventó una canción que dice: Son huevaaadas, son huevaaadas, sin huevaaadas... ?		]]></document>
	<document><![CDATA[Pues acá jugando Pedro Responde porque alguien me tiene que sacar de dudas.		]]></document>
	<document><![CDATA[Aaaaaala que buenos tiempos.		]]></document>
	<document><![CDATA[No entiendo como sobreviví hoy si sólo dormí 4 horas. Mejor me voy a la tutu meme ????		]]></document>
	<document><![CDATA[Me acuerdo que en mi escuela de Perú había una niña que le decíamos la "Urraca" porque se parecía a Magaly Medina.		]]></document>
	<document><![CDATA[Momento de intimidad que sólo vos y yo podemos alcanzar.		]]></document>
	<document><![CDATA[Qué sensual canción. http://t.co/NlcQJqDoRa		]]></document>
	<document><![CDATA[Echar el chillin con alguien mientras escuchamos reggae. #SueñoDorado		]]></document>
	<document><![CDATA[Tú eres mi talón de Aquiles.		]]></document>
	<document><![CDATA[Definitivamente las noches son más aburridas si no hay alguien con quien desvelarse. #ComprobadoAnteNotarioPúblico		]]></document>
	<document><![CDATA[Regálame tus besos como fue en el día primero y vamos al principio y descubramos nuestros sueños.		]]></document>
	<document><![CDATA[Como cuando despierto sin un audífono puesto y siento que ya se rompió por haberlo jalado y la chingada y así.		]]></document>
	<document><![CDATA[04:07 y ya hablando lisuras.		]]></document>
	<document><![CDATA[Noooo oh no, nooo oh no, yo no pueeedo reponermeee lml		]]></document>
	<document><![CDATA[Hace tanto calor podría salir a buscarte.		]]></document>
	<document><![CDATA[@username ya cállate ptm		]]></document>
	<document><![CDATA[https://t.co/HSKFZPZqnj y así.		]]></document>
	<document><![CDATA[Cuando no estás la soledad me aconseja mal.		]]></document>
	<document><![CDATA[Para qué pides mi opinión si al final te va a valer 3 kilos de ñonga y vas hacer lo que se te pegue la gana. No entiendo.		]]></document>
	<document><![CDATA[Alucinen que la aplicación #LINE está bien pajolas. ????		]]></document>
	<document><![CDATA[Y yo así de "Voy a pagar mi examen" y el sistema así de "Fuck the system putos, nadie va a poder pagar JEJEJE".		]]></document>
	<document><![CDATA[Me acuerdo cuando fui a Japón y estaba de moda unos bichos llamados "Mushiking" y vendían los escarabajos de verdad.		]]></document>
	<document><![CDATA[O como cuando dije "Oh, un libro de comics japonés" y resultó ser un libro de hentai. Ahí se cagó una parte inocente de mi vida.		]]></document>
	<document><![CDATA[Como cuando te enojabas y me hacías ésta mirada: ??		]]></document>
	<document><![CDATA[@username Jajajajaja amo esa canción.		]]></document>
	<document><![CDATA[http://t.co/zdrcaksv5r pregunten y quítenme éste aburrimiento.		]]></document>
	<document><![CDATA[Jajajajajaja siempre que veo fotos de parejas en Machu Picchu digo, algún día... ALGÚN DÍA CSM.		]]></document>
	<document><![CDATA[Se me antojaron unos anticuchos de Aycha ahí en el centro más buenooooooooos que la patada.		]]></document>
	<document><![CDATA[Este hambre no es de Dios.		]]></document>
	<document><![CDATA[Me gusta cuando me dicen: "Nunca haces nada" y les respondo con un "Yo trabajo, tengo una familia que mantener, y dos perros así que STFU".		]]></document>
	<document><![CDATA[@username Awww te amo, eres tan tierno como los elotes tiernos <3		]]></document>
	<document><![CDATA[¿En qué momento y por qué razón?		]]></document>
	<document><![CDATA[Nunca antes había estado tan cansada. #TwitterOff #HTViejo		]]></document>
	<document><![CDATA[Si no hubiera sido porque me desperte a esta hora ya hubiera valido mierda		]]></document>
	<document><![CDATA[Abrazar 8 personas al dias; llevo una.		]]></document>
	<document><![CDATA[Quiero que el viernes corra un litro de alcohol por mis venas (8)		]]></document>
	<document><![CDATA[Es curioso como pasan las cosas... No por algo carajo.		]]></document>
	<document><![CDATA[Preferiría mil veces estar trabajando que en mi casa :(		]]></document>
	<document><![CDATA["@username: Todo se puede lograr aunque sea duro el camino.." Canción de extras		]]></document>
	<document><![CDATA[Porque en Perú también tenemos guapos y también los expulsan... Jajajajajajajajajajajajajajaja http://t.co/bikkGtJqao		]]></document>
	<document><![CDATA[Sé que te gustan los Frutsis.		]]></document>
	<document><![CDATA[Haces cada comentario de mal gusto... Deberías moderar tu boca.		]]></document>
	<document><![CDATA[Esperar media hora...		]]></document>
	<document><![CDATA[Pasu mechaaa buenos días! Despierten de una vez que esos parabrisas no se limpian solos.		]]></document>
	<document><![CDATA[Yo comienzo mi día a las 5:30 porque te amo.		]]></document>
	<document><![CDATA[Pa' qué duermo si soy un paquidermo.		]]></document>
	<document><![CDATA[Como cuando me dicen ¿Oye qué piensas hacer con tu vida? Y yo así de: Im too young to woooorry (8)		]]></document>
	<document><![CDATA[Así se comienza mai fren...		]]></document>
	<document><![CDATA[Vete a la consha, por fa.		]]></document>
	<document><![CDATA[Te extraño demasiado, tú sabes quien @username eres.		]]></document>
	<document><![CDATA[Escuchar Floricienta a ésta hora es una mala, muy mala idea ?		]]></document>
	<document><![CDATA[Permíteme me cago en lo que acabas de decir, comper.		]]></document>
	<document><![CDATA[Ésta esquina no es mi esquina, y este amor ya no es mi amor ? *Se va llorando despacio, se va dejando el corazón*		]]></document>
	<document><![CDATA[Si Gianmarco fuese narcotraficante su alias sería "Gian-narco".		]]></document>
	<document><![CDATA[Monsooo adivina quien va a ser director en mi escuela @username nada mas y nada menos oscar topo hdksdhjshdjsdhjlkd		]]></document>
	<document><![CDATA[Hoy tengo ganas de no estar en mi casa.		]]></document>
	<document><![CDATA[No puedo con mi emoción por haber encontrado una canción que he buscado por años.		]]></document>
	<document><![CDATA[Quererte así podría considerarse haram.		]]></document>
	<document><![CDATA[Ella me dijo traaaanqui que nada pasaba.		]]></document>
	<document><![CDATA[Entonceh mami deja el novio que tú tieneh dile que tú no lo quiereh que me prefieres a mi (8)		]]></document>
	<document><![CDATA[El problema es que nunca vas a estar conforme con nada hasta que no sepas qué es lo que verdaderamente quieres.		]]></document>
	<document><![CDATA[Qué mielda que no se pueda escuchar Bonchona en vivo. #Fail		]]></document>
	<document><![CDATA[Recuerdo que me cagaba Río Roma y si ahora los escucho me transformo en la princesa Fiona mientras lloro en un rincón.		]]></document>
	<document><![CDATA[Tranquila yo te voy a cuidar, tranquila, esto se resuelve con un beso y tequila (8)		]]></document>
	<document><![CDATA[@username te extrañoooooooo cuando regresas arepita?!! Ven ya!		]]></document>
	<document><![CDATA[Con el cabello así me parezco a Janis Joplin.		]]></document>
	<document><![CDATA[Me caga la puta rampa de mi estacionamiento, siempre me resbalo en esa huevada :( #RodillaMorada		]]></document>
	<document><![CDATA[@username felicidades pre-universitariaaaaaaa <3 lhdklhalgkhsdgñklhsadgks compartí tus nervios webona		]]></document>
	<document><![CDATA[@username ahí está ;) http://t.co/nLgw5IO8vh		]]></document>
	<document><![CDATA[Ya sé hacer dedo medio en FB TSEA JEJE ????		]]></document>
	<document><![CDATA[Me acuerdo que la señora de la movilidad en Perú odiaba que yo pusiera cumbia, reggaeton o Kiss Jajajajajajajajaja #KnightsInSatansService		]]></document>
	<document><![CDATA[Alguien que me bese la rodilla porque me caí. ESO ????		]]></document>
	<document><![CDATA[Sin piedad, esa es la actitud!		]]></document>
	<document><![CDATA[Para mí es un placer conocerte, dime tu nombre que algo quiero proponerte.		]]></document>
	<document><![CDATA[Desde cero.		]]></document>
	<document><![CDATA[@username jajajajajajaja ahora sí voy a parecer una emo de verdad con este tutorial ;)		]]></document>
	<document><![CDATA[Debería estar en medio de ellos dos y ser un hermoso sándwich. Que tieeerno <3 http://t.co/paxLctwnX6		]]></document>
	<document><![CDATA[Wasuuuuu ya tenía tiempo que no veía doramas, me voy a llorar, comper.		]]></document>
	<document><![CDATA[Cosas que me hacen el día y los covers de Álvaro Clemente ????????????		]]></document>
	<document><![CDATA[Fue el mejor sueño.		]]></document>
	<document><![CDATA[“@username: Nadie me quiere prestar la tv para ver los teen choice :(((” estoy igual :(		]]></document>
	<document><![CDATA[Me importas tú, y tú, y tú y nadie más que tú...		]]></document>
</author>