<?xml version="1.0" encoding="UTF-8" standalone="no"?><author id="user449">
	<document><![CDATA[“@username: During your lifetime, you will produce enough saliva to fill two home-sized swimming pools.” Tf ????		]]></document>
	<document><![CDATA[Is cold denna bitch in here.		]]></document>
	<document><![CDATA[My roommate in the living room crying & I'm laying on my floor in my room getting weak at all kinds of shit & ignoring her. #ImBoogish		]]></document>
	<document><![CDATA[@username nooo. Lmao. I'm laughing at shit on twitter.		]]></document>
	<document><![CDATA[@username idgaf. If somethin wrong, my door wide Tf open. She can come talk to me. Not sit in there & cry for attention.		]]></document>
	<document><![CDATA[@username foreal. Now she "taking a shower"		]]></document>
	<document><![CDATA[@username lol but now I gotta peeee.		]]></document>
	<document><![CDATA[@username lol idk she just don't take a shower with the door open like I do. Lol		]]></document>
	<document><![CDATA[@username lmao. How u know?? She is a lil bit.		]]></document>
	<document><![CDATA[@username Goodmorning boooo		]]></document>
	<document><![CDATA[I guess everyone had a shitty year. Lmaoooo. I didn't, my shit was on point & I'm finna bring 2014 in with a bang. ???????? #I'llDrinkToThat ????????????		]]></document>
	<document><![CDATA[@username this shit came CLUTCH, I was wondering the same thing		]]></document>
	<document><![CDATA[@username mee too. My thirsty ass. Lmao.		]]></document>
	<document><![CDATA[@username I think my whole TL wanted to know.		]]></document>
	<document><![CDATA[Grey Goose is one of my favs toooo. #AlcoholicProbbss		]]></document>
	<document><![CDATA[@username turn Tf up.		]]></document>
	<document><![CDATA[My plans for tonight >>>>>>>		]]></document>
	<document><![CDATA[My nails are soo short now....... ???? #FuckWork		]]></document>
	<document><![CDATA[“@username: Laughing for an hour can burn as many calories as lifting weights for 30 minutes.” This why I skinny denna bitch. ????????		]]></document>
	<document><![CDATA[This bottle of Ciroc soo damn pretty.		]]></document>
	<document><![CDATA[@username I'm not off work yet. But that bitch finna be gone in like a hour. Lmao.		]]></document>
	<document><![CDATA[@username ayeeeeee we look cute. I like this picture.		]]></document>
	<document><![CDATA[The Ice King is a lowkey rapist.		]]></document>
	<document><![CDATA[Adventure Time >>>>> I love this show. ??		]]></document>
	<document><![CDATA[The Ice King is the thirstiest nigga on tv.		]]></document>
	<document><![CDATA[No I'm not the girl you thought you knew & thought you wanted. ????		]]></document>
	<document><![CDATA[No I'm not an angel but at least I'm tryin.		]]></document>
	<document><![CDATA[This Beyonce cd & the videos >>>>> I'm hooked like a bitch.		]]></document>
	<document><![CDATA[Getting new make up >>>>>>>> ????????		]]></document>
	<document><![CDATA[I'm not gona a be a MAC girl like my moma, I'm steering more towards Smashbox. I den brought to much Smashbox cosmestics anyways.		]]></document>
	<document><![CDATA[I'm such an alcoholic it makes no sense.		]]></document>
	<document><![CDATA[When people always worried about what somebody else is doing <<< MIND YO DAMN BUSINESS BITCH ????		]]></document>
	<document><![CDATA[My phone is a piece!!		]]></document>
	<document><![CDATA[You never know how much you like someone until they leave for a couple days. ????		]]></document>
	<document><![CDATA[The ice king get on my got damn mutha fuckin nerves.		]]></document>
	<document><![CDATA[That episode when Lumpy Space Princess got jumped by them wolves had me in fuckin tears. ???????????? #ImSuchAKid		]]></document>
	<document><![CDATA[People are really participating in this selfie Olympic crap???......... ????????		]]></document>
	<document><![CDATA[I hate it when I can't sleep & I want to.		]]></document>
	<document><![CDATA[I woke up to a dead ass phone. ????		]]></document>
	<document><![CDATA[& no charger.		]]></document>
	<document><![CDATA[@username I be like stfu bitch!! That shit wasn't even funny.		]]></document>
	<document><![CDATA[@username lol cause she a stupid bitch with that ugly ass red hair.		]]></document>
	<document><![CDATA[If these kids don't SHUT THE FUCK UP!!! I'm tryna relax on my lunch break. White people let they kids do WTF they want. Pop them fuckers. ????		]]></document>
	<document><![CDATA[@username I'm finna pop they ass my damn self.		]]></document>
	<document><![CDATA[@username FOREAL & they parents can catch the hands too. Tf.		]]></document>
	<document><![CDATA[I love sleeping in & I don't have to be to with until 5 ????		]]></document>
	<document><![CDATA[“@username: People with stronger friendships have the greater ability to communicate strictly through facial expressions.” @username		]]></document>
	<document><![CDATA[I'm finna go to the sprint store & set some shit off. ????		]]></document>
	<document><![CDATA[@username no I  was in the drive thru & u was carrying a bag of something & walking by.		]]></document>
	<document><![CDATA[@username lol I don't. I'm sitting here right now.		]]></document>
	<document><![CDATA[@username I'm sitting here boy. We sitting in the back.		]]></document>
	<document><![CDATA[@username the store nigga. We'll the side/back.		]]></document>
	<document><![CDATA[@username lol foreal!  you at work??		]]></document>
	<document><![CDATA[Who tryna but me a Pomeranian tho??		]]></document>
	<document><![CDATA[You showed me love was all you needed.		]]></document>
	<document><![CDATA[@username lol I'm bored  as shit.		]]></document>
	<document><![CDATA[@username I know. I'm just ready to go.		]]></document>
	<document><![CDATA[@username @username when do u come back?		]]></document>
	<document><![CDATA[My parents buying a house before my daddy leave= that Audi Q5 will be mine!!!!!! ????		]]></document>
	<document><![CDATA[@username @username @username no the cafe now. FUCK THE UC.		]]></document>
	<document><![CDATA[@username @username @username lol I'm Jp. As long as I get my chick fil a. I'm good.		]]></document>
	<document><![CDATA[@username @username @username tiff took the words right from my mouth. Lmaoooo.		]]></document>
	<document><![CDATA[Who turns up on a Sunday tho???........		]]></document>
	<document><![CDATA[MY ROOMMATE DONT EVER TAKE THE FUCKIN TRASH OUT OR CLEAN SHIT. I BEEN CLEAIN THIS WHOLE MUTHAFUCKIN ROOM SINCE DAY 1. Tf. ????????		]]></document>
	<document><![CDATA[& IF I DONT CLEAN THE SHIT STAY DIRTY. I CANT LIVE LIKE THAT.		]]></document>
	<document><![CDATA[@username lol I def can't do that. She pays tuition just like I do.		]]></document>
	<document><![CDATA[Teen Wolf tonight BITCHESSS! ????		]]></document>
	<document><![CDATA[I want more tattoos.		]]></document>
	<document><![CDATA[I want another MK watch. I need a collection, that consist of like 6 MK watches. 3 gold & 3 pink gold. ????		]]></document>
	<document><![CDATA[@username no text it to me.		]]></document>
	<document><![CDATA[This nigga would get in the shower as soon as I get here. ????		]]></document>
	<document><![CDATA[Gaps are not fuckin cute. Get some braces. ????		]]></document>
	<document><![CDATA[I think ima start going to the gym again.		]]></document>
	<document><![CDATA[My roommate always breakin the thermostat tryna have it on 60 when it's cold af outside.		]]></document>
	<document><![CDATA[Why Tf does Lady Rainicorn speak Korean??.......		]]></document>
	<document><![CDATA[My mom is such a cutie. ??		]]></document>
	<document><![CDATA[Underneath the pretty face is something complicated. ???? http://t.co/tPuhyctyOx		]]></document>
	<document><![CDATA[College ain't do shit but make me stay up later than I usually would. I went from going to bed at 9 to going to bed at 2.		]]></document>
	<document><![CDATA[My LRT >>>>>>>> kind of shit I want.		]]></document>
	<document><![CDATA[I guess I can go to bedddd.		]]></document>
	<document><![CDATA[Someone like me can't be rich & miserable cause all I do is spend money. I love having new shit. #MyAddiction		]]></document>
	<document><![CDATA[Cry babies on twitter <<<<<		]]></document>
	<document><![CDATA[I hate when I'm at work & these "Men" underestimate my abilities cause ima female.		]]></document>
	<document><![CDATA[Some food, a long bath, & some chocolate is screaming my name. #NeedIt		]]></document>
	<document><![CDATA[I wish ol girl would stop snap chatting me. We ain't friends. & if you sending mass snap chats don't click on my name. Tf.		]]></document>
	<document><![CDATA[I just want to go to my room & take these fuckin clothes off.		]]></document>
	<document><![CDATA[Work today <<<<<< ????		]]></document>
	<document><![CDATA[I'm not hungry but I want to eat. #FatGirlProbss		]]></document>
	<document><![CDATA[Tf is going on now, I'm always lost like a bitch. ????		]]></document>
	<document><![CDATA[It's always some bullshit I swear.		]]></document>
	<document><![CDATA[Soooo niggas come back to Texan & think it's okay to be obnoxiously loud. #SettleDownBitches		]]></document>
	<document><![CDATA[I have to open tomorrow & I can't sleep. Fml ????????		]]></document>
	<document><![CDATA[Ima be tooo tired at work.		]]></document>
	<document><![CDATA[Everybody in my family is soft spoken EXCEPT for my Moma & my ghetto ass lil sisters. Them hoes loud af.		]]></document>
	<document><![CDATA[SHAMELESS IS BACK BITCHESSSSS!! I will be tuned in this Sunday.		]]></document>
	<document><![CDATA[Finna take the best nap of my life.		]]></document>
	<document><![CDATA[My baby Tiffany is backkkk. I missed herrrrrrrrrr. ???? @username		]]></document>
	<document><![CDATA[Turn up tonight of nahh?? I still gotta finish that Ciroc from New Years.		]]></document>
	<document><![CDATA[Omari in his room singing his heart out. Lmaooo. I'm TOOO weak. ????????????????????		]]></document>
	<document><![CDATA[Ain't shit change, these hoes still rachett af.		]]></document>
</author>