<?xml version="1.0" encoding="UTF-8" standalone="no"?><author id="user604">
	<document><![CDATA[? In A Different Place – Ride http://t.co/SEyjfC4CHj #NowPlaying		]]></document>
	<document><![CDATA[The Lively Ones -  Pipeline: http://t.co/QTAq0AfEuh via @username		]]></document>
	<document><![CDATA[? Bed for the Scraping – Fugazi http://t.co/YnRC5cuE3i #NowPlaying		]]></document>
	<document><![CDATA[I trendsetter di @username - "@username: Pitchfork is launching a print magazine after being online for 17 years http://t.co/DgCAA38FC9"		]]></document>
	<document><![CDATA["Moby – Innocents" http://t.co/5E5wH1G47V  #dischidisegnati		]]></document>
	<document><![CDATA[OMG - @username: Manchester City 6-0 Tottenham FT: Shots (OT) 15(10) - 13(5), Possession 47% - 53% http://t.co/uSOPjxL004		]]></document>
	<document><![CDATA[? New Intro – Drive Like Jehu http://t.co/wCBjKu3NuI #NowPlaying		]]></document>
	<document><![CDATA[? Soundhead – LoOp http://t.co/wR8RhkHJB5 #NowPlaying		]]></document>
	<document><![CDATA[Spandau Ballet - To Cut A Long Story Short ( 12 Inch Version ): http://t.co/BdMTUBiE53 via @username		]]></document>
	<document><![CDATA[? Totally Boneless!!! – Giraffes? Giraffes! http://t.co/eFplDRecwM #NowPlaying		]]></document>
	<document><![CDATA[@username Type O Negative epocale.		]]></document>
	<document><![CDATA[Check out The Feelies – Raised Eyebrows http://t.co/60BIZcn9s3 via @username		]]></document>
	<document><![CDATA[? A Peculiar Noise Called "Train Director" – The Olivia Tremor Control http://t.co/uHkigHPQZC #NowPlaying		]]></document>
	<document><![CDATA[? The Olivia Tremor Control http://t.co/FFsOyxtv7S #NowPlaying		]]></document>
	<document><![CDATA[Non male questa versione. ? Theme De Yoyo – The Cinematic Orchestra http://t.co/oPmnK4PyWJ #NowPlaying		]]></document>
	<document><![CDATA[I just made the tackiest holiday sweater. Ever. Vote for me and it could get made! #sweatergenerator http://t.co/63B9JleJqg		]]></document>
	<document><![CDATA[? Limit To Your Love – James Blake http://t.co/atIteKNgAq #NowPlaying		]]></document>
	<document><![CDATA[? Black No. 1 (Little Miss Scare -All) – Type O Negative http://t.co/WLrTMnYkAr #NowPlaying		]]></document>
	<document><![CDATA[? Straight – Unsane http://t.co/50pePjWsxO #NowPlaying		]]></document>
	<document><![CDATA[? Eat My Dust You Insensitive F*** – Catherine Wheel http://t.co/8K8PQvsvm8 #NowPlaying		]]></document>
	<document><![CDATA[#NowPlaying Chaosmongers by Voivod on @username: http://t.co/inmTLZn8Ys		]]></document>
	<document><![CDATA[#NowPlaying Forgotten In Space by Voivod on @username: http://t.co/FfTWvnHf00		]]></document>
	<document><![CDATA[#NowPlaying Life Round Here by James Blake on @username: http://t.co/hMU0EtMnla		]]></document>
	<document><![CDATA[#NowPlaying Voyeur by James Blake on @username: http://t.co/ed664bmzfw		]]></document>
	<document><![CDATA[THE AVALANCHES   Since i left you: http://t.co/jaUZYMDELz via @username		]]></document>
	<document><![CDATA[#NowPlaying Electricity by The Avalanches on @username: http://t.co/8ALJkjWiiG		]]></document>
	<document><![CDATA[TRIVIA: che c'entra Nanni Moretti? ? Frontier Psychiatrist – The Avalanches http://t.co/TRd04gvtO2 #NowPlaying		]]></document>
	<document><![CDATA[#NowPlaying Morning and a Day by Boom Bip on @username: http://t.co/ERkg8sHYq7		]]></document>
	<document><![CDATA[#NowPlaying Through Hollow Lands (2004 Digital Remaster) by Brian Eno on @username: http://t.co/QmhEW1deDQ		]]></document>
	<document><![CDATA[#NowPlaying Limit To Your Love by James Blake on @username: http://t.co/yU1npaR1jT		]]></document>
	<document><![CDATA[#NowPlaying Gattini by Altro on @username: http://t.co/6b0BEAKEfO		]]></document>
	<document><![CDATA[#NowPlaying Chiaramente by Altro on @username: http://t.co/QpjHIA5OsN riff tipo water dei #blonderedhead		]]></document>
	<document><![CDATA[#NowPlaying Sooner or Later (Time) by Mamavegas on @username: http://t.co/XeesoZZ4yO		]]></document>
	<document><![CDATA[Be Forest - Colours by WWNBB collective via #soundcloud https://t.co/8IRk0wyHzu		]]></document>
	<document><![CDATA[#NowPlaying The Saddest Song by Morphine on @username: http://t.co/lUPTPkiGmD  [best song ever]		]]></document>
	<document><![CDATA[Have you heard ‘I Cani - Non C'è Niente Di Twee (Plastic Health Twipolar Remix)’ by .Plastic Health on #SoundCloud? https://t.co/9P1oAjQmN3		]]></document>
	<document><![CDATA[#NowPlaying The Sad Skinhead (2006 Digital Remaster) by Faust on @username: http://t.co/HKQPF8HpIG		]]></document>
	<document><![CDATA[Ireland 2011: an Epic Fáil « World Elections [title #win] http://ff.im/-z9t4Y		]]></document>
	<document><![CDATA[? Let's All Dance - Italian Version – Band Of Jocks http://t.co/1k1nCAvggd #NowPlaying		]]></document>
	<document><![CDATA[? Let The Music Play – Shannon http://t.co/3dNXINICnR #NowPlaying		]]></document>
	<document><![CDATA[? Il Veliero - Extended Version – The Chaplin Band http://t.co/Z1Nrlu3xcR #NowPlaying		]]></document>
	<document><![CDATA[? Brother – The Organ http://t.co/OZL0wSVlts #NowPlaying		]]></document>
	<document><![CDATA[WIP ? Unexpected80s by Vittorio Iacovella http://t.co/nfA9hdHWd7 #NowPlaying		]]></document>
	<document><![CDATA[Slowdive - Space Station http://t.co/2rmHdcurGK via @username		]]></document>
	<document><![CDATA[Pink Floyd - Let There Be More Light http://t.co/8xPpV3HeUU via @username		]]></document>
	<document><![CDATA[Gran pezzo. ? By the Rivers Edge – Jeremy Jay http://t.co/3JgHKZbS6P #NowPlaying		]]></document>
	<document><![CDATA[? Death to Our Friends – Sonic Youth http://t.co/n77zJHcVDN #NowPlaying		]]></document>
	<document><![CDATA[? Always Afraid – Crystal Antlers http://t.co/UICQOOex6q #NowPlaying		]]></document>
	<document><![CDATA[? Constantly Changing – Young Marble Giants http://t.co/nsVQyKlV2V #NowPlaying		]]></document>
	<document><![CDATA[Pooh - Parsifal http://t.co/v4OBpBmxC9 via @username		]]></document>
	<document><![CDATA[? #3 – Aphex Twin http://t.co/iwBxDa1G5P #NowPlaying		]]></document>
	<document><![CDATA[? The Bends – Radiohead http://t.co/5EgDS6BQz7 #NowPlaying		]]></document>
	<document><![CDATA[? Where I End And You Begin – Radiohead http://t.co/Qsj3fxkBqa #NowPlaying		]]></document>
	<document><![CDATA[? Like Spinning Plates - Live – Radiohead http://t.co/q07X8szwM4 #NowPlaying		]]></document>
	<document><![CDATA[? The Photographer: "A Gentleman's Honor" - Vocal – Michael Riesman,Philip Glass Ensemble,Paul Zukofsky http://t.co/Tv4fma8aqJ #NowPlaying		]]></document>
	<document><![CDATA[? Hand In Glove - 2011 Remastered Version – The Smiths http://t.co/1TpFyQECEd #NowPlaying		]]></document>
	<document><![CDATA[Coldplay - Midnight: http://t.co/LuEODufKaK via @username		]]></document>
	<document><![CDATA[? Free Trading – Ryuichi Sakamoto http://t.co/UJClTj22ao #NowPlaying		]]></document>
	<document><![CDATA[? By the Rivers Edge – Jeremy Jay http://t.co/O64xKyJ3Y0 #NowPlaying		]]></document>
	<document><![CDATA[? Ghost Dance – Be Forest http://t.co/DiNDns27ka #NowPlaying		]]></document>
	<document><![CDATA[? Airwaves – Be Forest http://t.co/OnPhoGdKtx #NowPlaying		]]></document>
	<document><![CDATA[Italy’s Killer Boytoys Target Cougars http://t.co/DMWcBxUnG0 via @username		]]></document>
	<document><![CDATA[Per amanti degli Spiral Architect ? Andres Degovia Interests Me – The Fucking Champs http://t.co/P1PUkVbEaX #NowPlaying		]]></document>
	<document><![CDATA[? Heart Ache – Jesu http://t.co/K1wopNLJZi #NowPlaying		]]></document>
	<document><![CDATA[Frank Underwood Kevin Spacey Confuses Us All with Awesome Oscar Cameo: http://t.co/v4fcwhebp3 via @username		]]></document>
	<document><![CDATA[? Curse Of The Tooth Nightmare – Giraffes? Giraffes! http://t.co/B2oZ6Mt9ao #NowPlaying		]]></document>
	<document><![CDATA[Time Warp: See 10 Oscar Nominees Posing with Their Younger Selves http://t.co/9vs1dj8o1h		]]></document>
	<document><![CDATA[The Writer, Seducer, Aviator, Proto-Fascist, Megalomaniac Prince Who Shaped Modern Italy via @username http://t.co/h5QKlyinSb tnx to @username		]]></document>
	<document><![CDATA[? Where the Night Goes – Lilys http://t.co/oQr91DLxF7 #NowPlaying		]]></document>
	<document><![CDATA[? The Night Sun Over San Juan – Lilys http://t.co/jyiBiSgch5 #NowPlaying		]]></document>
	<document><![CDATA[c'ho una nuova fissa? ? Everything Wrong Is Imaginary – Lilys http://t.co/YcJtsjwHsj #NowPlaying		]]></document>
	<document><![CDATA[Taraf De Haidouks - Balkan Gypsy Folk  Music: http://t.co/MDmbc41NF4 via @username		]]></document>
	<document><![CDATA[Mogees - Play the World by Bruno Zamborlin http://t.co/EfuvyUNK2n via @username		]]></document>
	<document><![CDATA[10 year old kid plays Mogees: http://t.co/m7NLaUrlXD via @username		]]></document>
	<document><![CDATA[? Of Information & Belief – JUNE OF 44 http://t.co/Qvqaolck9u #NowPlaying		]]></document>
	<document><![CDATA["Aho, co' 'sto Jeremy Jay ce lo hai fatto a peperini" #jeremyjay ? By the Rivers Edge – Jeremy Jay http://t.co/O64xKz1dc8 #NowPlaying		]]></document>
	<document><![CDATA[EUROPEE. NENCINI A VENDOLA: LASCIA TSPIRAS. IN TEMPO PER DARE UNITA'  ALLA SINISTRA RIFORMISTA: http://t.co/2Z7fewP1G9		]]></document>
	<document><![CDATA[This is what robot strippers look like http://t.co/Z3KBHohNjP via @username		]]></document>
	<document><![CDATA[A Beginner's Guide to Italian Wine | Serious Eats: Drinks: http://t.co/Pnv5g4cMYe		]]></document>
	<document><![CDATA[? Cruiser’s Creek – The Fall http://t.co/9KUZwa2T67 #NowPlaying		]]></document>
	<document><![CDATA[I scored 3068 points at 2048, a game where you join numbers to score high! #2048game http://t.co/q8Ji44afdA via @username		]]></document>
	<document><![CDATA[? L.A. – The Fall http://t.co/WpycQZdYRH #NowPlaying		]]></document>
	<document><![CDATA[How to fix AC Milan http://t.co/RCH1eR6Kne		]]></document>
	<document><![CDATA[What the Fox Knows [welcome @username ]		]]></document>
	<document><![CDATA[Your essential ‘how-to’ guide to choosing article titles http://t.co/1ursu20F4W		]]></document>
	<document><![CDATA[Despite what you've been told, you aren't 'left-brained' or 'right-brained' | Amy Novotney http://t.co/zhvwze7u2k via @username		]]></document>
	<document><![CDATA[? Ghost Dance – Be Forest http://t.co/DiNDns27ka #NowPlaying		]]></document>
	<document><![CDATA[I found my #FirstTweet: https://t.co/5zZGCzDlH5. What was yours? http://t.co/GhKw1SFSEF		]]></document>
	<document><![CDATA[#approfondirecapolavori ? Down Colorful Hill – Red House Painters http://t.co/KkdBFBghDm #NowPlaying		]]></document>
	<document><![CDATA[America - Ventura Highway (with lyrics): http://t.co/hyNmisIe8s via @username		]]></document>
	<document><![CDATA[Donuts Only - Parquet Courts: http://t.co/Ub2964OVQH		]]></document>
	<document><![CDATA[Led Zeppelin - Stairway to Heaven cover by Harp Twins Camille and Kennerly - http://t.co/uDAnroCp7C via @username		]]></document>
	<document><![CDATA[Comic Sans, meet Comic Neue. http://t.co/OT334Zrojp		]]></document>
	<document><![CDATA[Player Focus: In Form Italy Strikers Giving Prandelli Selection Dilemma by @username via @username - http://t.co/eDIb0Rh58f		]]></document>
	<document><![CDATA[What a game! And @username twitter account is just terrific!		]]></document>
	<document><![CDATA[Have you heard ‘La Via Degli Astronauti - Storie’ by fallodischi on #SoundCloud? https://t.co/BzVsBG3EKd		]]></document>
	<document><![CDATA[? Into the Groovey – Sonic Youth (Ciccone Youth) http://t.co/pg1syNnaY2 #NowPlaying		]]></document>
	<document><![CDATA[? Stars Are Our Home – Black Hearted Brother http://t.co/TwTjXoY2d8 #NowPlaying		]]></document>
	<document><![CDATA[Black Hearted Brother - Stars Are Our Home :: Le recensioni di OndaRock http://t.co/b4pgXDXCOM		]]></document>
	<document><![CDATA[Radiohead Fan Speaks Out - http://www.bbc.co.uk/comedy/clips/p00fhw6y/spout_radiohead_fan_speaks_out/ #LoL #tkol		]]></document>
</author>