<?xml version="1.0" encoding="UTF-8" standalone="no"?><author id="user806">
	<document><![CDATA[Just posted a photo http://t.co/96nT74JE		]]></document>
	<document><![CDATA[I just unlocked the "Newbie" badge on @username! http://t.co/v6IBsOIX		]]></document>
	<document><![CDATA[Il mio nuovo aula studio! :) (@username Busters Coffee w/ 2 others) [pic]: http://t.co/0DmH4rMu		]]></document>
	<document><![CDATA[Studio (duecentesimo tweet) :D (@username Busters Coffee) http://t.co/b7rtjcAx		]]></document>
	<document><![CDATA[Studio (@username Busters Coffee w/ 2 others) [pic]: http://t.co/OS03AQlZ		]]></document>
	<document><![CDATA[I just unlocked the "Adventurer" badge on @username! http://t.co/amZ41H0d		]]></document>
	<document><![CDATA[Si mangia :D (@username Wok'N Roll™ Noodle and Sushi Bar) [pic]: http://t.co/ozXnFU37		]]></document>
	<document><![CDATA[I just unlocked the "Local" badge on @username! http://t.co/LtAK7Abm		]]></document>
	<document><![CDATA[Merenda :D (@username Busters Coffee w/ 3 others) [pic]: http://t.co/tv6FGiPh		]]></document>
	<document><![CDATA[Che sonno		]]></document>
	<document><![CDATA[Body attack (@username Orange Palestra) http://t.co/hBWOYmyv		]]></document>
	<document><![CDATA[Stasera body pump (@username Orange Palestra) [pic]: http://t.co/bbypll8i		]]></document>
	<document><![CDATA[Body step (@username Orange Palestra) [pic]: http://t.co/1fhhsOYF		]]></document>
	<document><![CDATA[Body attack (@username Orange Palestra) http://t.co/ooJka85j		]]></document>
	<document><![CDATA[I just unlocked the "Super User" badge on @username! http://t.co/wOqkaDTf		]]></document>
	<document><![CDATA[Compere :) (@username Apple Store w/ 2 others) [pic]: http://t.co/0mxa3hkW		]]></document>
	<document><![CDATA[I just unlocked the "Chivas USA" badge on @username! http://t.co/01jYR678		]]></document>
	<document><![CDATA[I just unlocked the "Explorer" badge on @username! http://t.co/J1a8IXHV		]]></document>
	<document><![CDATA[I just unlocked the "Gym Rat" badge on @username! http://t.co/b6iJd2AF		]]></document>
	<document><![CDATA[I'm at Area12 Shopping Center (Torino, TO) [pic]: http://t.co/TPTTMC08		]]></document>
	<document><![CDATA[I just ousted @username as the mayor of Orange Palestra on @username! http://t.co/Y44BEWad		]]></document>
	<document><![CDATA[Cappuccino :) (@username Busters Coffee) http://t.co/N96UYhsY		]]></document>
	<document><![CDATA[I just became the mayor of Circus Outlet on @username! http://t.co/37ThCkqG		]]></document>
	<document><![CDATA[I'm at Circus Outlet http://t.co/BnGS1Xey		]]></document>
	<document><![CDATA[@username invece si		]]></document>
	<document><![CDATA[Caffè busters. (@username Busters Coffee) http://t.co/xPQvZRtw		]]></document>
	<document><![CDATA[Iniziamo bene...Buongiorno :) (@username Busters Coffee) [pic]: http://t.co/yAGx48Vo		]]></document>
	<document><![CDATA[To rome with love...fantastico film...fantastico Roma :) http://t.co/m2Bl7RfK		]]></document>
	<document><![CDATA[Body attack... (@username Orange Palestra) http://t.co/1VfJ6T8H		]]></document>
	<document><![CDATA[Cheeseburger scomposto...buon appetito :D http://t.co/UxXLLyTV		]]></document>
	<document><![CDATA[?? Listening to #SomebodyThatIUsedToKnow by #MaxScneider with @username ?? http://t.co/DkjctVUt		]]></document>
	<document><![CDATA[I just ousted Paolo B. as the mayor of Orange Palestre on @username! http://t.co/Y44x7m9j		]]></document>
	<document><![CDATA[I'm at McDonald's (Torino, Piemonte) [pic]: http://t.co/34sMoFBr		]]></document>
	<document><![CDATA[I'm at Biblioteca Nazionale (Torino, Italy) w/ 2 others [pic]: http://t.co/EZhmBGp7		]]></document>
	<document><![CDATA[I'm at Orange Palestre (Torino, TO) http://t.co/Wi1ebKEX		]]></document>
	<document><![CDATA[@username beh allora faccio coming out...anch'io ho gli album dei #onedirection nella playlist...tra i coldplay e lady gaga xD @username		]]></document>
	<document><![CDATA[I'm at Orange Palestre (Torino, TO) http://t.co/aiGaxoa1		]]></document>
	<document><![CDATA[I'm at Orange Palestre (Torino, TO) http://t.co/tymlefrn		]]></document>
	<document><![CDATA[I'm at Shopville Le Gru (Grugliasco, TO) w/ 2 others http://t.co/WgoqD8ke		]]></document>
	<document><![CDATA[I'm at Orange Palestre (Torino, TO) http://t.co/oeWoCKkP		]]></document>
	<document><![CDATA[I just unlocked the "Trainspotter" badge on @username for checking in at trains and subway stations! http://t.co/ggAD1Pp8		]]></document>
	<document><![CDATA[I just unlocked the "Fresh Brew" badge on @username for checking in at coffee shops! http://t.co/IH2TIsCZ		]]></document>
	<document><![CDATA[I'm at Orange Palestre (Torino, TO) http://t.co/jmDEuJML		]]></document>
	<document><![CDATA[I'm at Orange Palestre (Torino, TO) http://t.co/KDEMiqws		]]></document>
	<document><![CDATA[@username mitica buffy :)		]]></document>
	<document><![CDATA[I just unlocked the "Superstar" badge on @username for checking in to fifty different places! http://t.co/xNl0aT3E		]]></document>
	<document><![CDATA[A vedere biancaneve...non quello sotto i nani w/ @username and giogio (@username IDEAL Cityplex w/ 3 others) http://t.co/4He7FY0P		]]></document>
	<document><![CDATA[Morgan fox...che gnocca che è Jennifer's Body		]]></document>
	<document><![CDATA[I'm at Orange Palestre (Torino, TO) http://t.co/PHCpLSGz		]]></document>
	<document><![CDATA[I'm at Orange Palestre (Torino, TO) http://t.co/q6VTHo5s		]]></document>
	<document><![CDATA[Hollywood Tower  @username Movieland Studios http://t.co/FIp8Oz7m		]]></document>
	<document><![CDATA[@username Salò W/ @usernamedoude86 @usernamer3try @usernameguybrysh http://t.co/fHxYwRFM		]]></document>
	<document><![CDATA[I'm at Pizzeria Don Camillo w/ 4 others http://t.co/3R2B5tvS		]]></document>
	<document><![CDATA[The Crane #origami http://t.co/nmEW6f8l		]]></document>
	<document><![CDATA[@username che schifo O.o		]]></document>
	<document><![CDATA[I just unlocked the "Photogenic" badge on @username! Say cheese! http://t.co/PsKSewQE		]]></document>
	<document><![CDATA[I just reached Level 2 of the "Trainspotter" badge on @username. I’ve checked in at 5 different stations! http://t.co/n1DTwEyo		]]></document>
	<document><![CDATA[Ho appena usato #Shazam per taggare As Long As You Love Me di Justin Bieber Feat. Big Sean. http://t.co/4XQtPONc		]]></document>
	<document><![CDATA[I just unlocked the "Zoetrope" badge on @username for checking in to movie theaters! #FilmBuff http://t.co/AMFVKGrS		]]></document>
	<document><![CDATA[I'm at Area12 Shopping Center (Torino, TO) http://t.co/SJGY7W3X		]]></document>
	<document><![CDATA[Queen of the night  http://t.co/qHU59pxu		]]></document>
	<document><![CDATA[I'm at Orange Palestre (Torino, TO) http://t.co/3vTXN4zW		]]></document>
	<document><![CDATA[Jolly Molly Jolly Molly Jolly Molly Jolly Molly Jolly Molly Jolly Molly		]]></document>
	<document><![CDATA[@username semplice... Linux batte Windows :)		]]></document>
	<document><![CDATA[@username Why "invalida"? @username		]]></document>
	<document><![CDATA[@username ma grazie ^_^ the same to you :))) hugs :-*		]]></document>
	<document><![CDATA[I just unlocked the “Mall Rat” badge on @username for checking in at malls! Time for a fancy pretzel. http://t.co/eyOEy25I		]]></document>
	<document><![CDATA[I'm at Orange Palestre (Torino, TO) http://t.co/XZghQDCg		]]></document>
	<document><![CDATA[I just unlocked the Back to School badge on @username for checking in back on campus! Time to party! Er, study. http://t.co/9081CLcE		]]></document>
	<document><![CDATA[I'm at Politecnico di Torino (Torino, TO) w/ 6 others http://t.co/BVfjfOCN		]]></document>
	<document><![CDATA[I'm at Inside Quadrilatero (Turin) http://t.co/yVJEWQ7p		]]></document>
	<document><![CDATA[http://t.co/6AlEab1B - Watch my video on #twitvid		]]></document>
	<document><![CDATA[Jacob's Theme Twilight - Howard Shore http://t.co/H0ZfjJ0G		]]></document>
	<document><![CDATA[I'm at Politecnico di Torino (Torino, TO) w/ 6 others http://t.co/p3sR7oUx		]]></document>
	<document><![CDATA[I'm at Orange Palestre (Torino, TO) http://t.co/8ki8qTJ2		]]></document>
	<document><![CDATA[Miami Iced Tea, Japanese & Jamaica @username Shore http://t.co/XXmszC4l		]]></document>
	<document><![CDATA[Work (@username New York Company) http://t.co/fRzIk04W		]]></document>
	<document><![CDATA[Work... (almeno mi distraggo) (@username New York Company) http://t.co/dDTKyfKf		]]></document>
	<document><![CDATA[I just ousted Alessandro C. as the mayor of New York Company on @username! http://t.co/nSNvDbOV		]]></document>
	<document><![CDATA[I just ousted @username as the mayor of Orange Palestre on @username! http://t.co/Y44x7m9j		]]></document>
	<document><![CDATA[I'm at Orange Palestre (Torino, TO) http://t.co/wrPtYJxF		]]></document>
	<document><![CDATA[For you http://t.co/4Ccm2emM		]]></document>
	<document><![CDATA[“When it is obvious that the goals cannot be reached, don’t adjust the goals, adjust the steps.” — Confucius		]]></document>
	<document><![CDATA[I'm at Orange Palestre (Torino, TO) http://t.co/8yAs5p82		]]></document>
	<document><![CDATA[I'm at New York Company (Ciriè, Piemonte) http://t.co/fYXF3JP9		]]></document>
	<document><![CDATA[I'm at Politecnico di Torino (Torino, TO) w/ 2 others http://t.co/Q74OikWX		]]></document>
	<document><![CDATA[Work (@username New York Company) http://t.co/CgpwwCEb		]]></document>
	<document><![CDATA[I need to... http://t.co/NsFMFQiJ		]]></document>
	<document><![CDATA[Work (@username New York Company) http://t.co/iIjZmId5		]]></document>
	<document><![CDATA[#freddo (@username New York Company) http://t.co/ptRat9XG		]]></document>
	<document><![CDATA[Stasera "The Script - Hall of Fame ft. http://t.co/IMFSyNhB" http://t.co/pMJxmj79		]]></document>
	<document><![CDATA[I'm at Orange Palestre (Torino, TO) http://t.co/uGgwS2R5		]]></document>
	<document><![CDATA["I ate all your candy" "It's allright. I just want you to feel happy." @username		]]></document>
	<document><![CDATA[A vedere Red Lights (@username Multisala Reposi) http://t.co/bOlO2u6e		]]></document>
	<document><![CDATA[Working (@username New York Company) http://t.co/mL8qOxn3		]]></document>
	<document><![CDATA[I'm at Old Wild West (Torino, Piemonte) [pic]: http://t.co/PdAMhgVs		]]></document>
	<document><![CDATA[Breakfast (@username Busters Coffee) http://t.co/5JY3xNlE		]]></document>
	<document><![CDATA[@username busters coffee & pancakes :)		]]></document>
	<document><![CDATA[Aphrodite @username Smile Tree http://t.co/5pYu5m0i		]]></document>
	<document><![CDATA[Work (@username New York Company) http://t.co/AAzxNgTq		]]></document>
</author>