<?xml version="1.0" encoding="UTF-8" standalone="no"?><author id="user266">
	<document><![CDATA[@username the sameee		]]></document>
	<document><![CDATA[@username Great!!		]]></document>
	<document><![CDATA[RT @username @username #polecalzones		]]></document>
	<document><![CDATA[@username How the fuck??!!!		]]></document>
	<document><![CDATA[http://t.co/Dx0kUzE7 Home...		]]></document>
	<document><![CDATA[Soft & Hard pa Susana Griso		]]></document>
	<document><![CDATA[Escuchando Bunbury!! Amazing!  @username 
 (@username live on http://t.co/Zsy5Jo5A)		]]></document>
	<document><![CDATA[Alguien en el [Technology Entrepreneurship venture-class] de Stanford? @username@username@username@username		]]></document>
	<document><![CDATA[@username welcome bro!!!		]]></document>
	<document><![CDATA[Man Terrified During Test Drive: http://t.co/NReUX9Eg vía @username		]]></document>
	<document><![CDATA[@username Breaking Bad, Modern Family, Fringe, Luther...		]]></document>
	<document><![CDATA[@username Falso!		]]></document>
	<document><![CDATA[Quiero un set, game, match and season!!		]]></document>
	<document><![CDATA[@username @username @username OK!!		]]></document>
	<document><![CDATA[@username Modern Family, Fringe, Game of thrones		]]></document>
	<document><![CDATA[I'm taking Computer Vision: Reconstruction... a free @username online class. Join me and sign up at  https://t.co/3cxh8tJz		]]></document>
	<document><![CDATA[THE wedding http://t.co/A0w6ZuHp		]]></document>
	<document><![CDATA[Just entered to win a free iPad 2 from @username, enter here http://t.co/M4UCfz6F		]]></document>
	<document><![CDATA[Vamos Bayernnnnn		]]></document>
	<document><![CDATA[Buah ? L.A. Style http://t.co/cW354NrA #Spotify		]]></document>
	<document><![CDATA[Those happy times... ? Miticos http://t.co/kFwBA9wA #Spotify		]]></document>
	<document><![CDATA[@username fuck offfff		]]></document>
	<document><![CDATA[I just signed up for Securing Digital Democracy #digitaldemocracy - a free @username online class. Join me at  https://t.co/sAumAtBs		]]></document>
	<document><![CDATA[Downloading BitNami LAMPStack Stack. Check it out! http://t.co/PRWdufqP		]]></document>
	<document><![CDATA[Downloading BitNami Drupal Stack. Check it out! http://t.co/6FNbsWEP		]]></document>
	<document><![CDATA[@username Uh! Ah!		]]></document>
	<document><![CDATA[First two steps of the @username  test project done! Let's write the howto and let's face the second one!! #Workrules		]]></document>
	<document><![CDATA[Fighting with HTTPPosts creating a Resource Space @username module. Let's check the debugger. #Ilovethisgame		]]></document>
	<document><![CDATA[@username No soy soso en twitter!! :@username		]]></document>
	<document><![CDATA[Got involved in Securing Digital Democracy course at https://t.co/eRJQphRN		]]></document>
	<document><![CDATA[Cracks!
RT @username: Google adquiere VirusTotal (Internet) http://t.co/H4doMJtp		]]></document>
	<document><![CDATA[wisdomquality (wisdomquality) is now following me on Twitter!		]]></document>
	<document><![CDATA[Alcabot UAH (alcabot) is now following me on Twitter!		]]></document>
	<document><![CDATA[ele eleni elenita (elenielenita) is now following me on Twitter!		]]></document>
	<document><![CDATA[? Carta A Un Amigo – Hazhe con Sharif, Hazhe, Sharif http://t.co/iqO5r644 #Spotify		]]></document>
	<document><![CDATA[I just signed up for Software Defined Networking #sdn - a free @username online class. Join me at  https://t.co/Fl7dJVYH		]]></document>
	<document><![CDATA[I just signed up for Introduction to Computer Networks #comnetworks - a free @username online class. Join me at  https://t.co/sNjGY35N		]]></document>
	<document><![CDATA[I just signed up for The Hardware/Software Interface #hardware - a free @username online class. Join me at  https://t.co/IQQangFA		]]></document>
	<document><![CDATA[I just signed up for Quantum Mechanics and Quantum Computation #qcomp - a free @username online class. Join me at  https://t.co/jdqGvrTw		]]></document>
	<document><![CDATA[Signed up for Fund. of Personal Financial Planning #financialplanning - a free @username online class. Join me at  https://t.co/gdxCxTeA		]]></document>
	<document><![CDATA[Mark Hyland (deaconmarcus) is now following me on Twitter!		]]></document>
	<document><![CDATA[ATPSocial Innovation (ATPInnovate) is now following me on Twitter!		]]></document>
	<document><![CDATA[Bored of slides? Sign up for a free @username account to stop boring #presentations! http://t.co/MQzfy1e6		]]></document>
	<document><![CDATA[Bored of slides? Sign up for a free @username account to stop boring #presentations! http://t.co/MQzfy1e6		]]></document>
	<document><![CDATA[@username RS485 con ModBus!		]]></document>
	<document><![CDATA[Downloading BitNami WAMP Stack Stack. Check it out! http://t.co/3WOdoDRj1c		]]></document>
	<document><![CDATA[@username Chrome		]]></document>
	<document><![CDATA[I just signed up for Startup Engineering #startup - a free @username online class. Join me at  https://t.co/vFfJEkhMiO		]]></document>
	<document><![CDATA[I just signed up for C++ For C Programmers #cplusplus4c - a free @username online class. Join me at  https://t.co/Hf3xPhWyuo		]]></document>
	<document><![CDATA[? John Coltrane - Original Hits - Jazz http://t.co/5trGhenp7Z #Spotify		]]></document>
	<document><![CDATA[@username @username thepiratebay.se		]]></document>
	<document><![CDATA[@username @username Ferdo sin coche. Según @username QoL (Quality of Life)		]]></document>
	<document><![CDATA[Automatics & Robotics done!!		]]></document>
	<document><![CDATA[@username yeahhh		]]></document>
	<document><![CDATA["Worst one ever" http://t.co/TjKCUogXKa		]]></document>
	<document><![CDATA[Project M.O.J.O http://t.co/0DRIJnnKg9 Good read		]]></document>
	<document><![CDATA[I'm taking Startup Engineering on @username! https://t.co/OHpmWDYIyz #startup
 Haztelo conmigo perra! @username @username		]]></document>
	<document><![CDATA[Wolves http://t.co/4g2elF2YAF		]]></document>
	<document><![CDATA[I hate fucking terror films...		]]></document>
	<document><![CDATA[ShMShesss??? Ni idea.		]]></document>
	<document><![CDATA[@username Has hecho caca?		]]></document>
	<document><![CDATA[Aprrrffffff ? Inferno – Duo Kie http://t.co/cM1qu9NEmo #NowPlaying		]]></document>
	<document><![CDATA[Carli's pool http://t.co/YbXNVbgpsm		]]></document>
	<document><![CDATA["Science is interesting, and if you don´t agree, you can fuck off."		]]></document>
	<document><![CDATA[@username ok. I'm trying to do the online check in but I'm getting an error. Any support phone or email? Dank u wel!		]]></document>
	<document><![CDATA[I just downloaded @username Redmine. Check it out! https://t.co/COhb5cxwka #applicationawesomeness		]]></document>
	<document><![CDATA[Leveraging the Cloud for Development & Testing Environments - Thank You http://t.co/1IX99CVxpc		]]></document>
	<document><![CDATA[Neymar. Subnormal.		]]></document>
	<document><![CDATA[Matlab Project Reporting!!		]]></document>
	<document><![CDATA[Probando tweetdeck4android...		]]></document>
</author>