<?xml version="1.0" encoding="UTF-8" standalone="no"?><author id="user524">
	<document><![CDATA[@username you're going to keep avoiding me, aren't you?		]]></document>
	<document><![CDATA[Que alguien me compre beautiful oblivion & let it snow let it snow & an abundance of katherines :((((((((		]]></document>
	<document><![CDATA[@username seriesly!		]]></document>
	<document><![CDATA[@username not me baby		]]></document>
	<document><![CDATA[@username thank yoou! ??		]]></document>
	<document><![CDATA[@username yayy trending como cada año haha ???? thank you so much dear ??		]]></document>
	<document><![CDATA[@username baby it's my birthday :(		]]></document>
	<document><![CDATA[Salir de seriesly malditosssssss		]]></document>
	<document><![CDATA[Bought two cars today ?? http://t.co/1epwPZ575O		]]></document>
	<document><![CDATA[Went to London & bought this... I love it @username! http://t.co/928LtYfMQz		]]></document>
	<document><![CDATA[@username THANK YOU		]]></document>
	<document><![CDATA[The Notebook on. Twitter off.		]]></document>
	<document><![CDATA[@username he's lydia's new bae #WhatIsParrish		]]></document>
	<document><![CDATA[@username vali mersi haha ?? skype molts cops eh! Or facetime hehehehe ??		]]></document>
	<document><![CDATA[Joseph hiper borracho en el snap HAHAHAHAHA		]]></document>
	<document><![CDATA[this new episode of finding carter omg		]]></document>
	<document><![CDATA[@username despedir-nos? What?		]]></document>
	<document><![CDATA[The Scorch Trials movie is confirmed... @username please be Brenda :(((		]]></document>
	<document><![CDATA[Tagged by @username ????
1. Blair & Chuck
2. Haley & Nathan
3. Felicity & Oliver 
4. Cassie & Sid
5. Annie & Liam http://t.co/oCPPYfwmBF		]]></document>
	<document><![CDATA[@username haha alomejor te dice que te he hecho? ????		]]></document>
	<document><![CDATA[@username only hate the road when you're missing home ????		]]></document>
	<document><![CDATA[“@username: Exclusive: Eva Mendes and Ryan Gosling have welcomed their first child! http://t.co/o6HJqTVcJA http://t.co/Qwox3Hph36” ????????????????????????????????		]]></document>
	<document><![CDATA[CARA DELEVIGNE SERÁ MARGO EN PAPER TOWNS. CON MI NAT WOLFF.		]]></document>
	<document><![CDATA[1 hour later & iOS8 is still downloading...		]]></document>
	<document><![CDATA[How weird is the iOS8.		]]></document>
	<document><![CDATA["Who the hell is Troy?" ????????????????????		]]></document>
	<document><![CDATA[how weird is the new Twitter		]]></document>
	<document><![CDATA[Pero me meo bc Yong Li		]]></document>
	<document><![CDATA[@username aquest any no hi ha ????????????		]]></document>
	<document><![CDATA[Lapsus que me dan y digo Orphan is the new black		]]></document>
	<document><![CDATA[“@username: Guys... Stop yelling about The Scorch Trials. I would if I could but I can't because I'm on this amazing show... You see?" ????		]]></document>
	<document><![CDATA[orphan black season 2 yess		]]></document>
	<document><![CDATA[AAAAHHHHHH QUE HACE PATRICK J. ADAMS EN ORPHAN BLACK?!?! ????????????????????????????????		]]></document>
	<document><![CDATA[So I wonder where were you		]]></document>
	<document><![CDATA[Jessica Chastain ????????????		]]></document>
	<document><![CDATA[“@username: I’m basically just a hopeless romantic with a dirty mind who has high standards” that's me ????		]]></document>
	<document><![CDATA[@username am I right? Yeah I think so		]]></document>
	<document><![CDATA[@username But we will have fun there ????		]]></document>
	<document><![CDATA[@username what?! really?! oooohhh :(		]]></document>
	<document><![CDATA[Who's the asian-black girl who is turning half blonde today? ????		]]></document>
	<document><![CDATA[“@username: Erotomania is when a person believes that a celebrity is in love with them.” Me		]]></document>
	<document><![CDATA[@username bby you coming to barcelona too with Marcus?		]]></document>
	<document><![CDATA[Bought some clothes today ???? #doubleagentbcn http://t.co/2chds14UCy		]]></document>
	<document><![CDATA[@username @username @username NO EM FOTIS QUE TINC FEINA ????		]]></document>
	<document><![CDATA[@username @username @username who knows.. A veure demà ????		]]></document>
	<document><![CDATA[@username where you at bro		]]></document>
	<document><![CDATA[Eddark Stark, hermano de Owen Hunt y tío de Percy Jackson.		]]></document>
	<document><![CDATA[@username perf hehe mersii ????		]]></document>
	<document><![CDATA[@username lo millor és el "wanna be like them" ????????????????????????		]]></document>
	<document><![CDATA[@username 2008 or smth hahhaha horrible		]]></document>
	<document><![CDATA[@username @username WHO'S THAT		]]></document>
	<document><![CDATA[The flower that blooms in adversity is the most rare and beautiful of all.		]]></document>
	<document><![CDATA[#mcm Marc http://t.co/qOghAgQoKB		]]></document>
	<document><![CDATA[@username hey we've got a present for you, and if we don't get to see you we can't give it to you!		]]></document>
	<document><![CDATA[“@username: New Video: GIRLFRIEND PRANKS MY ROOMMATE > http://t.co/rlu86QMXit” #newcasparleevideo poor Joseph HAHAHAHAHAHAA		]]></document>
	<document><![CDATA[@username @username naughty boy		]]></document>
	<document><![CDATA[@username What about Spain? :(		]]></document>
	<document><![CDATA[Uni tomorrow... Yayyy!  NO.		]]></document>
	<document><![CDATA[@username @username thank you lovely ????		]]></document>
	<document><![CDATA[It's been a while since the last time I was awake at this hour...		]]></document>
	<document><![CDATA[Morning. http://t.co/fbrbFyiYSQ		]]></document>
	<document><![CDATA[There are a lot of Nick Jonas's pics on my timeline and I AM NOT COMPLAINING.		]]></document>
	<document><![CDATA[@username @username TIAAAAAAAAAAAA ME N'ALEGRO MOOOOOOOLTTTTTTTT ????????????????????????????		]]></document>
	<document><![CDATA[@username look what has arrived in Barcelona ???? http://t.co/9yhH8CjuZz		]]></document>
	<document><![CDATA[How cool is Happyland?		]]></document>
	<document><![CDATA[@username but it's healthy duh		]]></document>
	<document><![CDATA[@username happy happy birthday girl! ????????		]]></document>
	<document><![CDATA[Finally I have them all! ???? Thank you babies @username @username ?? http://t.co/HrPkCYPX2a		]]></document>
	<document><![CDATA[@username I thought you used pizza		]]></document>
	<document><![CDATA[More Sword Art Online episodes to come ????????		]]></document>
	<document><![CDATA[@username vision in white by nora roberts ????		]]></document>
	<document><![CDATA[@username nope bc you're not coming to spain		]]></document>
	<document><![CDATA[@username I am both baby!		]]></document>
	<document><![CDATA[@username How cuuute!!		]]></document>
	<document><![CDATA[“@username: I promise I'm a lot nicer than my "walking to class" face would lead you to believe” not really		]]></document>
	<document><![CDATA[God Only Knows is sooooo Love Actually.		]]></document>
	<document><![CDATA[Arrow & Freak Show tonight baby!!!		]]></document>
	<document><![CDATA[Arrow time!! ????????????????		]]></document>
	<document><![CDATA[@username omg!! Cannot wait to read ur experience meeting Her!!		]]></document>
	<document><![CDATA[Freak Show time ????		]]></document>
	<document><![CDATA[Elsa Mars is a Gus Waters!!! #ahsfreakshow		]]></document>
	<document><![CDATA[@username @username what		]]></document>
	<document><![CDATA[Pq poneis exited xd		]]></document>
	<document><![CDATA[Do you think about me still?		]]></document>
	<document><![CDATA[Example im exited. Es horrible, ¿vale?		]]></document>
	<document><![CDATA[@username good luck cousin!		]]></document>
	<document><![CDATA[@username meh, pero si son los tweets de antes, no te hagas ilusiones		]]></document>
	<document><![CDATA[We belong together es sublime.		]]></document>
	<document><![CDATA[The Neighbourhood - Say My Name/Cry Me A River (Endsession) http://t.co/8GJNgqP7Ol		]]></document>
	<document><![CDATA[Halloweentown is 16 years old. I feel so old.		]]></document>
	<document><![CDATA[West side story time ????		]]></document>
	<document><![CDATA[Cap al Camp Nou s'ha dit!		]]></document>
	<document><![CDATA[Jake singing 1d songs from the x factor on the same show 2/2		]]></document>
	<document><![CDATA[I still don't know how I feel about stereo kicks.. I like how they sing but they are too many and idk lol		]]></document>
	<document><![CDATA[New beanie and I feel like a total nigga lol		]]></document>
	<document><![CDATA[Journals.		]]></document>
	<document><![CDATA[LA GRACIA QUE ME HACE QUE EL OTRO DÍA ME PUSIERAN EN LA PUERTA POR LA QUE ENTRÓ MARCUS BUTLER EN EL ANTERIOR PARTIDO EN EL CAMP NOU.		]]></document>
	<document><![CDATA[ahs freak show time ????		]]></document>
	<document><![CDATA[@username @username ui a ver next year ????		]]></document>
	<document><![CDATA[mcm well man crush everyday http://t.co/bWYspRVPiA		]]></document>
</author>