<?xml version="1.0" encoding="UTF-8" standalone="no"?><author id="user175">
	<document><![CDATA[The world’s best new hotels: Condé Nast Traveler's 2014 Hot List 1.American Trade Hotel, Casco Antiguo - PANAMA...
 https://t.co/IjT1m0RoEB		]]></document>
	<document><![CDATA[It's still an amazing ride!		]]></document>
	<document><![CDATA[I just voted in the @username #globalvote. This is the world I want. Check out my video: http://t.co/HGPf7zBuCP		]]></document>
	<document><![CDATA[Got it? http://t.co/8OVyeeqn7N		]]></document>
	<document><![CDATA[Amnesty: Nigeria knew of Boko Haram raid @username:
http://t.co/ONGx19ft3h		]]></document>
	<document><![CDATA[I'm listening to Mixnation Radio 104.5 on @username. #RealRadio http://t.co/7WMMsVTHKw		]]></document>
	<document><![CDATA[The Flying Dutchman 2. #NED 
3:00 PM - 13 Jun 2014
http://t.co/vjV1twRdZ4		]]></document>
	<document><![CDATA[“@username: Racism is stupid. http://t.co/QH2SEMTLzX”		]]></document>
	<document><![CDATA[“@username: #Video: #Panama and the Canal as the Logistics Center of the Americas http://t.co/S6rOOH9N9H #PanamaCanal”		]]></document>
	<document><![CDATA[Barcelona Beach Fest 2014 http://t.co/080Xezmsyf		]]></document>
	<document><![CDATA[11 reasons to visit Panama http://t.co/wOcpJLrTo3		]]></document>
	<document><![CDATA[Tune in to iTunes Weekly Top 50 - Alternative on #iTunesRadio https://t.co/JtkBXMHQYN		]]></document>
	<document><![CDATA[Lykke Li - I follow you, deep sea baby (Alternative rmx version) http://t.co/3y75IIQRYX via @username		]]></document>
	<document><![CDATA[“@username: Tests with ships to begin on new Panama Canal locks in mid-2015 http://t.co/rKFz2wzRHh”		]]></document>
	<document><![CDATA[THE LION KING Broadway Cast Takes Over NYC Subway and Sings 'Circle Of Life'  http://t.co/2CX1rYBmKp		]]></document>
	<document><![CDATA[World’s happiest country: how did Panama overtake Denmark? http://t.co/iomyPKvoiZ		]]></document>
	<document><![CDATA[Why you should visit Panama now: http://t.co/OUOkCGpfci Bits A Life - An adventure travel blog		]]></document>
	<document><![CDATA[The Cure - Pictures Of You http://t.co/fEl0zPdwOr		]]></document>
	<document><![CDATA[“@username: This is paradise! The beautiful islands of San Blas, Panama. http://t.co/v3CakEpy2W http://t.co/gGCn3urrpq” REAL PARADISE!		]]></document>
	<document><![CDATA[PANAMA - The Way | http://t.co/Kjy5YtJ6PW Uncovers the real Panama bringing opportunities to life... PTY (507) http://t.co/mKgioj5Rjx		]]></document>
	<document><![CDATA[The Video that inspired a million lives http://t.co/8iawehs8ma		]]></document>
	<document><![CDATA[The eight greatest new museums: http://t.co/uPXQBoG018 @username #Panama		]]></document>
	<document><![CDATA[50 Cities You Should See In Your Lifetime http://t.co/xGPHKCoCdm via @username		]]></document>
	<document><![CDATA[World Bank: Colombia, Peru and Mexico Best Countries for Business in Latin America: http://t.co/pvmE9SAQK8... followed by Chile and Panama		]]></document>
	<document><![CDATA[“@username: Biomuseo Showcases Panama’s Ecological Diversity http://t.co/uJWQstRnZk”		]]></document>
	<document><![CDATA[RT “@username: Red lights are flashing on the global economy | David Cameron http://t.co/nbeIOl3y81”		]]></document>
	<document><![CDATA[Enjoy The Ride: 8 Things To Do In Your 20s To Find Success Later On http://t.co/Sf0BNgc7Iy vía @username		]]></document>
	<document><![CDATA[Thirty Seconds To Mars - This Is War http://t.co/OwZQPAkHaz		]]></document>
	<document><![CDATA[Nicaragua announces start of China-led canal to rival Panama http://t.co/e78l7MGj6z @username		]]></document>
	<document><![CDATA[The Best Places To Retire Abroad In 2015 http://t.co/3P2SDbn3ye via @username #Panama		]]></document>
	<document><![CDATA[The Secrets to Exploring Panama's Fishing Paradise http://t.co/W1fNUroqJZ		]]></document>
	<document><![CDATA[There's a Reason Panama Keeps Topping the Lists http://t.co/Z3wN2ObMHt		]]></document>
</author>