<?xml version="1.0" encoding="UTF-8" standalone="no"?><author id="user737">
	<document><![CDATA[Photo:  http://tumblr.com/xhb9z57tu		]]></document>
	<document><![CDATA[Your friends may be used to your impulsive actions and they kn... More for Aries http://twittascope.com/?sign=1		]]></document>
	<document><![CDATA[new upload: http://flic.kr/p/82uN56		]]></document>
	<document><![CDATA[exam tomorrow morning :(		]]></document>
	<document><![CDATA[@username thank you :))		]]></document>
	<document><![CDATA[You may consider yourself a member of the "act first and ask q... More for Aries http://twittascope.com/?sign=1		]]></document>
	<document><![CDATA[new Lali Puna album is just great..I love it!!		]]></document>
	<document><![CDATA[@username good morning to you too ;) it's good to be on holidays?		]]></document>
	<document><![CDATA[Don't worry if your day starts off slowly because it's likely ... More for Aries http://twittascope.com/?sign=1		]]></document>
	<document><![CDATA[lost lost lost!! i can't wait to see the last episode!!!!!		]]></document>
	<document><![CDATA[I hate statistics :((		]]></document>
	<document><![CDATA[You don't quite know what to make of your feelings today. Just... More for Aries http://twittascope.com/?sign=1		]]></document>
	<document><![CDATA[i have to study so much for my last exam..it's so hard and i hate it :((		]]></document>
	<document><![CDATA[African nights. http://bit.ly/cZQqef		]]></document>
	<document><![CDATA[Sometimes you enjoy the anticipation of what's next, even when... More for Aries http://twittascope.com/?sign=1		]]></document>
	<document><![CDATA[You could become frustrated today as you attempt to think your... More for Aries http://twittascope.com/?sign=1		]]></document>
	<document><![CDATA[season finale of #fringe was GREAT!		]]></document>
	<document><![CDATA[#GreysAnatomy season finale was so sad and tragic..I cant' stop crying :((		]]></document>
	<document><![CDATA[#Flipboard : best iPhone app ever!!		]]></document>
	<document><![CDATA[Photo:  http://tumblr.com/xhbaa2j22		]]></document>
	<document><![CDATA[It's easy for you to underestimate the amount of time required... More for Aries http://twittascope.com/?sign=1		]]></document>
	<document><![CDATA["The human heart has hidden treasures, In secret kept, In silence sealed; The thoughts, the hopes, the..." http://tumblr.com/xhbaafgl8		]]></document>
	<document><![CDATA[A recent decision of yours could be quite firm, yet it takes a... More for Aries http://twittascope.com/?sign=1		]]></document>
	<document><![CDATA[I should study but I'm listless and It's too hot here :((		]]></document>
	<document><![CDATA[work in progress: http://www.valentinacugusi.com/		]]></document>
	<document><![CDATA[I have a damn stomachache :(		]]></document>
	<document><![CDATA[waiting to watch #lost finale..still 2 hours to finish the download :((		]]></document>
	<document><![CDATA[Photo:  http://tumblr.com/xhbadpa7p		]]></document>
	<document><![CDATA["I love people who make me laugh. I honestly think it’s the thing I like most, to laugh. It cures a..." http://tumblr.com/xhbadpcar		]]></document>
	<document><![CDATA[Everywhere you look today, it's as if you are seeing yourself ... More for Aries http://twittascope.com/?sign=1		]]></document>
	<document><![CDATA[Photo: http://tumblr.com/xhbads019		]]></document>
	<document><![CDATA[@username ahahaha, that's horrible :P		]]></document>
	<document><![CDATA[Photo:  http://tumblr.com/xhbafkfpp		]]></document>
	<document><![CDATA[I have to read tons of books for my thesis :((		]]></document>
	<document><![CDATA[You aren't willing to go along the same path you have been fol... More for Aries http://twittascope.com/?sign=1		]]></document>
	<document><![CDATA[@username thank you :)) but I seems 16 years old there lol :P		]]></document>
	<document><![CDATA[@username :* thanks !!		]]></document>
	<document><![CDATA[@username thank you, I'm really happy because it's gonna be almost an holiday I guess :))		]]></document>
	<document><![CDATA[Things can get a little crazy today if you decide to take a ri... More for Aries http://twittascope.com/?sign=1		]]></document>
	<document><![CDATA[new upload: http://flic.kr/p/858seH		]]></document>
	<document><![CDATA[@username I've voted for you, hope you are going to win, good luck!		]]></document>
	<document><![CDATA[studying is so stressful!		]]></document>
	<document><![CDATA[@username it's my last one before graduation so I really have to "kill" it :P		]]></document>
	<document><![CDATA[@username then good luck to you too, in two weeks I will probably be less stressed than now, I hope :)		]]></document>
	<document><![CDATA[going to the library :S		]]></document>
	<document><![CDATA[new upload: http://flic.kr/p/85pFXU		]]></document>
	<document><![CDATA[Photo: * (by {.clochette la fée.}) http://tumblr.com/xhbajad9b		]]></document>
	<document><![CDATA[You may be getting tired of waiting for a door to open and you... More for Aries http://twittascope.com/?sign=1		]]></document>
	<document><![CDATA[going out tonight (ed era anche ora..) !!		]]></document>
	<document><![CDATA[It's healthy to be enthused about what you are doing or what y... More for Aries http://twittascope.com/?sign=1		]]></document>
	<document><![CDATA[Photo: (by Kate Pulley) http://tumblr.com/xhbalaiob		]]></document>
	<document><![CDATA[Photo: (by Anna Amphigorously) http://tumblr.com/xhbaleb7p		]]></document>
	<document><![CDATA[Photo: R.E.M. (by Ibai Acevedo) http://tumblr.com/xhbalecoi		]]></document>
	<document><![CDATA[Photo: (via bittersweetnightshade) http://tumblr.com/xhbalfjor		]]></document>
	<document><![CDATA[new upload: http://flic.kr/p/85G5KS		]]></document>
	<document><![CDATA[#Hanna Soundtrack is great! #ChemicalBrothers		]]></document>
	<document><![CDATA[@username wow, congrats!!		]]></document>
	<document><![CDATA[Photo: (via bloodisthenewblackk) http://tumblr.com/xhbambk99		]]></document>
	<document><![CDATA[Although today starts out easy enough, running into a difficul... More for Aries http://twittascope.com/?sign=1		]]></document>
	<document><![CDATA[You are aware of the high level of excitement in your life now... More for Aries http://twittascope.com/?sign=1		]]></document>
	<document><![CDATA[new upload: http://flic.kr/p/86epZu		]]></document>
	<document><![CDATA[Watch my sister's short film "GABRIEL" on Vimeo! http://t.co/bfGMyFEP (stop motion edited and post produced by me!) @username		]]></document>
	<document><![CDATA[Photo: unwrittenfutures: http://tumblr.com/xhbapoz9l		]]></document>
	<document><![CDATA[You may be unsure of yourself today, even if you thought that ... More for Aries http://twittascope.com/?sign=1		]]></document>
	<document><![CDATA[R.I.P. MacBook :(		]]></document>
	<document><![CDATA[National Geographic Magazine - http://t.co/1L43fLvQ: http://t.co/kO0crX8V via @username		]]></document>
	<document><![CDATA[You like the feeling of waking up in a different world today w... More for Aries http://twittascope.com/?sign=1		]]></document>
	<document><![CDATA[#Hugo is awesome, but I definitely hate 3D glasses and 3D movies!		]]></document>
	<document><![CDATA[Your life is more complex than it appears, but you won't let o... More for Aries http://twittascope.com/?sign=1		]]></document>
	<document><![CDATA[Great soundtrack :) (watching Drive) http://t.co/lSjrlPXX		]]></document>
	<document><![CDATA[Dropbox Squares Off With Apple's iCloud | Epicenter | http://t.co/RGHVLBa9 http://t.co/cUcrbph5		]]></document>
	<document><![CDATA[10 Things Every Creative Person (That's YOU) Must Learn http://t.co/V6MxBs46 via @username		]]></document>
	<document><![CDATA[my laptop is broken so I will not upload photos for a while on the web, sorry for this inconvenience and thanks for... http://bit.ly/cOBLox		]]></document>
	<document><![CDATA[How Much Should I Charge: DIgital Photography on Vimeo! http://t.co/juCJwMb4		]]></document>
	<document><![CDATA[Orangutans living in captivity will soon get video-chat-facilitated play-dates with other orangutans. FaceTime for apes http://t.co/CRfjsaJG		]]></document>
	<document><![CDATA[It feels as if you have been fighting an uphill battle for a w... More for Aries http://twittascope.com/?sign=1		]]></document>
	<document><![CDATA[@username thank you <3		]]></document>
	<document><![CDATA[R.I.P. Magnum photographer #EveArnold		]]></document>
	<document><![CDATA[I need to rest, I need holidays..		]]></document>
	<document><![CDATA[It's a new deal for you Rams today as the Moon's return to you... More for Aries http://twittascope.com/?sign=1		]]></document>
	<document><![CDATA[@username chris style?		]]></document>
	<document><![CDATA[You are restless and ready for action with three planets rocki... More for Aries http://twittascope.com/?sign=1		]]></document>
	<document><![CDATA[http://t.co/bfGMyFEP short film "Gabriel"- stop motion edited and post-producted by me!		]]></document>
	<document><![CDATA[Mandela's life story set for big budget 'Madiba' TV series - Arts - Mail & Guardian Online http://t.co/bFi9BYuo via @username		]]></document>
	<document><![CDATA[moving to Bruxelles in three weeks! I need to find an apartment :S		]]></document>
	<document><![CDATA[You know that nearly anything is possible, no matter how outra... More for Aries http://twittascope.com/?sign=1		]]></document>
	<document><![CDATA[tickets for Bordeaux booked, I will be there in July for 10 days--I really need holidays, it's such a bad period.. :D		]]></document>
	<document><![CDATA[new uploads on my flickr stream (lomography = <3 ): http://www.flickr.com/photos/petiteclochette/ http://bit.ly/ahwKSZ		]]></document>
	<document><![CDATA[Photo:  http://tumblr.com/xhbb7cxd9		]]></document>
	<document><![CDATA[Photo: lomography. (by {.clochette la fée.}) http://tumblr.com/xhbb7d20a		]]></document>
	<document><![CDATA[@username congrats, it's a lovely photo and you deserve it!!		]]></document>
	<document><![CDATA[#LieToMe new episode was great :D		]]></document>
	<document><![CDATA[Seth Godin Blog: The first thing you do when you sit down at the computer http://t.co/JmcLImZg via @username		]]></document>
	<document><![CDATA[You might be able to convince yourself that you are on the rig... More for Aries http://twittascope.com/?sign=1		]]></document>
	<document><![CDATA[Yesss! I'm going to Dublin for 2 weeks :D		]]></document>
	<document><![CDATA[It's challenging to stay focused today because your mind is wa... More for Aries http://twittascope.com/?sign=1		]]></document>
	<document><![CDATA[all day in Bologna for an exam..I'm too tired :(		]]></document>
	<document><![CDATA[Your easy way with words today may have you saying something y... More for Aries http://twittascope.com/?sign=1		]]></document>
	<document><![CDATA[@username thanks :)		]]></document>
	<document><![CDATA[new haircut = new buddy icon :D		]]></document>
</author>