<?xml version="1.0" encoding="UTF-8" standalone="no"?><author id="user69">
	<document><![CDATA[@username @username I obviously suck at tweeting ????????????????		]]></document>
	<document><![CDATA[I'm not staying home tonight????????		]]></document>
	<document><![CDATA[@username I literally hate you		]]></document>
	<document><![CDATA[I wish @username would stop putting addicting games on my phone ????		]]></document>
	<document><![CDATA[@username I just can't stop playing them! ????????		]]></document>
	<document><![CDATA[@username hahaha seriously though! It's badddd		]]></document>
	<document><![CDATA[@username I know it just pisses me off when I lose ????		]]></document>
	<document><![CDATA[Well now that my games are canceled I need plans		]]></document>
	<document><![CDATA[@username no I hate you		]]></document>
	<document><![CDATA[@username cool. Then the feelings mutual.		]]></document>
	<document><![CDATA[@username just thought id remind you		]]></document>
	<document><![CDATA[@username you're right I am!		]]></document>
	<document><![CDATA[I want to go to another mile stud concert ????		]]></document>
	<document><![CDATA[@username shut up Dana. God.		]]></document>
	<document><![CDATA[@username I know I fucked it up okay		]]></document>
	<document><![CDATA[@username @username give Dana the unfollow not me		]]></document>
	<document><![CDATA[@username @username I know ????????		]]></document>
	<document><![CDATA[She's a good girl with a bad past ????????		]]></document>
	<document><![CDATA[Practice what you preach		]]></document>
	<document><![CDATA[You're all drama. Maybe it's time to grow up		]]></document>
	<document><![CDATA[I wish that I could wake up with amnesia and forget about the stupid little things ????		]]></document>
	<document><![CDATA[I have such a bad shopping addiction ????????		]]></document>
	<document><![CDATA[Keep my circle small, and a few that really get me ????		]]></document>
	<document><![CDATA[I could lay around in my robe for days		]]></document>
	<document><![CDATA[I'll have them like oy vey, holy cow, oh my god, wow????		]]></document>
	<document><![CDATA[I'll never understand how some people just don't play sports, like what do you do with all of your free time? ????		]]></document>
	<document><![CDATA[Should probably get my shit together but not tonight ????		]]></document>
	<document><![CDATA[You got it you got it bad ????		]]></document>
	<document><![CDATA[Jam session ????		]]></document>
	<document><![CDATA[I want to dance ????		]]></document>
	<document><![CDATA[Andddd everyone left me alone to think ????		]]></document>
	<document><![CDATA[It's hard to remember the last time I was actually happy		]]></document>
	<document><![CDATA[All I want is to party with @username ????		]]></document>
	<document><![CDATA[I fit in way better with the class that graduated last year so whyyyyyy couldn't I have been two years older?		]]></document>
	<document><![CDATA[It gonna be a movie, baby ????		]]></document>
	<document><![CDATA[Take me down, take me all the way tonight soon I'll be leaving ????		]]></document>
	<document><![CDATA[@username @username I bought black jeggings so that when i get yelled at for wearing them I can tell them to fuck off ????		]]></document>
	<document><![CDATA[@username @username Charlotte Russe! They are really comfortable too ????		]]></document>
	<document><![CDATA[@username @username that would just be ridiculous.		]]></document>
	<document><![CDATA[@username @username exactly! ????		]]></document>
	<document><![CDATA[I do what a want and anything you say or do won't stop me. ????????		]]></document>
	<document><![CDATA[If people would just mind their own business and worry about themselves instead of others they would have a lot less problems.		]]></document>
	<document><![CDATA[So excited to have a foreign exchange student play volleyball ????		]]></document>
	<document><![CDATA[@username @username she's a little taller than Emily		]]></document>
	<document><![CDATA[@username @username haha that's a lot to expect ????		]]></document>
	<document><![CDATA[@username @username I'll try ????		]]></document>
	<document><![CDATA[@username she is! I met her today! I'm so excited		]]></document>
	<document><![CDATA[If you ain't with it then we don't really need you, it's whatever ????		]]></document>
	<document><![CDATA[@username @username @username thanks I know ????		]]></document>
	<document><![CDATA[Every song sounds better when mike stud sings it ????????		]]></document>
	<document><![CDATA[Jam sessions are always my favorite		]]></document>
	<document><![CDATA[Don't lose your happiness on the pursuit for more ????		]]></document>
	<document><![CDATA[This mute button is the best ????????		]]></document>
	<document><![CDATA[@username you won't see them on your tl but you'll still get notifications if they fav your tweet and they don't know you muted them!		]]></document>
	<document><![CDATA[@username @username do you know if they are a girl or boy? And what grade?		]]></document>
	<document><![CDATA[@username @username oh cool!		]]></document>
	<document><![CDATA[@username that was me ????????		]]></document>
	<document><![CDATA[@username @username I've got your back Jana ????		]]></document>
	<document><![CDATA[@username @username @username come back ????		]]></document>
	<document><![CDATA[@username @username @username whattttt?		]]></document>
	<document><![CDATA[@username @username @username I'm at a fire!		]]></document>
	<document><![CDATA[@username @username @username sorry!		]]></document>
	<document><![CDATA[Whyyyyy does Collin keep showing me his ass?		]]></document>
	<document><![CDATA[Wish volleyball was later in the day so I could actually do things late at night ????		]]></document>
	<document><![CDATA["What do you call the toilet?" "Bathroom" "oh..... Even though you don't take a bath...."???????????? @username		]]></document>
	<document><![CDATA[@username @username MISS YOU TOO BABE ????????????		]]></document>
	<document><![CDATA[You are beyond crazy		]]></document>
	<document><![CDATA[You're the worst kind of person		]]></document>
	<document><![CDATA[What the fuck is wrong with people.		]]></document>
	<document><![CDATA[Tonight has been crazy to say the least		]]></document>
	<document><![CDATA[@username love you babe???? can't wait to see you tomorrow		]]></document>
	<document><![CDATA[I'm just past the point of being tired		]]></document>
	<document><![CDATA[Running on 3 hours of sleep ????		]]></document>
	<document><![CDATA[Waiting in line to buy these tickets sucks ????		]]></document>
	<document><![CDATA[@username I don't have a card and my mom won't buy me one with hers ????		]]></document>
	<document><![CDATA[@username haha it's okay! And not really there are like 60 people in front of us and like 50 behind us		]]></document>
	<document><![CDATA[Jason Aldean tickets ??????????		]]></document>
	<document><![CDATA[I've got all my friends coming through, and you should bring your friends too, it's gonna be a movie ????????		]]></document>
	<document><![CDATA[This day is forever long		]]></document>
	<document><![CDATA[@username I hate you john ????		]]></document>
	<document><![CDATA[@username @username tell me about it????		]]></document>
	<document><![CDATA[@username @username everything you say is false		]]></document>
	<document><![CDATA[@username @username what time?		]]></document>
	<document><![CDATA[Tonight was actually really fun ????????		]]></document>
	<document><![CDATA[I'm still running on 4 hours of sleep and I'm not tired at all ????		]]></document>
	<document><![CDATA[That fire ball whiskey whispers temptation in my ear ????		]]></document>
	<document><![CDATA[I can't wait to go to college		]]></document>
	<document><![CDATA[@username I'll pack you sand @username to come with me ????		]]></document>
	<document><![CDATA[Someone text me ????		]]></document>
	<document><![CDATA[I have so much to do today but I don't want to get out of bed ????		]]></document>
	<document><![CDATA[“@username: really need to catch up on some sleep after these past couple of nights”????????		]]></document>
	<document><![CDATA[@username @username it's not that I didn't want to I just can't because of volleyball camp tomorrow		]]></document>
	<document><![CDATA[@username @username you know it		]]></document>
	<document><![CDATA[@username @username @username I'm sorry!		]]></document>
	<document><![CDATA[Someone text me ????		]]></document>
	<document><![CDATA[@username @username @username wish you were coming babe ????		]]></document>
	<document><![CDATA[“@username: The best advice ever. http://t.co/8LeslZo9Kk”		]]></document>
	<document><![CDATA[The day I first met you you told me that you'd never fall in love ????		]]></document>
	<document><![CDATA["I only get sugar high and polar pop wasted" ???????????????? @username		]]></document>
	<document><![CDATA[I can hear emily singing in the shower ????		]]></document>
</author>