<?xml version="1.0" encoding="UTF-8" standalone="no"?><author id="user613">
	<document><![CDATA[RT@username: Get students to engage with written content: http://t.co/Z1zIT7auRG  http://t.co/WfpZUq6GJE // mira @username		]]></document>
	<document><![CDATA[Foto: sarahseeandersen: I’ll probably just wear T-shirts forever. http://t.co/ladOFI3Ys1		]]></document>
	<document><![CDATA[Set de fotos: floresenelatico: Illusions in Iran: Surreal 3D Murals Transform Urban Tehran The blank... http://t.co/IJgkTcq15j		]]></document>
	<document><![CDATA[Set de fotos: lustik: Illegal city decor, Warsaw / Poland, Summer 2014 - NeSpoon. Lustik:  twitter |... http://t.co/gxfYQKjuok		]]></document>
	<document><![CDATA[No te atreves, Ernesto.		]]></document>
	<document><![CDATA[o.O 

Lovely.		]]></document>
	<document><![CDATA[Neta, EL horror.		]]></document>
	<document><![CDATA[Debunking Israel's 11 Main Myths About Gaza, Hamas and War Crimes |  http://t.co/8kOUb6RybZ  #ICC4Israel #FreeGaza #CiviliansUnderfire		]]></document>
	<document><![CDATA[Photoset: really-shit: Maori Sakai is a freelance illustrator and graphic artist based in Tokyo, Japan. http://t.co/Y6Bfma9LL0		]]></document>
	<document><![CDATA[Photoset: turecepcja: Artworks by Josephine Kahng http://t.co/oRKg9s8ElI		]]></document>
	<document><![CDATA[Photoset: actegratuit: Lisa Murphy http://t.co/HJhHPz8XqM		]]></document>
	<document><![CDATA[Photo: Hanging on the music…  vía rachelsuggs: Another piece I did for an assignment last semester which... http://t.co/5dKKVmHPCM		]]></document>
	<document><![CDATA[Hey @username stop arming #Israel https://t.co/KszDoefV1B #FreePalestine #ICC4Israel		]]></document>
	<document><![CDATA[Soy Watson. :3		]]></document>
	<document><![CDATA[Blackboard

http://t.co/KWx1Qqhp2w		]]></document>
	<document><![CDATA[Andy Warhol http://t.co/oYUx683rZw		]]></document>
	<document><![CDATA[Morbo, morbo everywhere…		]]></document>
	<document><![CDATA[so badly… ? Wish You Were Here – Incubus http://t.co/RjH1roMyI4 #NowPlaying		]]></document>
	<document><![CDATA[Being Mexican is not a felony! - The Petition Site http://t.co/ddPAqoj0PZ		]]></document>
	<document><![CDATA[Set de fotos: amazighprincex: [Image: a series of tweets by justified agitator (@username) on August... http://t.co/Ib4oW0PsyI		]]></document>
	<document><![CDATA[Set de fotos: iwriteaboutfeminism: Important updates from Ferguson, Tuesday afternoon. August 19th. http://t.co/hP9QWxRNJw		]]></document>
	<document><![CDATA[A Brief History of Romantic Friendship | Brain Pickings http://t.co/Gez1MPaoED		]]></document>
	<document><![CDATA[Pausa a Tchaikovsky, twitter y Jenkins para comer y así.		]]></document>
	<document><![CDATA[Uds y sus crushes		]]></document>
	<document><![CDATA[Foto: No veas… http://t.co/dlkx1wBy3F		]]></document>
	<document><![CDATA[Set de fotos: cross-connect: Michael Vincent Manalo is a photographer and a digital mixed-media artist. His... http://t.co/FXdeQ5j3xX		]]></document>
	<document><![CDATA[9/9 turn 29 >.<		]]></document>
	<document><![CDATA[Set de fotos: phoenixfloe: The two areas of my body that I have had the most trouble loving and finding... http://t.co/XsM6KB2Rtf		]]></document>
	<document><![CDATA[Set de fotos: cross-connect: NeSpoon is a street artist from Warsaw, Poland. Her artistic focus is on the... http://t.co/xO8j5o4u5j		]]></document>
	<document><![CDATA[Set de fotos: turecepcja: Art by Dunjic Vladimir, Serbian figurative painter, born in 1957. http://t.co/WRUx8eJh9i		]]></document>
	<document><![CDATA[Set de fotos: nevver: The Netherlands http://t.co/yXuuS41w61		]]></document>
	<document><![CDATA[Set de fotos: cross-connect: A British artist  Sally Hewett does embroidery work that represents the human... http://t.co/T4uPWtfiOH		]]></document>
	<document><![CDATA[Clasismo y xenofobia, everywhere.		]]></document>
	<document><![CDATA[Shitty bday		]]></document>
	<document><![CDATA[I'm at Hotel Lisboa in Mexico City, Mexico https://t.co/VLL6nkQMzh		]]></document>
	<document><![CDATA[I'm at CDHDF in Mexico City, Distrito Federal w/ @username https://t.co/Cx9qMv5wc5		]]></document>
	<document><![CDATA[“@username: Can't see the haters when I've got my love glasses on http://t.co/Yc36x8I5aq” mira @username		]]></document>
	<document><![CDATA[I'm at Hotel Lisboa in Mexico City, Mexico w/ @username https://t.co/nQH1qvmXmw		]]></document>
	<document><![CDATA[I'm at Club Atlántico in Mexico, DF w/ @username https://t.co/j43yia6KmL		]]></document>
	<document><![CDATA[Foto: immortal-autumn: perfect day on We Heart It. Estado civil: http://t.co/5wsmouahHb		]]></document>
	<document><![CDATA[Set de fotos: saatchiart: Richard Mosse’s “Infra” series, shot in 16mm infrared film, captures images of... http://t.co/VVGr2VReGz		]]></document>
	<document><![CDATA[Set de fotos: cross-connect: Street artist DALeast was born in 1984 in Beijing, China and is currently... http://t.co/RlF8N3zptR		]]></document>
	<document><![CDATA[Foto: yourfeministkwotes: Adrienne Rich #feminist #kwotes http://t.co/XcSNjjphEh		]]></document>
	<document><![CDATA[Set de fotos: afro-dominicano: blipsterinsverige: jaded-sage: skindeeptales: 1. Do your research when... http://t.co/gpEDl0yEu0		]]></document>
	<document><![CDATA[Set de fotos: actegratuit: Vanitas - Art on Science 2014 Recently EPFL, the Polytechnic Federal School of... http://t.co/lpLICxDaKm		]]></document>
	<document><![CDATA[¿Juay tercer seno?		]]></document>
	<document><![CDATA[Set de fotos: saatchiart: nevver: The classics, Marco Battaglini See Marco Battaglini’s work on Saatchi Art http://t.co/VWwqB87cjs		]]></document>
	<document><![CDATA[Foto: foreignaffairsmagazine: Between 21 million and 30 million people today are victims of human... http://t.co/gXwQF91ah3		]]></document>
	<document><![CDATA[Foto: nevver: Voyage to the bottom of the sea http://t.co/Up4a8Inda4		]]></document>
	<document><![CDATA[Y a mis chuchines u.u		]]></document>
	<document><![CDATA[Set de fotos: crossconnectmag: Georges Rousse is a world-renowned French artist and photographer born 1947... http://t.co/68pva8x3rs		]]></document>
	<document><![CDATA[Foto: crossconnectmag: I’m Greg Stedman, a graphic artist and illustrator from Edinburgh, Scotland. This is... http://t.co/2kI6eRrgqZ		]]></document>
	<document><![CDATA[Not that secretly…		]]></document>
	<document><![CDATA[RT @username: Australia is trying to keep out migrants by advertising how badly it treats them: http://t.co/7TpJQCeoXX /zaaaz culera		]]></document>
	<document><![CDATA[homofobia, homofobia everywhere.		]]></document>
	<document><![CDATA[RT @username: #Mexico violence spirals out of control due to #CriminalGovernment #BringBackOurBoys #Ayotzinapa RTpf  http://t.co/7LesgSsejx		]]></document>
	<document><![CDATA[tricky question. tricky veeery tricky. 

*voltea a ver a Bit*		]]></document>
	<document><![CDATA[o		]]></document>
	<document><![CDATA[@username :/ chale		]]></document>
	<document><![CDATA[Photoset: Ilustraciones en 3D crossconnectmag: A series of experiments with type in 3D by Lex Wilson who is... http://t.co/7FX6wHNlFX		]]></document>
	<document><![CDATA[Photo: Y en este Día Internacional del Hombre… likehercoffee: spoopysarcasm: "What are you complaining... http://t.co/1gsuPOV6Eb		]]></document>
	<document><![CDATA[breathe, just breathe…		]]></document>
	<document><![CDATA[ain't real, it's all in your head.		]]></document>
	<document><![CDATA[Behind a glass trying to content the unexpected river.		]]></document>
	<document><![CDATA[Free… just be free…		]]></document>
	<document><![CDATA[Set de fotos: turecepcja: Photography by Aneta Ivanova, fine artist from Varna, Bulgaria. http://t.co/ZmsDujqhKT		]]></document>
	<document><![CDATA[Foto: eroticnoire: #sentimentalsunday - it’s easy to have someone for a moment, for attention, for the... http://t.co/7HOZWhto5E		]]></document>
	<document><![CDATA[Set de fotos: NFL Players Say NO MORE to Domestic Violence and Sexual Assault (X) No more http://t.co/wIFcv358Im		]]></document>
	<document><![CDATA[Foto: eroticnoire: Seduction is an art. It’s much more than basic being naked or dirty talk. Seduction is... http://t.co/bmVNV76rzd		]]></document>
	<document><![CDATA[RT @username: can i have this little cutie? http://t.co/aJY6LQPpze // *_* ay no		]]></document>
	<document><![CDATA[Whats Happening in Mexico. Why we say #YaMeCanse - YouTube http://t.co/GIrYUbPjmh		]]></document>
	<document><![CDATA[National day 4 peace in Mexico 

Ferguson - Atotzinapa - Gaza 

#UStired2 n.n		]]></document>
	<document><![CDATA[Men, you're weird.		]]></document>
	<document><![CDATA[Photo: El hombre que sabía demasiado… louijover: the man who knew too much (collage) http://t.co/ZbCQUK3oOE		]]></document>
	<document><![CDATA[Photo: Los libros como refugio.  eatsleepdraw: My latest digital painting (GIF version). Pop culture and... http://t.co/qwE3TzsuxA		]]></document>
	<document><![CDATA[Yo no tengo bonita letra, though.		]]></document>
	<document><![CDATA[Vídeo: decolonizingmedia: BOSTON IS HOLDING IT DOWN. “Whose tracks? OUR TRACKS!” #EnoughIsEnough... http://t.co/W1D6zefiUC		]]></document>
	<document><![CDATA[Set de fotos: turecepcja: Drawings by Polish artist Slawek Gruca http://t.co/cZbdvuU2JT		]]></document>
	<document><![CDATA[“@username: poor kitty was having a bad dream... http://t.co/q9TjOOIcGK” :3 ay no		]]></document>
	<document><![CDATA[Set de fotos: itscolossal: Artist Jeremy Miranda Examines Memory with Landscapes that Bleed into Interiors http://t.co/ohpSCPlCcm		]]></document>
	<document><![CDATA[Set de fotos: crossconnectmag: Xetobyte is a 25-year-old, self-taught digital artist from Philippines. He... http://t.co/2OU9i6eeY9		]]></document>
	<document><![CDATA[Hoy todes andan muy perruches.		]]></document>
	<document><![CDATA[Chale…		]]></document>
	<document><![CDATA[You // #NowPlaying Rather Be (feat. Jess Glynne) - Clean Bandit  http://t.co/a3mud6Qc4k		]]></document>
</author>