<?xml version="1.0" encoding="UTF-8" standalone="no"?><author id="user771">
	<document><![CDATA[I liked a @username videofrom @username http://youtu.be/fgpGV5aOW0E?a Foo Fighters Lollapalooza - Full Live Strea		]]></document>
	<document><![CDATA[@username sorry about that! nah... not really ;)		]]></document>
	<document><![CDATA[I liked a @username video http://t.co/opGEXIl Kasabian - Fire @username Live Glastonbury 2009		]]></document>
	<document><![CDATA[I liked a @username video http://t.co/RrNG2Ag Cream- Sunshine of Your Love		]]></document>
	<document><![CDATA[Early morning frappuccinos are the best!		]]></document>
	<document><![CDATA[pretty sure the mint plants are dying away		]]></document>
	<document><![CDATA[@username that's exactly how I know you!		]]></document>
	<document><![CDATA[I liked a @username video http://t.co/fuIqMf7 Back to the Start		]]></document>
	<document><![CDATA[I liked a @username video http://t.co/yt2gp26 dEUS - Constant Now		]]></document>
	<document><![CDATA[I liked a @username video http://t.co/fuIqMf7 Back to the Start		]]></document>
	<document><![CDATA[@username did the Nonius facebook page disappear?		]]></document>
	<document><![CDATA[@username not to make you jealous or anything, but they have this now: http://t.co/nDdHJkx		]]></document>
	<document><![CDATA[@username I'll tell them to make it again when you are around!		]]></document>
	<document><![CDATA[I liked a @username video http://t.co/yyATqWQm Gotye- Somebody That I Used To Know (feat. Kimbra)- official fi		]]></document>
	<document><![CDATA[@username good luck to the three of you!!!		]]></document>
	<document><![CDATA[@username are you at the hospital or at home?		]]></document>
	<document><![CDATA[I liked a @username video http://t.co/QfZPVpHi Shakira - Rabiosa (English Version) ft. Pitbull		]]></document>
	<document><![CDATA[@username hold on!!! if it were less tedious and painful, men would want it too, right		]]></document>
	<document><![CDATA[@username enjoy those busy first days at home!		]]></document>
	<document><![CDATA[@username I take it you gained a few pounds? ;)		]]></document>
	<document><![CDATA[I liked a @username video http://t.co/kXusMz3o dEUS - Keep You Close		]]></document>
	<document><![CDATA[had lovely pumpkin pie for lunch		]]></document>
	<document><![CDATA[@username bored?		]]></document>
	<document><![CDATA[@username the one at the office?		]]></document>
	<document><![CDATA[slow internet #aaargh		]]></document>
	<document><![CDATA[working away a few deadlines		]]></document>
	<document><![CDATA[@username cool, now i need people to join me - interested in seeing it a second time?		]]></document>
	<document><![CDATA[:) | Google's 'Do A Barrel Roll' Trick http://t.co/ry1vlwBB via @username		]]></document>
	<document><![CDATA[@username we are still practicing that :)		]]></document>
	<document><![CDATA[trying out Google Scholar Citations http://t.co/tDCNPneP		]]></document>
	<document><![CDATA[@username no, they are overlooked completely! shouldn't be too difficult to think of pseudo-scientific profiles of tea drinkers		]]></document>
	<document><![CDATA[I liked a @username video http://t.co/9zr6MsSs IBM's Watson on American Idol		]]></document>
	<document><![CDATA[sending out invitations for the AMiCA (social media monitoring project) advisory committee - PM me if your company is interested!		]]></document>
	<document><![CDATA[@username poor thing! is he still under the weather?		]]></document>
	<document><![CDATA[I liked a @username video http://t.co/njrZVIT1 The Black Keys - Lonely Boy (First Listen)		]]></document>
	<document><![CDATA[Great idea! - Give your employees unlimited vacation time http://t.co/5rYcFVd4		]]></document>
	<document><![CDATA[@username the one at exki?		]]></document>
	<document><![CDATA[@username I kinda like going to Exki because of him :)		]]></document>
	<document><![CDATA[@username he's always very nice, giving me chocolates, wishing me a nice day etc. - that's fun!		]]></document>
	<document><![CDATA[@username and don't "Ooooh" me - you're probably doing the exact same ;)		]]></document>
	<document><![CDATA[I liked a @username video http://t.co/i8pVR9h1 School is Cool - In Want of Something (Live at Vooruit,		]]></document>
	<document><![CDATA[at #CLIN22 in Tilburg		]]></document>
	<document><![CDATA[@username I am just about to send you an e-mail, wait		]]></document>
	<document><![CDATA[great initiative! http://t.co/qLQvUBgJ		]]></document>
	<document><![CDATA[just published a paper in Biomedical Informatics Insights on emotion detection in suicide notes (with @username) http://t.co/3qxsRESG		]]></document>
	<document><![CDATA[how come Google does not know that I am not looking for images of pickles when I query the term 'pickle' ? #pythonusers		]]></document>
	<document><![CDATA[I added a video to a @username playlist http://t.co/kiZbjDx9 Getting Started with Apache Solr		]]></document>
	<document><![CDATA[@username I do that every day and you don't see me cry :p		]]></document>
	<document><![CDATA[@username oh Frederikske, you will see mee on Tuesday and Wednesday - are you joining in for dinner on Wednesday?		]]></document>
	<document><![CDATA[Bird's nest bed #wantbadly http://t.co/MfNASXBd		]]></document>
	<document><![CDATA[@username where?		]]></document>
	<document><![CDATA[I added a video to a @username playlist http://t.co/wnFiWHfW Massive Attack - Unfinished Sympathy		]]></document>
	<document><![CDATA[I added a video to a @username playlist http://t.co/uFf03nny dEUS - Favourite Game (from Vantage Point)		]]></document>
	<document><![CDATA[I added a video to a @username playlist http://t.co/ce6bt4gN Love Lost In Love - Triggerfinger		]]></document>
	<document><![CDATA[has a pretty amazing baby girl :)		]]></document>
	<document><![CDATA[Text mining: what do publishers have against this hi-tech research tool? http://t.co/UH8JIaxa via @username		]]></document>
	<document><![CDATA[Ik heb een @username als 'leuk' gemarkeerd http://t.co/CErETod5 Monty Python - Silly Olympics		]]></document>
	<document><![CDATA[I added a video to a @username playlist http://t.co/3ZTOtX8W Foo Fighters "Arlandria" Music Video HD		]]></document>
	<document><![CDATA[I added a video to a @username playlist http://t.co/WTaTshbj Arctic Monkeys Perform "R U Mine?" - CONAN on TBS		]]></document>
	<document><![CDATA[I added a video to a @username playlist http://t.co/21ySVtJ1 Santigold - Disparate Youth [Official Music Video		]]></document>
	<document><![CDATA[note to self: python dictionaries have no order -- stop forgetting that!		]]></document>
	<document><![CDATA[I added a video to a @username playlist http://t.co/w9mpYAYe Absynthe Minded - Moodswing Baby		]]></document>
	<document><![CDATA[BBC News - Meet the 'bots' that edit Wikipedia http://t.co/Xh17P5Qg		]]></document>
	<document><![CDATA[I added a video to a @username playlist http://t.co/rTmClF2W Absynthe Minded - Space		]]></document>
	<document><![CDATA[I added a video to a @username playlist http://t.co/Gyst5XwA Queens Of The Stone Age - River In The Road		]]></document>
	<document><![CDATA[Can Creativity be Automated? http://t.co/14G4U4oo		]]></document>
	<document><![CDATA[amazing amination! - One Race, Every Medalist Ever http://t.co/LFpzS1sY		]]></document>
	<document><![CDATA[Historical maps layered over Google Maps http://t.co/cNTMcAzX #history #cartography		]]></document>
	<document><![CDATA[@username I sometimes worry about that happening to my French press. Terrible!		]]></document>
	<document><![CDATA[I added a video to a @username playlist http://t.co/cIMkeP1O Kasabian - Where Did All the Love Go?		]]></document>
	<document><![CDATA[@username Probably someone who hasn't met you in real life ;) #easy		]]></document>
	<document><![CDATA[@username I can mention a few people who won't like that, but you have my blessing ;)		]]></document>
	<document><![CDATA[@username wait a minute, you *are* still a student :p		]]></document>
	<document><![CDATA[just attended two amazing keynotes at the Omics (R)evolution workshop in Antwerp		]]></document>
	<document><![CDATA[dt-fout in Oracle virtualbox :)		]]></document>
	<document><![CDATA[setting up an ubuntu virtual machine is fun! #noirony		]]></document>
	<document><![CDATA[Star Wars Themed Angry Birds Game Coming | Geekologie http://t.co/AOjt0VoO via @username		]]></document>
	<document><![CDATA[So Two Dudes Built This Giant LEGO Batcave Playset | Geekologie http://t.co/quiI0iYt via @username		]]></document>
	<document><![CDATA[Dropbox is giving away free space to all university students! Check it out: http://t.co/sUiNypEN #dropboxspacerace		]]></document>
	<document><![CDATA[Big Data’s Big Problem: Little Talent - Tech Europe - WSJ http://t.co/aO0OY3TL via @username		]]></document>
	<document><![CDATA[Cool! Can't wait to try this out http://t.co/bsu276U9 via @username		]]></document>
	<document><![CDATA[in Chicago for while Obama is being re-elected - unique!		]]></document>
	<document><![CDATA[Where America's Racist Tweets Come From - http://t.co/oFFZIcKt		]]></document>
	<document><![CDATA[@username LOL you can't handle libertine girls? ;)		]]></document>
	<document><![CDATA[Twitter is full of questions. You get 30 seconds to answer one... http://t.co/y31uublm via @username		]]></document>
	<document><![CDATA[Ik vind een @username leuk: http://t.co/Lxp4pRig Useless Box Kit from ThinkGeek		]]></document>
	<document><![CDATA[Ik vind een @username leuk: http://t.co/LKCWXWAo Millionaire - We Don't Live There Anymore		]]></document>
	<document><![CDATA[@username I would eat that! ;)		]]></document>
	<document><![CDATA[Cool #LinkedData! app! Find out how you are #connected at http://t.co/ZQ8quqN6		]]></document>
	<document><![CDATA[beautiful earth! http://t.co/Deflfepf		]]></document>
	<document><![CDATA[Want yours? Click to get an invite to build your graphical bio on Vizify. https://t.co/oSR3Byps via @username		]]></document>
	<document><![CDATA[love! - Chemistree: A Chemistry Lab Equipment Christmas Tree http://t.co/FR7zrbjN via @username		]]></document>
	<document><![CDATA[The Worst Scientific Mistakes, Missteps and Misdeeds of 2012 | Wired Science | http://t.co/FlxPYbkV http://t.co/mmDk74rU		]]></document>
	<document><![CDATA[@username are you writing what I think you are writing?		]]></document>
	<document><![CDATA[@username don't believe that - you mentioned large, heavy documents		]]></document>
	<document><![CDATA[@username exciting life you must have ;)		]]></document>
	<document><![CDATA[Why are many academics on short-term contracts for years? http://t.co/p4ej3fSv via @username		]]></document>
	<document><![CDATA[Hilarious! -- Presidential Monster Action Figures http://t.co/qQNZruJw via @username		]]></document>
	<document><![CDATA[Hurray! I have one of the top 10% most viewed @username profiles for 2012. http://t.co/wwLzjRmC		]]></document>
	<document><![CDATA[Cool! I have a paper in #LLCJournal's Most read articles during January 2013: http://t.co/VFyJwehu		]]></document>
</author>