<?xml version="1.0" encoding="UTF-8" standalone="no"?><author id="user522">
	<document><![CDATA[@username see you in Barcelona!		]]></document>
	<document><![CDATA[Almost 4am and still awake. I don't know what am I gonna do when I start uni again		]]></document>
	<document><![CDATA[@username Yesterday night I was watching your videos until 4am... How creepy I am? :((((		]]></document>
	<document><![CDATA[I am so pissed off right now ugh		]]></document>
	<document><![CDATA[I want more tattoos		]]></document>
	<document><![CDATA[@username can I be the 1000th you follow? :)		]]></document>
	<document><![CDATA[I won't be able to get up tomorrow morning... It's almost 3am and I have uni :(		]]></document>
	<document><![CDATA[It's too early to be human.		]]></document>
	<document><![CDATA[I'm reading some messages from two years ago with a guy from Kansas and I was so silly omg		]]></document>
	<document><![CDATA[@username loving your haircut!		]]></document>
	<document><![CDATA[@username you haven't tweet much today :(		]]></document>
	<document><![CDATA[Yayy it's the most wonderful time of the year! Sant Jordi (in Barcelona) is my favourite day :')		]]></document>
	<document><![CDATA[Feliç Sant Jordi a tots! ????????????		]]></document>
	<document><![CDATA[@username since today's the international book day, which one would you recommend me? ????		]]></document>
	<document><![CDATA[@username hehehe right now.... Game of thrones!! ????		]]></document>
	<document><![CDATA[@username @username how concentrated you are love		]]></document>
	<document><![CDATA[@username you should come to spain then ????		]]></document>
	<document><![CDATA[How ironic. Today I bought a lovely short & I can't wear it because I've just got a cold.		]]></document>
	<document><![CDATA[“@username: How do I always find ways to have new celeb crushes? As if I already didn't have tons.” Same ????		]]></document>
	<document><![CDATA[@username why		]]></document>
	<document><![CDATA[Just slept 4 hours ????		]]></document>
	<document><![CDATA[@username I shouldn't be laughing but I am		]]></document>
	<document><![CDATA[on Wednesdays we wear pink.???? #meangirls10thanniversary #somosunasfrikis http://t.co/xtDFaDvCgt		]]></document>
	<document><![CDATA[Just slept 10hours in a row and it feels sooooooo good		]]></document>
	<document><![CDATA[Sufro tanto con Leigh en Reign.		]]></document>
	<document><![CDATA[@username really?! Ay que chachi		]]></document>
	<document><![CDATA[One Republic in Barcelona on November the 19th!!!!!!!!!		]]></document>
	<document><![CDATA[I am in love ???? @username @username http://t.co/xSUTgGwX8Y		]]></document>
	<document><![CDATA[I'm lucky I don't have uni tomorrow		]]></document>
	<document><![CDATA[listening to oasis reminds me so much of my mad fat diary		]]></document>
	<document><![CDATA[a lot of dresses from yesterday's met gala were flawless		]]></document>
	<document><![CDATA[@username you should upload smth on your snapchat story!!		]]></document>
	<document><![CDATA[Shailene Woodley & Douglas Booth. What. http://t.co/wDGWdELGSc		]]></document>
	<document><![CDATA[Now you know, I've been crazy for you all this time.		]]></document>
	<document><![CDATA[¿Debemos leer muchos libros? — Of coouuuurse. It's the best thing in the world http://t.co/6uYSihw2jn		]]></document>
	<document><![CDATA[App favorita — Right now Snapchat! Es lo mejoooooor! http://t.co/07DLf3glpO		]]></document>
	<document><![CDATA[Libro favorito — The Catcher in the Rye :) pero beautiful disaster me encanta mucho mucho mucho mucho mucho much... http://t.co/Y1NDdWxCTv		]]></document>
	<document><![CDATA[@username u better follow me tomorrow k		]]></document>
	<document><![CDATA[@username @username #askjoe what is the leg of this doll doing there? http://t.co/p9N9CZRTZL		]]></document>
	<document><![CDATA[Definitivamente QUIERO IR AL FUNKY BUDDHA. (Bc Joseph went there) Más que antes. Pero no tengo 21 y lloro.		]]></document>
	<document><![CDATA[The Jazz version of the theme song of GoT is perfect.		]]></document>
	<document><![CDATA[the best https://t.co/tiHpwPmL8D		]]></document>
	<document><![CDATA[@username joseph you better not text her that even if it was to correct her		]]></document>
	<document><![CDATA[PORQUE NO ESTÁ LA ENTERTAINMENT WEEKLY EN LA FREE TIME.		]]></document>
	<document><![CDATA[@username what's your snapchat? ????		]]></document>
	<document><![CDATA[@username why are your snapchats so short		]]></document>
	<document><![CDATA[@username eurovision is live nowwwwwww		]]></document>
	<document><![CDATA[@username but wouldn't you prefer him without the suit? #sorrynotsorry		]]></document>
	<document><![CDATA[@username why are you so mean to @username? :(((		]]></document>
	<document><![CDATA[Gonna do something that I will regret for sure		]]></document>
	<document><![CDATA[@username @username happy happy birthday you two! Enjoy loads xx		]]></document>
	<document><![CDATA[@username thatcherjoe!		]]></document>
	<document><![CDATA[Short hair, don't care! #newlook #peinadofresquitopalveranoqueyallega http://t.co/xXHi1Vw7VJ		]]></document>
	<document><![CDATA[Emily Bett Rickards and Colton Haynes are dating for sure, I know. http://t.co/cTz2dylpNT		]]></document>
	<document><![CDATA[And they look so so so so so so so cute together.		]]></document>
	<document><![CDATA[What is Michael doing in my neighborhood		]]></document>
	<document><![CDATA[With iansomerhalder today! ?? http://t.co/X7Kqqb8FXC		]]></document>
	<document><![CDATA[The Faculty.		]]></document>
	<document><![CDATA[Did the color run today! So much fun!!!		]]></document>
	<document><![CDATA[@username @username @username LO SE ISA, LO SE.		]]></document>
	<document><![CDATA[Hardest Russian exam ever ????		]]></document>
	<document><![CDATA[My Reign-Arrow-Teen Wolf feels. http://t.co/TkVRQJKmvy		]]></document>
	<document><![CDATA[Happy happy birthday @username ??		]]></document>
	<document><![CDATA[The. Vamps.		]]></document>
	<document><![CDATA[“@username: Oh hi Barcelona! @username where are you? http://t.co/4KLgibBzx2” JAMES PORQUE ME TAPAS LA CARA CON TU MANO.		]]></document>
	<document><![CDATA[@username http://t.co/yKgJvLwne9 per recordar-ho ????????????????????		]]></document>
	<document><![CDATA[@username hope u come to barcelona again soon :)		]]></document>
	<document><![CDATA[why am I watching teenage mutant ninja turtles?		]]></document>
	<document><![CDATA[oh yeah bc I am so cool, I forgot.		]]></document>
	<document><![CDATA[La foto de The Vamps con Abraham Mateo me da		]]></document>
	<document><![CDATA[Hoping the Russian teacher replies to us so I'll be able to study marketing this afternoon...		]]></document>
	<document><![CDATA[It's freezing.		]]></document>
	<document><![CDATA[& May's about to end.. For gosh's sake. I can't stand this weather.		]]></document>
	<document><![CDATA[I am soooooo happyyyyyyy. Tengo un 9'11 final de ??????? ????????????????????		]]></document>
	<document><![CDATA[@username what		]]></document>
	<document><![CDATA[Tonight's best friends. Sorry @username http://t.co/a55DTn09Zm		]]></document>
	<document><![CDATA[@username u haven't upload anything on snapchat today. Why.		]]></document>
	<document><![CDATA[Stalking Bradley in Barcelona last Friday. #quemehavistoymehasaludadoysabecomoesmicaraynoscasaremos http://t.co/N4OQXpjgvH		]]></document>
	<document><![CDATA[#TheVamps soundcheck in Badalona. 05232014 #tbt http://t.co/d6TIN1LH0q		]]></document>
	<document><![CDATA[@username yas plsssss ????		]]></document>
	<document><![CDATA[@username I think you've visited more times Manila than me (& I am Filipina)		]]></document>
	<document><![CDATA[@username @username HAHAHHAHAHAHHAHA d'on ho has tret?		]]></document>
	<document><![CDATA[When I met you in the summer...		]]></document>
	<document><![CDATA[One year. #DiamondsWorldTour http://t.co/d2Yj9ntjul		]]></document>
	<document><![CDATA[@username Joseph your header omg		]]></document>
	<document><![CDATA[If you're bored, check out the web page I've created with my classmates for marketing class. It's in Spanish tho: http://t.co/8KqHk5j3Zf		]]></document>
	<document><![CDATA[lol at joe's new video playing sims		]]></document>
	<document><![CDATA[@username if Mila doesn't like u anymore, you should start flirting with Bridgette ????		]]></document>
	<document><![CDATA[@username I know, but we'll have to wait until August :(((((((		]]></document>
	<document><![CDATA[Why am I playing "Sad Violin 10 hours" on youtube?		]]></document>
	<document><![CDATA[I am so pissed off right now ugh		]]></document>
	<document><![CDATA[How come Rita Ora & Calvin Harris aren't dating anymore?!?!?!?! Wuuuuuuuuuutttttt		]]></document>
	<document><![CDATA[@username I don't know Alba...		]]></document>
	<document><![CDATA[Arya Stark is the best.		]]></document>
	<document><![CDATA[Photos of Colton & fans in Madrid.... It hurts.		]]></document>
	<document><![CDATA[@username vienes a bcn? Ooohhhhhh		]]></document>
	<document><![CDATA[PORQUE. RT “@username: “@username: Press day in Madrid for #Arrow http://t.co/crt8srvR5G” @username”		]]></document>
	<document><![CDATA['Cause all I wanna be, all I ever wanna be yeah, yeah, is somebody to you. http://t.co/Kta79so7EH		]]></document>
	<document><![CDATA[look how stunning she is pregnant. I am sorry @username http://t.co/SajmFSyEd2		]]></document>
	<document><![CDATA[SAB & The Fosters tonight! woooooop		]]></document>
</author>