<?xml version="1.0" encoding="UTF-8" standalone="no"?><author id="user598">
	<document><![CDATA["Everyone dies, and the goal is not to live forever. The goal is to create something that will".		]]></document>
	<document><![CDATA[I don't want much, I just want some.		]]></document>
	<document><![CDATA["But these ships don't sail away, they wait they wait for another day. And they will float again."		]]></document>
	<document><![CDATA["But I wish I never knew you, wish I never asked your name."		]]></document>
	<document><![CDATA["We wish and all we do is wait.  We hope but never do we pray."		]]></document>
	<document><![CDATA["Everyone wants a flame, but nobody wanna get burnt."		]]></document>
	<document><![CDATA[Guachimently		]]></document>
	<document><![CDATA[Indirectas, indirectas everywhere...		]]></document>
	<document><![CDATA[@username Ve a Hogwarts.		]]></document>
	<document><![CDATA["I'll be home for next year, darling".		]]></document>
	<document><![CDATA[DIEGOOOO TU PODRÍAS SER CANTANTE SI NO FUERA POR LA VOZ!!		]]></document>
	<document><![CDATA[Life is brown like shit.		]]></document>
	<document><![CDATA["Im a sexual atheist."		]]></document>
	<document><![CDATA[@username ooohhh me gustaaa crystal fighterssssssss!!! jajaja http://t.co/w2CkFJ2xxH "Happy...... and fly like magic!" :DDD		]]></document>
	<document><![CDATA["You and me, no one else, nothing else but us right now."		]]></document>
	<document><![CDATA[Feeling shocked.		]]></document>
	<document><![CDATA[I just don't know if i'm right or i'm wrong.		]]></document>
	<document><![CDATA[Unexpected things unexpectedly happen.		]]></document>
	<document><![CDATA[Fan de los "Mitosis Synchronised Swimming".		]]></document>
	<document><![CDATA["I feel something so wrong doing the right thing."		]]></document>
	<document><![CDATA["We can have a walk in the mountains, we can do whatever. We can have a drink in the bar as long as we're together."		]]></document>
	<document><![CDATA["When did you decide that nothing really matters anymore?"		]]></document>
	<document><![CDATA["I never wanted anything from you, except everything you had and what was left after that too."		]]></document>
	<document><![CDATA[Penn is in the air.		]]></document>
	<document><![CDATA["I wouldn't have nothing if I didn't have you".		]]></document>
	<document><![CDATA[Life sucks.		]]></document>
	<document><![CDATA[This is Halloween...		]]></document>
	<document><![CDATA[Nocturnos for the win!		]]></document>
	<document><![CDATA[Relaxing cup of café con leche. #Oxímoron		]]></document>
	<document><![CDATA[Great minds think alike.		]]></document>
	<document><![CDATA["Maybe you are scared, maybe you just had enough of people talking bullshit. Had enough!"		]]></document>
	<document><![CDATA["When it's a straight line baby, a straight line down".		]]></document>
	<document><![CDATA["Falling in love is a crazy thing to do. It's kind of like a form of socially acceptable insanity".		]]></document>
	<document><![CDATA[Nocturnal beings.		]]></document>
	<document><![CDATA[Why did I have to exist?		]]></document>
	<document><![CDATA[#NowPlaying One night - Matthew Koma		]]></document>
	<document><![CDATA[Armstrong en la luna:
"So, Jesus walked on water?

THAT'S COOL."		]]></document>
	<document><![CDATA[Y mira que no me suele gustar el rap pero... http://t.co/wNLnXE9n5X  "was für Rap? Das is' Kunst, lass es bunt"		]]></document>
	<document><![CDATA["Be the difference you want to see".		]]></document>
	<document><![CDATA[Why did you have to come back?		]]></document>
	<document><![CDATA["Best friends are the people in your life that make you laugh louder, smile brighter, and live better"		]]></document>
	<document><![CDATA["The sky wasn't big enough for them all".		]]></document>
	<document><![CDATA[The king of the night.		]]></document>
	<document><![CDATA[@username Age of Mithology eran genialessssssssss jajajaj yo tengo comprado el normal y el Titans XD no jugaste al Age of Empires???		]]></document>
	<document><![CDATA[WEHEEEEEEEEE!! Now i'm gold, bitches! XD http://t.co/dADRqlH5nx		]]></document>
	<document><![CDATA[Ya son las ocho y no he hecho NADA.		]]></document>
	<document><![CDATA[Matar a FAVs #Concepto		]]></document>
	<document><![CDATA["Take a lover who looks at you like maybe you are magic". Frida Kahlo		]]></document>
	<document><![CDATA[Tried to be the main one.		]]></document>
	<document><![CDATA["Avoid the obvious."		]]></document>
	<document><![CDATA["You gotta get up, and try".		]]></document>
	<document><![CDATA["We should be facing the truth".		]]></document>
	<document><![CDATA[#NP No Parachute - The Soldier Thread		]]></document>
	<document><![CDATA[Life doesn't wait for anyone.		]]></document>
	<document><![CDATA[@username SI SI SI SI SI i wanna be that 5/5 :$		]]></document>
	<document><![CDATA[«Sed fugit interea, fugit irreparabile tempus»		]]></document>
	<document><![CDATA["I'm coming up only to show you wrong"		]]></document>
	<document><![CDATA["But I'll tell you a secret: all the best people are."		]]></document>
	<document><![CDATA[Ser un pocosfollowers con alma de tweetstar. #Concepto		]]></document>
	<document><![CDATA[It's hot tonight...		]]></document>
	<document><![CDATA["Home is wherever with you".		]]></document>
	<document><![CDATA[HAZTE INDUSTRIAAAAAAAAAL!		]]></document>
	<document><![CDATA["The sky wasn't big enough for them all".		]]></document>
	<document><![CDATA[MH, bitches.		]]></document>
	<document><![CDATA[@username muy acorde con tus últimos twitts :P http://t.co/mwKw2O0pKU		]]></document>
	<document><![CDATA[TENGO QUE IRME YA A DORMIRRRRRR.		]]></document>
	<document><![CDATA[Juego con tus feelings.		]]></document>
	<document><![CDATA[@username Morgana Freeman. Nidalee Portman. Y así.		]]></document>
	<document><![CDATA[Not to be known.		]]></document>
	<document><![CDATA["Don't you know you have what I need".		]]></document>
	<document><![CDATA["+ What do you say to the god of death? - Not today."		]]></document>
	<document><![CDATA[This is not my day.		]]></document>
	<document><![CDATA["The only thing standing between you and your goal is the story you keep telling yourself as to why you can't achieve it".		]]></document>
	<document><![CDATA[Tengo una chapa de Thresh Campeonatoooo wiiii		]]></document>
	<document><![CDATA["Hey yeah, dont let 'em know we're coming".		]]></document>
	<document><![CDATA[What am i looking for?		]]></document>
	<document><![CDATA["All I need is to find somebody".		]]></document>
	<document><![CDATA[Un gran POS OC.		]]></document>
	<document><![CDATA[Fear closes doors. I lock them.		]]></document>
	<document><![CDATA[Noone said this would be easy, but noone said this was so hard.		]]></document>
	<document><![CDATA[ODIO EL PUTO BUSCADOR DE TWITTER, JODER.		]]></document>
	<document><![CDATA[Ai temsion.		]]></document>
	<document><![CDATA["If you close your eyes, does it almost feel like nothing changed at all".		]]></document>
	<document><![CDATA[http://t.co/3mmOohTPQ1 HASTA EL COÑO YA!		]]></document>
	<document><![CDATA["There is evil in this world."		]]></document>
	<document><![CDATA[PIIIIIIIIIIIPOLLL JELP DE PIIIIIIIIIIIIIIPOOL		]]></document>
	<document><![CDATA[@username version flappyBirdy		]]></document>
	<document><![CDATA["But when the stars come out I want to be with you" http://t.co/tBAJ5MaWVB		]]></document>
	<document><![CDATA[HAURIA HAGUESSIM COMPRATTTTTTTTTTT		]]></document>
	<document><![CDATA[- Can you teleport? + Can't everyone? - Omfg you're right i've been so blind.		]]></document>
	<document><![CDATA[CISPLATINO		]]></document>
	<document><![CDATA[Hitchcock proteins.		]]></document>
	<document><![CDATA[Perfect, but far away.		]]></document>
	<document><![CDATA[This guy makes "Turtle" mean "God". #LCS		]]></document>
	<document><![CDATA[Nyctophilia.		]]></document>
	<document><![CDATA[@username not even close babe		]]></document>
	<document><![CDATA["Sometimes in life when people ask you how are you, you just say 'fine'".		]]></document>
	<document><![CDATA[@username "nEgri, you've spent about 5455 hours on LoL which means 227 days of your life.  You are 44th on EUW servers and 77th in the world."		]]></document>
	<document><![CDATA[3/14/2015 9.26.53. Will be ePIc.		]]></document>
	<document><![CDATA["I don't think i was asking for too much".		]]></document>
</author>