<?xml version="1.0" encoding="UTF-8" standalone="no"?><author id="user97">
	<document><![CDATA[A tour of the International Space Station - http://t.co/iQpk1dT5xE via http://t.co/fRzHtmogE7		]]></document>
	<document><![CDATA[Scientists transform human scar cells into blood vessel cells to repair damaged ... - http://t.co/AUnbaZBu0G via http://t.co/fRzHtmogE7		]]></document>
	<document><![CDATA[And then one candid evening with the Shah - http://t.co/dSwYgiPkUr via http://t.co/fRzHtmogE7		]]></document>
	<document><![CDATA[AirAsia India offers one-way ticket for Rs 699 including taxes - http://t.co/I1DskHfsRe via http://t.co/fRzHtmogE7		]]></document>
	<document><![CDATA[The Higgs Boson “God” Particle May Still Be Undiscovered - http://t.co/IFKYDPxFSx via http://t.co/fRzHtmogE7		]]></document>
	<document><![CDATA[Harsh Vardhan relieved from Health Ministry, may hold Delhi Assembly poll baton - http://t.co/iFIEVmLG9Z via http://t.co/fRzHtmogE7		]]></document>
	<document><![CDATA[Regulate e-cigarettes as they can undermine the progress we made in tobacco ... - http://t.co/CkJwJQOELV via http://t.co/fRzHtmogE7		]]></document>
	<document><![CDATA[Cabinet Expansion: PM Narendra Modi to Meet New Ministers Today - http://t.co/WACs8jTFit via http://t.co/fRzHtmogE7		]]></document>
	<document><![CDATA[Modi embarks on trip to Myanmar, Australia, Fiji; black money high on agenda - http://t.co/aDjPcWtZwI via http://t.co/fRzHtmogE7		]]></document>
	<document><![CDATA[A Virus That Makes Humans Stupid? 'Innocuous' Algae Pathogen That Impairs ... - http://t.co/QWM0zQ8VnL via http://t.co/fRzHtmogE7		]]></document>
	<document><![CDATA[India's ambitious neutrino project awaits PMO approval - http://t.co/xeA84NIvvb via http://t.co/fRzHtmogE7		]]></document>
	<document><![CDATA[Scientists succeed in using Internet for telepathic messages - http://t.co/PKG98ZPfK8 via http://t.co/fRzHtmogE7		]]></document>
	<document><![CDATA[Tired of switching between different editors for each language, @username does them all http://t.co/Lm5j1EE8Ps		]]></document>
	<document><![CDATA[World's tallest man meets world's shortest man - http://t.co/89HiKPZukR via http://t.co/fRzHtnf42j		]]></document>
	<document><![CDATA[Hostile G20 kicks off with mixed agenda - http://t.co/ZdTItbWGNG via http://t.co/fRzHtnf42j		]]></document>
	<document><![CDATA[Narendra Modi should focus on RSS and not on Gandhi, Nehru and Patel ... -- haha it seems they have a copyright		]]></document>
	<document><![CDATA[Eating These May Prevent Growth of Prostate Cancer - http://t.co/49SRR4vwR2 via http://t.co/fRzHtnf42j		]]></document>
	<document><![CDATA[Man in space and other plans - http://t.co/F3HDzTl56S via http://t.co/fRzHtnf42j		]]></document>
	<document><![CDATA[Science of life - http://t.co/x5t0gexKJq via http://t.co/fRzHtnf42j		]]></document>
	<document><![CDATA[Viswanathan Anand lets Magnus Carlsen off the hook - http://t.co/4GBLuTqVGf via http://t.co/fRzHtnf42j		]]></document>
	<document><![CDATA[Britain to introduce tough new foreign fighter laws - http://t.co/aRh9eAYprA via http://t.co/fRzHtnf42j		]]></document>
	<document><![CDATA[Marksheet Case: Minister RS Katheria Charged with Faking Work Experience Too - http://t.co/QWoYgUcPge via http://t.co/fRzHtnf42j		]]></document>
	<document><![CDATA[German/Sanskrit row gets diplomatic colour - http://t.co/d9U6KWl2On via http://t.co/fRzHtnf42j		]]></document>
	<document><![CDATA[Govt agrees to hike compensation for Bhopal gas tragedy victims - http://t.co/VD7E3U2NFv via http://t.co/fRzHtnf42j		]]></document>
	<document><![CDATA[Rhino-horse first traces found in Ancient India? - http://t.co/L2QJzVl53A via http://t.co/fRzHtnf42j		]]></document>
	<document><![CDATA[Women not equal to men, says Turkish premier - http://t.co/bCX8dGlkYb via http://t.co/fRzHtnf42j		]]></document>
	<document><![CDATA[Roubini Says Russia Wants Its Empire Back - http://t.co/xOskgvu1iS via http://t.co/fRzHtnf42j		]]></document>
	<document><![CDATA[BJP confident of holding Amit Shah meet in Kolkata - http://t.co/GDLLt6gyP3 via http://t.co/fRzHtnf42j		]]></document>
	<document><![CDATA[Opposition set to 'attack' government over insurance bill, black money - http://t.co/R9syMB4tYB via http://t.co/fRzHtnf42j		]]></document>
	<document><![CDATA[Permanent stress may lead to mental disorders - http://t.co/s1GFbsATcB via http://t.co/fRzHtnf42j		]]></document>
	<document><![CDATA[Permanent stress may lead to mental disorders: http://t.co/tyFlteuShE		]]></document>
	<document><![CDATA[5 ways you are letting stress affect your cells - http://t.co/UVRpbnOOt4 via http://t.co/fRzHtnf42j		]]></document>
	<document><![CDATA[Republican aide resigns over 'hurtful' swipe at Obama's daughters - http://t.co/w7LfLkvas9 via http://t.co/fRzHtnf42j		]]></document>
	<document><![CDATA[Join me and sign up to compete in Quora Haqathon ( http://t.co/iHmheSV4jL ) on @username		]]></document>
	<document><![CDATA[Good keynotes #FIRE2014		]]></document>
	<document><![CDATA[Cristiano clear favourite to win Ballon d'Or this year: Ronaldo - http://t.co/NeVlg1GWis via http://t.co/fRzHtnf42j		]]></document>
	<document><![CDATA[Facebook building artificial intelligence tool to keep you from uploading ... - http://t.co/4H5XcW8jQA via http://t.co/fRzHtnf42j		]]></document>
	<document><![CDATA[RBI not unduly worried over CAD - http://t.co/JF5M9riciV via http://t.co/fRzHtnf42j		]]></document>
	<document><![CDATA[India, Russia ink pact to build two nuclear reactors in Tamil Nadu - http://t.co/UZbsUy4hVy via http://t.co/fRzHtnf42j		]]></document>
	<document><![CDATA[Ha ha :) .......AAP: Won't allow 'anti-national activities' of RSS in Delhi - http://t.co/D50k8kuBbH via http://t.co/fRzHtnf42j		]]></document>
	<document><![CDATA[Delhi needs an emergency pollution plan, says CSE - http://t.co/AEHpdopyXb via http://t.co/fRzHtnf42j		]]></document>
	<document><![CDATA[Discovered -- stem cells in the eye that can restore vision - http://t.co/S9FfmiMqb3 via http://t.co/fRzHtnf42j		]]></document>
	<document><![CDATA[Everyone Is Waiting On India To Make A Move On Climate - http://t.co/1zsGBkJY63 via http://t.co/fRzHtnf42j		]]></document>
	<document><![CDATA[India willing to revisit the idea of classifying countries as developed & developing - http://t.co/bwO9kpLPxF via http://t.co/fRzHtnf42j		]]></document>
	<document><![CDATA[Bengaluru police arrest executive allegedly behind pro-IS Twitter handle - http://t.co/0JenxWlX0M via http://t.co/fRzHtnf42j		]]></document>
	<document><![CDATA[It's war! Mamata vows to go after BJP after CBI arrests Madan in Saradha case - http://t.co/Ge7KX3Bi0l via http://t.co/fRzHtnf42j		]]></document>
	<document><![CDATA[Is Twitter starting to lose its glitter? - http://t.co/Lwxxb2ZMCw via http://t.co/fRzHtnf42j		]]></document>
	<document><![CDATA[GOSF 2014: 80 lakh visits, manifold growth and first-timers, Google does it all - http://t.co/faUSNjXOyP via http://t.co/fRzHtnf42j		]]></document>
	<document><![CDATA[Own Stem Cells Repair Affected Cornea in Experiment; Long Waiting List for Eye ... - http://t.co/MnxNN1ac3U via http://t.co/fRzHtnf42j		]]></document>
	<document><![CDATA[Taj Mahal Discoloration: First Scientific Study Blames it on Carbon Pollution ... - http://t.co/8tqbcOsgd6 via http://t.co/fRzHtnf42j		]]></document>
	<document><![CDATA[India fighting a losing war against spam, says COAI - http://t.co/We0MSvJtxN via http://t.co/fRzHtnf42j		]]></document>
	<document><![CDATA[YouTube allows offline access to popular Indian music, movies - http://t.co/BLg7laTFxe via http://t.co/fRzHtnf42j		]]></document>
	<document><![CDATA[Sydney cafe siege: Several held hostage by gunman, forced to hold up Islamic flag - http://t.co/9wlNPzJY4H via http://t.co/fRzHtnf42j		]]></document>
	<document><![CDATA[Rupee slips 22 paise against dollar in early trade - http://t.co/sO6Fypm7bu via http://t.co/fRzHtnf42j		]]></document>
	<document><![CDATA[Peshawar school attack: Taliban is killing their children; who will stop them?
http://t.co/bcgiHArLYy

Shared from Google News & Weather		]]></document>
	<document><![CDATA[Floundering SpiceJet gets AI treatment
http://t.co/2brJoFTeyK

Shared from Google News & Weather		]]></document>
	<document><![CDATA[Australian heroes died trying to save lives
http://t.co/W04WTfeT5g

Shared from Google News & Weather		]]></document>
	<document><![CDATA[Black money: Rs 6 lakh crore illegally taken out of India in 2012
http://t.co/7TtNSjOQ3a

Shared from Google News & Weather		]]></document>
	<document><![CDATA[Microsoft's Skype introduces real-time translation #cool
http://t.co/b6Nk7imvsA

Shared from Google News & Weather		]]></document>
	<document><![CDATA[Thousands flee deadly violence in Assam http://t.co/MdDNEYgZaI		]]></document>
	<document><![CDATA['No clean chit': US says no Kerry-Lugar fund disbursed to Pakistan since 2013 - http://t.co/xL8hoaIuHT via http://t.co/fRzHtnf42j		]]></document>
	<document><![CDATA[Twitter back up after hour long service disruption jams home feed updates - http://t.co/vhKmQHyKVi via http://t.co/fRzHtnf42j		]]></document>
	<document><![CDATA[Another ISC gem: Astrology a science, says Uttar Pradesh governor Ram Naik - http://t.co/UNw3RyDGun via http://t.co/fRzHtnf42j		]]></document>
	<document><![CDATA[Google also wants to help with PM Modi's Digital India initiative - http://t.co/7rbgA0LwuN via http://t.co/fRzHtnf42j		]]></document>
	<document><![CDATA[PM Narendra Modi to inaugurate 13th edition of 'Pravasi Bharatiya Diwas' today - http://t.co/4zpISZ8mac via http://t.co/fRzHtnf42j		]]></document>
	<document><![CDATA[Victim identified 'Uber rapist' after recognising him at court - http://t.co/o3sVwpoFGU via http://t.co/fRzHtnf42j		]]></document>
	<document><![CDATA[AirAsia tail section upside down, buried in Java Sea - http://t.co/65ykM2igT3 via http://t.co/fRzHtnf42j		]]></document>
	<document><![CDATA[Oh God.. Is it back ?
Delhi records first death due to swine flu, 9 cases reported - http://t.co/yKP1NhFFGE via http://t.co/fRzHtnf42j		]]></document>
	<document><![CDATA[75% of heart attacks in young people could be avoided with six rules - http://t.co/HEyGmU80YW via http://t.co/fRzHtnf42j		]]></document>
	<document><![CDATA[AirAsia QZ8501: Search team says pings detected may be from black box; divers ... - http://t.co/Ahwgh8i6jJ via http://t.co/fRzHtnf42j		]]></document>
	<document><![CDATA[Sri Lanka: President Rajapaksa concedes defeat in bitterly fought election - http://t.co/1zb8AIiHOW via http://t.co/fRzHtnf42j		]]></document>
	<document><![CDATA[Google Capital invests in CommonFloor - http://t.co/VOzq7jPrUB via http://t.co/fRzHtnf42j		]]></document>
	<document><![CDATA[Divers retrieve 1 of 2 black boxes from crashed AirAsia jet - http://t.co/fHRvpzhZqD via http://t.co/fRzHtnf42j		]]></document>
	<document><![CDATA[Batao... kya karen !!!! Asaram rape case witness shot dead in UP - http://t.co/6nsXe3PKo8 via http://t.co/fRzHtnf42j		]]></document>
	<document><![CDATA[Three new cases of swine flu in city, authorities on alert - http://t.co/0inG2oFwuR via http://t.co/fRzHtnf42j		]]></document>
	<document><![CDATA[Sultanpur National Park shut after 40 birds found dead - http://t.co/EdoLOp51iY via http://t.co/fRzHtnf42j		]]></document>
	<document><![CDATA[Nobel laureate warns of 'disaster' due to excessive use of antibiotics - http://t.co/zmMoc7mau3 via http://t.co/fRzHtnf42j		]]></document>
	<document><![CDATA[Increase in bird population in Chilika - http://t.co/5GzcxGZN5A via http://t.co/fRzHtnf42j		]]></document>
	<document><![CDATA[Translation Technology Starts to Prove Itself - http://t.co/MQIDfcKcP1 via http://t.co/fRzHtnf42j		]]></document>
	<document><![CDATA[NASA probe sends increasingly detailed snaps of MOIST DWARF goddess http://t.co/wIPNYLgIiv via @username		]]></document>
	<document><![CDATA['Ghost particle' found in space hints at existence of aliens: Researchers http://t.co/CFRCY7u0nK		]]></document>
	<document><![CDATA[BJP's CM candidate for Delhi: The story of Kiran 'Crane' Bedi more myth than fact - http://t.co/djPDBmEgHJ via http://t.co/fRzHtnf42j		]]></document>
	<document><![CDATA[Cigarette Taxes Weigh on ITC Results, Shares Fall - http://t.co/yOVuU377H0 via http://t.co/fRzHtnf42j		]]></document>
	<document><![CDATA[India to Share Evidence on Black Money with Switzerland: Finance Minister Arun ... - http://t.co/W0tiOhkyWk via http://t.co/XmMQ0ccsYf		]]></document>
	<document><![CDATA[The Internet will vanish, says Google's Eric Schmidt - http://t.co/XZi0CSa8Cd via http://t.co/fRzHtnf42j		]]></document>
	<document><![CDATA[Government approves SpiceJet's 'reconstruction & revival' plan - http://t.co/SsLpaDUTaU via http://t.co/fRzHtnf42j		]]></document>
	<document><![CDATA[Japan readies for deadline set by Islamic State for hostages - http://t.co/iYVsL1gCzH via http://t.co/fRzHtnf42j		]]></document>
	<document><![CDATA[Now, doctors scared of swine flu in Hyderabad - http://t.co/jzRkeAtz1e via http://t.co/fRzHtnf42j		]]></document>
	<document><![CDATA[Avoid excess alcohol, heavy workout during winter - http://t.co/ivUEcZ5fva via http://t.co/fRzHtnf42j		]]></document>
	<document><![CDATA[Pb Health Dept gears up to tackle swine flu outbreak - http://t.co/a9G9jI0bx2 via http://t.co/fRzHtnf42j		]]></document>
	<document><![CDATA[NASA to explore Mars with helicopter drones? - http://t.co/mx1DG1eIK9 via http://t.co/fRzHtnf42j		]]></document>
	<document><![CDATA[Nasa Developing Helicopter That Could Scout for Future Mars Rovers | NDTV Gadgets http://t.co/q2q7fNqa0i via @username		]]></document>
	<document><![CDATA[Japan Vows Not to Give Up on 2 Hostages Till 'The Very End' - http://t.co/qZBS9Z24Xe via http://t.co/fRzHtnf42j		]]></document>
	<document><![CDATA[NASA Unveils 100 Millionth Image Of The Sun - http://t.co/1t8HZkXWow via http://t.co/fRzHtnf42j		]]></document>
	<document><![CDATA[Obama embarks on India trip this evening - http://t.co/peLWnmi25T via http://t.co/fRzHtnf42j		]]></document>
	<document><![CDATA[Swine flu claims five more lives across India - http://t.co/jwhg9UF5Gc via http://t.co/fRzHtnf42j		]]></document>
	<document><![CDATA[Walnuts Improve Memory, New UCLA Study Says : News : Headlines & Global News: http://t.co/WaDqDgXyM8		]]></document>
</author>