<?xml version="1.0" encoding="UTF-8" standalone="no"?><author id="user774">
	<document><![CDATA[left wondering if caffeine shots can be injected or not #tired		]]></document>
	<document><![CDATA[thanks, @username !		]]></document>
	<document><![CDATA[@username so, did you try the recipe? did you sleep?		]]></document>
	<document><![CDATA[to mcflurry or not to mcflurry, is that even a question?		]]></document>
	<document><![CDATA[@username congratulations! :)		]]></document>
	<document><![CDATA[@username hints for baby names http://www.pcworld.com/article/228097/10_techinspired_baby_names_better_than_like.html		]]></document>
	<document><![CDATA[looking at probably the worst slides ever (shadows, color shifting, etc.)		]]></document>
	<document><![CDATA[just heard someone say 'optical character erection' instead of 'optical character recognition correction' #freudianslip		]]></document>
	<document><![CDATA[colleagues commenting on me: 'you look frustrated', 'are you still ill?' #nice		]]></document>
	<document><![CDATA[@username that's super, thx!		]]></document>
	<document><![CDATA[is able to smell again - yes! - but it's the sperm trees - no!		]]></document>
	<document><![CDATA[@username allowed!		]]></document>
	<document><![CDATA[iced chocolate! http://t.co/kclrtbS		]]></document>
	<document><![CDATA[loves how a nice piece of music can always save the day		]]></document>
	<document><![CDATA[I liked a @username video http://youtu.be/kbpqZT_56Ns?a Foo Fighters - Rope		]]></document>
	<document><![CDATA[I liked a @username video http://youtu.be/-ZFMTjQ7Xi0?a Foo Fighters - Bridge Burning (Live on Letterman)		]]></document>
	<document><![CDATA[@username unfortunately not, but I will be at CLEF and PAN in September, you too?		]]></document>
	<document><![CDATA[very insightful! -- More (Mis)Management http://t.co/1yf1DiY		]]></document>
	<document><![CDATA[@username it took me some time to figure out who you were :)		]]></document>
	<document><![CDATA[@username seems like a tough competitor! but 1500 dollar will be enough to buy a nice espresso machine, right?		]]></document>
	<document><![CDATA[@username great, if you happen to see him again, send him my regards		]]></document>
	<document><![CDATA[@username I sure missed your signature sneeze this week :)		]]></document>
	<document><![CDATA[@username good to have you back in Belgium!		]]></document>
	<document><![CDATA[chaired the lab meeting today! #weehee		]]></document>
	<document><![CDATA[CLEF 2011 has its own social network :-)		]]></document>
	<document><![CDATA[@username check out http://t.co/z5bXaky for an answer!		]]></document>
	<document><![CDATA[@username a full hour for a *bit* of code -- you've got some dense programming action going on!		]]></document>
	<document><![CDATA[is on Google+ !		]]></document>
	<document><![CDATA[@username you still did not receive my invite?		]]></document>
	<document><![CDATA[I liked a @username video http://youtu.be/EAZv7V4gkGs?a Somebody To Love Me (Uncensored)		]]></document>
	<document><![CDATA[Ten reasons why conference paper should be abolished: http://t.co/SJuFiKU		]]></document>
	<document><![CDATA[Support #Norway, add a #twibbon now! - http://twb.ly/omHVEW - Create one here - http://twb.ly/f02AU3		]]></document>
	<document><![CDATA[working hard on the 2011 Medical NLP Challenge #i2b2		]]></document>
	<document><![CDATA[@username thanks to the smooth collaboration with you! #i2b2		]]></document>
	<document><![CDATA[@username same here: very tired!		]]></document>
</author>