<?xml version="1.0" encoding="UTF-8" standalone="no"?><author id="user629">
	<document><![CDATA[@username besitooooo...gracias		]]></document>
	<document><![CDATA[What a wonderfull world... http://t.co/PZULTYtd		]]></document>
	<document><![CDATA[What a wonderfull world... http://t.co/NM8ycX9s		]]></document>
	<document><![CDATA[@username kisses....thanks for watching the show. And happy bday to you...		]]></document>
	<document><![CDATA[WWEEEOOOWWW! Chirp. #R2D2 #AngryBirdsStarWars http://t.co/92RK8Zi3Jr		]]></document>
	<document><![CDATA[@username mucha mierda con ese #control. Looking good...		]]></document>
	<document><![CDATA[@username @username doña Catherine @username sube al cielo junto a beatrice, julieta y venus...no williams.		]]></document>
	<document><![CDATA[WWEEEOOOWWW! Chirp. #R2D2 #AngryBirdsStarWars http://t.co/Qe31LRIriR		]]></document>
	<document><![CDATA[AWWWORRRRGGGHH!! Chirp. #Chewie #AngryBirdsStarWars http://t.co/ugrEYpwknV		]]></document>
	<document><![CDATA[We count 30 Rebel ships, Lard Vader... #AngryBirdsStarWars http://t.co/xDUx2oOdBi		]]></document>
	<document><![CDATA[@username in your minddd!...besoteee, chechiiii.		]]></document>
	<document><![CDATA[@username @username besossss....gracias a ustedes.		]]></document>
	<document><![CDATA[“@username: "Flotando con Té/ Floating on Tea" Hotel Click Clack Bogotá, Colombia http://t.co/tVJVxiSDGZ @username/ cool!!!. Quiero!		]]></document>
	<document><![CDATA[@username You can't destroy middle west culture and kill innocent people. Yes..you can!!		]]></document>
	<document><![CDATA[@username wow...eso es amor. Gracias...besooo		]]></document>
	<document><![CDATA[Keep on walking on the wild side, @username ...		]]></document>
	<document><![CDATA[@username thanks...????		]]></document>
	<document><![CDATA[Bob esponja new season... http://t.co/niymP3sMLm		]]></document>
	<document><![CDATA[@username @username Let food be thy medicine and medicine be the food.                                   hipocrates		]]></document>
	<document><![CDATA[“@username: ?”/ boom...sin L		]]></document>
	<document><![CDATA[@username wow...thank you...		]]></document>
	<document><![CDATA[http://t.co/kBf25vrOeJ . Cool!!..		]]></document>
	<document><![CDATA[“@username: The decisions are mine..the mistakes are mine...the LIFE is mine!!!! ????????????”/ go for it!...		]]></document>
	<document><![CDATA[@username y @username en #Agosto. Unforgettable acting. Actuaciones inolvidables. Thank you...		]]></document>
	<document><![CDATA[“@username: I'll b @username row E seat 9! Didn't need a gps to get to my seat this time!”/ enjoy it, chichi!. I Hope next year on stage		]]></document>
	<document><![CDATA[“@username: New York Daily: http://t.co/Rbge4mRU5I por @username /rock da house!!. But chibcha, no Maya...		]]></document>
	<document><![CDATA[@username from colombia, great show cosmos. Ted should present a Darwin chapter by the way.		]]></document>
	<document><![CDATA[@username from colombia, great show #Cosmos. Ted should present a Darwin chapter by the way.		]]></document>
	<document><![CDATA[“@username: Premiere of #ghettoKlown here in Miami at the colony! At 7pm I will greet u live!”/ so cool!..get your ticket now!		]]></document>
	<document><![CDATA[@username @username rock the house, war!..bon voyage		]]></document>
	<document><![CDATA[“@username: That Moment you realize he's #CapitainPuertoRico  http://t.co/yC7P02clIB”/ @username han revelado tu identidad.		]]></document>
	<document><![CDATA[“@username: http://t.co/km0OMAul5O”/ shinning in gringoland...		]]></document>
	<document><![CDATA[@username besoteeee y feliz cumple		]]></document>
	<document><![CDATA[@username mierdaaaa para hoy, meier!. Rock the house!....of the hill.		]]></document>
	<document><![CDATA[Mens sana in corpore sano. En @username inningCenter...mi templo. http://t.co/aRVvPnDxgE		]]></document>
	<document><![CDATA[@username ????????????bon apetite		]]></document>
	<document><![CDATA[“@username: Watching my daughter catch some waves! http://t.co/TaxgLKXcBL”/ that s the best show...enjoy it, chochi		]]></document>
	<document><![CDATA[“@username: On the set for @username very exciting , :) lovely vibe lovely people x”/ rock da house, milady!		]]></document>
	<document><![CDATA[@username and then exhale, pleaseeee...????		]]></document>
	<document><![CDATA[@username te asfixiaste? @username en...? What?		]]></document>
	<document><![CDATA[https://t.co/S0puQ3KyTv coming soon in bogota city		]]></document>
</author>