<?xml version="1.0" encoding="UTF-8" standalone="no"?><author id="user282">
	<document><![CDATA[Glamour Moddel ???? had to be one lol		]]></document>
	<document><![CDATA[Did she just say she wouldn't do it for free ????????????????????????????		]]></document>
	<document><![CDATA[Did you see how she kissed Uncle ???????????????? Nah I'm take her round the corner uno		]]></document>
	<document><![CDATA[I'm taking her round the corner IDC ????		]]></document>
	<document><![CDATA[“@username: Plot twist:

Big brother shows Them what she's being saying about them”< I'm suspecting this too		]]></document>
	<document><![CDATA[Had to be a uncle Alex init ???????????? nah this is BS		]]></document>
	<document><![CDATA[“@username: “@username: Somali twitter dont ave it ???????????????? https://t.co/mGh4hcSAuz” LOOOOOOOOOL”< I'm chocking		]]></document>
	<document><![CDATA[“@username: Remove the niggur init”????		]]></document>
	<document><![CDATA[“@username: FFS. Not gonna do anything for my birthday anymore. ????”< becuz ????		]]></document>
	<document><![CDATA[“@username: @username cbb everyone's useless”< Pele, come let's go shisha		]]></document>
	<document><![CDATA[@username where are you ghost		]]></document>
	<document><![CDATA[“@username: @username I don't even mind uno, hmm whatsapp me”calm		]]></document>
	<document><![CDATA[“@username: @username Madting when? I'm available after Tuesday steeeellll”calm		]]></document>
	<document><![CDATA[“@username: Shawty you deserve what you've been missing lookin at you am thinkin he must be tripping ????”<		]]></document>
	<document><![CDATA[“@username: “@username: No way ???????? http://t.co/48FYWuViv5”LOOOOOOOOOOL”< fgfdfffffghh		]]></document>
	<document><![CDATA[“@username: Mats Hummels has been backed into 5/4 from 3/1 to join #MUFC in the transfer window > http://t.co/YXEOI06mHd”< ????????		]]></document>
	<document><![CDATA[If we get Hummels its a wrap! ????		]]></document>
	<document><![CDATA[Fam I feel so crap! Stayin the in bed today boy		]]></document>
	<document><![CDATA[“@username: I have to marry someone who is just as silly as me so we can do this ????https://t.co/SVYMjDxOUV”< wavy????		]]></document>
	<document><![CDATA[“@username: Bobby snitched oh yea bobby snitched (oh you aint kno) ???????????????????? http://t.co/AjJBCOmLTZ”< mud		]]></document>
	<document><![CDATA[I'm sorry but after reading that, Ched seemed to have an intention to go into that hotel room, he lied about his reasons for needing a key		]]></document>
	<document><![CDATA[But ultimately, the question is should consent given when intoxicated be seen as being reliable?		]]></document>
	<document><![CDATA[“@username: Accountability is important anyway, we will never know if Ched is really guilty or not”<		]]></document>
	<document><![CDATA[Very important to note, the receptionist stated "some footballers" booked the hotel room. The stigma attached to being a public figure..		]]></document>
	<document><![CDATA[.. May have been the deciding factor for Ched. As far as the law is concerned he should know better.		]]></document>
	<document><![CDATA[But is that fair? Shouldn't we hold every single person to the same level of expectation?		]]></document>
	<document><![CDATA[Public figure or not, when it comes to the law, right or wrong there shouldn't be a greater desire to punish 1 over the other		]]></document>
	<document><![CDATA[A man's livelihood is in jeopardy now because his job is to score goals and entertain		]]></document>
	<document><![CDATA[“@username: OFFICIAL: Burnley and Manchester United have reached an agreement for the permanent transfer for M.Keane for £2m. #MUFC”<		]]></document>
	<document><![CDATA[Sad to see Michael Keane go, but the lad has potential and should be playing as much as he can rn		]]></document>
	<document><![CDATA[Mad I thought man had agreed to go Liverpool ????		]]></document>
	<document><![CDATA[@username were you born there?		]]></document>
	<document><![CDATA[“@username: How Bout Now?  https://t.co/LIv61Uxim5”< Aunty knows ????		]]></document>
	<document><![CDATA[“@username: Shaqiri rejected a Liverpool by saying "No Chance" ????????????????”< ????????		]]></document>
	<document><![CDATA[“@username: This girl ain't serious ???????????? https://t.co/q0cAEdOWXF”< ????????		]]></document>
	<document><![CDATA[Witches communicating with other witches ????????		]]></document>
	<document><![CDATA[“@username: When you spit bars for the first time and your boy rates it https://t.co/HwNdO8MYat”<		]]></document>
	<document><![CDATA[Hopefully this is the first of many necessary signings in this window! Hummels and Gundogan next please ????		]]></document>
	<document><![CDATA[“@username: M.Hummels' father, also his agent, has confirmed the player will not be joining Manchester United. [ssn] #MUFC”< Damn		]]></document>
	<document><![CDATA[“@username: Manchester United's CB targets in January: F.Schar, Vlaar, Godin and M.Hummels. [ESPN] #MUFC”<		]]></document>
	<document><![CDATA[“@username: LvG: "Valdes joins the club as the no.2 goalkeeper and is a great addition to the first team." #MUFC”<		]]></document>
	<document><![CDATA[“@username: Valdes: "I think now David is the best goalkeeper in the world." #MUFC”< ????		]]></document>
	<document><![CDATA[“@username: Confirmed: Victor Valdes will wear the number 32 for #mufc”< Carlos' ex number :(		]]></document>
	<document><![CDATA[Hopefully this number 32 doesn't do what the last did.		]]></document>
	<document><![CDATA[Valdez is an excellent number 2! He'll get games! FA cup we can rest Dave now		]]></document>
	<document><![CDATA[“@username: Victor Valdes is a Red #WelcomeValdes #MUFC https://t.co/SSf8lyYpf0”<		]]></document>
	<document><![CDATA[I vote N.Young @username #NBABALLOT #Swaggy3		]]></document>
	<document><![CDATA[Our No1 and No2 goalkeepers are better than 3/4 of no1 on any other PL team! Not bad King Louis		]]></document>
	<document><![CDATA[“@username: Man Utd are better than us in every position except midfield. #AFC”< tbh minus injuries our midfield aint terrible uno		]]></document>
	<document><![CDATA[“@username: So unfair ???? http://t.co/bzvnifMMbR”< in the space of a few hours lol		]]></document>
	<document><![CDATA[I'm sure everyone knows what a push up bra is		]]></document>
	<document><![CDATA[“@username: “@username: Manchester United fans https://t.co/MCiiDLsgoV” ????”< ????????		]]></document>
	<document><![CDATA[“@username: Steven Gerrard,"I will miss the Premier League." 
Mate, you never had it.”< love it!!		]]></document>
	<document><![CDATA[@username Daley Blind, Juan Mata, Angel Di Maria, Marouane Fellaini lol Arsenal ain't close		]]></document>
	<document><![CDATA[“@username: @username Your midfield is terrible. Keep kidding yourself that Carrick is world class and Herrera is Thiago. ????”<		]]></document>
	<document><![CDATA[Thiago is non existent at Bayern lol, Carrick is still better than half of Arsenals Midfielders at 33 ????		]]></document>
	<document><![CDATA[@username who've you got? Arteta? Flamini Yh? Or cocklan init ????		]]></document>
	<document><![CDATA[“@username: “@username: I'm sure everyone knows what a push up bra is” init. They're all acting brand new.”???? mate		]]></document>
	<document><![CDATA[@username clearly a push up distins or photoshop, but that's celebs for ya		]]></document>
	<document><![CDATA[No wonder Woj had a fag in the showers, he's playing with animals ????????		]]></document>
	<document><![CDATA[@username tbh the only real deal you just mentioned is Santi. The rest are at their peaks now, Won't improve.		]]></document>
	<document><![CDATA[@username welcome to United Lad??????????????????????????		]]></document>
	<document><![CDATA[@username yu need a new keeper, new CB, a DMF, another CM, a winger and world class CF???? that's more than 2 years if you ask me ????		]]></document>
	<document><![CDATA[“@username: @username you gotta write Nick Young so your vote will count not N. young”< oh thanks for that		]]></document>
	<document><![CDATA[I vote Nick Young @username #NBABallot		]]></document>
	<document><![CDATA[“@username: Only Nick Young. Never change, SwaggyP 
#NBABallot 
https://t.co/nEuVgTGcG5”<		]]></document>
	<document><![CDATA[@username exactly. But tbh the team ain't doing a lot to help him. Yu Deffo gotta sign in this transfer window		]]></document>
	<document><![CDATA[@username looool I'm sure you've got your tweets saved for the 1st of Feb ????		]]></document>
	<document><![CDATA["That's so Raven"???? http://t.co/9OYfyHWSuS		]]></document>
	<document><![CDATA[Dunno what happened there boy. Bad makeup?		]]></document>
	<document><![CDATA[@username Moyes out was a dark dark time in my life! I won't lie ????		]]></document>
	<document><![CDATA[“@username: @username I love K and Cs outfit ????”< ???? and Raven?		]]></document>
	<document><![CDATA[“@username: De Gea-esque from Valdes. http://t.co/hhLfcKTCbf”< he's been watching Dave ????		]]></document>
	<document><![CDATA[“@username: It's a great honor to be part of Manchester United. It's a dream come true. Thanks a lot for your… http://t.co/2rj5TGWhbA”<		]]></document>
	<document><![CDATA[“@username: Víctor Valdés will wear shirt number 32 at Manchester United. http://t.co/iwlNdzy0qM”<		]]></document>
	<document><![CDATA[“@username: Fergie got away with replacing Ronaldo with Valencia and Owen. The man was a wizard”< genius Infact		]]></document>
	<document><![CDATA[Lampard you cheeky lad ????		]]></document>
	<document><![CDATA[Billy is such a cockblock ????????????????????		]]></document>
	<document><![CDATA[“@username: "@username: Better slaves? Romans 8 begs to differ lol"????”< you agree ????		]]></document>
	<document><![CDATA[“@username: Yeah max is scheming still”<		]]></document>
	<document><![CDATA[@username ???? listen I can't even say sorry anymore I'm slacking bares boy ???????? soon soon sha		]]></document>
	<document><![CDATA[“@username: @username see you yeah at least you're being honest. For before the end of the week?”cool		]]></document>
	<document><![CDATA[Max ???? what a gg		]]></document>
	<document><![CDATA[????I think Zoe is coming back uno		]]></document>
	<document><![CDATA[Sighs Alf ????		]]></document>
	<document><![CDATA[Kfkdndjjdjd you know when you're speaking and see a girls face change????stop talking there and then		]]></document>
	<document><![CDATA[Dressed like James Bond without the Swave or Sophistication ????????		]]></document>
	<document><![CDATA[“@username: "That face ain't gonna look good without makeup"???????????? #CBB”< she's so flipping rude ????????		]]></document>
	<document><![CDATA[Cammy Lee is so buff ????		]]></document>
	<document><![CDATA[Giggsy will forever be wavy????????		]]></document>
	<document><![CDATA[Perez will be very annoying. I can see it already		]]></document>
	<document><![CDATA[You know them ppl that know everyone at a party so they make the most noise and do the most ????		]]></document>
	<document><![CDATA[Perez is doing the most ???? I must repeat		]]></document>
	<document><![CDATA[“@username: United Training pics today (1/2) http://t.co/d28mrlzIhl”< ??		]]></document>
	<document><![CDATA[“@username: United training pics (2/2) http://t.co/8saCPFKNdU”<		]]></document>
	<document><![CDATA[Kate is a buiiiitttchhh ????		]]></document>
	<document><![CDATA[“@username: When Jeremy suggested Chloe and Cami-Li wrestle, that maybe wasn't what he had in mind. #CBB”< djdjdn		]]></document>
	<document><![CDATA[Perez has info on everyone. ????		]]></document>
	<document><![CDATA[What's the word I'm looking for ????????????????????????????????????????????????????????????????		]]></document>
	<document><![CDATA[“@username: “@username: Alex Song's most awkward moment as a Barcelona player. https://t.co/CAPVbaasIp” this is so peak ????????”<		]]></document>
</author>