<?xml version="1.0" encoding="UTF-8" standalone="no"?><author id="user768">
	<document><![CDATA[Must see: @username 'How people in science see each other' http://t.co/pDaxYcb (via @username)		]]></document>
	<document><![CDATA[#TablaSinde RT: @username: I'm broadcasting from Android phone, live on Ustream - http://t.co/2Ux1SGlz - 15:58 p.m. sep 15		]]></document>
	<document><![CDATA[@username: el artículo de @username: "The statistical error that just keeps on coming" http://t.co/7MMJxI8n		]]></document>
	<document><![CDATA[1h32m! RT: @username: James Hendler's talk at #ESWC2011: Maybe too technical for WCIM students, but some may [...] http://t.co/K9cPua0i		]]></document>
	<document><![CDATA[Dan S. Wallach "Rebooting the CS publication process" http://t.co/h9pu1jD2 #openaccess (hope link will be)		]]></document>
	<document><![CDATA[no Bilbao date ;-( RT: @username: Thurston announces European tour dates for November/December http://t.co/NeeT0BpZ. On sale...		]]></document>
	<document><![CDATA[I agree RT: @username: Loved old @username tagging (a great tagcentric tool). Why change it to 'stacks' #newdelicious? http://t.co/Wn1ldm1G		]]></document>
	<document><![CDATA[RT: @username: MT @username stop scientists spending all their time writing grant proposals http://t.co/dzGmIG4n (via @username)		]]></document>
	<document><![CDATA[Encuesta vista por ahí: 'Which of the following systems of indexing is more relevant? EBSCO/ISI/INSPEC/SCOPUS' ¿y la opción 'none'? #fail		]]></document>
	<document><![CDATA[I agree with @username in that, from a CS view, NeXT computer was very relevant, and usability a value to foster, yet today		]]></document>
	<document><![CDATA[RT @username [1] http://t.co/DTGnoJ0X [2] http://t.co/OidZC69y [3] http://t.co/ujvKOqdv		]]></document>
	<document><![CDATA[o sea que Dart http://t.co/t9W0wvbm (via @username) es reemplazo de Google a JavaScript; pero "structured web programming" ¡¿ein?!		]]></document>
	<document><![CDATA["fundamental problems in the language [JavaScript] (like the existence of a single Number primitive)" http://t.co/7glq0SXp		]]></document>
	<document><![CDATA['The goal of “developer usability” ensures that...' http://t.co/CHaaYotT is a good goal, but...		]]></document>
	<document><![CDATA[... maybe "developer usability" goes against "user usability"? Are flaws in JS, or are they in the very 'web app' conception?		]]></document>
	<document><![CDATA[terminando de corregir ejercicio 1 flex #compi1 "Ain't too good" [Rory Gallagher, 1975; as usual, so missed]		]]></document>
	<document><![CDATA[@username we would like to do something #Turing #ATY ideas welcome!		]]></document>
	<document><![CDATA[@username may agree, but the problem is that the web is not the best way for interacting with *people* cc/ @username @username		]]></document>
	<document><![CDATA[@username "I prefer to interact with web than with some people" una verdad como un templo xDDD @username @username		]]></document>
	<document><![CDATA["Fixing the Process of Computer Science Refereeing" Bertrand Meyer http://t.co/tcVjbF8f		]]></document>
	<document><![CDATA[another 'bomb': http://t.co/cMWZ2O5f "software engineering is NOT now engineering"		]]></document>
	<document><![CDATA[European Association for Programming Languages and Systems (EAPLS) PhD Award 2011: Call for Nominations http://t.co/SqNN4cWa		]]></document>
	<document><![CDATA[@username eso se llama tesis de Church-Turing (por Alonzo Church y Alan Turing)		]]></document>
	<document><![CDATA[[1] Julian Assange http://cryptome.org/0002/ja-conspiracies.pdf 'conspiracy' as a weighted connected graph of (hidden) data flow		]]></document>
	<document><![CDATA[[2] @username http://blog.pseudolog.com/article/wikileaks transparency as *the* antidote against conspiracy		]]></document>
	<document><![CDATA[[3] Beware!! #opendata could be revolutionary!!		]]></document>
	<document><![CDATA[@username ¿son *aplicaciones web*?		]]></document>
	<document><![CDATA[@username thanks for the RT and many more thanks for your 'shrinking method', a lesson in <140 chars!!!		]]></document>
	<document><![CDATA[@username absolutely impressive, thank you very much for the ref. http://t.co/wdeswY3j cc/ @username @username @username @username @username		]]></document>
	<document><![CDATA[@username sorry, but I think it should be "3383.5 W·h (Watt x Hour)"		]]></document>
	<document><![CDATA[congrats!!!!! @username and all @username : release of our #publications #semantic #search #engine: http://t.co/Q7dRBobY		]]></document>
	<document><![CDATA[Menuda 'hawaian crazy' (half of) me acabó de comer con @username , Leire, Pilar y @username		]]></document>
	<document><![CDATA[http://t.co/0yrhY7gF (1000xthanks 2 @username)  #cyc2011		]]></document>
	<document><![CDATA[Congratulations, a very good idea RT: @username: European Scientific Societies in Informatics is a fact http://t.co/BfuMaGil		]]></document>
	<document><![CDATA[@username your #android 2.3.5 FOTA has messed up *again* my calendar and contacts, exactly as the may 2.3 FOTA http://t.co/wf4ktQvh I am angry		]]></document>
	<document><![CDATA[@username thanks		]]></document>
	<document><![CDATA[confirming [http://t.co/EzXBSd9R] that e-book formats are not very suitable for sci-tech docs (lack of support for equations, f-)		]]></document>
	<document><![CDATA['f-' in the last tweet was a mistake, nothing to try to understand ;-)		]]></document>
	<document><![CDATA[:nts: The ATS Programming Language http://t.co/gGSZk5Fg http://t.co/Xu7FtWce		]]></document>
	<document><![CDATA[@username What's the problem in each year being different? I don't see the point...		]]></document>
	<document><![CDATA[OMGx100!! RT: @username: Triple OMG! Awkward robotic kissing machine for the Internet of Things http://t.co/sz8DuaTD via @username		]]></document>
	<document><![CDATA["In an unregulated world, the least-principled people rise to the top" [senior positions in modern financial corps.] http://t.co/pdPNzFgB		]]></document>
	<document><![CDATA[oyéndolo ahora RT: @username: Lucia Echevarria owned por David Bravo http://t.co/REFW9O1A		]]></document>
	<document><![CDATA['intellectual property', what else?: "Elsevier alone made over US$1b in adjusted operating profits in 2010" http://t.co/iwNvWhLD		]]></document>
	<document><![CDATA[Join me & change your profile picture to protest SOPA: http://t.co/7vqO0bcl #BlackoutSOPA		]]></document>
	<document><![CDATA[@username http://t.co/VZnPM0r5 'undo send' maximum delay 30s -> not what I needed :(		]]></document>
	<document><![CDATA[problems never come alone: as my battery is dying, my mouse... http://t.co/DtFuas70		]]></document>
	<document><![CDATA[FYI @username: I don't like AT ALL the new look of http://t.co/eQUO3uYk , pretty #UNUSABLE for many tasks (where is Scholar link?, for ex.)		]]></document>
	<document><![CDATA[@username of course, regular expressions, what else? ;-) #cyc2011 #compi		]]></document>
	<document><![CDATA[@username: listen RT: @username: Your users aren’t stupid. Why does your site make them feel that way? #UCD #UI http://t.co/LYTk7UQR		]]></document>
	<document><![CDATA[Eitan Gurari, 'An Introduction to the Theory of Computation' (1989) full (web) online!!!! http://t.co/gNDzr8y1 #cyc2011 #compi1		]]></document>
	<document><![CDATA[#RWA RT: @username: Research Bought, Then Paid For - NYTimes http://t.co/uGGh5iLC		]]></document>
	<document><![CDATA[contundente RT: @username @username Academic publishers have become the enemies of science. http://t.co/imV9S1Lr #RWA		]]></document>
	<document><![CDATA[@username: @username has just stolen my comment... agree 100% with him (Obj-C +3.9%, Py -3.0%)		]]></document>
	<document><![CDATA[stunning: cultural centers are Lisbon (of course) and... Biscay!!! RT: @username: Computer Model Replays Europe's... http://t.co/IA7efP8D		]]></document>
	<document><![CDATA[y atentos a esto http://t.co/IcyiGW41 "collect personal information from [] anyone who uses [] social media [] to..."		]]></document>
	<document><![CDATA[Edited by Javier García Zubía et al. RT: @username: New publication: Using Remote Labs in Education http://t.co/Ps2Qw3uu		]]></document>
	<document><![CDATA[relevant also for #linkedopendata ? (via @username) RT: @username: Occupy Science? | The Scientist http://t.co/T9knZ5Ih		]]></document>
	<document><![CDATA[One of my favorites, from 1988 LP 'Starfish': Check out "Destination" by The Church Band - http://t.co/6J6mui2D		]]></document>
	<document><![CDATA[He apoyado la petición Say to @username we want a single #opendata license in the #EU #1OdataLicenseEU - http://t.co/nuRDkWzT		]]></document>
	<document><![CDATA[+100 RT: @username: "I had a problem and decided to use Java. Now I have a ProblemFactory."		]]></document>
	<document><![CDATA[tracking: modeS 344158, altitude 22925 ft (6987 m) and ascending, course 274º, speed 385 knots (713 Km/h)		]]></document>
	<document><![CDATA[Progresamos a pesar nuestro, o Feyerabend sigue teniendo razón 'John Nash’s Letter to the NSA' by Noam Nisan http://t.co/XUaN5JmD		]]></document>
	<document><![CDATA[via @username RT: @username: The "Spanish Theory" of software project management http://t.co/oUOoW0GP		]]></document>
	<document><![CDATA["impact factor [...] means EXACTLY NOTHING about any given published article" http://t.co/ZiBTif86 (caps were italic in the original)		]]></document>
	<document><![CDATA["toll-access publishers [...] know how to game impact factor: publish lots of review articles and pressure authors to cite [...]"		]]></document>
	<document><![CDATA[¿¡¿¡¿¡CÓMO!?!?!? Entre los firmantes contra #FRPAA "University of the Basque Country Press" http://t.co/IgeykBcc http://t.co/5YuYOcLW		]]></document>
	<document><![CDATA[@username among those opposing to #FRPAA; not @username http://t.co/IgeykBcc		]]></document>
	<document><![CDATA[Krugman: "even more austerity does [...] reinforce the downward spiral, and bring the possibility of real catastrophe nearer." #alegria		]]></document>
	<document><![CDATA[Absolutely!!! RT: @username: Email footers such as legal, antivirus stuff, etc shouldn't be considered as payload		]]></document>
	<document><![CDATA[En el Antzokia, antes The Pepper Pots, ahora Sweet Vandals, y luego The Cherry Boppers #soul #train #fest		]]></document>
	<document><![CDATA[to be read MT: @username: Innovator's Patent Agreement from Twitter, important step towards sanity in the #patent system https://t.co/EpIefK4a		]]></document>
	<document><![CDATA[+FFFF "@username: A definitive guide for parsing numbers with regular expressions. http://t.co/OUnhF08a" vía @username		]]></document>
	<document><![CDATA[#9->"Computer Systems Analyst", #15->"Web Developer" http://t.co/0J0k1mGH		]]></document>
	<document><![CDATA[of course: http://t.co/SPuyQ4U1		]]></document>
	<document><![CDATA[@username esto (kokoxily) http://t.co/xBlpVUfc  ¿es un 'family mart'?		]]></document>
	<document><![CDATA[vaya, vaya, vaya #OpenAccess RT: @username: New post: Fresh blood in OA http://t.co/QkIWMCr8		]]></document>
	<document><![CDATA["To accept that the functionality of a computer program can be protected by copyright would amount to making it possible to..." (cont.)		]]></document>
	<document><![CDATA["... monopolise ideas, to the detriment of technological progress and industrial development"		]]></document>
	<document><![CDATA[... and I think that the argument does not only apply to software, of course.		]]></document>
	<document><![CDATA[#paperWriting #lesson #1 RT: @username: Several approaches have been proposed in the literature in the last years.
 (un estándar)		]]></document>
	<document><![CDATA[#lesson #2 RT: @username: @username y lo de "there hasn't been too much research in this area " == "google no me devolvió ningún resultado"		]]></document>
	<document><![CDATA[draft: "open-access publishing 'will be the norm' in research receiving funding." http://t.co/AQHmaYcO #OpenAccess #AccesoAbierto		]]></document>
	<document><![CDATA["@username: Rory Gallagher - Tattoo'd Lady http://t.co/Lkif8N9L" very very very good!!!		]]></document>
	<document><![CDATA[+1 RT: @username: How you know you are getting old http://t.co/qqIPo54N		]]></document>
	<document><![CDATA[one more (via @username) RT: @username: Impact Factor predicting citations even worse now than 20 years ago: http://t.co/7sKiSDjt		]]></document>
	<document><![CDATA[#pomodoro (corrigiendo #compi2) round #1		]]></document>
	<document><![CDATA[after Elsevier, it's now time for Springer http://t.co/3Hz4H9FE #springergate		]]></document>
	<document><![CDATA["Properly restrained child ... data showed that the center rear seat IS NOT a safer seating position than either of the outboard rear seats"		]]></document>
	<document><![CDATA[but less RAM ;-) RT: @username: Your computer is a universal #Turing machine with a screen & more processing power http://t.co/UsEGZSgS		]]></document>
	<document><![CDATA[should read this, but haven't got the time RT: @username: The state of javascript (... Fluent Conf.): http://t.co/kK6HIgM5		]]></document>
	<document><![CDATA[another thing to read RT: @username: The Next Generation of Ada – Ada 2012 | About Ada | Ada Answers... http://t.co/22IFBx06		]]></document>
	<document><![CDATA[it's the end of #compi1 as we know it (but I don't know if I feel fine) http://t.co/gRGquvfK		]]></document>
	<document><![CDATA[#Turing at Manchester, programme: http://t.co/QV7uFDAI		]]></document>
	<document><![CDATA[#Turing now talking Vinton Cerf		]]></document>
	<document><![CDATA[#Turing M.O. Rabin is talking; Rabin & D. Scott introduced in 1959 *nondeterminism*, absolutely fundamental concept in computing		]]></document>
	<document><![CDATA[#Turing Rabin's PhD advisor was Alonzo Church http://t.co/atZFyl28, the other man behind the Church-Turing thesis		]]></document>
	<document><![CDATA[#Turing on the other hand, Dana Scott (with C. Strachey) later developed 'denotational semantics', another milestone in #computing		]]></document>
	<document><![CDATA[#Turing "Turing is a hero to us" http://t.co/sg9QE43t		]]></document>
	<document><![CDATA[#Turing completed the first six!!		]]></document>
</author>