<?xml version="1.0" encoding="UTF-8" standalone="no"?><author id="user173">
	<document><![CDATA[@username i dont know .		]]></document>
	<document><![CDATA[eww , i don't wanna go to school tomorrow .		]]></document>
	<document><![CDATA[Cant believe i missed @username tonight , ????????????		]]></document>
	<document><![CDATA[that episode of One Tree Hill of the school shooting is so heartbreaking . ????????????		]]></document>
	<document><![CDATA[i really wanna see Herrera's face when they score . ???????? #MexicoVsChile		]]></document>
	<document><![CDATA[@username for me its channel 15 but i dont know what the channel is called .		]]></document>
	<document><![CDATA[@username we have a problem . ???? http://t.co/aBtl3fs8oe		]]></document>
	<document><![CDATA[this song , holy shit ! ???????????? #fireproof #1DAlbumFOUR		]]></document>
	<document><![CDATA[i hate college . can i go back to high school where they remind you , you have homework ? ????????		]]></document>
	<document><![CDATA[kinda hoping my class is cancelled tomorrow .		]]></document>
	<document><![CDATA[@username on Ellen right now , ????????????????????		]]></document>
	<document><![CDATA[i just b.s . this whole essay , i swear i hate college . ????????		]]></document>
	<document><![CDATA[@username and i love you . ?		]]></document>
	<document><![CDATA[i wonder why i still give you attention .		]]></document>
	<document><![CDATA[this night was well needed . ????????		]]></document>
	<document><![CDATA[@username are you trying to tell us something?		]]></document>
	<document><![CDATA[happy birthday to my cute irish boyfriend , @username ????????????		]]></document>
	<document><![CDATA[can @username tweet me already . ????????????		]]></document>
	<document><![CDATA[“@username: I need a hug”		]]></document>
	<document><![CDATA[i hate being so emotional . ????????		]]></document>
	<document><![CDATA[i hate having cancelled classes . what am i suppose to do for an hour and a half . ????????		]]></document>
	<document><![CDATA[i could really go for some pizza right now . ???????? #fatgirlproblems		]]></document>
	<document><![CDATA[“@username: 11 years ago today started the best TV show ever. One Tree Hill ???????? http://t.co/xBL3XMDNlX” yaas . ????????????????		]]></document>
	<document><![CDATA[@username is literally perfect in every way possible . ???????????? http://t.co/l3OBTdD4kK”		]]></document>
	<document><![CDATA[@username awh thanks bby , you're cute too . ????????		]]></document>
	<document><![CDATA[never been so exhausted in my life .		]]></document>
	<document><![CDATA[Niall James Horan is the most cutest human being to ever walk this Earth . ?????????		]]></document>
	<document><![CDATA[@username can you stop tweeting . im trying to go to sleep . ????		]]></document>
	<document><![CDATA[five hours later , and i finished two essays . ????		]]></document>
	<document><![CDATA[not really excited to go to work tomorrow .		]]></document>
	<document><![CDATA[the fact that they are showing the 2013 Stanley Cup game final , yaaaaaaas ! ?????????????		]]></document>
	<document><![CDATA[feeling stupid , waking up late and forgetting it was thursday and forgetting to wear my jersey . ????????		]]></document>
	<document><![CDATA[Finally, the season opener . ? #Blackhawks		]]></document>
	<document><![CDATA[that punch though , holy shit . ???????? #CHIvsDAL		]]></document>
	<document><![CDATA[i cannot handle this right now , Blackhawks & Mexico game at the same time . ????????		]]></document>
	<document><![CDATA[“@username: There's no shame in what I feel for you. @username” same .		]]></document>
	<document><![CDATA[having to sit by yourself cause you decided to skip class . ????????		]]></document>
	<document><![CDATA[“@username: Sometimes, you have to stop thinking so much and just go where your heart takes you.”		]]></document>
	<document><![CDATA[i love my short hair now . ????????		]]></document>
	<document><![CDATA[“@username: Having that urge to talk to someone but you know you can't let yourself = ????????”		]]></document>
	<document><![CDATA[forcing myself to not fall asleep right now . im so tired . . . ????????????		]]></document>
	<document><![CDATA[“@username: "I need food to be happy" - Jai Brooks” same . ????????????		]]></document>
	<document><![CDATA[i hate cancelled classes . ????????????????		]]></document>
	<document><![CDATA[i really need to stop spending money . ????????		]]></document>
	<document><![CDATA[thats complete bullshit . you're an idiot if you thought that was a goal . #CHIvsSTL		]]></document>
	<document><![CDATA[that still was a bullshit call . #CHIvsSTL		]]></document>
	<document><![CDATA[now thats another injured member . wtf ? #CHIvsSTL		]]></document>
	<document><![CDATA[i really want some pizza . ????????????		]]></document>
	<document><![CDATA[scared about Darling starting tonight . hopefully he can pull through . ????????? #CHIvsOTT		]]></document>
	<document><![CDATA[@username Chicago , Chicago , Chicago !		]]></document>
	<document><![CDATA[Seabrook is a fucking dumbass i swear . ????????		]]></document>
	<document><![CDATA[he needs to start paying attention .		]]></document>
	<document><![CDATA[someone needs to fucking score already .		]]></document>
	<document><![CDATA[Anaheim is just trying to waste time . ????????		]]></document>
	<document><![CDATA[@username you unfollowed me . ????????????????????		]]></document>
	<document><![CDATA[“@username: Nothing worse than when ur only hair tie snaps ????”		]]></document>
	<document><![CDATA[i should probably start getting up and getting ready for work .		]]></document>
	<document><![CDATA[yaay , i got the call from Target. ??		]]></document>
	<document><![CDATA[Ed Sheerans voice is so beautiful . ????????????		]]></document>
	<document><![CDATA[@username and @username on Ellen today . ????????????		]]></document>
	<document><![CDATA[i hate shoot outs . ????????????		]]></document>
	<document><![CDATA[Thank you Crawford & Kane . ??		]]></document>
	<document><![CDATA[Crawford's the man , ?????		]]></document>
	<document><![CDATA[when is @username going to notice me ?		]]></document>
	<document><![CDATA[im banning myself from using my debit card . i honestly don't know where my money has gone . ????????????		]]></document>
	<document><![CDATA[its a good thing i have two jobs now .		]]></document>
	<document><![CDATA[holy shit @username just followed me , wtf ?????????????????????		]]></document>
	<document><![CDATA[the world cannot run out of chocolate . what am i suppose to live for now ? ????????????????		]]></document>
	<document><![CDATA[i loved that selfie . ????????		]]></document>
	<document><![CDATA[@username when are you gonna follow me ? ????????????		]]></document>
	<document><![CDATA[Kendall needs to sit down .		]]></document>
	<document><![CDATA[i fucking love Sam Smith . ??????????????????????		]]></document>
	<document><![CDATA[but when you call me baby , i know im not the only one. ????		]]></document>
	<document><![CDATA[Selena Gomez is fucking flawless . ????		]]></document>
	<document><![CDATA[that was beautiful . she has me in tears . ????????		]]></document>
	<document><![CDATA[i hope Justin saw that performance . ????		]]></document>
	<document><![CDATA[@username cause they're amazing , duuuh .		]]></document>
	<document><![CDATA[“@username: WOW THIS HIT ME LIKE A TRAIN http://t.co/AxmBT5xwop” ????????		]]></document>
	<document><![CDATA[i really wanna shove their sticks up their asses , fucking idiots . #CHIvsVAN		]]></document>
	<document><![CDATA[and they had an amazing game yesterday . ????????		]]></document>
	<document><![CDATA[im so saad im not going to the @username jinglebash . i waanna see my babies , @username . ????????????????		]]></document>
	<document><![CDATA[“@username: Our generation ruined us http://t.co/8JouLLkyCU” ????????????		]]></document>
	<document><![CDATA[still pissed cause i have to work tomorrow . why cant target close early . ????????????		]]></document>
	<document><![CDATA[still upset that the hawks lost today . ????????????		]]></document>
	<document><![CDATA[omg , one tree hill is so good right now . ????????????????		]]></document>
	<document><![CDATA[side high ponytails are my favorite . ??		]]></document>
	<document><![CDATA[been on a Netflix marathon all day , telling myself "just one more episode ." ????????		]]></document>
	<document><![CDATA[i really want a Nathan Scott in my life . ????????????		]]></document>
	<document><![CDATA[this episode of one tree hill hasn't even been on for a minute and it already has me in tears . ????????????????		]]></document>
	<document><![CDATA[@username omg , please tell me you aren't serious . why did i ever like you .		]]></document>
	<document><![CDATA[I'm officially 19 now , ????????????		]]></document>
	<document><![CDATA[re watching One Tree Hill >>>>> ????????		]]></document>
	<document><![CDATA[having Crawford go back to the bench was the worst thing they could've done . ????????		]]></document>
	<document><![CDATA[@username THANK YOU JESUS ????????		]]></document>
	<document><![CDATA[i swear Saad seems to be the one who has been keeping the Hawks in the games lately .		]]></document>
	<document><![CDATA[cmon Sharpie .		]]></document>
	<document><![CDATA[Crawford is fucking sexy . ????????????????		]]></document>
	<document><![CDATA[Jonathan Toews . >>>>>> ????????????		]]></document>
	<document><![CDATA[“@username: Sometimes I talk to myself so I guess it's better I do it on here????” same.		]]></document>
	<document><![CDATA[“@username: Having someone that makes your day better without trying is a blessing”		]]></document>
</author>