<?xml version="1.0" encoding="UTF-8" standalone="no"?><author id="user242">
	<document><![CDATA[“@username: @username "you can't have your cake and eat it too."” Yes I can it's my fucking cake		]]></document>
	<document><![CDATA[@username I have 2 classes a day		]]></document>
	<document><![CDATA[“@username: basically ???? http://t.co/64PhkfeaQi”LOL LITERALLY ME		]]></document>
	<document><![CDATA[I hate how people trip over MK bags like they're so designer, try getting a fucking birkin bag and then brag okay		]]></document>
	<document><![CDATA[“@username: I honestly don't think my heart is in Baltimore.”!!!!!!		]]></document>
	<document><![CDATA[Who has b lunch		]]></document>
	<document><![CDATA[@username cool		]]></document>
	<document><![CDATA[Holy shit I didn't know they had a drugs inc. on heroin in Baltimore ????		]]></document>
	<document><![CDATA[I had no clue heroin was that big here		]]></document>
	<document><![CDATA[Hate school so so much		]]></document>
	<document><![CDATA[Why are there so many old people at chick fil a at this time		]]></document>
	<document><![CDATA[I'd rather be rich than famous		]]></document>
	<document><![CDATA[Wtf I'm in such a good mood today and I feel like everyone else is having a bad day guys wtf		]]></document>
	<document><![CDATA[THE ONE TIME IM HAPPY EVERYONES SAD		]]></document>
	<document><![CDATA[Haven't been able to get used to school especially since I get out early ????		]]></document>
	<document><![CDATA[Twitter makes me realize how many people from school I do not fuck with		]]></document>
	<document><![CDATA[“@username: @username sorry bae ily”????		]]></document>
	<document><![CDATA[@username who		]]></document>
	<document><![CDATA[@username why		]]></document>
	<document><![CDATA[@username that sucks ????		]]></document>
	<document><![CDATA[I treat everyone the same and people take it the wrong way???? I'm always gonna be sassy		]]></document>
	<document><![CDATA[@username just do the work shit mr lough would prolly let you		]]></document>
	<document><![CDATA[Seeing you tweet makes my brain cells die		]]></document>
	<document><![CDATA[The fact that my hairs looking red <<<<		]]></document>
	<document><![CDATA[I am finding the funniest pictures on iCloud ????????		]]></document>
	<document><![CDATA[@username what		]]></document>
	<document><![CDATA[@username holy shit we haven't ????????		]]></document>
	<document><![CDATA[@username we've never even thought about that either		]]></document>
	<document><![CDATA[If you're still bleeding you're the lucky ones, cause most of our feelings they are dead and they are gone		]]></document>
	<document><![CDATA[Where's Zoe ????		]]></document>
	<document><![CDATA[I was wondering why twitter was so peaceful and then realized I muted a shit load of people yesterday ????????????		]]></document>
	<document><![CDATA[@username am I going		]]></document>
	<document><![CDATA[@username well I'll always be friend :-)		]]></document>
	<document><![CDATA[Being tired and not being able to sleep is the most frustrating thing ever		]]></document>
	<document><![CDATA[Friday naps are the best		]]></document>
	<document><![CDATA[@username check the header		]]></document>
	<document><![CDATA[Country music commercials on spotify make me want to kms		]]></document>
	<document><![CDATA[I'm just gonna read because reading makes me forget you all exist		]]></document>
	<document><![CDATA[I finish books too fast ????		]]></document>
	<document><![CDATA[I CANT WAIT TO GO BABY SHOPPING WITH CHRISTINA		]]></document>
	<document><![CDATA[I can see myself as a grown up I just can't see myself as a wife with kids		]]></document>
	<document><![CDATA[I miss everything about this picture http://t.co/sMu1Mjwm0n		]]></document>
	<document><![CDATA[“@username: Hispanic girls are fucking winning ????????” thanks		]]></document>
	<document><![CDATA[I wanna skip to October and then after that it should be April		]]></document>
	<document><![CDATA[@username I can't tell if that was sarcasm or not		]]></document>
	<document><![CDATA[@username nothing		]]></document>
	<document><![CDATA[Happy birthday @username :)))		]]></document>
	<document><![CDATA[Christina is about to have a child and she's sitting here arguing with me about snow.		]]></document>
	<document><![CDATA[I'm with some flawless bitches because they mobbin pretty cause niggas love bad bitches that be on they grizzly		]]></document>
	<document><![CDATA[@username okay whatever		]]></document>
	<document><![CDATA[I feel so awk when older guys look at me :/		]]></document>
	<document><![CDATA[Any hot guy that exists in Baltimore is in canton ????		]]></document>
	<document><![CDATA[Seeing the shit men do makes it so hard for me to want marriage		]]></document>
	<document><![CDATA[Do you guys realize that they make fun of Ariana grande and big Sean because she's looks 12 and not because of the actual age difference ...		]]></document>
	<document><![CDATA[I think my cousins son has a crush on me and it's extremely cute and creepy at the same time...		]]></document>
	<document><![CDATA[Everyone fell asleep on me ????		]]></document>
	<document><![CDATA[Hate when like 25 yr olds are checkin me out cause I know they're not tryna be creepy on purpose but I know my age so it kinda is????		]]></document>
	<document><![CDATA[When I'm bored I plan my future and let me tell you, in my head I got it all figured out ????		]]></document>
	<document><![CDATA[I look like my grandmother wtf		]]></document>
	<document><![CDATA[My problem is that once a guy wants me I'm like "well I could do better" so I know whoever doesn't make me think that is a keeper		]]></document>
	<document><![CDATA[I accidentally followed a sex gif page ???? that explains so much		]]></document>
	<document><![CDATA[I need to move to a place where girls look like me cause I actually hate seeing everyone else "bum it" all the time ????		]]></document>
	<document><![CDATA[@username you can say what you want I'm the ????		]]></document>
	<document><![CDATA[It's the funniest shit when a girl says she's gonna look nice and then wears like a scarf and a watch ????		]]></document>
	<document><![CDATA[I wish Megan and Zoe were up so we could laugh about this together		]]></document>
	<document><![CDATA[@username I'm not talking about school		]]></document>
	<document><![CDATA[@username then what are you talking about ????		]]></document>
	<document><![CDATA[@username I just mean I wanna be around more people with my style I don't wanna actually look like everyone else		]]></document>
	<document><![CDATA[I'm glad @username knows what I mean		]]></document>
	<document><![CDATA[“@username: Niggas love the ???? emoji but don't keep it ????”preach boi		]]></document>
	<document><![CDATA[@username what girls here call dressing up I call bumming it ????		]]></document>
	<document><![CDATA[@username they don't look very different with it on ????		]]></document>
	<document><![CDATA[I think me and Joey could be bffs		]]></document>
	<document><![CDATA[“@username: @username jeans, pacsun shirt, scarf, mk watch, and uggs. ????????”lookin like a million bucks right there		]]></document>
	<document><![CDATA[I had a funny dream last night I don't think I've ever woken up laughing I just wish I remembered what happened		]]></document>
	<document><![CDATA[“@username: You ever just retweet something to see who's paying attention to you or whose feeling like you”no		]]></document>
	<document><![CDATA[Nacho mamas is the best place ever		]]></document>
	<document><![CDATA[All the music out right now sucks		]]></document>
	<document><![CDATA[I have a mosquito bite on my temple fml		]]></document>
	<document><![CDATA[Despite everything I'm still human		]]></document>
	<document><![CDATA[I should probably do my homework since there's nothing to do but I know I won't lol.		]]></document>
	<document><![CDATA[How the hell do I still have a headache after taking medicine		]]></document>
	<document><![CDATA[@username woah twins :)		]]></document>
	<document><![CDATA[“@username: I don't like it when random older guys wave to me... no I am 12”????????		]]></document>
	<document><![CDATA[@username ty and yw(:		]]></document>
	<document><![CDATA[@username I can't take more than one it's migraine medicine		]]></document>
	<document><![CDATA[@username I just laughed really hard at this and idk why		]]></document>
	<document><![CDATA[@username only way out is through tho		]]></document>
	<document><![CDATA[When your friends are really white http://t.co/ssWydMoV5p		]]></document>
	<document><![CDATA[Kim's Givenchy dress ????????????????		]]></document>
	<document><![CDATA[Why can't I be Brody Jenners GF		]]></document>
	<document><![CDATA[“@username: All this love on twitter but my phone looks like this http://t.co/dUytfZFv0Y” my life		]]></document>
	<document><![CDATA[@username something like that ????		]]></document>
	<document><![CDATA[@username do it! They'll give you a free one ????		]]></document>
	<document><![CDATA[Wow I really hate everyone		]]></document>
	<document><![CDATA[It sucks everyone graduated cause I don't look forward to any school events anymore		]]></document>
	<document><![CDATA[I really don't have any real guy friends ...		]]></document>
	<document><![CDATA[@username it's hard		]]></document>
	<document><![CDATA[Zoe already sleeping ????		]]></document>
	<document><![CDATA[Is it weird I fricken love my lips		]]></document>
</author>