<?xml version="1.0" encoding="UTF-8" standalone="no"?><author id="user221">
	<document><![CDATA[I'm at IKO (Modena, Italy) http://t.co/OAqoxwuUrd		]]></document>
	<document><![CDATA[The plasti Weekly is out! http://t.co/leQioc8gZL ? Top stories today via @username @username @username		]]></document>
	<document><![CDATA[?  Man On Fire by Edward Sharpe & The Magnetic Zeros http://t.co/hRE1E4u7qo #soundtracking #stereoplasti #onair #music #radio #plasti		]]></document>
	<document><![CDATA[Listen to @username  - MATANGI Mix for @username http://t.co/kSC2wrHgxU #stereoplasti #onair #radio #music #plasti		]]></document>
	<document><![CDATA[The Voice Project Home Recordings, Vol 1 (2012) http://t.co/yWvMK3MO35 via @username #stereoplasti #onair #music #plasti #radio		]]></document>
	<document><![CDATA[I'm at Iride Fixed Modena Hub Store (Modena, MO) http://t.co/wbpJEX2Va3		]]></document>
	<document><![CDATA[My soundtrack: ?  The Seed (2.0) (feat. Cody Chestnutt) by @username http://t.co/yaSZXaN2iC #soundtracking #stereoplasti #onair #radio		]]></document>
	<document><![CDATA[I'm at Cinema Victoria (Modena, MO) w/ 2 others http://t.co/3iDCYgqM7U		]]></document>
	<document><![CDATA[I am watching Educazione Siberiana. http://t.co/cv5YyhpOzW #EducazioneSiberiana		]]></document>
	<document><![CDATA[thanks @username and @username I really love #basketball #boost #boostmi #basket #adidas #run #runnin... http://t.co/t07pYNW1HL		]]></document>
	<document><![CDATA[thanks @username and @username I really love #basketball #boost #boostmi #basket #adidas #run http://t.co/oTil9lOyUL		]]></document>
	<document><![CDATA[#overlandforsmile #exhibition #modena #smile #photo #photography #igers #igersmodena @username http://t.co/NVFxOXKU2I		]]></document>
	<document><![CDATA[See what it’s like to collaborate with 
famous storytellers. http://t.co/ewBZ7TuXPW http://t.co/VhJ08rz98B		]]></document>
	<document><![CDATA[The plasti Weekly is out! http://t.co/leQioc8gZL ? Top stories today via @username @username @username		]]></document>
	<document><![CDATA[I just reserved my @username. Have you reserved yours? http://t.co/CsJATVtxBJ		]]></document>
	<document><![CDATA[Ciao! #iseefaces #cupcakes #sweet #sugar #food #cake #foodporn #strawberry #egg #break #breakfast #fruit… http://t.co/njSWaErkaT		]]></document>
	<document><![CDATA[My soundtrack: ?  All Summer Long by @username http://t.co/2XS6R0Cdka #soundtracking #stereoplasti #onair #radio #music #plasti		]]></document>
	<document><![CDATA[My soundtrack: ?  Rock DJ by Robbie Williams http://t.co/10QVTlnS5a #soundtracking #stereoplasti #onair #radio #stereo #plasti #music		]]></document>
	<document><![CDATA[My soundtrack: ?  Roadhouse Blues by @username http://t.co/52v1Jb9vW1 #soundtracking #stereoplasti #stereo #onair #radio #plasti #plasti		]]></document>
	<document><![CDATA[#food #design #carrot #rose #flower #vegetable #orange #foodporn #green http://t.co/em7mPOXQB9		]]></document>
	<document><![CDATA[In #love with #Sauvigno totally!!! ? #berebene #piaceremodena #modena #wine #drink		]]></document>
	<document><![CDATA[If Famous Websites Were People • #Cracked http://t.co/MnBkciKRkE #smm #socialnetworks		]]></document>
	<document><![CDATA[If Famous Websites Were People http://t.co/BwK23wK0nK		]]></document>
	<document><![CDATA[Groove Weapons mix by @username  via #soundcloud https://t.co/vIcH9rrJpY #remix #stereoplasti #onair #radio #stereo #groove #music #house		]]></document>
	<document><![CDATA[#Stylophonic Dancefloor - #remix by @username via #soundcloud https://t.co/kLqdjNejxH #stereoplasti #radio #house #onair #lifestyle #beatbox		]]></document>
	<document><![CDATA[work station webgriffe #work #agencylife #life #smm #postit #color #pink #mac http://t.co/tLLpREaXfa		]]></document>
	<document><![CDATA[If Famous Websites Were People #lol #cracked http://t.co/ryWzE1UtlL		]]></document>
	<document><![CDATA[How To Be More Interesting (In 10 Simple Steps) - Forbes via @username http://t.co/22zeSUrJyK		]]></document>
	<document><![CDATA[this is your world. #wishlist #mug #coffee #the #breakfast #world #word #type #typography #font #break… http://t.co/1f2NqVwvEO		]]></document>
	<document><![CDATA[Just finished week 1 day 1 of #10K #Trainer with @username! Running for a cause with @username! #run #running #runlovers #free #sport		]]></document>
	<document><![CDATA[coming soon > The Art of Flight 3D - #snowboard #extreme #timetteleali via @username @username @username  http://t.co/qr6rvQB7Mj		]]></document>
	<document><![CDATA[The Challenge #Ferrari vs #Maserati mcenzo Ferrari http://t.co/tl800H9foM		]]></document>
	<document><![CDATA[I love my #vintage bag #adidasoriginals @username pic by @username #handbag #adidas #fashion… http://t.co/t09NySKc7m		]]></document>
	<document><![CDATA[Hello you! #me #smile pic by @username http://t.co/VZURknJevM		]]></document>
	<document><![CDATA[new in-store @username #irideveryday shop@username.it #tee #tshirt #lifestyle #fixedgear http://t.co/bYkBY8C6It		]]></document>
	<document><![CDATA[check out Fly Ish - @username @username ft @username http://t.co/cAh8jKDzoN • prod by my dear @username #stereoplasti #onair #radio		]]></document>
	<document><![CDATA[@username hey dude, how are you?		]]></document>
	<document><![CDATA[@username pretty good! :)		]]></document>
	<document><![CDATA[Arriva in Italia > The Art of Flight 3D - #snowboard #extreme #timetteleali via @username @username... http://t.co/oYTT4rSuXB		]]></document>
	<document><![CDATA[Domani @username Red Bull BC One - Cypher Italy 2013 http://t.co/srmtkfgYEH #timetteleali @username #dance #battle #bboy		]]></document>
	<document><![CDATA[Domani sera BC One Cypher #dance #battle #bboy @username http://t.co/eEeotPDolQ #timetteleali @username http://t.co/pl0ozrZg8m		]]></document>
	<document><![CDATA[falling with @username #easter #fixedgear #lifestyle http://t.co/6icmioYdBE		]]></document>
	<document><![CDATA[Tethys Research Institute Expeditions http://t.co/j6ezXRI1ug		]]></document>
	<document><![CDATA[this morning perfect #coffee break acmesign w/ @username #cristinadallaplasti http://t.co/I6JrKu3liJ		]]></document>
	<document><![CDATA[regalo per il w.e per tutti!!!
free download #Stylophonic Remixed http://t.co/OC5izyKCFH via @username http://t.co/3CL1l7d1ys		]]></document>
	<document><![CDATA[@username (at @username for Giovanni Lindo Ferretti and Motel Connection w/ 8 others) http://t.co/vVKJxXhTDv		]]></document>
	<document><![CDATA[The plasti Weekly is out! http://t.co/leQioc8gZL ? Top stories today via @username @username @username		]]></document>
	<document><![CDATA[Can't wait for tonight #party @username #boost #boostmi #run #running http://t.co/lc7OoXV2Z4		]]></document>
	<document><![CDATA[beatiful view from #Pirellone #milan #boost  #boostmi @username http://t.co/2AGzqep0qg		]]></document>
	<document><![CDATA[#boost your #run wall @username #boostmi http://t.co/YFhIBbEGJh		]]></document>
	<document><![CDATA[I really love my friends @username @username @username #boost #boostmi - #repost #smile #happy… http://t.co/VelTpDh78u		]]></document>
	<document><![CDATA[I'm at Parco Novi Sad - Novi Ark (Modena, MO) http://t.co/4WrSrHh0f2		]]></document>
	<document><![CDATA[Say cheese!!! w/ @username @username #boost #boostmi #smile #friends #run #running #party http://t.co/GYhQ724QbO		]]></document>
	<document><![CDATA[https://t.co/uPNOQLZjsY Make it your race #miyr #abarth #driver @username		]]></document>
	<document><![CDATA[BRING IN THE KATZ free download coming soon http://t.co/6jNTucpJbY via @username #stereoplasti #cat		]]></document>
	<document><![CDATA[@username @username on the cover @username #2 #irdsquadracorse #irideveryday #criterium #milano http://t.co/OQ04puGJQT		]]></document>
	<document><![CDATA[Just finished week 1 day 2 of #10K #Trainer with @username! Running for a cause with @username! #runlovers #run #running #performance		]]></document>
	<document><![CDATA[My soundtrack: ?  "Got a Woman" by @username http://t.co/Clr5lhnNYe #stereoplasti #onair #radio #stereo #music #plasti		]]></document>
	<document><![CDATA[Anybody can be cool ... but awesome takes practice http://t.co/IkfqhbaKJB		]]></document>
	<document><![CDATA[stasera due bei film > Sunday Bloody Sunday su #Rai4 e The Reader su #RaiMovie anche in streaming sull'app Rai mobile #guidatv		]]></document>
	<document><![CDATA[I am watching The Reader. http://t.co/d34IbCHGm7 #TheReader		]]></document>
	<document><![CDATA[The plasti Weekly is out! http://t.co/leQioc8gZL ? Top stories today via @username @username @username		]]></document>
	<document><![CDATA[android.		]]></document>
	<document><![CDATA[we are all made of stars #Moby @username - #Repost from @username #art #quote #paint #painting… http://t.co/4PRC1aKn7B		]]></document>
	<document><![CDATA[I am watching Gran Torino. http://t.co/7I1G50R4Kt #grantorino		]]></document>
	<document><![CDATA[I am watching La passione . http://t.co/9OINNqSZqk		]]></document>
	<document><![CDATA[I've got a real contract and real holidays!From the 29/4 until 6/5 I'll be on tour in Turkey - from Istanbul to Izmir in 6 days #travel #wtf		]]></document>
	<document><![CDATA[I am watching La Frode (Arbitrage). http://t.co/IIvi0f1rC9		]]></document>
	<document><![CDATA[Ready to go! #wine The world we #love - # vinitaly #igersalvinitaly http://t.co/7d1859m8eQ		]]></document>
	<document><![CDATA[@username (@username Fuori Orario w/ 2 others) http://t.co/f1ucfBvZot		]]></document>
	<document><![CDATA[The plasti Weekly is out! http://t.co/leQioc8gZL ? Top stories today via @username @username @username		]]></document>
	<document><![CDATA[Flags of America #photo #photography #history #USA (@username Ex-Ospedale Sant'Agostino) http://t.co/WQhZa5aHb8		]]></document>
	<document><![CDATA[La #wilderness • #AnselAdams - Flags of America http://t.co/kiCoN4KmJP		]]></document>
	<document><![CDATA[#Vinitaly (@username Verona Fiere w/ 30 others) http://t.co/qc6jwJLP57		]]></document>
	<document><![CDATA[#Vinitaly (@username Vinitaly 2013 w/ @usernamediesignit) http://t.co/IZIiHSchIw		]]></document>
	<document><![CDATA[I'm at @username (Verona, VR) w/ 2 others http://t.co/y2QFzGFqFB		]]></document>
	<document><![CDATA[The #winner is @username iride_modena #criterium http://t.co/HGnDupOr2k		]]></document>
	<document><![CDATA[@username @username yess!!! #Autodrome		]]></document>
	<document><![CDATA[venerdì • #pijama | @username | #bike for your right to #party! • #milano #designweek #fuorisalone http://t.co/6zs5Xjiind		]]></document>
	<document><![CDATA[[testing] #swayy @username provides you the content you want on a simple sharing platform to engage your target audience. #smm #content		]]></document>
	<document><![CDATA[Good things should last forever • #vodafone The kiss https://t.co/oC3Ul6Hwsl #kiss #love #romance		]]></document>
	<document><![CDATA[#heineken #designweek @username (@username The @usernameHeineken Magazzini w/ 14 others) http://t.co/Zxquj0AUi1		]]></document>
	<document><![CDATA[#heineken #designweek @username (@username Heineken Wall Of Opportunities w/ 2 others) https://t.co/6tDBJggbT1		]]></document>
	<document><![CDATA[- are you an idiot?
- no, sir, I'm a dreamer.
 #scrubs http://t.co/76fIrLlu0Y		]]></document>
	<document><![CDATA[I'm at Pijama - colourful soft cases http://t.co/of6i3kPc8G		]]></document>
	<document><![CDATA[#pijama w/ @username iridefixed #designweek #party #event #design #fixedgear #bike #fuorisalone http://t.co/UH5k8nTOx2		]]></document>
	<document><![CDATA[I'm at 65MQ (Milano, Lombardia) w/ 2 others http://t.co/AM6HGm8fMm		]]></document>
	<document><![CDATA[The plasti Weekly is out! http://t.co/leQioc8gZL ? Top stories today via @username @username		]]></document>
	<document><![CDATA[Play that music! #vinyl #technics #turntable #oldskool #dj #deejay http://t.co/V7xt96CMcf		]]></document>
	<document><![CDATA[Thanks for the party! #pijama @username  #designweek #design #bike #fixedgear #fuorisalone http://t.co/adUK4EucED		]]></document>
	<document><![CDATA[I am watching La Haine. http://t.co/o6RTBHA9of #LaHaine		]]></document>
	<document><![CDATA[I am watching Mr. & Mrs. Smith . http://t.co/hW4MdO7eFD #MrAndMrsSmith		]]></document>
	<document><![CDATA[Let me eat cake - photography @username / clothes @username http://t.co/De3fMoraTp via #Cake #magazine #photo #shooting #lookbook		]]></document>
	<document><![CDATA[Come essere felice (@username Sushiko) http://t.co/ynIuUUF2Ds		]]></document>
	<document><![CDATA[Now playing: Twitter #music  http://t.co/1VfOfenYbY via @username		]]></document>
	<document><![CDATA[My business card webgriffe #work #life #agency #coffee #break #note #pen http://t.co/HWULoL2Ifi		]]></document>
	<document><![CDATA[The plasti Weekly is out! http://t.co/leQioc8gZL		]]></document>
	<document><![CDATA[I'm at Ciclofficina http://t.co/dyYXPkg9k1		]]></document>
	<document><![CDATA[#serigrafia in cicloffa #ciclofficina #design #art #print #bike #salvaicicliati http://t.co/qc1utUQLHf		]]></document>
	<document><![CDATA[Here it is my brand new dress #serigrafia #ciclofficina #art #print #design #bike  #heart #love #gear… http://t.co/pKtN7AWdj0		]]></document>
</author>