<?xml version="1.0" encoding="UTF-8" standalone="no"?><author id="user627">
	<document><![CDATA[Selfies. I suck at'em.		]]></document>
	<document><![CDATA[It'll be a miracle if I make this bus.		]]></document>
	<document><![CDATA[Holy fuck...		]]></document>
	<document><![CDATA[Miracles E'ryday. #stonerlife		]]></document>
	<document><![CDATA[3 more hours of work		]]></document>
	<document><![CDATA[Brick by fucking brick.		]]></document>
	<document><![CDATA["That was God laughing at me, through that obscene giggle"		]]></document>
	<document><![CDATA[Getten toasty after French toast		]]></document>
	<document><![CDATA[You like mind games? We haven't even started to play.		]]></document>
	<document><![CDATA[Sitting on the bus trying not to bust out crying		]]></document>
	<document><![CDATA[Face facts. I just don't know what to say.		]]></document>
	<document><![CDATA[I just opened a drawer at work and had to ask myself where the fuck it and its contents came from.		]]></document>
	<document><![CDATA[Fuck today and its many shitty segues.		]]></document>
	<document><![CDATA[Wish I could get as high as my tolerance is right now.		]]></document>
	<document><![CDATA[Finally have some food and weed in me and starting to feel a little bit better. It's been such a long day.		]]></document>
	<document><![CDATA[While the mob is chanting "Burn The Witch! Burn The Witch!!" I'm the pagan at the back chanting "Sacrifice The Virgin! Sacrifice The Virgin!		]]></document>
	<document><![CDATA[Realizing how much damage I've done to my legs through laziness in posture and proper walking :(		]]></document>
	<document><![CDATA[It's gonna take a lot of stretching to fix this #damagedone #itsalongroadback		]]></document>
	<document><![CDATA[Pruney fingers from so many dishes, but my kitchen looks sooo much better ????		]]></document>
	<document><![CDATA[Had everything set to go except I couldn't find my keys -.- I guess that's the universes way of saying I shouldn't go early today.		]]></document>
	<document><![CDATA[Bus is running late again ????		]]></document>
	<document><![CDATA[Start out describing how you feel about someone and you may end up rediscovering how you feel about them ????		]]></document>
	<document><![CDATA[He wants me to treasure hunt for my birthday gift. 10 days and 2 hours early lol ?????		]]></document>
	<document><![CDATA[10 more days between me and 23.		]]></document>
	<document><![CDATA[I can't even right now. Whatever.		]]></document>
	<document><![CDATA[I just want you to feel better		]]></document>
	<document><![CDATA[Mm Chinese food????		]]></document>
	<document><![CDATA[Alright then.		]]></document>
	<document><![CDATA[People fighting in my house? That's that shit I don't like. Take your Fucken dirty laundry outside #latetweet		]]></document>
	<document><![CDATA[Suspect as fuck.		]]></document>
	<document><![CDATA[Even the pope pays #latenight #Borgia		]]></document>
	<document><![CDATA[When Cesare attacks Juan at dinner. Just yes. #Borgia #TeamCesare #latenight		]]></document>
	<document><![CDATA[Going to Houston in the morning.		]]></document>
	<document><![CDATA[Can't believe the 5:04 bus still isn't here yet -.-		]]></document>
	<document><![CDATA[Still . Waiting . For . The . Bus.		]]></document>
	<document><![CDATA[Can't believe this. I could have slept for an extra hour and a half at least instead of fucking sitting here.		]]></document>
	<document><![CDATA[My stomach is killing me, we have large numbers tonight and they're sending people home like crazy ????		]]></document>
	<document><![CDATA[Whatever to today.		]]></document>
	<document><![CDATA[Rodrigo's face when he hears how Giulia has "righted her sin" lmfao!! #borgia #latenight		]]></document>
	<document><![CDATA[Still dreaming of that white dress.		]]></document>
	<document><![CDATA[He was a Juan.... You could see it in the smile #Borgia		]]></document>
	<document><![CDATA[Love when I get my hairpin just right and it doesn't budge all day long ????		]]></document>
	<document><![CDATA[I feel like the Borgia children's mother's catchphrase is "I tried to see --------, but I was denied entrance. " #latenight #Borgia		]]></document>
	<document><![CDATA[On my way to Houston????		]]></document>
	<document><![CDATA[Are we there yet? ????????		]]></document>
	<document><![CDATA[Tough times and tears all around ????		]]></document>
	<document><![CDATA[Oh goooooddddd. Washing my hair felt so fucking good #showertweet		]]></document>
	<document><![CDATA[So many fucking signs being thrown at me the past 2 days.... ????		]]></document>
	<document><![CDATA[This has been such a heavy 2 days. Wonderful and ugly emotions both, but its been an amazing 2 days.		]]></document>
	<document><![CDATA[I'm so tired and sore I don't know how I'll ever get up, but there's so damn much to be done		]]></document>
	<document><![CDATA[So tired I want to cry ????????????		]]></document>
	<document><![CDATA[@username Thank you		]]></document>
	<document><![CDATA[Fuck motherfucking hour cuts		]]></document>
	<document><![CDATA[Finding random shit to do at work cause there ain't shit to do at work.		]]></document>
	<document><![CDATA[Can't help but wonder if he means those things he says ????		]]></document>
	<document><![CDATA[I'm allowed to be happy.		]]></document>
	<document><![CDATA[Mm hot off the grill sounds so good, but looks like I'm gonna miss out.... Yet again.		]]></document>
	<document><![CDATA[I hope this is okay...		]]></document>
	<document><![CDATA[Smoken some of that goody good shit		]]></document>
	<document><![CDATA["Y'all are a beautiful couple."
That's what she said ?????		]]></document>
	<document><![CDATA[Last episode, Yee! So ready to start season 2!! #Borgia		]]></document>
	<document><![CDATA[Feel myself getting more fucked up cell by cell		]]></document>
	<document><![CDATA["To breath is a simple act until it is made impossible. " #TeamCesare #Borgia		]]></document>
	<document><![CDATA[I think another hit will take me there		]]></document>
	<document><![CDATA["That is not me, that is my reputation, propagated by the jealous and the weak." #TeamCesare #Borgia		]]></document>
	<document><![CDATA[Translation: Hataz gon' Hate.		]]></document>
	<document><![CDATA[Premonitions.		]]></document>
	<document><![CDATA[I hate waiting.		]]></document>
	<document><![CDATA[As time passes, you learn to live in the dark		]]></document>
	<document><![CDATA[Don't play mind games with me unless you're looking for a mind fuck		]]></document>
	<document><![CDATA[Wracked with aches and exhaustion		]]></document>
	<document><![CDATA[Feeling so unproductive. Would you believe a bowl will probably help that?		]]></document>
	<document><![CDATA[My torso is starting to look really cut. Time to start focusing on legs, chest and arms. ????		]]></document>
	<document><![CDATA[That feeling when you Just make the Bus ????????		]]></document>
	<document><![CDATA[I'm not afraid of the demons around me, I'm terrified by the demons within me.		]]></document>
	<document><![CDATA[One fat bedtime bowl.		]]></document>
	<document><![CDATA[Oh my god. Best sex Evar ????????		]]></document>
	<document><![CDATA[Wow I can't believe you.		]]></document>
	<document><![CDATA[Some people like to talk all the shit in the world but can't take a joke.		]]></document>
	<document><![CDATA[People totally dropped out on the bus		]]></document>
	<document><![CDATA[A little help goes a long way. ????		]]></document>
	<document><![CDATA[Damn that is Rank		]]></document>
	<document><![CDATA[Tomorrow I'll be 23 ????		]]></document>
	<document><![CDATA[The fact that its 4 minutes to 4:20 and I'm still up can only mean one thing		]]></document>
	<document><![CDATA[Must be time to get high		]]></document>
	<document><![CDATA[Think I'm gonna smoke some weed, listen to "The Skeleton Key" and run through some back bends #latenightyoga ????		]]></document>
	<document><![CDATA[It's 420. Do you know where your pot heads are?????????????		]]></document>
	<document><![CDATA[Learning to push my body and loving it #yogalife		]]></document>
	<document><![CDATA[It threatens to break, and I make it bend.		]]></document>
	<document><![CDATA[Need to get a mirror for the floor to practice my form		]]></document>
	<document><![CDATA[@username thank you but I've still got about 19 hours left		]]></document>
	<document><![CDATA[Damn. It's packed today. Hope it's not a long wait. I gotta be on the next bus to work.		]]></document>
	<document><![CDATA[Monthly preventive measures.		]]></document>
	<document><![CDATA[It has begun.		]]></document>
	<document><![CDATA[Hey there 23????????????		]]></document>
	<document><![CDATA[Thank you @username @username @username @username @username @username for the birthday wishes!!! Y'all are great!!		]]></document>
	<document><![CDATA[Talken bout some basic shit.		]]></document>
	<document><![CDATA[Dear lord, when I get to heaven, please let me bring my man.		]]></document>
	<document><![CDATA[Oh that Grace?
Oh that Body ????
Oh that face ????
Makes Me wanna party????
He is my sun?
He makes me shine????
Like Diamonds????		]]></document>
	<document><![CDATA[Don't be playing me out.		]]></document>
</author>