<?xml version="1.0" encoding="UTF-8" standalone="no"?><author id="user871">
	<document><![CDATA[@username @username I DON'T THINK SO!		]]></document>
	<document><![CDATA["@username: I can't lose you. Because if I ever did, I'd have lost my best friend, my soul mate, my smile, my laugh, my everything."		]]></document>
	<document><![CDATA[@username listo bebe :) ?		]]></document>
	<document><![CDATA[@username we have to do something, :(		]]></document>
	<document><![CDATA[@username haha!! I really miss u		]]></document>
	<document><![CDATA[@username sounds good!!		]]></document>
	<document><![CDATA[15 people followed me and 5 people unfollowed me // automatically checked by http://t.co/X74C6P9J		]]></document>
	<document><![CDATA[@username Don't		]]></document>
	<document><![CDATA[Tomorrow I'll start!!		]]></document>
	<document><![CDATA[White horse de Taylor Swift siempre me llegara u.u		]]></document>
	<document><![CDATA[@username teamoo mucho miamor :3 ?		]]></document>
	<document><![CDATA[Eres tan tan hermoso!! ? @username		]]></document>
	<document><![CDATA[Everything		]]></document>
	<document><![CDATA[@username by misuse?		]]></document>
	<document><![CDATA[@username me cantaras hooy? :3 ?		]]></document>
	<document><![CDATA[Can we pretend that airplanes in the night sky are like shooting stars		]]></document>
	<document><![CDATA[@username you already have :)		]]></document>
	<document><![CDATA[In my place in my place, were lines that I couldn't change I was lost!!		]]></document>
	<document><![CDATA[I see sparks fly whenever u smile<3		]]></document>
	<document><![CDATA[Take away the pain		]]></document>
	<document><![CDATA[I told myself, I love you.		]]></document>
	<document><![CDATA[Im not a princess this ain't a fairy tale!		]]></document>
	<document><![CDATA[Kick boxing!!!		]]></document>
	<document><![CDATA[8 people followed me and 4 people unfollowed me // automatically checked by http://t.co/X74C6P9J		]]></document>
	<document><![CDATA[@username teamo hermoso<3 muchisisismo		]]></document>
	<document><![CDATA[Y a mi hermanito :'(		]]></document>
	<document><![CDATA[Makes her body older than it really is!		]]></document>
	<document><![CDATA[I need your help little mau @username		]]></document>
	<document><![CDATA[Go back to 48!		]]></document>
	<document><![CDATA[And you can tell me that you're sorry but I won't believe you baby like I did before!		]]></document>
	<document><![CDATA[This love is only getting stronger ?		]]></document>
	<document><![CDATA[Just because im loosing doesnt mean im lost!		]]></document>
	<document><![CDATA[You can't go to bed without a cup of tea		]]></document>
	<document><![CDATA[@username awwwwws teamooo ?:3		]]></document>
	<document><![CDATA[7 people followed me and 12 people unfollowed me // automatically checked by http://t.co/2GrUGz2P9g		]]></document>
	<document><![CDATA[Michael Bublé - "Crazy Little Thing Called Love"  Live at Madison Square...: http://t.co/fYkzPK4blO vía @username @username		]]></document>
	<document><![CDATA[The way you look tonight-Michael Buble: http://t.co/UHHFY0Vpcj vía @username @username		]]></document>
	<document><![CDATA[L O V E Michael Buble (with lyrics): http://t.co/RYa29fRoiJ vía @username @username haha me acorde de las gemelas!!		]]></document>
	<document><![CDATA[@username Michael Bublé - Wonderful Tonight (HQ Music): http://t.co/Sw04zFgDzY vía @username		]]></document>
	<document><![CDATA[@username ESTAAAAAAAAAAAAA Michael Bublé - "I've Got The World On A String" Live at Madison Square ...: http://t.co/VUw6zSUIO7 vía @username		]]></document>
	<document><![CDATA[@username Michael Bublé - "Feeling Good" [Official Music Video]: http://t.co/LgkvVnSvyX vía @username		]]></document>
	<document><![CDATA[Teamo muchote<3 @username		]]></document>
	<document><![CDATA[@username corre forrest correeee		]]></document>
	<document><![CDATA[@username owww teamo amorrr!!		]]></document>
	<document><![CDATA[@username menas noches bebe<3 teamo<3		]]></document>
	<document><![CDATA[Fer me regalo su sandwich :)		]]></document>
	<document><![CDATA[I will be perfect :)		]]></document>
	<document><![CDATA[Whenever		]]></document>
	<document><![CDATA[Whatever		]]></document>
	<document><![CDATA[I'll be there<3		]]></document>
	<document><![CDATA[I don't want to lose u :( NEVER @username		]]></document>
	<document><![CDATA[19 people followed me and 6 people unfollowed me // automatically checked by http://t.co/2GrUGz2P9g		]]></document>
	<document><![CDATA[@username te voy a golpear!		]]></document>
	<document><![CDATA[@username muchote :c		]]></document>
	<document><![CDATA[#AlfabetoConCanciones
C -Clocks 
O -One I Love 
L -Lost!
D -Don't Panic
P -Paradise 
L -Life In Technicolor ii
A -Amsterdam 
Y -Yellow ?		]]></document>
	<document><![CDATA[Look at the stars look how they shine for u!!		]]></document>
	<document><![CDATA[You made my life worthwhile ?		]]></document>
	<document><![CDATA[@username miss u clark		]]></document>
	<document><![CDATA[@username awwwsssssssss *.* teamomaaaaas!!! Son tan hermosos que.puedo morir *.*		]]></document>
	<document><![CDATA[Hace mucho calor :(		]]></document>
	<document><![CDATA[Mi bebe me trajo cafeeee *.* @username ?		]]></document>
	<document><![CDATA[Watching @username videos save lives :D		]]></document>
	<document><![CDATA[Hablame x whats? @username  :3		]]></document>
	<document><![CDATA[@username haha awww teamomiamor :3		]]></document>
	<document><![CDATA[6 people followed me and 3 people unfollowed me // automatically checked by http://t.co/2GrUGz2P9g		]]></document>
	<document><![CDATA[Everybody's got the dues in life to pay!!!		]]></document>
	<document><![CDATA[You got to lose to know how to win!		]]></document>
	<document><![CDATA[Dream on!!		]]></document>
	<document><![CDATA[All the things come back to youuuuuuuuuuuuuu		]]></document>
	<document><![CDATA[I want u rigth here right NOW		]]></document>
	<document><![CDATA[@username buenas noches mi amor ? haha :P		]]></document>
	<document><![CDATA[@username mandame whats :)		]]></document>
	<document><![CDATA[Taylor swift .. Eso escuchare.		]]></document>
	<document><![CDATA[What part of forever dont u understand?		]]></document>
	<document><![CDATA[Shower time yeeei :)		]]></document>
	<document><![CDATA[It's our party we can do what we want to :)		]]></document>
	<document><![CDATA[Need something more!		]]></document>
	<document><![CDATA[@username owwww miss u		]]></document>
	<document><![CDATA[There will always be someone better than you, even if ure the best :)		]]></document>
	<document><![CDATA[@username of course :) dm :)		]]></document>
	<document><![CDATA[You're the boy who live!		]]></document>
	<document><![CDATA[Thirst to prove yourself		]]></document>
	<document><![CDATA[-15 lets do this :)		]]></document>
	<document><![CDATA[Por mi hermanito! :)		]]></document>
	<document><![CDATA[Its like he doesn't hear a word i said!		]]></document>
	<document><![CDATA[Like fire and rain u can drive me insane		]]></document>
	<document><![CDATA[Why u try to read my head '8)		]]></document>
	<document><![CDATA[Anything is possible		]]></document>
	<document><![CDATA[Hate it		]]></document>
	<document><![CDATA[If ure ready come and get it		]]></document>
	<document><![CDATA[Why ure gotta be so mean!		]]></document>
	<document><![CDATA[Pictures perfect memories		]]></document>
	<document><![CDATA[Baby whenever ur ready		]]></document>
	<document><![CDATA[@username I'm just so in love with ur music<3		]]></document>
	<document><![CDATA[Sometimes i don't believe in anything!		]]></document>
	<document><![CDATA[Ure the reason i come homeeeeeeeee		]]></document>
	<document><![CDATA[@username Hiii, thanks for following, i want to listen ur music, wich one should be the first?		]]></document>
	<document><![CDATA[@username woow que padre :)		]]></document>
	<document><![CDATA[@username where i can find other ones?		]]></document>
	<document><![CDATA[Be the type of person you want to MEET		]]></document>
</author>