<?xml version="1.0" encoding="UTF-8" standalone="no"?><author id="user222">
	<document><![CDATA[Sister in town @username #gift #vans #offthewall #vansgirls #cap #socks #hat #tracker #hatter… http://t.co/umLCCCKp5I		]]></document>
	<document><![CDATA[#condividiunacocacola with friends rickybavutti #friends http://t.co/qzmFvNCHBK		]]></document>
	<document><![CDATA[proviamo @username Remember anything from any website / Save, organize, and share whatever you find and love. #test		]]></document>
	<document><![CDATA[Just downloaded Nothing's Changed #Tricky @username - http://t.co/0ukQeMP8wc #stereoplasti #onair #radio #stereo #music #nowplaying		]]></document>
	<document><![CDATA[I am watching Original Sin. http://t.co/v2MbmWhJUL #OriginalSin		]]></document>
	<document><![CDATA[The plasti Weekly is out! http://t.co/leQioc8gZL ? Top stories today via @username @username @username		]]></document>
	<document><![CDATA[#heytricky #tricky @username in the dark - #downtempo #live #music #performance #stereoplasti http://t.co/dFczeiX4t1		]]></document>
	<document><![CDATA[#heytricky #tricky @username yesterday night in #Bologna #live #music #performance #stereoplasti… http://t.co/DPcJJ9AjD5		]]></document>
	<document><![CDATA[People dancing on #stage @username #tricky #heytricky #live #music #love #performance #party… http://t.co/rl2uRlSlCH		]]></document>
	<document><![CDATA[Yesterday night #amazing @username #sadarbahar in #Verona w/ missgiulia75 - #carhartt #carvarttwip… http://t.co/MKAqaXrwou		]]></document>
	<document><![CDATA[#roxyontheroad #plastiwanders (@username ?stanbul Atatürk Airport (IST) - @usernameistanbulairport w/ 227 others) http://t.co/Z40m61ICZA		]]></document>
	<document><![CDATA[Events in #Istanbul - in hotel propongono @username #lol #roxy @username #roxyontheroad #travel… http://t.co/HE3EOk3CtP		]]></document>
	<document><![CDATA[Ottimo: Hakiki Sahlep #Istanbul #streetfood @username #roxy #roxyontheroad #travel http://t.co/N6R3dnj74l		]]></document>
	<document><![CDATA[Buongiorno turkish #breakfast #istanbul #turkey #roxyontheroad #roxy #travel #plastiwanders http://t.co/2UormnjLKw		]]></document>
	<document><![CDATA[#roxyontheroad #roxy #plastiwanders (@username Vera Hotel Tassaray) [pic]: http://t.co/WlY1ilz8CH		]]></document>
	<document><![CDATA[The plasti Weekly is out! http://t.co/leQioc8gZL ? Top stories today via @username @username @username		]]></document>
	<document><![CDATA[#roxyontheroad #roxy #travel#quiksilver (@username Pamukkale w/ 5 others) http://t.co/kaO2qENiAX		]]></document>
	<document><![CDATA[#roxyontheroad #roxy #travel #quiksilver #plastiwanders (@username Tripolis Thermal Hotel) http://t.co/kvaqXliWZ7		]]></document>
	<document><![CDATA[I'm at Onyria Claros Beach & Spa Resort (Özdere, ?zmir) http://t.co/g7flVmAjrj		]]></document>
	<document><![CDATA[I'm at Onyria Claros Lobby Lounge (Özdere, Izmir) w/ 3 others http://t.co/RgE96U4ZIm		]]></document>
	<document><![CDATA[I'm at Onyria Claros Beach (Özdere, Izmir) http://t.co/rHXkEqLKe8		]]></document>
	<document><![CDATA[Genuine fake watches -cartelli da #bazar #minimarketing #roxyontheroad #roxy #turkey #souvenir #watch… http://t.co/9stluHtxkn		]]></document>
	<document><![CDATA[I'm at Onyria Claros Beach & Spa Resort (Özdere, ?zmir) http://t.co/1ZIT24ADa0		]]></document>
	<document><![CDATA[I'm at Onyria Claros Lobby Lounge (Özdere, Izmir) http://t.co/Z5x8HyroJz		]]></document>
	<document><![CDATA[Ready, steady goooo! # alleycat #bike #fixedgear @username #irideveryday http://t.co/iudy9JG0aE		]]></document>
	<document><![CDATA[The plasti Weekly is out! http://t.co/leQioc8gZL ? Top stories today via @username @username @username		]]></document>
	<document><![CDATA[Nella notte... thanks Claudio for the pic! #boston #bruins #cap #har #hatter #hockey #smile #lifestyle… http://t.co/qCXe6WozL0		]]></document>
	<document><![CDATA["L'elettronica indie fa plin plin plin, a me piace l'elettronica tamarra che fa weoooow weeepoow woop woop!" auto-cit. #fidget #stereoplasti		]]></document>
	<document><![CDATA[#magnum #pleasure @username w/ @username (@username Magnum Milano w/ 2 others) [pic]: http://t.co/f5ADIkNVvO		]]></document>
	<document><![CDATA[#magnum croisette #festival #cannes + #magnummilano #japan designed by @username magnumit #chocolate… http://t.co/UY5d7ALhZ3		]]></document>
	<document><![CDATA[Movies In Color • A blog featuring stills from films and their corresponding color palettes. A tool to promote... http://t.co/oSKfqu41p7		]]></document>
	<document><![CDATA[The plasti Weekly is out! http://t.co/leQioc8gZL ? Top stories today via @username @username @username		]]></document>
	<document><![CDATA[Amazing #woman - real beauty #dove #adv https://t.co/bbx20ycLWR		]]></document>
	<document><![CDATA[Cuz if you liked it then you should have put a "Like" on it - #fgdmo #fgd @username http://t.co/e4VFpEtnI5		]]></document>
	<document><![CDATA[I'm at Circus (Casalgrande, RE) http://t.co/gnWiejCArH		]]></document>
	<document><![CDATA[post #roxyontheroad in Turchia #surf #roxy #apparel #travel #turkey http://t.co/PqulH2MsWr		]]></document>
	<document><![CDATA[The plasti Weekly is out! http://t.co/leQioc8gZL ? Top stories today via @username @username		]]></document>
	<document><![CDATA[Pass #Fotoincontri @username #galimberti http://t.co/urXZZuNJqB		]]></document>
	<document><![CDATA[Work in progress #portrait #polaroid #galimberti #Fotoincontri #art #photography #ritratto http://t.co/jFjHNgE05k		]]></document>
	<document><![CDATA[Work in progress #2 #wip #portrait #art #galimberti #Fotoincontri #ritratto  #polaroid #photography http://t.co/mn4g7zvxky		]]></document>
	<document><![CDATA[At the end #portrait #polaroid #workshop #galimberti #Fotoincontri #art #photography http://t.co/W4PGC7yjkT		]]></document>
	<document><![CDATA[I'm at San Felice sul Panaro (San Felice sul Panaro, Italy) http://t.co/IRlXuMySdH		]]></document>
	<document><![CDATA[I'm at @username (Parma, PR) w/ 2 others http://t.co/fOOi7eieuX		]]></document>
	<document><![CDATA[Man at work #white #home #house http://t.co/WFW5Ex4ycG		]]></document>
	<document><![CDATA[The plasti Weekly is out! http://t.co/leQioc8gZL ? Top stories today via @username @username		]]></document>
	<document><![CDATA[#node (@username Teatro Storchi w/ 2 others) http://t.co/eyXpRmTjNl		]]></document>
	<document><![CDATA[I'm at Circus (Casalgrande, RE) http://t.co/N8NtNVMi3v		]]></document>
	<document><![CDATA[I'm at Cinema Victoria (Modena, MO) w/ 3 others http://t.co/tRzVAneTGf		]]></document>
	<document><![CDATA[I am watching The Hangover Part III. http://t.co/ORAtUJmmVf #TheHangover3		]]></document>
	<document><![CDATA[Follow the White Rabbit! #wonderland #animal #color #fairy #tale http://t.co/jXvf7cgyti		]]></document>
	<document><![CDATA[Iride Teaser Redhook1 #newyork @username http://t.co/2mYLtukoUT		]]></document>
	<document><![CDATA[The plasti Weekly is out! http://t.co/leQioc8gZL ? Top stories today via @username @username @username		]]></document>
	<document><![CDATA[#mercurdo (@username Mercurdo 2013 w/ 2 others) http://t.co/cgx1nk2OjM		]]></document>
	<document><![CDATA["Life in Plasti is fantastic!" cit.		]]></document>
	<document><![CDATA[#polaroid #galimberti #kalimba #photo #photography #art (@username Castello di Montecchio w/ 2 others) [pic]: http://t.co/GxmIxcQoJQ		]]></document>
	<document><![CDATA[#polaroid #camera #galimberti #kalimba #fotografiaeuropea @username #photo #photography #mauriziogalimberti
#lips http://t.co/tukVDphp44		]]></document>
	<document><![CDATA[#polaroid #camera #galimberti #beatles #shell #fotografiaeuropea @username #photo #photography #mauriziogalimberti
http://t.co/CVyWJDdWcw		]]></document>
	<document><![CDATA[#helmutnewton #polaroid #camera #galimberti #fotografiaeuropea @username #photo #photography #mauriziogalimberti
 http://t.co/nPAx3v0esO		]]></document>
	<document><![CDATA[I'm at Circus (Casalgrande, RE) http://t.co/wRAPy3fPUm		]]></document>
	<document><![CDATA[I'm so proud of you! @username #photography #undertheradar @username @username #chicago #skate… http://t.co/ZDGjlK41ut		]]></document>
	<document><![CDATA[The plasti Weekly is out! http://t.co/leQioc8gZL ? Top stories today via @username @username @username		]]></document>
	<document><![CDATA[Thermae #salsomaggiore #health #beauty #terme #notteceleste #igersemiliaromagna http://t.co/rEZbnanNZr		]]></document>
	<document><![CDATA[#thejambo w/ @username (@username Bologna Fiere for The Jambo Urban Summer Festival w/ 8 others) http://t.co/5FVUercNuQ		]]></document>
	<document><![CDATA[#thejambo Music Italy Show #mis #radiobruno #bologna #live #performance #music http://t.co/PJ3DK7ltxy		]]></document>
	<document><![CDATA[1,556 Instagrams Make 1 Incredible Stop-Motion Video via @username http://t.co/mslPAx0oL9		]]></document>
	<document><![CDATA[Trying out the new #instagram #video #plasti #computer #keyboard #letter #bn #blackancdwhite #movie http://t.co/jVmeZUPwZn		]]></document>
	<document><![CDATA[Che botta! #terremoto		]]></document>
	<document><![CDATA[The plasti Weekly is out! http://t.co/leQioc8gZL ? Top stories today via @username @username @username		]]></document>
	<document><![CDATA[... to the moon and back. #moon #night #star #sky #cloud #moondance #dream #dark #black http://t.co/nHbWPqDbmh		]]></document>
	<document><![CDATA[Be the best you can be #ontheroad #jeep #adventure #street http://t.co/KcBG2WLKGF		]]></document>
	<document><![CDATA[I'm at IKO (Modena, Italy) http://t.co/0RbXndr2fM		]]></document>
	<document><![CDATA[#plasti • aspire to inspire • testing #notegraphy @username #note #beta #quote #design #font… http://t.co/RixU1Dez0T		]]></document>
	<document><![CDATA[Shiny happy people laughing
#me #smile #girl #happy #woman #laugh #photography #photo #love #friend… http://t.co/Y2GFrwrsf8		]]></document>
	<document><![CDATA[#doodle #mug #breakfast #coffee #cookie #tea #family #home #sister #draw #kitchen #food #foodporn #design http://t.co/iZO35Ky8VN		]]></document>
	<document><![CDATA[The plasti Weekly is out! http://t.co/leQioc8gZL ? Top stories today via @username @username @username		]]></document>
	<document><![CDATA[Occhiali da sole #vintage #hippie - I'm selling this item on @username #depop http://t.co/JzJ2WSUzB1		]]></document>
	<document><![CDATA[I'm selling this item on @username #depop http://t.co/NuexzI6QNC		]]></document>
	<document><![CDATA[Sunglasses #vintage #hippie - I'm selling this item on @username #depop http://t.co/JzJ2WSUzB1		]]></document>
	<document><![CDATA[Occhiali da sole #vintage made in Italy - I'm selling this item on @username #depop http://t.co/Huo4bKGEfb		]]></document>
	<document><![CDATA[I'm selling this item on @username #depop http://t.co/aOKnHdiF8f		]]></document>
	<document><![CDATA[Cinema estivo, this way! #cinema #movie #summer http://t.co/kqDjVydcXT		]]></document>
	<document><![CDATA[Thanks @username #LemonSoda limited edition #NarutoSoda for @usernamemilanomangafest #MilanoMangaFestival #Naruto… http://t.co/ebmwnvjVeQ		]]></document>
	<document><![CDATA[I'm at Iride Fixed Modena Hub Store (Modena, MO) http://t.co/s5NGi2wLpK		]]></document>
	<document><![CDATA[I love long dresses and sneaker shoes ? la comodità! #fashion #style #lifestyle #sneaker #dress #feet… http://t.co/3YlZaCuWtr		]]></document>
	<document><![CDATA[@username #live on stage - @username @username #music #swing #performance #italy… http://t.co/4ROrAyxDvo		]]></document>
	<document><![CDATA[The plasti Weekly is out! http://t.co/leQioc8gZL ? Top stories today via @username @username @username		]]></document>
	<document><![CDATA[#stereoplasti #music #radio #stereo #plasti ? "Are You Ready" by @username http://t.co/vsm0bPk2Dq		]]></document>
	<document><![CDATA[The plasti Weekly is out! http://t.co/leQioc8gZL ? Top stories today via @username @username @username		]]></document>
	<document><![CDATA[Cose #vintage: i #playmobil!!! #game #children #child #childhood #cowboy #cow #animal #western #desert… http://t.co/ppYIWIVjNx		]]></document>
	<document><![CDATA[#vaperitivo (@username Cascina Cuccagna w/ 3 others) [pic]: http://t.co/y7gPQnDk1E		]]></document>
	<document><![CDATA[The plasti Weekly is out! http://t.co/leQioc8gZL ? Top stories today via @username @username @username		]]></document>
	<document><![CDATA[Amazing night w/ @username @username and others old friends! Thank you #ork! @username miss you!!! :* http://t.co/9tpw0Po4n2		]]></document>
	<document><![CDATA[I'm at Circus (Casalgrande, RE) http://t.co/lKyEt5kE3Z		]]></document>
	<document><![CDATA[I'm at Buscapè (Modena, Italy) http://t.co/h1lNxBM2bs		]]></document>
	<document><![CDATA[#trofeotim #pass tim_official #match #soccer #sassuolo #milan #juventus #juve #football http://t.co/58cHxOzfMa		]]></document>
	<document><![CDATA[The plasti Weekly is out! http://t.co/leQioc8gZL ? Top stories today via @username @username @username		]]></document>
	<document><![CDATA[My soundtrack: ? "Shake It Out" by @username http://t.co/RsZbgED17R		]]></document>
	<document><![CDATA[Shake it out / shake it out - #florence + the machine #sing #song #summer #travel http://t.co/SCKbb1g8KV		]]></document>
	<document><![CDATA[#Cycles - A Short Film About Passion, Culture and Craftsmanship http://t.co/zrMPuEE3tw #helmet #carrera @username @username #fixedgear		]]></document>
	<document><![CDATA[Feeling hungry? Porn sex VS real sex https://t.co/C59T27bW18		]]></document>
</author>