<?xml version="1.0" encoding="UTF-8" standalone="no"?><author id="user550">
	<document><![CDATA[twit <--> fb http://t.co/ZQQ7aVgu -connect or not to connect accounts? #thisisthequestion		]]></document>
	<document><![CDATA[#twitter #social #plugin added @username workshop on computational personality recogniton http://t.co/LIl6wxEZ #icwsm via @usernamefacells		]]></document>
	<document><![CDATA[#wcpr13 @username #icwsm will release #facebook + text data with #personality labels, allowing participants to discuss results on a common benchmark		]]></document>
	<document><![CDATA[#DATA now available for #download @username http://t.co/LIl6wxEZ workshop on computational personality recogniton #icwsm via @usernamefacells		]]></document>
	<document><![CDATA[DATA now available for #download @username http://t.co/LIl6wxEZ #icwsm #icwsm13 #wcpr13		]]></document>
	<document><![CDATA[reminder: #facebook #data labeled with #personality is AVAILABLE @username http://t.co/LIl6wxEZ #icwsm #icwsm13 #wcpr13		]]></document>
	<document><![CDATA[DEADLINE EXTENDED from mar8,2013 to mar18,2013 #icwsm13 #icwsm #wcpr13 http://t.co/LIl6wxEZ		]]></document>
	<document><![CDATA[#icwsm13 #icwsm #wcpr13 IMPORTANT UPDATE to mypersonality #dataset. pls check  http://t.co/LIl6wxEZ		]]></document>
	<document><![CDATA[my first #book, adaptive #personality #recognition from text, (lambert publishing) #now #available http://t.co/DN0kDFF9of		]]></document>
	<document><![CDATA[Workshop on Computational Personality Recogntion: one week to the deadline. #icwsm13 #icwsm #wcpr13 http://t.co/4vLabg62Ot via @username		]]></document>
	<document><![CDATA[Workshop on Personality Recognition @username >> deadline extended to march 20th << #icwsm13  #wcpr13 http://t.co/4vLabg62Ot via @username		]]></document>
	<document><![CDATA[We received 9 submissions for the workshop on computational personality recognition @username. the quality is really high #icwsm #wcpr13		]]></document>
	<document><![CDATA[@username tomorrow within midnight :) probably in the evening		]]></document>
	<document><![CDATA[#wcpr13 @username #icwsm: 8 teams participating in the shared task. results show that feature selection is very important in personality recognition		]]></document>
	<document><![CDATA[#brain data reveals that #creativity is related to problem solving.  http://t.co/JeiyilBr9a via @username		]]></document>
	<document><![CDATA[@username @username very interesting! also for @username		]]></document>
	<document><![CDATA[check WCPR13 schedue at http://t.co/4vLabg62Ot #icwsm13 #icwsm #wcpr13 via @username		]]></document>
	<document><![CDATA[selected papers of #wcpr13 available on the workshop website: http://t.co/4vLabg62Ot #icwsm #personality		]]></document>
	<document><![CDATA[now I have a linkedin profile http://t.co/P306zzMJAs #in		]]></document>
	<document><![CDATA[@username yes I used it in Celli & Rossi 2012 http://t.co/tecQRTN2x3 problems: pers. types are different from the big5 and there are no APIs		]]></document>
	<document><![CDATA[@username the only available demo is http://t.co/wrV6mKJmeW , it is the same code I gave you time ago, not the version used in Celli&Rossi12		]]></document>
	<document><![CDATA[workshop on computational personality recognition: registration open until june 7. pls check http://t.co/DK97fm8An6 #wcpr13 #icwsm		]]></document>
	<document><![CDATA[#wcpr13 is the workshop with more subscriptions @username #icwsm. thank you everybody!!		]]></document>
	<document><![CDATA[new paper available: Relationships between #Personality and Interactions in #Facebook http://t.co/5VzdDyPiIY		]]></document>
	<document><![CDATA[@username pls :-D be patient! I will be there tomorrow in the evening. see you @username #wcpr13 :-)		]]></document>
	<document><![CDATA[#icwsm started today. #wcpr13 is approaching! http://t.co/0RE1yj0d2C via @username		]]></document>
	<document><![CDATA[@username I'm @username #icwsm right now!		]]></document>
	<document><![CDATA[@username you can find me in the hall, near the book desk, see you :)		]]></document>
	<document><![CDATA[@username I just sent you a email with papers and links. see you later!		]]></document>
	<document><![CDATA[@username :-D I will tell this to @username and @username and see their reactions & proposals ;-)		]]></document>
	<document><![CDATA[@username @username @username all right then! where do we meet?		]]></document>
	<document><![CDATA[@username @username ok, so let's meet @username ICWSM venue at 6.30, just after the end of the conference @usernameverhoevenben		]]></document>
	<document><![CDATA[@username perfect! thanks! see you later! (we will meet Luca & Matteo in haymarket square @username little Italy)		]]></document>
	<document><![CDATA[the first workshop on computational personality recognition is abouit to start! #wcpr13		]]></document>
	<document><![CDATA[@username so google groups can be used only by people who has a google account. too bad, I'll find another way to set up a mailinglist		]]></document>
	<document><![CDATA[#wcpr13 >> official #mailinglist >> http://t.co/UpibqPkfOT for topics related to #personality #recognition		]]></document>
	<document><![CDATA[I just bought: 'Handbook of Personality, Third Edition: Theory and Research' by Oliver P. John PhD via @username		]]></document>
	<document><![CDATA[Adaptive Personality Recognition from Text -  Fabio Celli https://t.co/CzBFGGF2Wn		]]></document>
	<document><![CDATA[I just bought: 'Understanding Yourself and Others: An Introduction to Interaction Styles 2.0' via @username		]]></document>
	<document><![CDATA[my #personality: self-centered,  secure conscientious open to experience. discover yours --> http://t.co/3i4D1LAne1 #personalitwit		]]></document>
	<document><![CDATA[@username Yes, it is my latest project. just a little "game" :)		]]></document>
	<document><![CDATA[#personality. an #app to discover what others perceive of you in #socialnetworks like #Twitter and #Facebook. --> http://t.co/3i4D1LAne1		]]></document>
	<document><![CDATA[adaptive personality recogntion system online. freely available.  http://t.co/WGEODoQyI3		]]></document>
	<document><![CDATA[recent works available on researchgate: https://t.co/4z5BfTlI1F		]]></document>
	<document><![CDATA[#personality recognition and #hashtags can help #sentiment #analysis in @username . details in a paper with @username @username #essem2013		]]></document>
	<document><![CDATA[an #app to discover what others perceive of you in #social networks like Twitter and Facebook. http://t.co/NaXSAJn0BC #personality		]]></document>
	<document><![CDATA[IBM Software Learns Your Personality, Could Tailor Ads Accordingly http://t.co/7Htj1kyWX9 >@username #sapevatelo		]]></document>
	<document><![CDATA[@username thanks for sharing that! I'm sure you'll find this paper very interesting, if you don't know it already >> http://t.co/xfBBFGiE05		]]></document>
	<document><![CDATA[@username @username take a look at this if you are interested in personality recognition from twitter http://t.co/lJfl63uBqj		]]></document>
	<document><![CDATA[is the next #CICLing really in Kathmandu, #Nepal - April 6-12, 2014 ??
wow		]]></document>
	<document><![CDATA[@username our paper: long chains or stable communities.. is now online @username http://t.co/QwqkfW0d4L #personality #twitter		]]></document>
	<document><![CDATA[long chains or stable communities? the role of emotional stability in Twitter conversations http://t.co/QwqkfW0d4L via @username		]]></document>
	<document><![CDATA[hashtag position and conscientiousness are good predictors of #sentiment in #twitter @username paper available > https://t.co/A04wT8W8eR		]]></document>
	<document><![CDATA[now @username the workshop on Emotion and Sentiment in Social and Expressive Media http://t.co/8xAjFgdki0 @usernameEssem2013		]]></document>
	<document><![CDATA[NLP systems can automatically generate funny acronyms like "Federal Bureau of Intimidation"		]]></document>
	<document><![CDATA[Alberto Novello is in conference call @username and will make a performance controlling a video system with EEG signals		]]></document>
	<document><![CDATA[Andrea Vigani played a realtime audio installation generated from mentions of band names on #Twitter. @username		]]></document>
	<document><![CDATA[the world tonight seems to be in Turin.		]]></document>
	<document><![CDATA[happy 2014 to everybody!!!!		]]></document>
	<document><![CDATA[got a great idea for a start up in #rimini . I'm searching for a skilled java mobile programmer. any candidates?		]]></document>
	<document><![CDATA[Via @username: Mapping Emotions On The Body! http://t.co/LSDbltPJlc		]]></document>
	<document><![CDATA[#attachmentstyle is the way we act in intimate relationships. mine is: secure, discover yours --> http://t.co/JGcdXSY2j7		]]></document>
	<document><![CDATA[post sharing visualization with cascade:  http://t.co/HddIojjIiv		]]></document>
	<document><![CDATA[new paper on #personality recognition demo has been published on arXiv http://t.co/hIZmjOMQ6m		]]></document>
	<document><![CDATA[Charles Fillmore, Discoverer of Frame Semantics, Dies in SF at 84. http://t.co/yS4TB1tFwA via @username		]]></document>
	<document><![CDATA[the Workshop on Computational Personality Recognition 2014 has been accepted @username. Orlando here we come http://t.co/kGAWbzd0Jt		]]></document>
	<document><![CDATA[I just bought: 'Social Identity and Intergroup Relations' by Henri Tajfel via @username http://t.co/WXZPaF2j8J		]]></document>
	<document><![CDATA[WCPR 2014 : Workshop on Computational Personality Recognition 2014 http://t.co/nZQtfEr8GH		]]></document>
	<document><![CDATA[Adaptive Personality Recognition from Text by Fabio Celli http://t.co/r2RpalXcv8 is on @username		]]></document>
	<document><![CDATA[The Free-Marketing Is Over on Facebook. very interesting post. http://t.co/kOA0fL2h4u via @username		]]></document>
	<document><![CDATA[the data has been released: https://t.co/XLdQ8TLMne the competition on personality recognition has just started! @username  #wcpr14		]]></document>
	<document><![CDATA[US personality types as seen from space (courtesy of @username) http://t.co/oVR6eT34gY		]]></document>
	<document><![CDATA[we got 6 accepted papers @username Workshop on Computational Personality Recognition. look fwd to meet these guys in Orlando @usernameacmmm14 #wcpr14		]]></document>
	<document><![CDATA[Computational Linguistics of Twitter Reveals the Existence of Global Superdialects http://t.co/0d4i5tyrOP >@username		]]></document>
	<document><![CDATA[PERSONALITWIT allows you to compare personality predicted with softwares to your real personality: http://t.co/2dCcGYGLs0 try it!		]]></document>
	<document><![CDATA[#personalitwit compares your real personality to the one predicted by a system. http://t.co/2dCcGYGLs0 http://t.co/TMW1L1FVyv		]]></document>
	<document><![CDATA[new paper about Using #Brain Data for #Sentiment Analysis available @username   https://t.co/M0Xtt8D7jT		]]></document>
	<document><![CDATA[#mendelay profile update completed. http://t.co/IZVOHHtExy		]]></document>
	<document><![CDATA[very happy about the keynote speech at @username , it is always a pleasure when someone says "I really enjoyed your talk"		]]></document>
	<document><![CDATA[next week: the new edition of the Workshop on Computational Personality Recognition. Orlando, here we come! https://t.co/4V0VNU1WAj  #wcpr14		]]></document>
	<document><![CDATA[from the big5 to to hexaco. this and more at #wcpr14		]]></document>
	<document><![CDATA[personality can be used as a mediation factor for the prediction of mood states and emotions! #wcpr14		]]></document>
	<document><![CDATA[Ello: the social network anti-market https://t.co/YkJTjjqb8j		]]></document>
	<document><![CDATA[I just uploaded 'Automatic Personality and Interaction Style Recognition from Facebook Profile P...' to @username! https://t.co/JyBjdlp7Fc		]]></document>
	<document><![CDATA[I just uploaded 'The Workshop on Computational Personality Recognition 2014' to @username! https://t.co/TTyNYe9u4r		]]></document>
	<document><![CDATA[#anonymity in #blogs yields towards racist/offensive/vulgar commenting. very interesting article. http://t.co/1mlISkYXhT		]]></document>
	<document><![CDATA[I just uploaded 'CorEA: Italian News Corpus with Emotions and Agreement' to @username! https://t.co/3AhQgVKxZZ		]]></document>
	<document><![CDATA[Computer-based personality judgments are more accurate than those made by humans! http://t.co/71VODg1VpG		]]></document>
	<document><![CDATA[Twitter Can Predict Rates of Coronary Heart Disease, According to Penn Research  http://t.co/0odzPmP0f7 via @username		]]></document>
	<document><![CDATA[ETSIMO SciNet version: a visual search engine that increase readability http://t.co/xcKxkiP9SY via @username		]]></document>
</author>