<?xml version="1.0" encoding="UTF-8" standalone="no"?><author id="user245">
	<document><![CDATA[I wish my mom would just let me get a job		]]></document>
	<document><![CDATA[@username @username I don't have one ..		]]></document>
	<document><![CDATA[People say that only faithful girls will get super jealous but I personally think jealousy is an issue of self confidence not loyalty...		]]></document>
	<document><![CDATA[@username I'm saying though that people thinks if you don't get jealous all the time the girl isn't loyal		]]></document>
	<document><![CDATA[@username exactly you don't need to be a psycho bitch to show you care about someone		]]></document>
	<document><![CDATA[@username ???????????? I already know		]]></document>
	<document><![CDATA[My hands are so ugly with short nails ???? fml		]]></document>
	<document><![CDATA[How do people live without nails.. This feel so gross		]]></document>
	<document><![CDATA[I can literally feel everything on my finger tips and it's feels horrible		]]></document>
	<document><![CDATA[@username what		]]></document>
	<document><![CDATA[@username wow I just finished 4 hours of hw too		]]></document>
	<document><![CDATA[I love my friends so much ????		]]></document>
	<document><![CDATA[@username I'm sorry ???? but thank you		]]></document>
	<document><![CDATA[People are so annoying		]]></document>
	<document><![CDATA[It blows my mind that my nail broke from closing my window but here I am physically having the hardest time cutting the rest		]]></document>
	<document><![CDATA[Killing who ever took my matte clear coat		]]></document>
	<document><![CDATA[Currently learning how to live life with short nails		]]></document>
	<document><![CDATA[@username OMG I know right		]]></document>
	<document><![CDATA[LRT is the story of my life		]]></document>
	<document><![CDATA[Eating cheese and crying what has my life even come to I hate cheese		]]></document>
	<document><![CDATA[Idk why I decided to start watching a movie rn		]]></document>
	<document><![CDATA[But whatever brad Pitt is sexy af		]]></document>
	<document><![CDATA[“@username: “@username: But whatever nati is sexy af” ayeee”????		]]></document>
	<document><![CDATA[If I'm in the middle of saving all of humanity I would be so pissed that the way I died is by slipping and accidentally shooting myself		]]></document>
	<document><![CDATA[I want hashbrowns		]]></document>
	<document><![CDATA[When does McDonald's stop serving breakfast today		]]></document>
	<document><![CDATA[@username I leave school at 10:45		]]></document>
	<document><![CDATA[I'm going to fuck someone up at Taco Bell they fuck my food up every time		]]></document>
	<document><![CDATA[It is so frustrating when no one understands		]]></document>
	<document><![CDATA[I love Ronnie's snapchat stories		]]></document>
	<document><![CDATA[I'm still having such a hard time typing ????		]]></document>
	<document><![CDATA[I love how even though I don't fuck with anyone there's always people willing to do things for me I appreciate it ????		]]></document>
	<document><![CDATA[I just want my hair done :(		]]></document>
	<document><![CDATA[@username r u being white		]]></document>
	<document><![CDATA[Too tired????		]]></document>
	<document><![CDATA[@username why is that the size of you		]]></document>
	<document><![CDATA[@username I'm on baes side		]]></document>
	<document><![CDATA[Laura's gonna hold this picture of Brandon against him for the rest of his life		]]></document>
	<document><![CDATA[When r people in school gonna get it through their heads that I'm nobodies girl		]]></document>
	<document><![CDATA[@username it doesn't work for all schools????		]]></document>
	<document><![CDATA[@username tf I already tried lmao		]]></document>
	<document><![CDATA[@username I swear it didn't work a few weeks ago but thank god it does now????		]]></document>
	<document><![CDATA[I just want new shoes a new bag my hair done and this iPhone 6 and I'm soooooo impatient		]]></document>
	<document><![CDATA[@username I'll do it if it's a boy		]]></document>
	<document><![CDATA[@username I said I would do it		]]></document>
	<document><![CDATA[@username CHRISTINA ILL BE THE FLOWER GIRL IF YOUR BABY IS A BOY		]]></document>
	<document><![CDATA[Seriously why is my shit always disappearing		]]></document>
	<document><![CDATA[Like who tf took my flash drive out of my Xbox		]]></document>
	<document><![CDATA[I don't understand girls who beg for attention from guys. Why is that necessary just stfu and sit down		]]></document>
	<document><![CDATA[I can't sleep ???? and no ones up		]]></document>
	<document><![CDATA[With beb http://t.co/g7gUpIGaB4		]]></document>
	<document><![CDATA[Pretty sure oomf is covering up the fact that she's still hurt af		]]></document>
	<document><![CDATA[Literally no one cares		]]></document>
	<document><![CDATA[Love that I can pull off both light and dark hair		]]></document>
	<document><![CDATA[Jon calling me puta is so cute????		]]></document>
	<document><![CDATA[This shit head is playing country I'm going to KMS		]]></document>
	<document><![CDATA[When's my phone gonna update????		]]></document>
	<document><![CDATA[Why am I still not getting this update ????		]]></document>
	<document><![CDATA[Do you need wifi for this update?		]]></document>
	<document><![CDATA[Do you guys realize that you can simply delete apps like twitter and just download them again after the update..		]]></document>
	<document><![CDATA[There's so many ways to save storage but you guys are gay and like keeping 200 unread messages to look cool ????		]]></document>
	<document><![CDATA[Do you see this fuckery http://t.co/FYpyxyjT8j		]]></document>
	<document><![CDATA[I ask what am I good at and all my friends can say is "being a bitch" or "doing nails"????		]]></document>
	<document><![CDATA[I never understood how adults barely had friends but now I do		]]></document>
	<document><![CDATA[Bitches are always gonna hate you when their bf is the one up your ass		]]></document>
	<document><![CDATA[Having short nails is making my life miserable		]]></document>
	<document><![CDATA[Annoyed bc verizon has shitty wifi and I haven't been able to update my phone all day		]]></document>
	<document><![CDATA[Beyonce's 4 album is my fav		]]></document>
	<document><![CDATA[So sad you're hurt boohoo oh, did you expect me to care?		]]></document>
	<document><![CDATA[“@username: Hard nipples ???????? #DollaMakeMeHolla http://t.co/BAWkambakl” ily a lot		]]></document>
	<document><![CDATA[I'm so emotionally exhausted		]]></document>
	<document><![CDATA[I will never understand the logic in "dressing up" and wearing a simple outfit with no make up or accessories or hair done		]]></document>
	<document><![CDATA[“@username: @username OF COURSE SOMETIMES SHIT GO DOWN WHEN THERES A BILLION DOLLARS ON THE ELEVATOR” my shit????		]]></document>
	<document><![CDATA[@username you can say what you want I'm the shit????		]]></document>
	<document><![CDATA[I give up I'm just gonna wait for my iPhone 6		]]></document>
	<document><![CDATA[@username why		]]></document>
	<document><![CDATA[@username someone's gonna die soon nati no time to knock in wood		]]></document>
	<document><![CDATA[Guys when you have a dream that your teeth are falling out it means someone's gonna die I'm not joking		]]></document>
	<document><![CDATA[@username @username ok well when someone dies don't be shocked		]]></document>
	<document><![CDATA[@username I was kidding anyway I know it's gonna be someone in my family you wouldn't possibly know lol		]]></document>
	<document><![CDATA[I just want to nap I've had a headache all day		]]></document>
	<document><![CDATA[The shovel girls gonna be on dr Phil ????		]]></document>
	<document><![CDATA[@username I don't have it either		]]></document>
	<document><![CDATA[So frickin tired and can't sleep		]]></document>
	<document><![CDATA[Bitches get so conceited with tiniest amount of male attention		]]></document>
	<document><![CDATA[I need shoes ????		]]></document>
	<document><![CDATA[“@username: Lightskin ass http://t.co/XUcMIjtWhF” suck my ass		]]></document>
	<document><![CDATA[Perry hall isnt ghetto, Overlea is...		]]></document>
	<document><![CDATA[Immature guys is probably the most tiring thing ever and the fact that they're all immature at this age is exhausting		]]></document>
	<document><![CDATA[Why is no one up		]]></document>
	<document><![CDATA[I don't want to be awake right now ????		]]></document>
	<document><![CDATA[“@username: im so ready to be done with high school”seriously ????		]]></document>
	<document><![CDATA[Hate when I forget what I'm gonna do		]]></document>
	<document><![CDATA[Do your eyes ever water when you take that morning pee		]]></document>
	<document><![CDATA[@username @username @username this page is cadens Bible		]]></document>
	<document><![CDATA[“@username: watching the fault in our stars ????” wtf I wanna see		]]></document>
	<document><![CDATA[@username wtf ????		]]></document>
	<document><![CDATA[Brad Pitt in 12 years a slave ????		]]></document>
	<document><![CDATA[Hate it so much when my dreams feel so real		]]></document>
	<document><![CDATA[@username you have to go in settings and add the keyboard and delete your normal ones		]]></document>
</author>