<?xml version="1.0" encoding="UTF-8" standalone="no"?><author id="user745">
	<document><![CDATA[Happy Birthday @username !!! Your number Fifty Sixx! If someone would have said Thirty Sixx, everyone… http://t.co/TQ7zRTCReu		]]></document>
	<document><![CDATA[@username @username That's right, Mick!!! ????????		]]></document>
	<document><![CDATA[@username July 30?		]]></document>
	<document><![CDATA[“@username: Photo: 61below: BEHOLD, FRESH HOMEMADE GLUTEN FREE DONUTS. http://t.co/SQbVAek7Ol” @username		]]></document>
	<document><![CDATA[@username The Sixx look on #sixxmas ????????		]]></document>
	<document><![CDATA[“@username: @username  july 13th I enjoyed it it was my first rock concert” Cool! @username never fails to capture!		]]></document>
	<document><![CDATA[A Happy Birthday wish to @username from fan Heather King posted on http://t.co/0enHKm5ipB #HBDNikki #proud56 http://t.co/0kfyRiB8eY		]]></document>
	<document><![CDATA[@username @username he will always look good, because he is good!		]]></document>
	<document><![CDATA[@username Thank you Nikki! Let's eat some cake!!! ????????????????		]]></document>
	<document><![CDATA[@username @username We sure do!!! Nikki, have fun reading my book present & looking at the pix! ????????????????		]]></document>
	<document><![CDATA[@username Plse take a second of ur time, while eating cake ???? to say a prayer for @username who is in the ICU right now? #fckcancer??		]]></document>
	<document><![CDATA[“@username: this is so accurate “@username: this is me http://t.co/oPiW8xG5P9”” why would anyone hate you?		]]></document>
	<document><![CDATA[@username @username @username I choose yellow. I would revive...well, you know whom... #HBDNikki		]]></document>
	<document><![CDATA[@username @username The birthday. #HBDNikki		]]></document>
	<document><![CDATA[@username There’s a real bad storm coming over LA. I saw photos from the air over town. Ugh.		]]></document>
	<document><![CDATA[@username @username Wow, Nikki, that was the first birthday wish you got from a close friend & u reply just now. Gonna be a looong nite..		]]></document>
	<document><![CDATA[@username What a great birthday! So many wishes! I hope you like my bdaygift...???? Good night... ???? #HBDNikki http://t.co/WFsXmG7vB4		]]></document>
	<document><![CDATA[@username Your tone was hostile to begin with imo. If you enjoy the page, why advise on the page profile pic? Talk like u mean... ????		]]></document>
	<document><![CDATA[@username @username @username Aaaahhh, another gem! What will happen to your collection when...??? #giveittome #lol ????????		]]></document>
	<document><![CDATA[#ShoutOut #megatime to yesterday's birthday boy @username #HBDNikki ????????		]]></document>
	<document><![CDATA[#ShoutOut @username (thanx4urhelp!) @username @username @username @username @username @username @username		]]></document>
	<document><![CDATA[#ShoutOut @username @username @username (HopeUrFine!) @username @username @username @username @username @username		]]></document>
	<document><![CDATA[That's it, folks!!!! Hahaha! ????????		]]></document>
	<document><![CDATA[Some complete different #photoedits #selfies after yesterday's #sixx spree. Don't worry, more edits of him soon...???? http://t.co/KWkduKnzgp		]]></document>
	<document><![CDATA[@username @username @username @username @username @username @username @username @username thnx ??????		]]></document>
	<document><![CDATA[@username #positive #negative #photoedit by @username ???? #stars #rockon http://t.co/sBP3wSqsuo		]]></document>
	<document><![CDATA[@username @username @username @username @username #GetHighOnTheMusic #lyrics #photoedit by @username ???? http://t.co/5GiaJs4kNG		]]></document>
	<document><![CDATA[@username @username "I wonder what "Bitte Bitte" means..." (US GI in "The Longest Day") ????		]]></document>
	<document><![CDATA[@username 's dog #LeicaSixx in a #photoedit with #photoart by @username ????by @username #sixxart http://t.co/acwbG7gUtS		]]></document>
	<document><![CDATA[@username I haven't got Direct TV but I know this show & it's good! ????		]]></document>
	<document><![CDATA[@username What loves eachother hates eachother somehow too. Bad translation of a German proverb, but OK ????		]]></document>
	<document><![CDATA[@username since number 253 started following you ????		]]></document>
	<document><![CDATA[11:11 am here: MAKE A WISH! ??????		]]></document>
	<document><![CDATA[@username The Netherlands. Yeah, I hope so too.. ????		]]></document>
	<document><![CDATA[@username #photoedit "Give Me A Love" from #ModernVintage by @username ???? @username @username @username http://t.co/cXaj5BgI1i		]]></document>
	<document><![CDATA[@username @username @username @username Your music is a great inspiration to me! https://t.co/jogqaRXD6M		]]></document>
	<document><![CDATA[@username I'm fine, hon. You? ????		]]></document>
	<document><![CDATA[“@username: @username good! And I am doing well :) I finally got a new phone ...so ill be on A LOT :D ??” ??????????????????????		]]></document>
	<document><![CDATA[“@username: @username I've missed you like crazy!! :-*” I missed you too ????		]]></document>
	<document><![CDATA[@username @username Have fun in London, Joy!		]]></document>
	<document><![CDATA[@username @username You too! Nice tree! ????		]]></document>
	<document><![CDATA[@username @username The pentagram star on Nikki's fav sneakers and this tattoo. He had it covered, but it meant something..		]]></document>
	<document><![CDATA[@username @username @username @username @username @username Thank you!		]]></document>
	<document><![CDATA[@username @username @username Thank you! ??		]]></document>
	<document><![CDATA[@username please take a look at my latest photo montages in my twitter profile gallery? What do you think? #photoeditart		]]></document>
	<document><![CDATA[@username Nice pic of u in the early 90's! Nice new avatar with #LeicaSixx too! ????????		]]></document>
	<document><![CDATA[Thank you all good people for faving and retweeting my posts! @username @username @username @username @username		]]></document>
	<document><![CDATA[@username #photomontage I did just now. I got the #skullspic from @username ???? http://t.co/PknoXIGSlY		]]></document>
	<document><![CDATA[“@username: @username @username It turned out really nice!” Thank you! I think it did, yes! ????		]]></document>
	<document><![CDATA[@username @username @username @username @username @username @username Very nice of you!		]]></document>
	<document><![CDATA[@username @username @username Thank you, dear Ann!		]]></document>
	<document><![CDATA[You are on my Xmas list... ??????		]]></document>
	<document><![CDATA[@username @username @username @username @username @username @username @username That's me all the time lol		]]></document>
	<document><![CDATA[Nothing matters ever since the day you pulled the pin on my heart like a hand grenade...
#sixxam #STARS		]]></document>
	<document><![CDATA[@username @username @username @username Lyrics #photoedit "Let's Go" #ModernVintage #newsixxam #LetsGo #sixxam http://t.co/ulFeiaOOgD		]]></document>
	<document><![CDATA[11:11 am right here, right now. I make a wish...please, let it come true! ??????		]]></document>
	<document><![CDATA[@username @username Haha, cool. That's about the first time I heard about him...		]]></document>
	<document><![CDATA[@username YEAH!!! WE'RE GONNA BE THERE!!!! ????????????????????????????		]]></document>
	<document><![CDATA[It's #football day today....????		]]></document>
	<document><![CDATA[This day started off wrong, but it gradually turned out right. You just gotta keep believing....????		]]></document>
	<document><![CDATA[@username Decker Sixx is Decker Sixx, Nikki's youngest son. I don't know who Nick Matthews is.		]]></document>
	<document><![CDATA[@username @username @username I sent Nikki a message too. What was wrong with u, Swt?		]]></document>
	<document><![CDATA[@username @username @username I'm praying for you. I didnt know. Keep fighting! ?????????? #PMA		]]></document>
	<document><![CDATA[@username 's last show ever in the UK in June next year @username @username @username @username http://t.co/IJ2hh8yvhG		]]></document>
	<document><![CDATA[@username Enjoy it! And rock the bass, the sexxiest rock instrument! ????????		]]></document>
	<document><![CDATA[@username #ModernVintage lyrics #photoedit #Stars @username @username @username #sixxrose666 ????@username_Army http://t.co/hqP2X1HJrB		]]></document>
	<document><![CDATA[@username @username @username @username @username @username You're welcome!		]]></document>
	<document><![CDATA[@username Hey Nikki, you started this discussion before. I remember writing to you about the subject on your FB page. Albums, not singles.		]]></document>
	<document><![CDATA[@username @username Listen to #SixxSense via @username on @username from 2 until 6 am CET.		]]></document>
	<document><![CDATA[@username @username Interesting		]]></document>
	<document><![CDATA[@username @username @username @username @username @username @username Now Nikki can fill Santa's place		]]></document>
	<document><![CDATA[@username @username But I wanna be in love...haha!		]]></document>
	<document><![CDATA[@username @username "Eaten By Trolls #SupportNewMusic https://t.co/mEAA5gCfKL		]]></document>
	<document><![CDATA[@username @username !!! But....Again....Why not @username ??!!		]]></document>
	<document><![CDATA[@username @username @username @username Lyrics #photoedit #GottaGetItRight #ModernVintage #SixxAM For you guys???? http://t.co/qN7YWpXONL		]]></document>
	<document><![CDATA[@username @username @username @username @username @username @username You're welcome!		]]></document>
	<document><![CDATA[@username @username @username @username @username @username @username Yup, on my wishlist for Xmas!		]]></document>
	<document><![CDATA[@username @username Yup! On my wishlist for Xmas! Dear Santa... ??????????		]]></document>
	<document><![CDATA[@username @username #ModernVintage on #vinyl is out an already sold out. Stocks are empty in one day.Not bad! http://t.co/scO3u8FzjC ????????		]]></document>
	<document><![CDATA[“@username: One more week here. Then I go buh bye !!!” Where is here & where are you going?		]]></document>
	<document><![CDATA[@username I have FB but not using it much. Gonna miss you here. And kik?		]]></document>
	<document><![CDATA[@username @username @username That sounds nice!		]]></document>
	<document><![CDATA[@username @username Well....is that new music? BVB has been around for a while. They are signed. What about unsigned bands?		]]></document>
	<document><![CDATA[@username @username @username @username @username @username @username @username Amazon is cheaper		]]></document>
	<document><![CDATA[@username @username @username @username Why don't we want him to hug us? Oh well you won't answer that anyway.		]]></document>
	<document><![CDATA[@username #ModernVintage sold out already at http://t.co/6tbPnltzvw for $39,99!!! http://t.co/scO3u8FzjC		]]></document>
	<document><![CDATA[@username @username @username @username Post the photo edit?		]]></document>
	<document><![CDATA[@username @username @username @username Thanks for your promo!		]]></document>
	<document><![CDATA[@username ???? Hey Nikki, congrats on the release of the #vinyl record #ModernVintage ???? #SoldOut #already ????????		]]></document>
	<document><![CDATA[@username Did you see the movie Exodus yet? #newmovies #worthit		]]></document>
	<document><![CDATA[@username Coco Chanel, 1910. #photoedit by @username ????#fashion #design #photoeditart http://t.co/7GQBxAsT9l		]]></document>
	<document><![CDATA[@username I like your newest avatar with #LeicaSixx from #TheFinalTour #bestbuddies #doglove #doglife ??????		]]></document>
	<document><![CDATA[@username Get your dress fixed with #FongLeng or #LouiseSchiffmscher ????		]]></document>
	<document><![CDATA[@username Another @username portrait on  my arm next to the first one! ???????? http://t.co/7hpGcle2j2		]]></document>
	<document><![CDATA[@username A portrait of #LeicaSixx would be nice for you, Nikki. I would like that too. @username @username		]]></document>
	<document><![CDATA[@username @username Get the @username app and then search for @username in Canada, they stream to Europe too.		]]></document>
	<document><![CDATA[@username @username @username AWFUL!!! People doing this don't deserve to walk free, but they should be locked up forever!!!		]]></document>
	<document><![CDATA[@username @username @username @username KFLY Oregon is there too and it airs SixxSense too.		]]></document>
	<document><![CDATA[@username @username It sounds good! ????		]]></document>
	<document><![CDATA[I love you always and I will always make you beautiful things. Please don't be quiet to me....#i??u		]]></document>
</author>