<?xml version="1.0" encoding="UTF-8" standalone="no"?><author id="user929">
	<document><![CDATA["@username: RT @username: "@username: I would do anything to make you happy""		]]></document>
	<document><![CDATA[#NW Fast & Furious 5		]]></document>
	<document><![CDATA["@username: RT @username: “@username: changed? no.. just realized a lot””"		]]></document>
	<document><![CDATA["@username: If they're dumb enough to walk away, be strong enough to let them go."		]]></document>
	<document><![CDATA[I need you right next to me.		]]></document>
	<document><![CDATA[Take me as I am, or watch me as I go.		]]></document>
	<document><![CDATA["@username: Oh well, it's up to you"		]]></document>
	<document><![CDATA["@username: You aren't rich until you have something that money can't buy."		]]></document>
	<document><![CDATA[We ain't picture perfect but we worth the picture still. ????		]]></document>
	<document><![CDATA[I just want to ease your mind and make everything all right. So go head tell your baby mama you gon be with me tonight.		]]></document>
	<document><![CDATA[Happy birthday sweety ???? @username		]]></document>
	<document><![CDATA[Goodmorning.		]]></document>
	<document><![CDATA["@username: i'd sleep better with you next to me"		]]></document>
	<document><![CDATA[Straks mn presentatie houden, wish me luck. ????		]]></document>
	<document><![CDATA["@username: "@username: Straks mn presentatie houden, wish me luck. ????" - Goodluckk !" Thankyouu!		]]></document>
	<document><![CDATA["@username: "@username: Straks mn presentatie houden, wish me luck. ????"

Good luck ????" thankyouuu!		]]></document>
	<document><![CDATA["@username: It really sucks when you put your trust in the wrong person."		]]></document>
	<document><![CDATA["@username: “@username: Sometimes its better to react with no reaction.”"		]]></document>
	<document><![CDATA["@username: Some day u will think about what u gave up. And wish u could go back."		]]></document>
	<document><![CDATA["@username: Remember , u dumped me like trash .. but trash will be picked up once."		]]></document>
	<document><![CDATA["@username: @username klopt. #ervaring ????" never a failure, always a lesson.		]]></document>
	<document><![CDATA["@username: Saddest thing ever ???? http://t.co/e3WDMONxc7"		]]></document>
	<document><![CDATA["@username: I go through pictures on my phone sometimes and think “I wish it was this day again” and it sucks”"		]]></document>
	<document><![CDATA[Goodmorning		]]></document>
	<document><![CDATA["@username: “@username: I hate this feeling of not knowing what you're feeling.”"		]]></document>
	<document><![CDATA["@username: i don't say much i just sit back and observe"		]]></document>
	<document><![CDATA["@username: Ready for whatever ????"		]]></document>
	<document><![CDATA["@username: You're a ? of ????."		]]></document>
	<document><![CDATA[#NP Beyonce Ft. Jay-Z - Upgrade U		]]></document>
	<document><![CDATA[RT @username: @username not now. < sawry!		]]></document>
	<document><![CDATA[RT @username: Loyalty ain't shit these days I swear ????		]]></document>
	<document><![CDATA["@username: What goes around comes back around."		]]></document>
	<document><![CDATA[RT @username: can you be mine ?		]]></document>
	<document><![CDATA["@username: "You better lose yourself in the music, the moment you own it, you better never let it go." - Eminem"		]]></document>
	<document><![CDATA["@username: You wont break me, you'll just make me, stronger than I was. - Eminem"		]]></document>
	<document><![CDATA["@username: Marshall Mathers.  I am whatever you say I am.  If I wasn't then why would I say I am."		]]></document>
	<document><![CDATA["@username: I'd rather slip and fall in shit than fall in love with you. - Eminem"		]]></document>
	<document><![CDATA["@username: Eminem's music will never get old to me."		]]></document>
	<document><![CDATA["@username: "I would've done anything for you." - Eminem"		]]></document>
	<document><![CDATA["@username: you really think that about me then you don't know me at all - Eminem"		]]></document>
	<document><![CDATA["@username: The truth is you don't know what is going to happen tomorrow. Life is a crazy ride, and nothing is guaranteed. - Eminem"		]]></document>
	<document><![CDATA["@username: "Don't ever give up a dream." - Eminem"		]]></document>
	<document><![CDATA["@username: I ain't looking back only forward." - Eminem"		]]></document>
	<document><![CDATA["@username: Feeling like you're not good enough is probably the worst thing to feel."		]]></document>
	<document><![CDATA["@username: I am attracted by looks, but personality makes me stay"		]]></document>
	<document><![CDATA[Goodmorning.		]]></document>
	<document><![CDATA[RT @username: Ik ben sexy. < ohw...		]]></document>
	<document><![CDATA["@username: Take off your clothes, we need to talk."		]]></document>
	<document><![CDATA[Irritant wijf, tfoe.		]]></document>
	<document><![CDATA[@username hahaha precies..		]]></document>
	<document><![CDATA["@username: Now that's some Relationship Goals ???????? http://t.co/mxwoWIhk00"		]]></document>
	<document><![CDATA["@username: Don't let 'em say you ain't beautiful, they can all get fucked just stay true to you..."		]]></document>
	<document><![CDATA["@username: If you gone cheat.. Bitch stay single ????????"		]]></document>
	<document><![CDATA[Say my name, say my name, if no one is around you say baby i love you.		]]></document>
	<document><![CDATA["@username: Your actions define you, not words."		]]></document>
	<document><![CDATA[Unknown. ?		]]></document>
	<document><![CDATA[Goodmorning		]]></document>
	<document><![CDATA["@username: Black R8 ???? http://t.co/1NDVg8yPJd"		]]></document>
	<document><![CDATA["@username: Happy Halloween ????"		]]></document>
	<document><![CDATA[RT @username: "@username: "@username: And right now, I just wish you were here...""		]]></document>
	<document><![CDATA[I'll be the help whenever you need me.		]]></document>
	<document><![CDATA[You thought that I'd be weak without you but I'm stronger.		]]></document>
	<document><![CDATA[#NP Cheryl Cole - Fight For This Love		]]></document>
	<document><![CDATA[RT @username: @username Middelbare school songs ! < haha true !		]]></document>
	<document><![CDATA[RT @username: RT @username: Matte black BMW http://t.co/iQp1MQYu19		]]></document>
	<document><![CDATA[#NW Step Up All In.		]]></document>
	<document><![CDATA[Goodmorning.		]]></document>
	<document><![CDATA[#NP Jhene Aiko Ft. Childish Gambino - Bed Peace		]]></document>
	<document><![CDATA[#nw Into The Storm		]]></document>
	<document><![CDATA[De film Sex Tape is echt funny. ????????		]]></document>
	<document><![CDATA["@username: I'm careful about who I trust these days"		]]></document>
	<document><![CDATA["@username: If you don't fight for what you want, don't cry for what you lost.."		]]></document>
	<document><![CDATA["@username: Food is babe. Always make me happy ????????????????????????"		]]></document>
	<document><![CDATA["@username: some things just aren't worth a reaction"		]]></document>
	<document><![CDATA[Maybe one day we'll wake up and this will all just be a dream.		]]></document>
	<document><![CDATA["@username: Those who are heartless once cared too much."		]]></document>
	<document><![CDATA[#NP Beyonce - Diva		]]></document>
	<document><![CDATA[RT @username: The three C's http://t.co/9SkS3gYKRn		]]></document>
	<document><![CDATA[#NP Hopsin - ILL MIND OF HOPSIN 5		]]></document>
	<document><![CDATA[RT @username: “@username: Surround yourself with people who bring out the happiness in you.”		]]></document>
	<document><![CDATA[my #personality:  sociable steady open-minded . Discover yours --> http://t.co/f1onfhSgOF #personalitwit		]]></document>
	<document><![CDATA[What goes around comes back around.		]]></document>
	<document><![CDATA[Take me as I am, or watch me as I go.		]]></document>
	<document><![CDATA[Money can't buy your love 'cause it's over prised.		]]></document>
	<document><![CDATA["@username: Smile at the bitches who hate you."		]]></document>
	<document><![CDATA["@username: Get yo stupid ass over here and love me."		]]></document>
	<document><![CDATA["@username: i hate when people waste my time .."		]]></document>
	<document><![CDATA["@username: “@username: "@username: "@username: The deepest pain.. http://t.co/sIgJuUcsZa""”"		]]></document>
	<document><![CDATA[#NP Logic - Under Pressure		]]></document>
	<document><![CDATA[RT @username: This is so me ???????????? http://t.co/utweqLjPFU		]]></document>
	<document><![CDATA[RT @username: http://t.co/7DrmoKWRQs HAHAHAHAHAHAHA CHECK DIE GUY MET PISTOOL		]]></document>
	<document><![CDATA[Give your heart a break.		]]></document>
	<document><![CDATA[I hate myself for the way I feel about you every time.		]]></document>
	<document><![CDATA[I hate your phonecalls in the middle of the day cause all they do is just remind me that my baby is so far away.		]]></document>
	<document><![CDATA[It drives me crazy cause I need you with me.		]]></document>
	<document><![CDATA[#NP Shakira - Hips Don't Lie ft. Wyclef Jean		]]></document>
	<document><![CDATA["@username: dont fuck with my feelings i'll destroy yours"		]]></document>
	<document><![CDATA["@username: I want years ????????, Not Months ????"		]]></document>
	<document><![CDATA["@username: instead of looking for reasons to fight one another find more reasons to love one another"		]]></document>
	<document><![CDATA[Goodmorning		]]></document>
</author>