<?xml version="1.0" encoding="UTF-8" standalone="no"?><author id="user16">
	<document><![CDATA[Currently reading http://t.co/vuMAuJMQ		]]></document>
	<document><![CDATA[Library Pirate: illegale collectievorming 'gecrowdsourced' http://t.co/nJQmA8Ss via @username		]]></document>
	<document><![CDATA[RT @username: The 10 best songs based on books in pictures http://t.co/xKM84RO6,featuring Kate Bush, Joy Division, Nirvana &Philip Glass		]]></document>
	<document><![CDATA[Currently reading http://t.co/Vk70eRHM		]]></document>
	<document><![CDATA[Currently reading http://t.co/sZDg1y4C		]]></document>
	<document><![CDATA[‘Eve’s Diary,’ Banned Twain Book, Back at Charlton, Mass., Library: http://t.co/mwIYqM22 Jammer dat Adam's dagboek nooit is geschreven!		]]></document>
	<document><![CDATA[BBC News - British Library sparks Amazon row http://t.co/vcS6RY4d		]]></document>
	<document><![CDATA[#playstation football :)??? #studiosport		]]></document>
	<document><![CDATA[RT @username: HOW SAFE IS THE WORLD / WHEN TRUTH CAN BE SO DANGEROUS #Loesje		]]></document>
	<document><![CDATA[lifelong and selfdirected learning #Robertastevens		]]></document>
	<document><![CDATA[Be an advocate for your library		]]></document>
	<document><![CDATA[#b2d10 roberta stevens yes we can!		]]></document>
	<document><![CDATA[presentatie bibliotheekmonitor #b2d10		]]></document>
	<document><![CDATA[#b2d10 the Seattle public library voorbeeld digitale bibliotheek		]]></document>
	<document><![CDATA[For Quiet Moments Between Protests, a Growing Library: http://t.co/tiVJkKDz		]]></document>
	<document><![CDATA[@username Doors, Kraftwerk, Nirvana, Franz Ferdinand, Duran Duran, Tubeway Army, U2, Beatles, Herman Brood, Greenday, Sex Pistols ....		]]></document>
	<document><![CDATA[RT @username: My story: Augmented reality in prentenboeken. http://t.co/tWGmBakh #nomc		]]></document>
	<document><![CDATA[RT @username: Excuse me, where is the Drinkify for books?! http://t.co/w6ecZPJ5  #goeievraag		]]></document>
	<document><![CDATA[#wvmw #bibliotheekbreda "Internet of Things" Apparaten hebben contact met elkaar.		]]></document>
	<document><![CDATA[Just used http://twilk.com to put my Twitter followers on my Twitter background. Check it out!		]]></document>
	<document><![CDATA[Digital Nativity – Telegraph Blogs http://t.co/DeRdlmWq		]]></document>
	<document><![CDATA[Just joined a twibe. Visit http://twibes.com/BibliotheekBreda to join		]]></document>
	<document><![CDATA[#tegenlicht straks cursus crisis overleven		]]></document>
	<document><![CDATA[End of story: Two libraries disappearing every week under Tory-led Coalition cuts http://t.co/kGvUZItb via @username		]]></document>
	<document><![CDATA[@username Is that a question?		]]></document>
	<document><![CDATA[@username Ah, there is the discussion! :)		]]></document>
	<document><![CDATA[The day after #LibCampNL12 http://t.co/xoxNjp3l via @username		]]></document>
	<document><![CDATA[@username What s the problem?		]]></document>
	<document><![CDATA[Pay us for library ebook loans, say authors http://t.co/ub1HygJR via @username Ondertussen in Engeland...		]]></document>
	<document><![CDATA[Pay us for library ebook loans, say authors http://t.co/ub1HygJR via @username		]]></document>
	<document><![CDATA[Why I Love This http://t.co/4tPnDMj1: http://t.co/eFnya7El Tip!		]]></document>
	<document><![CDATA[Een aardig dilemma: What's worse library behavior: watching porn or stabbing someone? http://t.co/SVhQF850 via @username		]]></document>
	<document><![CDATA[give you hope in return???		]]></document>
	<document><![CDATA[this is my heart a wooden heart, the ladies before you have already hold it #top2000 Nou ja, ..		]]></document>
	<document><![CDATA[RT @username: Librarian and Designer Pop Up a May Day Library on the Street http://t.co/TGWCmtxs Warempel een verrassingsbibliotheek!		]]></document>
	<document><![CDATA[RT @username: Open Access Movement Finds New Ally in University of California, San Francisco — The Digital Shift http://t.co/i8ga3lEu		]]></document>
	<document><![CDATA[Kensal Rise library offered lifeline after council's night-time book clearance http://t.co/LDqRNF7i via @username		]]></document>
	<document><![CDATA[Starbucks in hot water after asking Irish tweeters if they are proud to be British http://t.co/1qo1P5K8 via @username Fout uit het boekje!		]]></document>
	<document><![CDATA[10 Books Every American NEEDS To Read http://t.co/cRqlhYjM via @username		]]></document>
	<document><![CDATA[The Best, Funniest and Strangest Commercials for the 2012 European Soccer Championships http://t.co/NGt4pjB0 via @username Die prijs is binnen!		]]></document>
	<document><![CDATA[Teacher's aide sacked over claim that Huckleberry Finn is 'racist' http://t.co/hE1Vwkds via @username		]]></document>
	<document><![CDATA[Want to help books survive? Promote authors yourself http://t.co/tEQ1je78 via @username		]]></document>
	<document><![CDATA[Save the Sci-Fi campaign bids to convert rare novels to ebooks http://t.co/Av2y6sOu via @username		]]></document>
	<document><![CDATA[As I am a woman, I am the means by which sin enters the world. #wolfhall #enerschijnenooknumensentezijndieditdenken		]]></document>
	<document><![CDATA[Use the Force Luke, use the Force ;)		]]></document>
	<document><![CDATA[@username @username Reichards Brothers ...		]]></document>
	<document><![CDATA[Primeur Tweetphony: Metropole Orkest geeft Twitterconcert http://t.co/ugaNgiNJ via @username		]]></document>
	<document><![CDATA[Gaat wel verRT @username: Parents post embarrassing pictures of THEMSELVES on daughter's Facebook as punishment  http://t.co/cYYAzTPV		]]></document>
	<document><![CDATA[Is  het Héracles of Herácles?		]]></document>
	<document><![CDATA[@username thanx!		]]></document>
	<document><![CDATA[Een musical over singing socks, vanavond?		]]></document>
	<document><![CDATA[Weer thuis na cursusavond #BiebBreda #Brabantpark		]]></document>
	<document><![CDATA[bibliotheek		]]></document>
	<document><![CDATA[#The Wild Things...#DWDD bandnaam geïnspireerd op  "Where The Wild Things are?" #durftevragen		]]></document>
	<document><![CDATA[Yes we can?		]]></document>
	<document><![CDATA[leuk, Hooverphonic! #dwdd		]]></document>
	<document><![CDATA[Jack Vance tributes pour in after his death http://t.co/kU6UemUahT via @username		]]></document>
	<document><![CDATA[Online succes hangt af van offline gedrsg #smc076		]]></document>
	<document><![CDATA[VW Passat : The Power of the Force http://t.co/DaOHQV7 via @username		]]></document>
	<document><![CDATA[@username  Wauw, 260 MB! Met PC-Prive project?		]]></document>
	<document><![CDATA[foto on Twitpic http://t.co/kJUExUU via @username Vera in #bibliotheekbrabantpark		]]></document>
	<document><![CDATA[#gedichtendag I like a girl who reads #dwdd http://t.co/FzkVGZZofV		]]></document>
	<document><![CDATA[#dwdd April is the cruellest month, breeding lilacs out of the dead land...#gedichtendag		]]></document>
	<document><![CDATA[Don't panic! Here are 5 things you can do when it rains on your vacation http://t.co/ZM0SZoesqj” Vandaag singing in the rain!		]]></document>
	<document><![CDATA[@username tam? Wild? Met typemachine?		]]></document>
	<document><![CDATA[WOW! You can see WHO VISITS your TWITTER profile. That's cool! :) - http://bit.ly/tweetviewer		]]></document>
	<document><![CDATA[I just viewed my TOP20 Profile STALKERS. I can't believe my EX is still checking me every day - http://bit.ly/tweetviewer		]]></document>
	<document><![CDATA[#boekenweek #bibliotheekbreda Met internationale hapjes http://t.co/dUzD1ZGexM		]]></document>
	<document><![CDATA[Of was er toch contact? En gaat cambridge protesteren? #boatrace		]]></document>
	<document><![CDATA[#pecaja And now for something completely different #armenrijk #vpro		]]></document>
	<document><![CDATA[@username thankz!		]]></document>
	<document><![CDATA[@username en game of thrones, efteling, lambada ..		]]></document>
	<document><![CDATA[Latest fashion trend from #Ankara, #Turkey http://t.co/MLvQS1NqX7”@username Wat denk je?		]]></document>
	<document><![CDATA[Oh England, why? You did invent the game, where are your youngsters? #EnglandvsUruguay		]]></document>
	<document><![CDATA[#EnglandvsUruguay Great! #rooney		]]></document>
	<document><![CDATA[OMG 196 people viewed my Twitter profile TODAY! I can see that my ex is stalking on me! Check your stats http://tiny.cc/gfnwz		]]></document>
	<document><![CDATA[I feel sorry for the elephant #youngones #braned		]]></document>
	<document><![CDATA[Star Wars of Ned-turkije?		]]></document>
	<document><![CDATA[Download 'Able' - a free track from the album 'catholic' by Gavin Friday http://gavinfriday.com/catholic/able/		]]></document>
	<document><![CDATA[@username #Henning onthoofd ...		]]></document>
	<document><![CDATA[@username Succes dwing je af, dus?		]]></document>
	<document><![CDATA[“@username: Sportpleinbreda.nl: Breda lanceert website over sport http://t.co/Z4iOFUbLDX #breda” @username		]]></document>
	<document><![CDATA[#KNVI2014 Local Connect, Alex Talsma		]]></document>
	<document><![CDATA[Gekke film met Nick Cage, ghostriders in the sky!		]]></document>
	<document><![CDATA[#smc076 Social Business, a "new" type of business is niet zo nieuw, hoor! Zegt Ernst Jan Bos		]]></document>
	<document><![CDATA[Social Business, informatie moet je intern ook goed delen! http://t.co/o9Kt0SZ9ex		]]></document>
	<document><![CDATA[@username @username Klopt helemaal, oh Brother where are 't thou?		]]></document>
	<document><![CDATA[Nu @username over monitoring #smc076		]]></document>
	<document><![CDATA[Empowering women in Breda http://t.co/IDiFgQ1acD		]]></document>
	<document><![CDATA[@username who designed the Indian currency and coins?		]]></document>
	<document><![CDATA[“@username: This has to be the cartoon of the decade, if not century. Or of all time. Ever. http://t.co/3VAMkwfbVu”		]]></document>
	<document><![CDATA[Once upon a time we had a dream... Over de bibliotheek in Birmingham #biebcongres		]]></document>
	<document><![CDATA[Meer over bibliotheek Birmingham #biebcongres 
http://t.co/d4Uxw38Aqg		]]></document>
	<document><![CDATA[@username @username @username @username ah, there comes the cavalry...		]]></document>
	<document><![CDATA[RT @username: Jane McGonigal and NYPL present Find the Future: The Game http://bit.ly/fNAI4u		]]></document>
	<document><![CDATA[@username Pardon? Brabants?		]]></document>
	<document><![CDATA[@username De echte guilty pleasure?		]]></document>
	<document><![CDATA[@username With or without onions?		]]></document>
	<document><![CDATA[#italiaaninbreda struint in onze muziekbibliotheek.  Peter Gabriels? No Thanks ! portishead? yes please!		]]></document>
	<document><![CDATA[#Italiaaninbreda Keane is ok, Manu chau No Thanks !matcbox20, No! Moke Yes OK! PFM, I don't know it, no Thanks ! Never heard Radiohead..		]]></document>
</author>