<?xml version="1.0" encoding="UTF-8" standalone="no"?><author id="user554">
	<document><![CDATA[Windows 8: The Most Confused OS Launch Ever http://t.co/0EbvwBmN		]]></document>
	<document><![CDATA[Where Hollywood And Tech Collide: Disney To Buy 'Star Wars' Maker Lucasfilm For $4.05 Billion http://t.co/kETwAHks		]]></document>
	<document><![CDATA[Fuck Leia is now a Disney princess :S http://t.co/kETwAHks		]]></document>
	<document><![CDATA["The best you ever had, is just a memory and those dreams not as daft as they seem when u drem them up" Arctic Monkeys http://goo.gl/nUd6		]]></document>
	<document><![CDATA[@username Google Music es gratis :)		]]></document>
	<document><![CDATA[@username siendo + profundo e interesante, se conecta cn lo más profundo e interesanto. isn't all the same but, out there, most is boring		]]></document>
	<document><![CDATA[@username hay firefox?		]]></document>
	<document><![CDATA[@username Joss Stone "piracy is great" http://t.co/W3Elbbiz		]]></document>
	<document><![CDATA[Joss Stone "piracy is great": http://t.co/URKQGHbZ #DaParaDarse		]]></document>
	<document><![CDATA[Frank Sinatra - Francis Albert Sinatra & Antonio Carlos Jobim (1967) 320kbps  http://goo.gl/NzcUb #musica #musthave		]]></document>
	<document><![CDATA[LVK hacking meeting (@username St. Andrews) http://t.co/QuT2ga2P		]]></document>
	<document><![CDATA[@username now habla de UX en HacksAndFounders cordoba		]]></document>
	<document><![CDATA[@username checkout our #IOS game developed by @username, a local startup #cordoba https://t.co/H4O1B6em		]]></document>
	<document><![CDATA[RT @username: iPhone Puzzler  Cut the Rope  Sells 1 Million Units In 10 Days http://www.gamasutra.com/view/news/30986/		]]></document>
	<document><![CDATA[@username not yet, we have it in mind, but we are first migrating Julia  to Android		]]></document>
	<document><![CDATA[@username if you can talk us about these tweaks it will be great!		]]></document>
	<document><![CDATA[Android 4.2.1 is out ! We recover December !!! #bugfix #release @username		]]></document>
	<document><![CDATA[Como me cague de risa con The Big Bang Theory - 04x04 - The Hot Troll Deviation!!		]]></document>
	<document><![CDATA[@username cuack !		]]></document>
	<document><![CDATA[How to play Rock, Paper, Scissors, Lizard, Spock http://t.co/4wM8iWSI		]]></document>
	<document><![CDATA[This is Qt 5: http://t.co/xlAg3VPZ		]]></document>
	<document><![CDATA[Just posted a photo http://t.co/sjPtclv7		]]></document>
	<document><![CDATA[trying make me an android developer, any android developr in my timeline ?		]]></document>
	<document><![CDATA[Support Luto por Nestor Kirchner, add a #twibbon to your avatar now! - http://twb.ly/bkhzE3		]]></document>
	<document><![CDATA[I'm at Antares w/ @username http://t.co/Ia7iJqgt		]]></document>
	<document><![CDATA[I'm at Aeroparque Jorge Newbery (AEP) (Ciudad de Buenos Aires, Buenos Aires) w/ 5 others http://t.co/6JIesYtk		]]></document>
	<document><![CDATA[Néstor Kirchner: Argentina's independence hero http://www.guardian.co.uk/commentisfree/cifamerica/2010/oct/27/nestor-kirchner-argentina-imf		]]></document>
	<document><![CDATA[I just unlocked the "Zoetrope" badge on @username for checking in to movie theaters! #FilmBuff http://t.co/FeOts9b7		]]></document>
	<document><![CDATA[I'm at Cinemark Palermo for The Hobbit: An Unexpected Journey in HFR 3D (Ciudad de Buenos Aires, Buenos Aires) http://t.co/XsuwG5Sa		]]></document>
	<document><![CDATA[Muy fuerte las fotos The Big Picture: Argentina bids farewell to a president http://goo.gl/YQ18		]]></document>
	<document><![CDATA[Using tcpdump http://t.co/lAU65gf2 via		]]></document>
	<document><![CDATA[Suggesting a python book to an empirical learner after looking at his code http://t.co/XfFtgZie via		]]></document>
	<document><![CDATA[When a new hire asks whether he should use git http://t.co/efYdWTWz		]]></document>
	<document><![CDATA[I just unlocked the "Swimmies" badge on @username for checking in at water spots! Splish splash! http://t.co/PGpImyW8		]]></document>
	<document><![CDATA[I'm at St. Andrews (Córdoba) http://t.co/UE0Ubo1U		]]></document>
	<document><![CDATA[I'm at St. Andrews (Córdoba) http://t.co/kZ7S2Czr		]]></document>
	<document><![CDATA[Check out Kurt Wenner's 3D chalk works from Mind Blowing 3D Sidewalk art! http://t.co/q4mtWdkr		]]></document>
	<document><![CDATA[I have one of the top 5% most viewed @username profiles for 2012. http://t.co/LmGpQVrZ		]]></document>
	<document><![CDATA[Check out Piano House An Hui Province, China from Crazy Architecture From Around the World http://t.co/7UanYl0Z		]]></document>
	<document><![CDATA[Poncho : Take my hand https://t.co/17CmhtnA		]]></document>
	<document><![CDATA[Check out this mix on @username: "7O´s Soul Music For Dummies" at ?  http://t.co/mwCE2JeTJ7		]]></document>
	<document><![CDATA[@username check out our game "Julia A pick Up Adventure"  http://t.co/1m7X7xA4jp press pack http://t.co/04UuQEet17 http://t.co/cDXQn2qFgO		]]></document>
	<document><![CDATA[@username check out our game "Julia A pick Up Adventure"  http://t.co/1m7X7xA4jp press pack http://t.co/04UuQEet17 http://t.co/GGbbiKL5y2		]]></document>
	<document><![CDATA[@username check out our game "Julia A pick Up Adventure"http://t.co/1m7X7xA4jp  press pack http://t.co/04UuQEet17 http://t.co/QW9ylkMWVh		]]></document>
	<document><![CDATA[I'm at Bartola Corner (Capital Federal, Buenos Aires) w/ 2 others http://t.co/dKV8Dw3CP0		]]></document>
	<document><![CDATA[I'm at Oui Oui (Capital Federal, Buenos Aires) w/ 4 others http://t.co/0vuFrb9VJf		]]></document>
	<document><![CDATA[@username I'm exactly in that situation!! 5 am leaving home to take a flight !		]]></document>
	<document><![CDATA[@username friends of who earn this U$D6 trillon?  there you have the lobbyist for the war		]]></document>
	<document><![CDATA[@username checkout our game "Julia A pick Up Adventure"http://t.co/1m7X7xA4jp press pack http://t.co/04UuQEet17 http://t.co/g7smQERyE5		]]></document>
	<document><![CDATA[I'm at @username (Córdoba) w/ 2 others http://t.co/R8QOv7mhuP		]]></document>
	<document><![CDATA[I'm at Aeroparque Jorge Newbery (AEP) - @username (Ciudad de Buenos Aires, Buenos Aires) w/ 7 others http://t.co/iN7Xd77Dwo		]]></document>
	<document><![CDATA[I'm at Oui Oui (Capital Federal, Buenos Aires) w/ 3 others http://t.co/INZC9Q0IjO		]]></document>
	<document><![CDATA[I'm at Miranda (Buenos Aires, Argentina) w/ 5 others http://t.co/nw4TpMBzlB		]]></document>
	<document><![CDATA[Daft Punk | Random Access Memories | The Collaborators: Giorgio Moroder: http://t.co/AfUjM3JiVy via @username		]]></document>
	<document><![CDATA[I'm at St. Andrews w/ @username http://t.co/cjae528jt5		]]></document>
	<document><![CDATA[I'm at Cafe Martinez (Córdoba) w/ 2 others http://t.co/2DK1NJusAq		]]></document>
	<document><![CDATA[Gold Guns Girls [Official Music Video] - METRIC: http://t.co/AdzeTq2itw		]]></document>
	<document><![CDATA[The xx - Crystalised: http://t.co/nA67k7Dd10		]]></document>
	<document><![CDATA[@username bug: ask for recomendations the notice arrive the other person but sometims they click and cant access, w no mark requested 4me		]]></document>
	<document><![CDATA[@username u r wellcome! discount codes as thanks for good bug reports make no harm ;)		]]></document>
	<document><![CDATA[I'm at Johnny B. Good w/ @username http://t.co/RrrecOBAqR		]]></document>
	<document><![CDATA[@username Bug: When I'm paying my stay in SF,CA from Argentina the amount is translated to € instead of keep it in U$D or trnslted to AR$		]]></document>
	<document><![CDATA[@username ups u r IN the dark side my dear. I can help u		]]></document>
	<document><![CDATA[Breakbot - Baby I'm Yours feat. Irfane (Official Video): http://t.co/LkOOguCfnL		]]></document>
	<document><![CDATA[I'm at Dallas/Fort Worth International Airport (DFW) (DFW Airport, TX) w/ 49 others http://t.co/21XJFgolRp		]]></document>
	<document><![CDATA[Flight delayed by flight control the same in all countries f***		]]></document>
	<document><![CDATA[I'm at Super Duper Burger - @username (San Francisco, CA) w/ 5 others http://t.co/DZ0UO5xTZB		]]></document>
	<document><![CDATA[I'm at @username & Cafe (San Francisco, CA) http://t.co/PaJfw7qhu8		]]></document>
	<document><![CDATA[I'm at Little Baobab (San Francisco, CA) w/ 2 others http://t.co/MqG6WGBab4		]]></document>
	<document><![CDATA[I'm at Lush Lounge (San Francisco, CA) w/ 6 others http://t.co/QoLiWZzOBU		]]></document>
	<document><![CDATA[I'm at La Boulange (San Francisco, CA) http://t.co/jyvUKGkNAe		]]></document>
	<document><![CDATA[I'm at Yerba Buena Gardens for Asian Improv aRts 25 Anniversary: Traditions in Transformation [pic]: http://t.co/7Ze8T7v7hf		]]></document>
	<document><![CDATA[I'm at Pearl's Deluxe Burgers (San Francisco, CA) http://t.co/gtXWTZwQWo		]]></document>
	<document><![CDATA[I'm at The Marriot Hotel (Santa Clara, CA) http://t.co/HuwDRt3vTk		]]></document>
	<document><![CDATA[GDG summit (@username Googleplex - @usernamegoogle w/ 24 others) [pic]: http://t.co/mcgSVFm6LO		]]></document>
	<document><![CDATA[Breakfast (@username Googleplex - @usernamegoogle w/ 16 others) [pic]: http://t.co/REQQFiEL7F		]]></document>
	<document><![CDATA[I'm at Googleplex - Google Store (Mountain View, CA) w/ 8 others [pic]: http://t.co/7ZooPuEocR		]]></document>
	<document><![CDATA[#io13 #googleio Beta testing & staged Rollouts  alpha, betha testing groups and feedback percentage of rollout		]]></document>
	<document><![CDATA[Larry Page answering questions of the people at #io13 #googleio		]]></document>
	<document><![CDATA[Ignite is One of the coolest part of #io13  #google !!		]]></document>
	<document><![CDATA[I'm at Alchemist Bar & Lounge (San Francisco, CA) w/ 9 others [pic]: http://t.co/5bqisbc3mj		]]></document>
	<document><![CDATA[I'm at Moscone West for Google I/O 2013 (San Francisco, CA) w/ 73 others [pic]: http://t.co/fUtsRRrrEc		]]></document>
	<document><![CDATA[Just posted a photo http://t.co/wwhr6HuhaK		]]></document>
	<document><![CDATA[I'm at Starbucks (San Francisco, CA) w/ 3 others http://t.co/SrUtv2s4E4		]]></document>
	<document><![CDATA[I'm at Range (San Francisco, CA) http://t.co/opMVky0JCu		]]></document>
	<document><![CDATA[I'm at San Francisco International Airport (SFO) (San Francisco, CA) w/ 147 others http://t.co/1fc9lLZPJ9		]]></document>
	<document><![CDATA[La internee' en el avion, bastante bien anda: Check out my result from http://t.co/FQtqZsqqrL! http://t.co/2z50At2ygZ		]]></document>
	<document><![CDATA[I'm at Casa Enrique (Long Island City, NY) http://t.co/rgdFKIsd4x		]]></document>
	<document><![CDATA[I'm at Starbucks (New York, NY) http://t.co/HTVsJ8TP01		]]></document>
	<document><![CDATA[I'm at The Metropolitan Museum of Art - @username w/ @username [pic]: http://t.co/hHNgDgbjB8		]]></document>
	<document><![CDATA[I'm at @username (New York, NY) w/ 3 others [pic]: http://t.co/FDUrvf2IvY		]]></document>
	<document><![CDATA[I'm at Westville East - @username (New York, NY) w/ 7 others [pic]: http://t.co/bV1fUKlTyx		]]></document>
	<document><![CDATA[I'm at The Cooper Union (New York, NY) [pic]: http://t.co/AdZN1AdMdm		]]></document>
	<document><![CDATA[I'm at Pablo Picasso Statue (New York, NY) [pic]: http://t.co/1Er1q8IpKW		]]></document>
	<document><![CDATA[Perks of traveling with girlfriend ;) (@username Victoria's Secret PINK - @usernamevspink w/ 2 others) [pic]: http://t.co/a024Yl3VPH		]]></document>
	<document><![CDATA[I'm at Takahachi (New York, NY) w/ 4 others [pic]: http://t.co/uQSsG9olDm		]]></document>
	<document><![CDATA[I'm at Museum Of Natural History Water Park (New York, NY) [pic]: http://t.co/aD0hDgqTgv		]]></document>
	<document><![CDATA[I'm at American Museum of Natural History - @username (New York, NY) w/ 32 others http://t.co/DH3qFuzosX		]]></document>
	<document><![CDATA[I'm at Magnolia Bakery (New York, NY) [pic]: http://t.co/HPdxkBs5TE		]]></document>
	<document><![CDATA[I'm at Lincoln Center Plaza (Josie Robertson Plaza) - @username (New York, NY) w/ 2 others http://t.co/TJ9IgrSQAJ		]]></document>
</author>