<?xml version="1.0" encoding="UTF-8" standalone="no"?><author id="user349">
	<document><![CDATA[Educational apps are the second-most downloaded in #iTunes of all categories. #mobilelearning #edtech		]]></document>
	<document><![CDATA[#3D printing practical application in schools:  #archeology @username and  #astronomy #business #computerscience.		]]></document>
	<document><![CDATA[@username is the most promising potential #wereabletechnology in #highereducation. #k12 #edtech #edchat #education #googleglass #glass		]]></document>
	<document><![CDATA[@username I look forward to starting a Code Club in Italy in September! #code		]]></document>
	<document><![CDATA[10 places where anyone can #learntocode http://t.co/kgh7ALL0vg #code #STEM #education #youth #skills #K12 #edtech		]]></document>
	<document><![CDATA[there's no better group to teach coding to than children @username		]]></document>
	<document><![CDATA[#recruitment innovation: @username is a useful data-focused recruiting platform for technical talent http://t.co/M9iCn68EsV #skills		]]></document>
	<document><![CDATA[Who is Jeff #Bezos? #amazon #washingtonpost  http://t.co/ZgpRrtqsA1		]]></document>
	<document><![CDATA[The new literacy of the #digtialera http://t.co/IYtN4aEdXd
#learntocode #code #school #education #K12		]]></document>
	<document><![CDATA[What most #schools don't teach http://t.co/edRwOzeRcD
#learntocode #code #programming #education #employment #K12 #STEM		]]></document>
	<document><![CDATA[Are your kids ready for #programming? @username #Alice @username #Thimble @username @username #blockly		]]></document>
	<document><![CDATA[How the young generation is fighting the #crisis http://t.co/OrA7tlgkp5 #meeting13 #startup #wcap @username		]]></document>
	<document><![CDATA[A #3D printer In (almost) every #highschool http://t.co/iayeX6qG6x via @username		]]></document>
	<document><![CDATA[#LinkedIn opens up to #highschool students over 13 http://t.co/gipJHsDUOQ #education #recruitment #careerservice #jobs		]]></document>
	<document><![CDATA[Is #Google ready to buy its way into #TV, with an #NFL deal? http://t.co/MPsgsoduVm” #GoogleTV		]]></document>
	<document><![CDATA[US schools need more #STEM training http://t.co/zW29aMS1jp		]]></document>
	<document><![CDATA[#Google introduces #Helpouts to connect people to experts http://t.co/9kOWa3qib1		]]></document>
	<document><![CDATA[Facebook Leads an Effort to Lower Barriers to Internet Access http://t.co/zdAiuHIqLy #ConnectTheWorld		]]></document>
	<document><![CDATA[#education through #Ipad learning http://t.co/nhyEaEPTrC		]]></document>
	<document><![CDATA["What I learned there I could read on the Internet" #trumpuniversity #scam #eLearning		]]></document>
	<document><![CDATA[Do you really need Linkedin to look for a #job? http://t.co/65mz0sUURh #LinkedIn #Facebook #socialnetwork		]]></document>
	<document><![CDATA[#Lenovo hires roughly 70 percent of its fresh talent straight from Chinese #universities. #stem #digitalskills #hiring		]]></document>
	<document><![CDATA[Higher education in Italy: the best tools for #STEM education for this year are from @username #autodeskEDU #autodesk #BackToSchool		]]></document>
	<document><![CDATA[How to teach kids coding principles with an offline game: #RobotTurtles by @username http://t.co/P0X3uvDHqO #STEM #education		]]></document>
	<document><![CDATA[Check out the best educational #Ipad #apps https://t.co/4Xg3SF4y0i #appolearning #STEM #education #backtoschool #appsbuilder		]]></document>
	<document><![CDATA[#Treehouse gets included in school's curriculum, offering students programming courses http://t.co/dI2C9r6Cxd #codeacademy #backtoschool		]]></document>
	<document><![CDATA[@username @username Is the #STEM crisis real? http://t.co/ru9QZfPB5k #EU #unemployment #NEET		]]></document>
	<document><![CDATA[Don't Believe the Naysayers: The #STEM Skills Shortage Is Real http://t.co/UWqa57DC4H #careers #education #engeneering #mathematics #Edtech		]]></document>
	<document><![CDATA[3 ways big companies are winning the war for #talent http://t.co/JiN6g9ZlI5 #bigdata #assesment #hiring #google #timewarner #zappos		]]></document>
	<document><![CDATA[Why more #schools should teach #computerprogramming http://t.co/qRttiIbFHC #BackToSchool  #edchat #codeacademy #learntocode #EdTech		]]></document>
	<document><![CDATA[Japanese Recruitment Firm Recruit Co Wants To Buy http://t.co/5yffjxeKt6 For $400M http://t.co/HO94JMiu72 via @username		]]></document>
	<document><![CDATA[#LinkedIn: #Salesforce is a partner today, #Google+ could be competition tomorrow http://t.co/fVbGJvRztU via @username #hiring		]]></document>
	<document><![CDATA[#Trail: a new platform for teaching #digitalliteracy #skills to U.S. job seekers http://t.co/EI0inxLsti #hiring #job		]]></document>
	<document><![CDATA[#Coursera finds a way to monetize #moocs http://t.co/7874AQAL0s #edtech #mooc #elearning #education #onlinecourses		]]></document>
	<document><![CDATA[Google Creative Lab Launches Coder To Turn Raspberry Pi Into A Basic Web Development Platform http://t.co/9kdXXWvPZP via @username		]]></document>
	<document><![CDATA[How to create your own web applications: http://t.co/cYC0ngeZ9v #appcubator		]]></document>
	<document><![CDATA["What the hell is water?" http://t.co/xsRKpo3jvc #DFWday #stayalertandattentive		]]></document>
	<document><![CDATA[Are you looking for a job? @username is hiring, more than 100 available jobs: https://t.co/6SAQ0hs71a #uber #taxi #jobopenings		]]></document>
	<document><![CDATA[How to grow 1250% in one week: http://t.co/yPxjbf2vg0 #findyourkeymetric #smarterer #startup #education #recruitment		]]></document>
	<document><![CDATA[@username Beta is live! Check your mail for early access invite. #openbeta #earlyaccess #futurelearn #MOOCs		]]></document>
	<document><![CDATA[My @username score is 763 in #google_search. What's yours? http://t.co/yP5VSXzKem #expert #google #skill #assessment		]]></document>
	<document><![CDATA[The most revolutionary partnership in 2013: use @username to learn, get assessed by @username , get the job you’re looking for on @username		]]></document>
	<document><![CDATA[Every #startup #founder should read this breakdown of why #Sonar failed http://t.co/uEEoBzr4sn via @username		]]></document>
	<document><![CDATA[RT Help internet-driven economic #growth transform the lives of millions. http://t.co/lXrRY5YQGJ #startupmanifesto		]]></document>
	<document><![CDATA[The best global online #employment #report: https://t.co/l6aUMEPhGt #hiring #jobs #worktrends #freelancer #skill #freelancing #work #trends		]]></document>
	<document><![CDATA[54% of #workforces will be online in five years. #digitaljobs		]]></document>
	<document><![CDATA[#en_Recruit is great tool for screening candidates by video: http://t.co/OYapWakVUH
#hiring #recruitment #jobs @username @username		]]></document>
	<document><![CDATA[Every #startup #founder should see this movie: #thesocialnetwork.
Tonight on @username 9.10 pm 
#facebook #zuckerberg @username		]]></document>
	<document><![CDATA[“the biggest thing I’d recommend is to start a company that’s on a mission, not just a company that’s building a nifty product." #Treehouse		]]></document>
	<document><![CDATA[30 tips for avoiding #startup failure, from successful #founders:
http://t.co/BdfCcExZC5		]]></document>
	<document><![CDATA[#Milan dreaming http://t.co/jOxCWKGrzi @username @username		]]></document>
	<document><![CDATA[7 new #edTech startups in #Boston http://t.co/hkHUaNEVFH		]]></document>
	<document><![CDATA[@username, @username & @username launch new revolutionary platform to let you learn, validate & find work http://t.co/6CJkkjac6X		]]></document>
	<document><![CDATA[Today is just the beginning. #Education is changing... http://t.co/ODT4iOsMTE via @username #moocs #elearning #smarterer #elance		]]></document>
	<document><![CDATA[truth is: we are all employees; truth is: every employee is a hero http://t.co/UvrwC6zmKB via @username		]]></document>
	<document><![CDATA[@username is a company that’s on a mission, not just a company that’s building a nifty product ;)		]]></document>
	<document><![CDATA[The world’s biggest incubator is in #Paris: http://t.co/GBQGvCPtN1 #startup		]]></document>
	<document><![CDATA[The post #moocs era: now is time for #spocs http://t.co/ilT2JnpB1Q #harvard #elearning		]]></document>
	<document><![CDATA[free and open learning to kids in programming technology by #Google. Milan Sept 28th https://t.co/j0QgBrTbTJ #STEM #education @username		]]></document>
	<document><![CDATA[@username @username @username Thank you, and you too have a great evening and weekend!!!		]]></document>
	<document><![CDATA[#GipStech is the winner! congratulations to the team and @username #TCItaly #startup		]]></document>
	<document><![CDATA[1.4 million computer science #jobs will need to be filled in the next decade.		]]></document>
	<document><![CDATA[This #3D digital model of the human body is attracting #VC funding http://t.co/negXijL0MM		]]></document>
	<document><![CDATA[How to deliver a #keynote speech: http://t.co/q8MsNDRqeH #incredible #great #amazing #awesome		]]></document>
	<document><![CDATA[#Africa will add 122 million #workers by 2020, more than any other global region http://t.co/21Q3aqImPi #hiring #jobs		]]></document>
	<document><![CDATA[Elance and the WorldBank work together to create new job opportunities. 
http://t.co/FjVPXYeg6q #workdifferently #oDesk #freelance #ICT		]]></document>
	<document><![CDATA[Video Interviewing Platform HireVue Grabs $25 Million From Sequoia For Deeper Push Into HR http://t.co/lXb1iYbRAZ via @username		]]></document>
	<document><![CDATA[Top Italian Investors Talk About Their Country's Fledgling Startup Scene http://t.co/UhI2elAKb5 @username		]]></document>
	<document><![CDATA[best of luck to @username @username 
#searchmkt #socialmediamkt #emailmkt		]]></document>
	<document><![CDATA[#HireVue is real #digitalrecruting...#video http://t.co/Pk3OSSsPk4 #Vimeo #hiring #jobs		]]></document>
	<document><![CDATA[@username private alfa: when will be released?		]]></document>
	<document><![CDATA[Kids in a Tech World: A Million Opportunities: http://t.co/8UapOb3Ib4 @username		]]></document>
	<document><![CDATA[#Google Search #Education: http://t.co/nN4y9QkVwS		]]></document>
	<document><![CDATA[digitally skilled #jobs are a massive growth area #GC_EU		]]></document>
	<document><![CDATA[Help internet-driven economic growth transform the lives of millions. http://t.co/lXrRY5YQGJ #startupmanifesto		]]></document>
	<document><![CDATA[Japanese high school #graduates have literacy #skills comparable to those of Italian tertiary graduates. 
#digitalskills #STEM		]]></document>
	<document><![CDATA[Ensuring a good match between the #skills acquired in education and on the job and those required in the labour market is essential.		]]></document>
	<document><![CDATA[@username it was a great pleasure meeting you yesterday evening. @username AVANTI TUTTA!		]]></document>
	<document><![CDATA[Are you ready for the post-college #SAT? http://t.co/s8XTd7sJ5I		]]></document>
	<document><![CDATA["The #skills like #criticalthinking, #complexreasoning and #writing – the skills the CLA+ does measure – are pretty important." #BillGates		]]></document>
	<document><![CDATA[It kind of sucks that an employer can't trust your #GPA, but that's the way it is right now.		]]></document>
	<document><![CDATA[@username More than a quarter of businesses are using the #GRE to evaluate job applicants.		]]></document>
	<document><![CDATA[How do we scout people based on intellect? How do we found superstars? http://t.co/yCmvzeYNHo … @username		]]></document>
	<document><![CDATA[Europe's iversity Launches 1st #MOOCs With 100k+ Students & Curriculum Of 24 Courses http://t.co/ZdHRu6t7Tp via @username		]]></document>
	<document><![CDATA[Forget about generating billions: create a $1,000 #startup http://t.co/0AovisuaQT		]]></document>
	<document><![CDATA[How to get beta signups for your startup: http://t.co/YYHKQYNew1		]]></document>
	<document><![CDATA[Teach everyone to code http://t.co/WQrXcIrClq #STEM		]]></document>
	<document><![CDATA[One-hour introduction to computer science by #Gates and #zuckerberg http://t.co/wGi3ldaAsr		]]></document>
	<document><![CDATA[Recruiting games, when the employers play the fun card: http://t.co/chXyAFLsE1 @username #TRUSTbyDanone #SocialGame		]]></document>
	<document><![CDATA[play a game to get a #job @username 
#gamification #HRTech		]]></document>
	<document><![CDATA[how do we gamify the #recruiting process? http://t.co/MUfnuZ0t1L #makeitfun @username @username		]]></document>
	<document><![CDATA["You can't learn in school what the world is going to do next year" #HenryFord @username @usernameMi		]]></document>
	<document><![CDATA[Wolfram Alpha Launches Problem Generator To Help Students Learn Math http://t.co/EmbA6mVzEb via @username #STEM		]]></document>
	<document><![CDATA[Build a Personal Website With Zero Development Skill:  http://t.co/E88E2q8mMa		]]></document>
	<document><![CDATA['A #business absolutely devoted to service will have only one worry about #profits. They will be embarrassingly large.' #startup #HenryFord		]]></document>
	<document><![CDATA[200+ Jobs at Viacom, http://t.co/0Bof7gFAO5 and More http://t.co/VxdOolVeiT via @username		]]></document>
	<document><![CDATA[How to Job Hunt While Still Employed http://t.co/KwNzvDkxGo via @username		]]></document>
	<document><![CDATA[What Social Media Can (Really) Tell You About Job Applicants http://t.co/4yRUobdiKN via @username		]]></document>
	<document><![CDATA[If you want to work for #Amazon, you'd better be able to answer these questions http://t.co/k40Qfl14tr #hiringtrends #jobinterview #hiring		]]></document>
	<document><![CDATA[The 10 Best Careers Right Now For Recent College Graduates http://t.co/i1KAC6qSwL via @username		]]></document>
</author>