<?xml version="1.0" encoding="UTF-8" standalone="no"?><author id="user104">
	<document><![CDATA[What You're Saying With Your Facial Hair http://t.co/n9OobNI8dd via @username		]]></document>
	<document><![CDATA[@username you are a south Indian who can speak punjabi !!		]]></document>
	<document><![CDATA[10 Things Only Lazy People Will Relate To http://t.co/HzJbBPgp27 via @username		]]></document>
	<document><![CDATA[@username then definitely bihar belt...		]]></document>
	<document><![CDATA[@username cool! i found a neighbor in nZ		]]></document>
	<document><![CDATA[#ViolenceIsViolence: Domestic abuse advert Mankind: http://t.co/x2tvNDYFZ7		]]></document>
	<document><![CDATA[If the characters from Frozen had Facebook http://t.co/0m9Z3L03V6?		]]></document>
	<document><![CDATA[Photo:  http://t.co/jULkthVSyW		]]></document>
	<document><![CDATA[The Entirety of  http://t.co/qkzJ8tvaSI via @username		]]></document>
	<document><![CDATA[so,,they really wanna work on my idea!! thats amazing

NASA wants to make oxygen on Mars http://t.co/5CcpQvMvgr via @username		]]></document>
	<document><![CDATA[12 Indian Sports Heroes Who Never Got Their Due http://t.co/LmPOnbBguN  stop complaining that India doesn't produce sports stars.		]]></document>
	<document><![CDATA[@username Indian Sports Heroes Who Never Got Their Due http://t.co/LmPOnbBguN …		]]></document>
	<document><![CDATA[Photo:  http://t.co/2VsSxxiSme		]]></document>
	<document><![CDATA[Photo:  http://t.co/T3al4v6JA8		]]></document>
	<document><![CDATA[Photo: thats mee http://t.co/x80dkfch7g		]]></document>
	<document><![CDATA[Photo: so, this was sold for $90000 on ebay!! gimme 1000  atleast  http://t.co/j1DV5bLSQv		]]></document>
	<document><![CDATA[I just entered to #win & you can too: "OnePlus One (64GB) Black". Enter the #giveaway here: http://t.co/mgVsx1S0P6		]]></document>
	<document><![CDATA[16 Hilarious Text Messages You've Gotta Read http://t.co/VchTKrdyFn		]]></document>
	<document><![CDATA[sometime, love happens at postoffice 
#theGirl_I_MetAtPostOfficeToday :P		]]></document>
	<document><![CDATA[This forest is filled with ghosts http://t.co/XyutOapqLr via @username		]]></document>
	<document><![CDATA[# Yo Yo Funny Singh REVIEW !: http://t.co/y3xv6vpKWH		]]></document>
	<document><![CDATA[http://t.co/ADO0PzmHrr
harry potter by Chetan Bhagat :P		]]></document>
	<document><![CDATA[All supermarkets should do this | ScienceDump http://t.co/cUS9KGVYA2 via @username		]]></document>
	<document><![CDATA["I used to think the worst thing in life was to end up all alone. It’s not. The worst thing in life is..." http://t.co/kTzBRB2CoP		]]></document>
	<document><![CDATA[Relationship Hierarchy Org Charts Through Life http://t.co/yjjLt4MaOG via @username		]]></document>
	<document><![CDATA[7 Real World Things That Sound Like Pokemon Attacks http://t.co/Je71A8NTdf via @username		]]></document>
	<document><![CDATA[12 Things Only A Short Tempered Person Will Relate To http://t.co/JhwFrWS2WS via @username		]]></document>
	<document><![CDATA[What You're Saying With Your Cover Photo http://t.co/0lYZfEycvv via @username		]]></document>
	<document><![CDATA[If You Think All Indian Men Are The Same, You Haven’t Probably Met The Right Ones http://t.co/q95OgulNr6 via @username		]]></document>
	<document><![CDATA[@username why there is no more quiz and no more device/electronics in rewards ??		]]></document>
	<document><![CDATA[15 Amusing Characters You Will Find In Every Examination Hall http://t.co/Ef9DWMX1o0 via @username		]]></document>
	<document><![CDATA[tomorrow , first day of 7th sem... wish, that its holiday on 23rd		]]></document>
	<document><![CDATA[#Infosys recruit online Form is Shit
#pain #placement		]]></document>
	<document><![CDATA[AIB: Alia Bhatt - Genius of the Year: http://t.co/RTdiVjHNa2 via @username		]]></document>
	<document><![CDATA[Adam and Eve in the Friend Zone http://t.co/EbZ7UYzy6R via @username		]]></document>
	<document><![CDATA[15 Absolutely Hilarious Flipkart Reviews. 9th Will Crack You Up http://t.co/6UL0aR4cR4 via @username		]]></document>
	<document><![CDATA[my dept clerk sucks soo much -.-		]]></document>
	<document><![CDATA[cough-syrup-challenge-launched-for-people-falling-ill-from-ice-bucket-challenge
#ALSIceBucketChallenge		]]></document>
	<document><![CDATA[which one i would keep as a pet?

25 Strangest prehistoric creatures to roam the Earth | ScienceDump http://t.co/poEdYvtHyd via @username		]]></document>
	<document><![CDATA[If you are an IT Develper 

 http://t.co/na88tKkXfA via @username		]]></document>
	<document><![CDATA[18 Doordarshan Serials From The 90s That Made Our Childhood Awesome http://t.co/uGPKR6Io5k via @username		]]></document>
	<document><![CDATA[Fucking #iPhone sucksSoMuch
Funny autocorrect fails (Part 1) http://t.co/s2jCXEuepc via @username		]]></document>
	<document><![CDATA[@username @username @username @username @username @username 
Check this awesome phone~~!!! win it for free		]]></document>
	<document><![CDATA[If #Apple designs a head band, calls it iChutiya and sells it for 50,000Rs, many of the Indians will still buy it.		]]></document>
	<document><![CDATA[How To Give A Sharp Whistle - I've Always Wanted To Learn This! http://t.co/1Fg8aNNi3p via @username		]]></document>
	<document><![CDATA[This Incredible Animation About Plastic Surgery Is Scary, But It Needs To Be Seen By More People (NSFW) http://t.co/hYSXPxCnOV		]]></document>
	<document><![CDATA[@username Your SDET hiring process is #shit		]]></document>
	<document><![CDATA[Jobs You Wanted as a Kid: Expectation Vs Reality http://t.co/7SOTsC7PUN via @username		]]></document>
	<document><![CDATA[Kota is India's child trafficking market.		]]></document>
	<document><![CDATA[15 Corny Jokes Hidden Inside Textbooks http://t.co/AC6BvdQUc6 via @username		]]></document>
	<document><![CDATA[The 10 ComMANdments Every Guy Should Live By http://t.co/5FeslrKoxv via @username		]]></document>
	<document><![CDATA[Fly your name on @username's flight test/future #JourneyToMars missions http://t.co/isP7KC55MO Deadline: 10/31 http://t.co/AQWVQXuHD9		]]></document>
	<document><![CDATA[The Most Surprising Things About America, According To An Indian International Student | Business Insider India http://t.co/0UNphfLuiA		]]></document>
	<document><![CDATA[11 Things You Did Growing Up In Delhi In The 90s Which You Don't Do Now http://t.co/NfEkT5hu9A		]]></document>
	<document><![CDATA[#OnePlus One will be available for pre-order on October 27! #NeverSettle #PreordertheOne http://t.co/xwk6qJHCcn		]]></document>
	<document><![CDATA[Click on View Summary to Find My Result Regarding Google Yourself App at http://t.co/Kv5pnrDr0k		]]></document>
	<document><![CDATA[#TaNgO Simple image sharing http://t.co/7f4BTUDcES via @username		]]></document>
	<document><![CDATA[Here's Why Scottish Police Has The Greatest Sense Of Humor http://t.co/h258pf41v6		]]></document>
	<document><![CDATA[Giving myself a digital career makeover with a perks pack from @username @username @username @username.  https://t.co/zfCbyMcHCU		]]></document>
	<document><![CDATA[14 News Stories That Are Like "Yeah, No Sh*t. http://t.co/R8W4vTOSsr via @username		]]></document>
	<document><![CDATA[I just entered to win my choice of 5 top notch Android phones. You should enter too... https://t.co/QjJDUT8sf7 via @username		]]></document>
	<document><![CDATA[Photo: Asphalt 8 http://t.co/4zicZr6Zhf		]]></document>
	<document><![CDATA[What They Discovered In The Depths Of The Sea Looks Like A Scene From A Science Fiction Movie http://t.co/7Y2TSpbB3J		]]></document>
	<document><![CDATA[The Funniest Superhero Comics Collection (Part 1) http://t.co/lhOHQ86xql		]]></document>
	<document><![CDATA[The Funniest Superhero Comics Collection (Part 2) http://t.co/HoYpd4IxPH		]]></document>
	<document><![CDATA[The Funniest Superhero Comics Collection (Part 3) http://t.co/06ySTTbkGh		]]></document>
	<document><![CDATA[16 of the Coolest Fish Tanks Ever http://t.co/kv8Ocd6cq6		]]></document>
	<document><![CDATA[Check out TED-Ed's awesome interactive periodic table, with videos for every one of the 118 elements! http://t.co/aS9iikJFUD via @username		]]></document>
	<document><![CDATA[German proverbs depicted in cartoons http://t.co/bQvMcMSdat		]]></document>
	<document><![CDATA[These Illusionists Will Mesmerize You With No Doubt http://t.co/YVQTYZNdi2		]]></document>
	<document><![CDATA[16 Reasons You Should NEVER EVER Shave Your Beard http://t.co/ZUElenQji9		]]></document>
	<document><![CDATA[Unwrap the 1st @username #HiddenGemsApp for a chance to win a FREE Misfit Shine tracker  #sponsored #sweeps http://t.co/EdO6EpUnCj		]]></document>
	<document><![CDATA[Want to win 10 Misfit Shine activity trackers? I just entered to win & you can too:  http://t.co/EdO6EpUnCj		]]></document>
	<document><![CDATA[Unwrap the 2nd @username #HiddenGemsApp for a chance to win 1 of 3 Wellograph watches #sponsored #sweeps http://t.co/BcDsXFARYV		]]></document>
	<document><![CDATA[Unwrap the 3rd @username #HiddenGemsApp for a chance to win 1 of 8 Fitbit Charge trackers #sponsored #sweeps http://t.co/8g8YXrYNv4		]]></document>
	<document><![CDATA[Unwrap the 4th @username #HiddenGemsApp for a chance to win a SmartThings Starter Kit #sponsored #sweeps http://t.co/d6h2PCdx6r		]]></document>
	<document><![CDATA[Unwrap the 5th @username #HiddenGemsApp for a chance at a $500 Hilton gift card #sponsored #sweeps  http://t.co/R6jfk8Edh1		]]></document>
	<document><![CDATA[So many candles in my whatsapp profile.
Diwali season right?		]]></document>
	<document><![CDATA[I just entered to win a free smart watch...amazing. Enter the #ChooseAWatch Giveaway here: https://t.co/9f8skePhWp via @username		]]></document>
	<document><![CDATA[Problems with high school physics | ScienceDump http://t.co/p6fb6hDnnk via @username		]]></document>
	<document><![CDATA[4th dimension explained by a high-school student | ScienceDump http://t.co/G0UNG6Q9HF via @username		]]></document>
	<document><![CDATA[4th Dimension Explained By A High-School Student: http://t.co/pDtafcftZK via @username		]]></document>
	<document><![CDATA[new year
new people
new crap
new drama
new cliques
new comings
new beliefs
new memories
new haters
new surprises		]]></document>
	<document><![CDATA[@username yea.. but i have already passed high school
you should have told me 7 years back.. now am at end of my college		]]></document>
	<document><![CDATA[There are times when you try everything and nothing works #meThisYear		]]></document>
	<document><![CDATA[My mom tld me tht if she sees me on the internet after she cmes bck frm d market ,she'll bang my head on the keyboaahbdcli  cahaasuHWHJjjhh.		]]></document>
	<document><![CDATA[Photo: when 2014 ends http://t.co/eniomMP9rD		]]></document>
	<document><![CDATA[New year resolution ?? ??? ????? ??? ??? ???		]]></document>
	<document><![CDATA[Photoset: winter2014 http://t.co/UJJOftPSPK		]]></document>
	<document><![CDATA[16 Hilarious Things People Have Said In Their Sleep http://t.co/U3jYA8x9T8		]]></document>
	<document><![CDATA[http://t.co/invaKe1rGv
difference b/w d feelings we show and our hidden true.#mask to suppress our feelings to look cool or appear strong		]]></document>
	<document><![CDATA[Incredibly observant! How Good Are You At Reading People?  http://t.co/PhguBd598X via @username		]]></document>
	<document><![CDATA[Why Girls Never Want Nice Guys — And Why It’s Too Late When They Do http://t.co/J38zETT78E		]]></document>
	<document><![CDATA[Why Girls Never Want Nice Guys — And Why It’s Too Late When They Do http://t.co/J38zETT78E via @username		]]></document>
	<document><![CDATA[My Dream Job Is Working At McDonald's (In Taiwan) http://t.co/IVxaCsn8oK		]]></document>
	<document><![CDATA[http://t.co/X1s7Lmc83J
Last boy is so me		]]></document>
	<document><![CDATA[Told my mom that the tea she made wasn't too good and suddenly...My future wife is getting lot of abuses..!		]]></document>
	<document><![CDATA[16 Things You End Up Doing Instead Of Studying Before Exams http://t.co/LfEaV4sqQO		]]></document>
	<document><![CDATA[Can’t wait for my @username, I’m upgrading my #earbuds for #free. You can too, right here: http://t.co/oMibZG51lT		]]></document>
	<document><![CDATA[@username White Print
#YouthInc #prizes #contest #technology #fun #play #Wednesday #weekday #journalism #media #Internet #radio #magazine		]]></document>
</author>