<?xml version="1.0" encoding="UTF-8" standalone="no"?><author id="user485">
	<document><![CDATA[The #italian #trash strikes again! ---> http://t.co/UOxIaPsW via @username		]]></document>
	<document><![CDATA[Just posted a photo http://t.co/EJTXY48n		]]></document>
	<document><![CDATA[I just ousted Alessandro C. as the mayor of Done! on @username! http://t.co/jusM5kme		]]></document>
	<document><![CDATA[Did you know freedom exists
In a school book? Did you know madmen Are running our prison.		]]></document>
	<document><![CDATA[Just posted a photo http://t.co/VOHNI2Zz		]]></document>
	<document><![CDATA[Photo: Facebook Landing Page Design http://t.co/C1YSXhLH		]]></document>
	<document><![CDATA[#postproduction: voice over recording @username Gigasound, Milan #in		]]></document>
	<document><![CDATA[Welcome to AddThis for Chrome! http://t.co/KT91x8Ar via @username		]]></document>
	<document><![CDATA[I just ousted Alessandro C. as the mayor of Done! on @username! http://t.co/jusM5kme		]]></document>
	<document><![CDATA[Photo:  http://t.co/bgIFrTVT		]]></document>
	<document><![CDATA[Photo:  http://t.co/vEPOcBp7		]]></document>
	<document><![CDATA[Webinar #tnsdl! Cool		]]></document>
	<document><![CDATA[I just ousted Henriette V. as the mayor of Done! on @username! http://t.co/jusM5kme		]]></document>
	<document><![CDATA[Just posted a photo http://t.co/rBVnnswM		]]></document>
	<document><![CDATA[#Federer Vs #Nadal: 6-3 6-0: The King is back!		]]></document>
	<document><![CDATA[Just posted a photo http://t.co/7AVJfrzh		]]></document>
	<document><![CDATA[Just posted a photo http://t.co/3AdQdFHV		]]></document>
	<document><![CDATA[Just posted a photo http://t.co/yQbguGbo		]]></document>
	<document><![CDATA[I just ousted Alessandro C. as the mayor of Done! on @username! http://t.co/jusM5kme		]]></document>
	<document><![CDATA[#9/11's most controversial Photo -->http://t.co/yub23vjF		]]></document>
	<document><![CDATA[The best 100 digital agencies in the world http://t.co/MQN6Yr4B via @username		]]></document>
	<document><![CDATA[Funny #video here!. http://t.co/FIdkG6T8 via @username		]]></document>
	<document><![CDATA[Controversy Sells: Nine Successful Car #Ads That Crossed The Line http://t.co/Y5GwDx4H		]]></document>
	<document><![CDATA[Just posted a photo http://t.co/aT1koYBt		]]></document>
	<document><![CDATA[Just posted a photo http://t.co/e3HnVzCw		]]></document>
	<document><![CDATA[I liked a @username video http://t.co/SRST5RV6 Norte: The Best Excuse Ever		]]></document>
	<document><![CDATA[The Top 10 #Memes Of 2011 (Video) http://t.co/tfmlj5Hr		]]></document>
	<document><![CDATA[In my creative process, #Paperskatches come before #CS5		]]></document>
	<document><![CDATA[#GoPro Video Of The Day: Pogo #Goes PoGoPro  http://t.co/XqT9V28O		]]></document>
	<document><![CDATA[[listen]: Radiohead – The Daily Mail (Studio Version) http://t.co/wKHPSQnL		]]></document>
	<document><![CDATA[setting my #Facebook diary...		]]></document>
	<document><![CDATA[Infographic: 95% Of Facebook Wall Posts On Brand Pages Go Unanswered http://t.co/lQdMcTMY #in		]]></document>
	<document><![CDATA[Seeting up my #HootSuite profile... #socialmedia #tools		]]></document>
	<document><![CDATA[RT @username: http://t.co/1wuwZfAA		]]></document>
	<document><![CDATA[Just posted a photo http://t.co/IeuTSLAD		]]></document>
	<document><![CDATA[#in back to work (@username Done!) http://t.co/OOSeTfkC		]]></document>
	<document><![CDATA[RT @username: Funny LG Commercial Reveals How The Fashion World Really Sucks http://t.co/IGQdpqKD #Branded_Videos #viral #youtube		]]></document>
	<document><![CDATA[What do you think of this Panel Block Tote by Country Road? http://t.co/rBkL3bNg via @username		]]></document>
	<document><![CDATA[I liked a @username video http://t.co/OpZGRupH Jupiter Jones - Und dann warten. ?		]]></document>
	<document><![CDATA[Just posted a photo http://t.co/Pp6biyEy		]]></document>
	<document><![CDATA[The future belongs to curious http://t.co/pbD4NNsB		]]></document>
	<document><![CDATA[Paris Vs NY - A graphic challange http://t.co/jIBi2jGk		]]></document>
	<document><![CDATA[Mi è piaciuto un video di @username http://t.co/BV5QdRTl Rugby World Cup 2011 Highlights		]]></document>
	<document><![CDATA[Every second, 1 hour of video is uploaded to YouTube. That's a decade every single day! More time-bending stats http://t.co/HqYpG92N #YT1HS		]]></document>
	<document><![CDATA[I love the sound of the keybord (@username http://t.co/I2dtOskO)		]]></document>
	<document><![CDATA[Just posted a photo http://t.co/HsELghQL		]]></document>
	<document><![CDATA[Just posted a photo http://t.co/uwMnMZ5z		]]></document>
	<document><![CDATA[Italy make four changes to team http://t.co/KVyUyvdB via @username		]]></document>
	<document><![CDATA[I just unlocked the "Adventurer" badge on @username! http://t.co/xHGV5utI		]]></document>
	<document><![CDATA[The "Unhyped" New Areas in Internet and Mobile http://t.co/Q0L7VzrC via @username		]]></document>
	<document><![CDATA[Beat Facebook’s #EdgeRank http://t.co/XesPjddX via @username		]]></document>
	<document><![CDATA[bariol, a new rounded font designed by atipo. download it for free: http://t.co/vykxdDwh		]]></document>
	<document><![CDATA[Download Bootstrap Grid Templates from @username http://t.co/b3o80qbK		]]></document>
	<document><![CDATA[Freebie: Editable Twitter Bootstrap UI PSD template from @username check out this and more  http://t.co/xAHdJ0yu http://t.co/xAHdJ0yu		]]></document>
	<document><![CDATA[Polar Bears rising up for the Artic
 http://t.co/o1znt6fD		]]></document>
	<document><![CDATA[#6 - Stay me good.
- Stammi bene http://t.co/jLzqCB0c		]]></document>
	<document><![CDATA[#7 - But think you!- Ma pensa te! http://t.co/JfHfKn2J		]]></document>
	<document><![CDATA[#9 - Be careful to that you do. (cit. A.C.)
- Stai attento a quel che fai http://t.co/nSIOLJTg		]]></document>
	<document><![CDATA[#10 - You come a little bit long (Courtesy of E. Nardoni)- Arrivate un pochino lunghi
https://t.co/NDUSwTpe… http://t.co/wwZsh3RT		]]></document>
	<document><![CDATA[The avengers http://t.co/0bvNDE0G		]]></document>
	<document><![CDATA[#11 - But for Charity!
- Ma per carità! http://t.co/izs1aAVe		]]></document>
	<document><![CDATA[#12 - Ahead years light.
- Avanti anni luce http://t.co/dpuv7X60		]]></document>
	<document><![CDATA[#13 - What hit of ass! (Courtesy of A. Castelletti)
- Che colpo di culo! http://t.co/6S7FazXg		]]></document>
	<document><![CDATA[#14 - Happiness bring me away. (Courtesy of T. Bornacin)
- Allegria portami via http://t.co/cVMykchY		]]></document>
	<document><![CDATA[#17 - You said boldskin? (Courtesy of A. Catelletti)
- Hai detto cotica? http://t.co/0mcsni11		]]></document>
	<document><![CDATA[#19 - Let the Eyes dance. (Courtsy of F. Pallavidini)
- Fà balaà l'och http://t.co/88cjDqrq		]]></document>
	<document><![CDATA[#20 - Do local mind. (Courtesy of S. Spreafico)
- Fai mente locale http://t.co/JgGJRqiV		]]></document>
	<document><![CDATA[#21 - Like there's no a tomorrow (Courtesy of C. Boselli)
- Come non ci fosse un domani http://t.co/k21NDhk5		]]></document>
	<document><![CDATA[I can't stay in my skin. (Courtesy of C. Boselli)
- Non sto nella pelle http://t.co/tP85uOis		]]></document>
	<document><![CDATA[#26 - It dosen't make the text. (Courtesy of M. Alcano)
- Non fa testo http://t.co/SC1bk0pY		]]></document>
	<document><![CDATA[#27 - What god taxi driver. (Courtesy of M. Engolli)
- Che dio t'assista http://t.co/OuoHxe61		]]></document>
	<document><![CDATA[I go away smooth.
- Vado via liscio http://t.co/TDfJiaPQ		]]></document>
	<document><![CDATA[#30 - Over the damage the trick.
- Oltre il danno la beffa http://t.co/R8nzOmPT		]]></document>
	<document><![CDATA[A lot for say.
- Tanto per dire http://t.co/AwPuVNw9		]]></document>
	<document><![CDATA[#33 - From other waves.
- D'altronde http://t.co/iN6tyFMf		]]></document>
	<document><![CDATA[#34 - The patches to the ass. (Courtesy of M. Alcano)
- Le pezze al culo http://t.co/Im05DwuY		]]></document>
	<document><![CDATA[#35 - Ambassador doesn't bring pain. (Courtesy of A. Castelletti)
- Ambasciatore non porta pena http://t.co/qZmESI0f		]]></document>
	<document><![CDATA[#36 - Bye, we see us.
- ciao, ci vediamo http://t.co/XvqMa5JQ		]]></document>
	<document><![CDATA[#38 - And these dicks!? (Courtesy of A. Castelletti)
- E 'sti cazzi!? http://t.co/lpFZkdwd		]]></document>
	<document><![CDATA[#40 - Goodnight to the bucket. (Courtesy of M. Alcano)
- buona notte al secchio http://t.co/JYJ9H7r9		]]></document>
	<document><![CDATA[#41 - now like now.
- Ora come ora http://t.co/H7B90jck		]]></document>
	<document><![CDATA[#42 - From other part. (Dedicated to A. Castelletti)
- D'altraparte http://t.co/lXXXjC9i		]]></document>
	<document><![CDATA[#43 - You want to put?!
- Vuoi mettere?! http://t.co/TP8HcYbc		]]></document>
	<document><![CDATA[#44 - I'm re-hearted.
- Sono rincuorato http://t.co/C1tMt2MH		]]></document>
	<document><![CDATA[#45 - Well comes. (Courtesy of A. Castelletti)
- Ben venga http://t.co/1C2zlZgy		]]></document>
	<document><![CDATA[cool tools http://t.co/Cw41dRoH		]]></document>
	<document><![CDATA[From a moment to the other.
- Da un momento all'altro http://t.co/W9XWIr7p		]]></document>
	<document><![CDATA[#50 - Where the majority is, the minority stops. (Special edition celebrating the 50th post)
- Ubi maior mino… http://t.co/FuYANLyt		]]></document>
	<document><![CDATA[#51 - At big lines. (Courtesy of A. Castelletti)
- A grandi linee http://t.co/un5Ektyu		]]></document>
	<document><![CDATA[#52 - Here cat is brooding. (Courtesy of B. Del Nero)
- Qui gatta ci cova http://t.co/szTa6ysQ		]]></document>
	<document><![CDATA[#53 - Like a finger in the ass. (Courtesy of B. Tarateta)
- Come un dito al culo http://t.co/xBXqyHty		]]></document>
	<document><![CDATA[#54 - Whistles for flasks. (feat. A. Castelletti)
- Fischi per fiaschi http://t.co/H2V5kQ96		]]></document>
	<document><![CDATA[#55 - Do you want an applause? (Courtesy of M. Zampollo)
- Vuoi un applauso? http://t.co/adfxUojp		]]></document>
	<document><![CDATA[#57 - Relatives snakes. (Courtesy of M. Zampollo)
- Parenti serpenti http://t.co/HinnCydb		]]></document>
	<document><![CDATA[#59 - Speak as you eat. (Courtesy of A. Castelletti)
- Parla come mangi http://t.co/vJZyw8Ew		]]></document>
	<document><![CDATA[#61 - I get rid of the crabs in my legs. (Courtesy of R. Del Nero)
- Mi sgranchisco le gambe http://t.co/HxcXLyw0		]]></document>
	<document><![CDATA[#62 - Take on and bring home. (Courtesy of S. Pedersen)
- Ciàpa e pùrta a caà http://t.co/L9qxJI6T		]]></document>
	<document><![CDATA[#63 - How does it throw? (Courtesy of M. Alcano)
- Come butta? http://t.co/z7ITvdV9		]]></document>
	<document><![CDATA[#64 - Little oyster. (Courtesy of R. Del Nero)
- Ostregheta http://t.co/jlruFmZh		]]></document>
	<document><![CDATA[#65 - It is raining what that God sends down. (Courtesy of B. Del Nero)
- Piove che Dio la manda http://t.co/Iw5NSkWr		]]></document>
</author>