<?xml version="1.0" encoding="UTF-8" standalone="no"?><author id="user492">
	<document><![CDATA[Doing a little research for a book. Tell me something, please. What, in your opinion, makes a woman "hot?" (P.S.... http://t.co/zrvOZYw73m		]]></document>
	<document><![CDATA[Another book research question: what makes your spouse or significant other attractive to you? What do you wish you could change?		]]></document>
	<document><![CDATA[One more book research question: Why and how did your last relationship end? (Or, tell me about your most... http://t.co/3RHY8JBVNS		]]></document>
	<document><![CDATA[This one's for married people and those in long-term relationships: how did you KNOW you wanted to marry your wife/husband?		]]></document>
	<document><![CDATA[Change Your Life: ItWorks! CEO Mark Pentecost on ‘Re-Dreaming’ http://t.co/jIQlqbQK8q		]]></document>
	<document><![CDATA[Change Your Life: ItWorks! CEO Mark Pentecost on ‘Re-Dreaming’ http://t.co/hDiwe88WdU		]]></document>
	<document><![CDATA[Change Your Life: ItWorks! CEO Mark Pentecost on ‘Re-Dreaming’ http://t.co/qgovTCbUNz		]]></document>
	<document><![CDATA[Have you tried that crazy wrap thing? http://t.co/oAf2kghopl		]]></document>
	<document><![CDATA[Have you tried that crazy wrap thing? http://t.co/TZSBiP8Q9O		]]></document>
	<document><![CDATA[Have you tried that crazy wrap thing? http://t.co/DTg0fGj0QW		]]></document>
	<document><![CDATA[Have you tried that crazy wrap thing? http://t.co/SiOPkvCIiv		]]></document>
	<document><![CDATA[Have you tried that crazy wrap thing? http://t.co/LrNVMArUcx		]]></document>
	<document><![CDATA[Yup. For men too. http://t.co/rkqMaDnAQY		]]></document>
	<document><![CDATA[Open Your Mind, Open Your Life: Discover Abundance by Being Open to New Opportunities - http://t.co/9o6O22vOe9 via @username		]]></document>
	<document><![CDATA[ROI on Influence Marketing http://t.co/h7x4jhWQ5c via @username		]]></document>
	<document><![CDATA[Open Your Mind, Open Your Life: Discover Abundance by Being Open to New Opportunities http://t.co/Qut6RUtXQU		]]></document>
	<document><![CDATA[Open Your Mind, Open Your Life: Discover Abundance by Being Open to New Opportunities http://t.co/Jo9Ptj6XHz		]]></document>
	<document><![CDATA[Open Your Mind, Open Your Life: Discover Abundance by Being Open to New Opportunities http://t.co/iZmxBRgbUf		]]></document>
	<document><![CDATA[Open Your Mind, Open Your Life: Discover Abundance by Being Open to New Opportunities http://t.co/zakr5G60Gi		]]></document>
	<document><![CDATA[Open Your Mind, Open Your Life: Discover Abundance by Being Open to New Opportunities http://t.co/zlrGqCA5i5		]]></document>
	<document><![CDATA[Open Your Mind, Open Your Life: Discover Abundance by Being Open to New... http://t.co/hBJQM4nsv9 on @username		]]></document>
	<document><![CDATA[Ladies: What makes you hot? - http://t.co/WnEUsjFQjv via @username		]]></document>
	<document><![CDATA[Men tell us what makes a woman hot - http://t.co/7eSFgqVqs0 via @username		]]></document>
	<document><![CDATA[Stepford Perfect: What a Hot Wife is Not - http://t.co/1vFw67qYKn via @username		]]></document>
	<document><![CDATA[A Hot Wife is a Confident Wife: 30 Days to Feeling Amazing - http://t.co/xNtRm4mq8E via @username		]]></document>
	<document><![CDATA[Why My Last Relationship Ended: Men Speak Out - http://t.co/Fo1r33qy5B via @username		]]></document>
	<document><![CDATA[You know how sometimes you start something new and you can literally feel your body buzzing with creative energy... http://t.co/gAeSvIySYg		]]></document>
	<document><![CDATA[How I Knew He Was 'the One': Women Speak - http://t.co/3NCwxLGgmG via @username		]]></document>
	<document><![CDATA[Free newsletter from How to Be a Hot Wife: http://t.co/NG8ALKbRzb http://t.co/cywQZMYDwZ		]]></document>
	<document><![CDATA[Hot Relationships: Establish Rapport in 5 Minutes or Less - http://t.co/CuAIehF7uH via @username		]]></document>
	<document><![CDATA[Stepford Perfect: What a Hot Wife is Not - http://t.co/1vFw67qYKn via @username		]]></document>
	<document><![CDATA[Was out running errands and had very few issues with the snow..until I got home and almost couldn't get in the... http://t.co/7qlUJ6HBzY		]]></document>
	<document><![CDATA[Open Your Mind, Open Your Life: Discover Abundance by Being Open to New Opportunities http://t.co/pNSvvklsej		]]></document>
	<document><![CDATA[Open Your Mind, Open Your Life: Discover Abundance by Being Open to New Opportunities http://t.co/Blxug0QTrM		]]></document>
	<document><![CDATA['How to Be a Hot Wife' eCourse: Learn How to Get What You Want From Your Man - #Sale Just $3.99 http://t.co/7adSXUK74k via @username		]]></document>
	<document><![CDATA['How to Be a Hot Wife' eCourse: Learn How to Get What You Want From Your Man - http://t.co/7adSXUK74k via @username		]]></document>
	<document><![CDATA[So exciting!!! ttp://tinyurl.com/beassertive http://t.co/rF7hF5SumQ		]]></document>
	<document><![CDATA[My first How to Be a Hot Wife eCourse is now for sale (and I mean ON SALE too!). It's regularly priced at... http://t.co/H5tkvpWVys		]]></document>
	<document><![CDATA[Introducing the First ‘How to Be a Hot Wife’ eCourse: Learn How to Get What You Want From Your... http://t.co/DUdXucbkY3		]]></document>
	<document><![CDATA[Why My Last Relationship Ended: Men Speak Out - http://t.co/Fo1r33qy5B via @username		]]></document>
	<document><![CDATA[My week on twitter: 8 New Followers, 1 Mentions, 1.01K Mention Reach, 2 Replies, 2 Retweets. via https://t.co/Yp3koy4me3		]]></document>
	<document><![CDATA[How BlissFire Media Helped One Client&#8217;s Business Triple (Video) http://t.co/UBpFsv6sb2 via @username		]]></document>
	<document><![CDATA[A Hot Wife Lives the Good Life: All the World's a Stage - http://t.co/J85UNeObNW via @username		]]></document>
	<document><![CDATA[Duck on a parking lot... http://t.co/zhtOp0IEte		]]></document>
	<document><![CDATA[Different birds, different parking lot. Same day. Sign? http://t.co/WafzYEHpNh		]]></document>
	<document><![CDATA[People are funny. And knowledge is power. That is all.		]]></document>
	<document><![CDATA[It's natural to feel a little bit (or a whole lot) afraid during times of great change, but you've got to let go... http://t.co/FUW0WoE2g3		]]></document>
	<document><![CDATA[Heads up, #SEO and #socialmediamarketing people--plus #bloggers, #smallbusinessowners and... http://t.co/oX933gKP6H		]]></document>
	<document><![CDATA[*GIVE AWAY* Enter for Your Chance to Win http://t.co/jvofvRbQ1M		]]></document>
	<document><![CDATA[*GIVE AWAY* Enter for Your Chance to Win http://t.co/aGPdhZSgmt		]]></document>
	<document><![CDATA[Amazing benefits of traveling the world http://t.co/hEZTJMRj7I via @username		]]></document>
	<document><![CDATA[My sons and husband both love to read it! I find that it's full of fun and healthy ideas . #RedBulletin http://t.co/kfGpgXXVa9		]]></document>
	<document><![CDATA[No more secret crazy posts!! LOL! https://t.co/yOnLTkQss3 http://t.co/qRrLkPm2hb		]]></document>
	<document><![CDATA[I just signed up for @username - the leader in community influence. See where you are influential at http://t.co/jvkz2wsDQQ #Kred		]]></document>
	<document><![CDATA[I think Bill Atkinson needs to take our little princess to this lol. :) http://t.co/plGzZMpXiH		]]></document>
	<document><![CDATA[*GIVE AWAY* Enter for Your Chance to Win http://t.co/q03q3sLeoC		]]></document>
	<document><![CDATA[*GIVE AWAY* Enter for Your Chance to Win http://t.co/695U5hMO1h		]]></document>
	<document><![CDATA[Stats for the week have arrived. 6 new followers and 10 unfollowers via http://t.co/Efw9cgs9xt.		]]></document>
	<document><![CDATA[Calling All Parents and Caregivers! http://t.co/HZzdLepHl3		]]></document>
	<document><![CDATA[Calling All Parents and Caregivers! http://t.co/RbC2bNhEkv		]]></document>
	<document><![CDATA[Once again I am reminded of what matters. And how lucky I am to be in love with my best friend. Thanks for the... http://t.co/mqf4Rp94QP		]]></document>
	<document><![CDATA[Calling All Parents and Caregivers! http://t.co/64p2zSF1av		]]></document>
	<document><![CDATA[Calling All Parents and Caregivers! http://t.co/qrQoe8Yq5B		]]></document>
	<document><![CDATA[who I want to be http://t.co/89XFifW2PW		]]></document>
	<document><![CDATA[Men: how'd you know she (or he) was "the one?"		]]></document>
	<document><![CDATA[What Guys in Their 20s Want in a Woman (According to Craigslist) - http://t.co/pmVv6Imctc via @username		]]></document>
	<document><![CDATA[Hey men, is this the truth? Women, do you agree? http://t.co/zXpsiAMAAM		]]></document>
	<document><![CDATA[What Guys in Their 20s Want in a Woman (According to @username) - http://t.co/pmVv6Imctc via @username #whatguyswant		]]></document>
	<document><![CDATA[2014 Update Weight Loss 100 pounds: Did she gain it back?? http://t.co/vlrO94ft6u via @username		]]></document>
	<document><![CDATA[All About How to Be a Hot Wife - http://t.co/j9bOW0VzhE via @username		]]></document>
	<document><![CDATA[In case you've wondered what this How to Be a Hot Wife thing is all about--here ya go, a full disclosure. ;) http://t.co/iMh2DwHuOT		]]></document>
	<document><![CDATA[Why My Last Relationship Ended: Men Speak Out - http://t.co/Fo1r33qy5B via @username		]]></document>
	<document><![CDATA[All About How to Be a Hot Wife - http://t.co/j9bOW0VzhE via @username		]]></document>
	<document><![CDATA[Jan. 2014 Weight Loss Update: 100+ Plus Loss Maintained, Continued - http://t.co/Fr2qiAbcGl via @username		]]></document>
	<document><![CDATA[Helping bloggers grow their audience since the ancient Internet times http://t.co/a8kUQbNfWF via @username		]]></document>
	<document><![CDATA[I could really use a weekend at a spa or something lol.		]]></document>
	<document><![CDATA[Eat More: You Don't Have to Starve to Get Fit - http://t.co/7KuwP43sBu via @username		]]></document>
	<document><![CDATA[Note to self: remember to be grateful for all the little things, all the brief moments of sweetness and light.		]]></document>
	<document><![CDATA[Here's hoping for a smooth and quick morning. Not looking forward to this...		]]></document>
	<document><![CDATA[Sure, I have time to go sit, wait and do nothing for god knows how long. No problem. :/ Oh, I can't use your... http://t.co/GjUzf2MH63		]]></document>
	<document><![CDATA[Alright! I am done with the unpleasantness from this morning and ready to get stuff DONE!! Happy Friday! Let's do this. :)		]]></document>
	<document><![CDATA[Do I have any fashion-loving friends who'd be into a blogging gig?		]]></document>
	<document><![CDATA[Cherry hearts. Best #ValentinesDay candy ever http://t.co/OmpzkYldOd		]]></document>
	<document><![CDATA[From my heart to yours...no matter what your Valentine's day looks like this year, remember to love YOURSELF... http://t.co/yyBCXHKeem		]]></document>
	<document><![CDATA[From my heart to yours... http://t.co/RQ5wu4a4lh		]]></document>
	<document><![CDATA[Hypothetical question: If I know you're the sort of person who'd stomp on a puppy, does it make me a terrible... http://t.co/1xzEgGue1e		]]></document>
	<document><![CDATA[New gaming app seeks to cure #cancer http://t.co/MaRGZnwzWW via @username WOW!		]]></document>
	<document><![CDATA[A gaming app that cures cancer? Maybe. http://t.co/kcj1756Cx4		]]></document>
	<document><![CDATA[So I hear there's a new gaming app that can cure cancer, maybe... http://t.co/WIZY8ehCnn		]]></document>
	<document><![CDATA[What Guys in Their 20s Want in a Woman (According to Craigslist) - http://t.co/pmVv6Imctc via @username		]]></document>
	<document><![CDATA[Truth! Happy Valentine's day! http://t.co/ZcfTv7En9p		]]></document>
	<document><![CDATA[The moonlight shining on the snow outside my window makes it seem like some sort of alternate daytime. #thingsithinkwhenishouldbesleeping		]]></document>
	<document><![CDATA[Happy long weekend!! Since we all know some of us might...over do it this holiday weekend, I thought you might... http://t.co/qldVcCZ2tP		]]></document>
	<document><![CDATA[What it's all about http://t.co/OPMjv8rVrq		]]></document>
	<document><![CDATA[I want to inspire people! http://t.co/cnFDLay0fF		]]></document>
	<document><![CDATA[Why My Last Relationship Ended: Men Speak Out - http://t.co/oqtZfrWq3Z via @username http://t.co/4TpiPzbMEW via @username		]]></document>
	<document><![CDATA[Men tell us what makes a woman hot - http://t.co/sVnPaqHnZR via @username http://t.co/x6iiuvjHxW via @username		]]></document>
	<document><![CDATA[Change Your Life: ItWorks! CEO on 'Re-Dreaming' - http://t.co/kvxg1ksKkQ via @username http://t.co/D0j3GrDmXW via @username		]]></document>
	<document><![CDATA[Funny strategy to gain followers...and I think it might work . Nice one @username! http://t.co/b5Xgnt2Wme http://t.co/8Lcr7SSMbM		]]></document>
	<document><![CDATA[You might be quoted in this article..
. http://t.co/n1OGjRML7z		]]></document>
</author>