<?xml version="1.0" encoding="UTF-8" standalone="no"?><author id="user380">
	<document><![CDATA[I'm Jo March! Which classic literary character are you? #ZimbioQuiz http://t.co/ZBDDiNnhwD ????????????????????		]]></document>
	<document><![CDATA[God Only Knows - BBC Music: http://t.co/axw2wJcS7y // Todo muy hermoso y Kylie en una burbuja		]]></document>
	<document><![CDATA[Muy buenos insights // Elders React to Old Spice Commercials: http://t.co/epMDj5csLf		]]></document>
	<document><![CDATA[Took the quiz "Which PR character are you?" & got "Eli Gold" from "The goodwife". http://t.co/UAuCCrGlG9		]]></document>
	<document><![CDATA[What’s a dad to do when his daughter wants to dress as Han Solo? http://t.co/3ZBadRby4L vía @username #bestdadever #starwars #halloween		]]></document>
	<document><![CDATA[I think i have a crush with mr @username 
????????????????		]]></document>
	<document><![CDATA[I'm Cloe Savigny and I got a like on instagram by @username http://t.co/jNZGFblnp9		]]></document>
	<document><![CDATA[16 Ways To Text Your Ex Using Taylor Swift Lyrics http://t.co/zr5X8FLMW1 vía @username // Repito TayTay es el i-ching del corazón roto		]]></document>
	<document><![CDATA[@username sounds funny but is not		]]></document>
	<document><![CDATA[I Attempted to Train My Waist With a Corset http://t.co/lWwsWZjiGN vía @username // En mis tiempos, no ejercitabas en corsé		]]></document>
	<document><![CDATA["@username: It's a brisk fall day on 5th Avenue! [snap @username ] http://t.co/M7JySNFY3y" Donde compramos nuestros outfits @username		]]></document>
	<document><![CDATA[@username "i know what boys want, i know what boys like"		]]></document>
	<document><![CDATA["@username: W House of Fashion 6-7 NOV: Entradas http://t.co/XGb0wW6qXh #WFASHION http://t.co/pnGr72n9YR" @username		]]></document>
	<document><![CDATA["Goodbye world. Spread good energy. Pay it forward!"
Woman who planned assisted-suicide dies http://t.co/OLaU1Z93BD vía @username		]]></document>
	<document><![CDATA[What the F @username get back to @username now!
Cc @usernameMexico		]]></document>
	<document><![CDATA[If @username follows me, does that mean that i am a good PR?
????????????		]]></document>
	<document><![CDATA[When classic Disney movies get radically (and awesomely) Photoshopped http://t.co/UYT0eVzNIQ vía @username		]]></document>
	<document><![CDATA[Cuando leo esto pienso: 
Realmente podría ser padre? No creo
Dads Who Save The Life Of Their Son Each Day http://t.co/3Ztl3ZHkLP		]]></document>
	<document><![CDATA[Check out the new Nylon Español site with @username recos for x-mas http://t.co/0rex0Z8m3K via @username		]]></document>
	<document><![CDATA[Um, 'Shake it Off' Syncs Up Perfectly With This '80s Workout Video http://t.co/tWt8gRH4Em vía @username		]]></document>
	<document><![CDATA[@username ahhhh mis Kardashian, siempre tan cotorras		]]></document>
	<document><![CDATA[Flying Hotels: The Latest Luxuries in First Class Cabins http://t.co/pVTZXV2Oe2 vía @username / y yo viajando en interjet #porpobre		]]></document>
	<document><![CDATA[PR stereotypes: Fact or fiction? http://t.co/8juaS2fhwG
No todos somos Samantha Jones		]]></document>
	<document><![CDATA[Ask all my lovers, they'll tell you im insane
@username - Blank Space: http://t.co/GjIgctpMlx // yeah yeah, that's me		]]></document>
	<document><![CDATA[After Losing 160 Pounds, Man Strips Down To Show Excess Skin http://t.co/pww7oZHK1x via @username // ahhh quiero darle un abrazo!		]]></document>
	<document><![CDATA["Nobody can make you feel inferior without your consent" http://t.co/TblQYsa3CR http://t.co/oL3NuddzGx @username #90sKid		]]></document>
	<document><![CDATA[Fred, I want the list of the 50 richest... http://t.co/xtfox4paAw vía @username		]]></document>
	<document><![CDATA[Twin Study Provides Strongest Evidence Yet That Gay People Are Born That Way http://t.co/FYMUA4HkLM vía @username // x-men ????		]]></document>
	<document><![CDATA[I'll be gorgeous at 30... http://t.co/gfN1FZqIGR		]]></document>
	<document><![CDATA[Phoenix! What Is Your True Birth Name? http://t.co/I6bHAcd9rf vía @username		]]></document>
	<document><![CDATA[21 Awesome Places For Guys To Shop In Their 30’s http://t.co/ri38hLlGSP vía @username @username // Uniqlo es muy maravilloso		]]></document>
	<document><![CDATA[Beautiful people, needs beautiful diamonds http://t.co/HDgjZc9dMj		]]></document>
	<document><![CDATA[Ryan Gosling ! What Famous Man Is Your Soulmate? https://t.co/imU9JayZ9S vía @username		]]></document>
	<document><![CDATA[I'm a left-brained person. What about you? #ZimbioQuiz http://t.co/WWunB3FOUZ		]]></document>
	<document><![CDATA["I got that boom-boom, that you want"
- Britney Spears		]]></document>
	<document><![CDATA[Nautic look @username http://t.co/MKbwsF0WUk		]]></document>
	<document><![CDATA[Well, hello Mr. Buzz Lightyear http://t.co/NevwJswIMQ		]]></document>
	<document><![CDATA[Otro shooting con Tommy Hilfiger?, ya cambien de patrocinador, en America's Next Top Model no repiten patrocinio! #MxNTM		]]></document>
	<document><![CDATA["@username: Mariah Carey in July/Mariah Carey now. http://t.co/hrFyjV0UHA" ... Mariah Christmas is here!		]]></document>
	<document><![CDATA[11 reasons why journalists don't reply to your pitches http://t.co/LY8nUEjzCE // #mediaisnotthatintoyou		]]></document>
	<document><![CDATA["@username: The 24 best Bond girls of all time: http://t.co/u409FxTonh" Jane Seymour si, pero faltó Sophie Marceau		]]></document>
	<document><![CDATA["@username: Lovely day. #DadaLove http://t.co/6Jwsa0oqyC"		]]></document>
	<document><![CDATA[I (Miranda Richardson) You http://t.co/lZCMhBWmms		]]></document>
	<document><![CDATA["@username: Justin Bieber debuts drastic new platinum blond hairstyle  http://t.co/SAn7RO44nj http://t.co/lF5e8FFh9v" ahora es Miley!		]]></document>
	<document><![CDATA[@username pues deberías de hacerme un post wearing only this: http://t.co/mW3K6SPgbe		]]></document>
	<document><![CDATA["@username: ad Max trailer is insane. You NEED to watch it immediately. http://t.co/DTCD8TdlEP http://t.co/GMYbec91di" nunca entendí madmax		]]></document>
	<document><![CDATA[419 Lb. Man Is Disqualified After Winning Mr. Gay UK London-- http://t.co/Jh6gwxXQ1M vía @username // Gay Sofia Machado		]]></document>
	<document><![CDATA["@username: #Aquarians don't beg, they will let you walk away."		]]></document>
	<document><![CDATA["@username: Saturday night wishes and desires: http://t.co/kfqg8VzCD8" I guess, I'm cocaine		]]></document>
	<document><![CDATA[What the Gay 'Community' and the North Shore High School Cafeteria Have in Common http://t.co/RqRKEGDF3F vía @username #sicierto		]]></document>
	<document><![CDATA[Real women who should most definitely be made into Disney princesses http://t.co/Kq9Joy0NYZ vía @username		]]></document>
	<document><![CDATA[Hermione Granger! What Literary Character Is Your Mental Twin? http://t.co/agsxCIbUpu vía @username		]]></document>
	<document><![CDATA[Niños de 100k followers ya no me sigan, yo no hago follow por follow, si me interesa les sigo, sino NO 
#amargado		]]></document>
	<document><![CDATA[“You’re never too old to be young.”		]]></document>
	<document><![CDATA[@username it's like a mexican "fiesta" hehehehe gracias a ti por todo!
????		]]></document>
	<document><![CDATA[17 Signs You're The Daria Of Your Group http://t.co/pJycpV12yO via @username // Si soy Daria		]]></document>
	<document><![CDATA["I can't settle with less than amazing"		]]></document>
	<document><![CDATA[It's You 
http://t.co/5ohZxQ3S30		]]></document>
	<document><![CDATA[Stay home dads are the best http://t.co/JlZU7ptPzz vía @username @username		]]></document>
	<document><![CDATA[Caregiver! What Is Your Job After The Apocalypse? http://t.co/HCDJQQT3pl vía @username		]]></document>
	<document><![CDATA[Been there done that http://t.co/yMOBAHiDHN		]]></document>
	<document><![CDATA[We show off our different scarlet letters
Trust me mine is better...		]]></document>
	<document><![CDATA["@username: Happy 2015 from Sydney http://t.co/Ipz4RHmXVD http://t.co/oMe6U3Pusk" just because my husband to be is in Sydney #inventado		]]></document>
	<document><![CDATA['Fat Sex': The Last Taboo? http://t.co/6tsvvtIAZG vía @username #OMG		]]></document>
	<document><![CDATA[Gone but not forgotten @username Real Del Monte. Pachuca, Hidalgo http://t.co/1Tu3sq49iI		]]></document>
	<document><![CDATA[Say "adios" to this fashion trends! http://t.co/uQqiZg6yY2		]]></document>
	<document><![CDATA[The 15 Most Magnificent Dinosaur Discoveries Of 2014 http://t.co/0mX8cXHbzj vía @username		]]></document>
	<document><![CDATA[Red Rose! Which Type Of Flower Are You? http://t.co/RbNu3J832r vía @username		]]></document>
	<document><![CDATA[A Dad Dropped His Son Off on a Date and It Restored My Faith in Humanity http://t.co/SOnPlseemR vía @username / No todo es odio y rechazo		]]></document>
	<document><![CDATA[10 ways TV wrongly depicts the PR industry http://t.co/Pm4CP5gj4J		]]></document>
	<document><![CDATA[Some Dudes Hysterically Recreated Justin Bieber’s Calvin Klein Ads http://t.co/pCNaz7hWbL vía @username este tipo se ve mejor que bibs		]]></document>
	<document><![CDATA[21 Signs Your Laziness Has Gotten Totally Out Of Control http://t.co/0dFzu63RbK vía @username @username // Yes, yes, yes and yes		]]></document>
	<document><![CDATA[“The institutionalized views of past generations don’t represent our current generation’s beliefs.		]]></document>
	<document><![CDATA[Looks like Rome, or so they say http://t.co/Y0Xx5xpIsl		]]></document>
	<document><![CDATA[Be happy for this moment @username http://t.co/GFgx1oqyoH		]]></document>
	<document><![CDATA["@username: #Aquarius hates texting/ calling first! They feel like they're annoying if they do." #true		]]></document>
	<document><![CDATA[Last year http://t.co/01a4VZOKAQ		]]></document>
	<document><![CDATA[10 women who 'became men' to get ahead - via @username http://t.co/gBW5wRNZVU		]]></document>
	<document><![CDATA[Situación sentimental:
Mommy needs wine		]]></document>
	<document><![CDATA["I'm impossible to forget, but I'm hard to remember" http://t.co/mw6TbwuV2q		]]></document>
</author>