<?xml version="1.0" encoding="UTF-8" standalone="no"?><author id="user1007">
	<document><![CDATA[I just became the mayor of Porta Romana on @username! http://4sq.com/9QROVv		]]></document>
	<document><![CDATA[I just became the mayor of Via Torino on @username! http://4sq.com/9iydG3		]]></document>
	<document><![CDATA[Mornig buongiorno! Milano in grey  today!		]]></document>
	<document><![CDATA[@username dude i ve just read Your  email so glad you re fine i ll write back shortly be' carefull in Israel love		]]></document>
	<document><![CDATA[Photo: via James Dean was a conservative http://tumblr.com/x4tb4je7n		]]></document>
	<document><![CDATA[Photo: weird animals eating chemicals - When a fox loves a sheep http://tumblr.com/x4tb4jhx0		]]></document>
	<document><![CDATA[Photo: Meow holy Mary http://tumblr.com/x4tb4jjbb		]]></document>
	<document><![CDATA[Mail to' answer mail to' answer mailllll (@username Glossom) http://4sq.com/c0IK3A		]]></document>
	<document><![CDATA[Photo: Fig 10 Digitals signs / ipad (by Rétrofuturs (Hulk4598) / Stéphane Massa-Bidal I pad signs) http://tumblr.com/x4tb4kkzt		]]></document>
	<document><![CDATA[Thinking about projects (@username Glossom) http://4sq.com/c0IK3A		]]></document>
	<document><![CDATA[Sister Zagadaga say Vote holy prayers! #zagadaga
: http://tumblr.com/x4tb70y7v		]]></document>
	<document><![CDATA[Photo: PAUL SCHIEK: “Good by Angels…”- My heart is shacking http://tumblr.com/x4tb8zp8s		]]></document>
	<document><![CDATA[I just became the mayor of Metro Crocetta on @username! http://4sq.com/cHzfe7		]]></document>
	<document><![CDATA[I'm at Chinatown. http://4sq.com/bM1WCP		]]></document>
	<document><![CDATA[Photo: Magtastic Blogsplosion- Finally I’m back http://tumblr.com/x4tbhkjt5		]]></document>
	<document><![CDATA[Photo: Doshi Levien’s Loves – Sight Unseen http://tumblr.com/x4tbhm6bm		]]></document>
	<document><![CDATA[Discovering iranian Portrait by  Shadi Ghadirian#zagadaga @username: http://tumblr.com/x4tbhms2z		]]></document>
	<document><![CDATA[First fish in naviglio ever seen (@username Porta Ticinese) http://4sq.com/clhIkr		]]></document>
	<document><![CDATA[I just ousted @username as the mayor of Porta Ticinese on @username! http://4sq.com/clhIkr		]]></document>
	<document><![CDATA[I just ousted @username as the mayor of Glossom on @username! http://4sq.com/c0IK3A		]]></document>
	<document><![CDATA[Yummy Junk Food magazine: http://tumblr.com/x4tbjee3l		]]></document>
	<document><![CDATA[@username here all messy but i m really glad you re fine sweety. Waiting for you in Milan #zagadaga		]]></document>
	<document><![CDATA[Photo: Olivia Fremineau ::photographe:: http://tumblr.com/x4tbnggyl		]]></document>
	<document><![CDATA[Photo: Olivia Fremineau ::photographe:: http://tumblr.com/x4tbnghnw		]]></document>
	<document><![CDATA[Photo: Olivia Fremineau ::photographe:: http://tumblr.com/x4tbngjl0		]]></document>
	<document><![CDATA[Photo: Embrace the alien within - but does it float http://tumblr.com/x4tbngv7s		]]></document>
	<document><![CDATA[I just ousted @username as the mayor of Porta Ticinese on @username! http://4sq.com/clhIkr		]]></document>
	<document><![CDATA[No tits just penis “@username: @username si ma il tuo #pinterest ha il topless thursday? -> http://t.co/MT7ROSNp”		]]></document>
	<document><![CDATA[I just became the mayor of Calamatta on @username! http://4sq.com/cxnjPi		]]></document>
	<document><![CDATA[Sound and motion, thiker, tailor, soldier (@username Cinema Arcobaleno w/ 2 others) http://t.co/4Dmf5ldS		]]></document>
	<document><![CDATA[I just unlocked the Level 2 "Baker's Dozen" badge on @username! In it to win it! http://t.co/Ef9dgoCN		]]></document>
	<document><![CDATA[@username stop spam please		]]></document>
	<document><![CDATA[Mac in bomba (@username Glossom) http://4sq.com/hOVPnw		]]></document>
	<document><![CDATA[Mi associo“@username: I just finished to explore the new issue of http://t.co/TWwTb0Kl: loved interaction & color schemes @username”		]]></document>
	<document><![CDATA[@username sweety! Next time, we will try gluten free bagel http://t.co/NXVmF4L8		]]></document>
	<document><![CDATA[In the way to' Office (@username Cairoli Metro Station) http://4sq.com/9t2bnK		]]></document>
	<document><![CDATA[Photo: via www.designboom.com http://tumblr.com/x4tcd2bvo		]]></document>
	<document><![CDATA[Non riesco a leggere wikileaks #wikileaks		]]></document>
	<document><![CDATA[I just unlocked the “Milano da bere” badge on @username! Figata! http://t.co/JkcwEPCT		]]></document>
	<document><![CDATA[@username riso wow #vfopen		]]></document>
	<document><![CDATA[I just ousted @username as the mayor of Glossom on @username! http://4sq.com/c0IK3A		]]></document>
	<document><![CDATA[@username where s raining?		]]></document>
	<document><![CDATA[Coming homepage #zagadaga		]]></document>
	<document><![CDATA[Morning! Se usi Chrome a quanto pare sei sveglio “@username: It's official: Chrome users are smartest http://t.co/IHmZSCxS”		]]></document>
	<document><![CDATA[I just unlocked the "Superstar" badge on @username! http://4sq.com/cZ5Vbd		]]></document>
	<document><![CDATA[I just unlocked the "Campus Explorer" badge on @username! http://t.co/OdgTr4fG		]]></document>
	<document><![CDATA[I just became the mayor of Via Ariosto on @username! http://4sq.com/9pbfdi		]]></document>
	<document><![CDATA[I just became the mayor of Strada Privata Belgirate on @username! http://t.co/TTpje5vv		]]></document>
	<document><![CDATA[I'm at Trecate		]]></document>
	<document><![CDATA[@username beato		]]></document>
	<document><![CDATA[@username well really liked caspa and flyng lotus you was there ? #sonar2010		]]></document>
	<document><![CDATA[RT @username Fashion tip 4 those headed to #SXSW: if #GDC is any indicator, everyone will be wearing plaid shirts. Pack accordingly.		]]></document>
	<document><![CDATA[@username the xx gig reportong for Vogue		]]></document>
	<document><![CDATA[A white Panel and shadow the xx dont show themselves ti public		]]></document>
	<document><![CDATA[Away the white panel on air cristalised that seems playback #thexx #Milan #gig		]]></document>
	<document><![CDATA[@username what s happening dude?		]]></document>
	<document><![CDATA[livestreaming del #sxsw lo trovi qui http://t.co/dbCDsxXz --> next-->Rethinking Civilization for the Social Age #figatetexane		]]></document>
	<document><![CDATA[Pinterest per tutti RT“@username: Are you following LIFE on @username? | http://t.co/0MoepDWB”		]]></document>
	<document><![CDATA[I just unlocked the Level 2 "Bookworm" badge on @username! In it to win it! http://t.co/8Jp6vzjH		]]></document>
	<document><![CDATA[Photo: (via forget-why) I’m in sort of meditatio. I’ll get back soon http://tumblr.com/x4tczieog		]]></document>
	<document><![CDATA[Photo: (via fuckyeahprettyvintage) http://tumblr.com/x4tczikwp		]]></document>
	<document><![CDATA[I just became the mayor of Dipartimento Di Filologia Moderna on @username! http://t.co/PIf05DUZ		]]></document>
	<document><![CDATA[@username gift form #sxsw The back of Napkin  @username Zona piola http://t.co/tHMEVRb8		]]></document>
	<document><![CDATA[I just ousted Jim Morrison as the mayor of Biblioteca Sottocrociera on @username! http://t.co/0ThKPcrX		]]></document>
	<document><![CDATA[Il  mercato delle ricette “@username: Semantic Recipe Search Engine Yummly Raises $6M From Unilever  http://t.co/GDZOSjwp by @username”		]]></document>
	<document><![CDATA[I'm at Diesel Milan_headquarters (Via stendhal, 34, Milan) w/ 4 others. http://4sq.com/9SNC3X		]]></document>
	<document><![CDATA[“@username: <3 to @username and her today's 110/110 cum laude degree http://t.co/NY2o7t14”		]]></document>
	<document><![CDATA[Congratulazioni a @username by @username e Centro Ricerche Ied. Have a look http://t.co/u0B9chh1 via @username  #newmagazine		]]></document>
	<document><![CDATA[I just unlocked the "Trainspotter" badge on @username! http://t.co/c1eJAzI5		]]></document>
	<document><![CDATA[I just unlocked the Level 2 "Warhol" badge on @username! In it to win it! http://t.co/f1fqreQu		]]></document>
	<document><![CDATA[Merry Chrsimas Listen to Vlad Solovjov - Dubstep Christmas on @username http://t.co/WMlrPDK		]]></document>
	<document><![CDATA[Buongiorno! Google maps a 8 bit: awwwwwwn teneroniii #google #aprilfools		]]></document>
	<document><![CDATA[I just unlocked the "Zoetrope" badge on @username! #FilmBuff http://t.co/ebcETqqk		]]></document>
	<document><![CDATA[I just unlocked the Level 6 "Trainspotter" badge on @username! Huzzah! http://t.co/71wEpE0g		]]></document>
	<document><![CDATA[Photo: via Free sally Draper, at least on Christmas Day! http://tumblr.com/x4t14q949m		]]></document>
	<document><![CDATA[Photo: Anka White | iGNANT Happy Holiday from Zagadaga! http://tumblr.com/x4t14qayjd		]]></document>
	<document><![CDATA[Video: Chocolate Bunny | iGNANT http://tumblr.com/x4t14qbb3p		]]></document>
	<document><![CDATA[Photo:  http://t.co/RwkrLPtC		]]></document>
	<document><![CDATA[Jessica Harrison - Images http://tumblr.com/x4t14qdaao		]]></document>
	<document><![CDATA[Photo: Jessica Harrison - 2010 http://tumblr.com/x4t14qdfd2		]]></document>
	<document><![CDATA[Photo: Jessica Harrison - 2010 http://tumblr.com/x4t14qdkcl		]]></document>
	<document><![CDATA[Photo: Jessica Harrison - Tongue http://tumblr.com/x4t14qdyyg		]]></document>
	<document><![CDATA[Photo: Jessica Harrison - 2009 http://tumblr.com/x4t14qf05x		]]></document>
	<document><![CDATA[Buona domanda RT@username: Why Didn’t Twitter Snag Instagram? - AllTwitter http://t.co/OdLRu5IJ”		]]></document>
	<document><![CDATA[Coffee @username  @username The Breakfast Club http://t.co/nvhskQZp		]]></document>
	<document><![CDATA[@username breakfast  @username The Breakfast Club http://t.co/ozPk0cLi		]]></document>
	<document><![CDATA[A very bad case of humour   @username Angel Station http://t.co/iKgWaed1		]]></document>
	<document><![CDATA[VOTO X VLOG.it un italiano ai WEBBY!! My vote + yours = #Webby glory for @username. VOTE NOW: http://t.co/5rgjjGBg		]]></document>
	<document><![CDATA[ansia RT @username #firstclass Those poor souls floating inthe ice cold water,I want to pull them intothe boat but others resist.Why?		]]></document>
	<document><![CDATA[I just unlocked the “4sqDay 2012” badge on @username! Cupcakes and crowns for all! http://t.co/FG1RWa65		]]></document>
	<document><![CDATA[Photo: Fuck the world i am a panda http://t.co/xaHHa2bi		]]></document>
	<document><![CDATA[@username Very mean of you!  This is badmouthing someone else work not arguing! Shame on you!		]]></document>
	<document><![CDATA[@username  U may be right or not, anyway I think that your article sounds like defaming. At least write him before publishing this post!		]]></document>
	<document><![CDATA[@username Ok,I've read the sentence. BTW  you've committed 1 of my biggest annoyances: gratuitous judgement.		]]></document>
	<document><![CDATA[@username Ok, thank you. I have yelled at you and I should apologize for that but this way of arguing freaks me out. Sorry again.		]]></document>
	<document><![CDATA[Photo: The Balde : RAFA ZUBIRIA.My vacation starts here. http://tumblr.com/x4te8hi3u		]]></document>
	<document><![CDATA[Photo: No Way Home : RAFA ZUBIRIA http://tumblr.com/x4te8hozq		]]></document>
	<document><![CDATA[RT benturner83 Someone's chucking stuff out of the window of an office on tottenham court road #tcr street evacuated http://t.co/heyOhpb1		]]></document>
	<document><![CDATA[LA VERA VERITA' RT @username @username don't believe the hype. e' solo l'huffington post che ha bisogno di follower		]]></document>
	<document><![CDATA[@username Don't use my family surname for your app ???? http://t.co/1yYLXIO9		]]></document>
</author>