<?xml version="1.0" encoding="UTF-8" standalone="no"?><author id="user617">
	<document><![CDATA[I wanna thank my mom for giving me a cool ass name		]]></document>
	<document><![CDATA[Aaron Alexy Nilo Thomas		]]></document>
	<document><![CDATA[And all I ever wanted was to act on my attraction		]]></document>
	<document><![CDATA[I wish I could close my eyes and I automatically fall asleep		]]></document>
	<document><![CDATA[I just wanna go to sleep so I can wake up in the morning and defrost those tamales that are in my freezer ????		]]></document>
	<document><![CDATA[@username Probably tomorrow?		]]></document>
	<document><![CDATA[@username from 9-9:50 then my second class is at like 1 I think		]]></document>
	<document><![CDATA[I need to find me a girl that loves Harry potter, Pokemon, and listening to music just as much as I do.		]]></document>
	<document><![CDATA[Me everyday http://t.co/TUHwGchkje		]]></document>
	<document><![CDATA[Alright I'm putting my phone down nobody bother me with notifications. Pfft, what am I saying my phone stays dry as fuck. Night		]]></document>
	<document><![CDATA[of course my room would be cold, and my blankets comfy as hell the day i gotta get out of bed early.		]]></document>
	<document><![CDATA[Shits looking up for me. Ima have a or semester of school this year		]]></document>
	<document><![CDATA[Shits looking up. Ima have a dope semester this year		]]></document>
	<document><![CDATA[She say she love my drive i love that she drives me crazy		]]></document>
	<document><![CDATA[Woke up 10 minutes before I got to get to class. Aaaaand it begins		]]></document>
	<document><![CDATA[Professor walks in the class doesn't say a word, goes straight to her computer goes on YouTube and plays a Nas song. Love this class already		]]></document>
	<document><![CDATA[All my classes and professors seem cool as fuck.		]]></document>
	<document><![CDATA[Everything is COOL except my body cause I'm walking to my car which is out in bumfuck Egypt wearing sweats in 102 degree weather.		]]></document>
	<document><![CDATA[@username I know. I ain't blaming anything on anyone though. Lol		]]></document>
	<document><![CDATA[Bruh fuck all this traffic!!		]]></document>
	<document><![CDATA[More rest and sex is all a nigga need.		]]></document>
	<document><![CDATA[Say she love me for my drive I love her cause she drive me crazy		]]></document>
	<document><![CDATA[Thinking if I should smoke then sleep or just sleep		]]></document>
	<document><![CDATA[I stay in the shower for like 30 minutes just standing under the water thinking about important life decisions		]]></document>
	<document><![CDATA[It's so hoooooot. :(		]]></document>
	<document><![CDATA[I want a five guys burger		]]></document>
	<document><![CDATA[Ordered a burger through the phone so they have it ready by the time I get there ????		]]></document>
	<document><![CDATA[I got home from school and i KNOCKED THE FUCK OUT		]]></document>
	<document><![CDATA[Texas Government class is boring as fuck.		]]></document>
	<document><![CDATA[Is it just me or does a females mind intrigue y'all more than her body		]]></document>
	<document><![CDATA[Mariachi Auditions? Get my accordion Pedro we're gonna be mariachis! ???? http://t.co/mNWiHHn7F9		]]></document>
	<document><![CDATA[Discussin life and all our common goals, smart kids that smoke weed, honor roll.		]]></document>
	<document><![CDATA[Too many girls in this world to be caught up with some other dudes bruh.		]]></document>
	<document><![CDATA[Having class on a friday sucks.		]]></document>
	<document><![CDATA[The peace sign is just the trigger and the middle finger.		]]></document>
	<document><![CDATA[A girl can be fine af but if she's dumb, then i don't even know man. That's tough		]]></document>
	<document><![CDATA[This rain is A1		]]></document>
	<document><![CDATA[That thunder set off people's car alarms. Holy shit ????		]]></document>
	<document><![CDATA[I hate madden man, that shit bores me like no other		]]></document>
	<document><![CDATA[My room can't stay clean for more than one day		]]></document>
	<document><![CDATA[In December i will have my twitter for 4 years.		]]></document>
	<document><![CDATA[I remember when i made my twitter		]]></document>
	<document><![CDATA[It was junior year. I went to high school at bears for 1 semester and I made it in my history class because I was bored		]]></document>
	<document><![CDATA[Cigarettes on cigarettes my momma think I stank		]]></document>
	<document><![CDATA[I just downloaded a lot of new music		]]></document>
	<document><![CDATA[You see I'll never get, why the earth is a puzzle that I'll never fit.		]]></document>
	<document><![CDATA[Raspas! I've been craving a raspa		]]></document>
	<document><![CDATA[There's an odd feeling of satisfaction about laying in a cold room with nothing but the sound of music		]]></document>
	<document><![CDATA[Should really buy my text books now		]]></document>
	<document><![CDATA[Is money really the answer though?		]]></document>
	<document><![CDATA[I need to change my ways.		]]></document>
	<document><![CDATA[Tell me something I don't know		]]></document>
	<document><![CDATA[When my room is clean I feel like I have my life together		]]></document>
	<document><![CDATA[I need to immerse myself in a few good books		]]></document>
	<document><![CDATA[I could go for some late night whataburger right now.		]]></document>
	<document><![CDATA[I need to completely cut out smoking and drinking and replace it with my fitness, and school		]]></document>
	<document><![CDATA[It's hard but it's not impossible		]]></document>
	<document><![CDATA[I think it's time I start picking out who I do and don't need in my life.		]]></document>
	<document><![CDATA[I gotta shut shit down be a man pick friends all selective now		]]></document>
	<document><![CDATA[I go on my trips sometimes but who doesn't?		]]></document>
	<document><![CDATA[I chase money like a hard to get female then throw it back up in the water like a seashell.		]]></document>
	<document><![CDATA[I just wanna be who I am		]]></document>
	<document><![CDATA[I was supposed to read the first chapter from a book I haven't even bought yet by tommorow		]]></document>
	<document><![CDATA[Tables turn, bridges burn, you live and learn.		]]></document>
	<document><![CDATA[Can't wait to live out on my own again		]]></document>
	<document><![CDATA[I was supposed to wake up earlier than usual but snooze buttons exist. So yea you get the jist of it.		]]></document>
	<document><![CDATA[I wish I was able to wake up early.		]]></document>
	<document><![CDATA[Let me rephrase that. I wish I was able to get out of bed right after I wake up early.		]]></document>
	<document><![CDATA[Treating my mom to some Olive Garden cause she deserves it.		]]></document>
	<document><![CDATA[Happens to the best of us RT “@username: True life: 
I cry in my car b4 class”		]]></document>
	<document><![CDATA[Am I the only one that asked what a "Super Salad" was the first time I went to Olive Garden?		]]></document>
	<document><![CDATA[I put earrings today after the longest time, and i already took them off.		]]></document>
	<document><![CDATA[I want my backpack I ordered to arrive already ????		]]></document>
	<document><![CDATA[I'm trapped in my conscious		]]></document>
	<document><![CDATA[@username fuck yea dude. Its totes wicked!		]]></document>
	<document><![CDATA[What's the hol up		]]></document>
	<document><![CDATA[I need my own car already man relying on rides is such a draaaaag.		]]></document>
	<document><![CDATA[Learning to make music is hard and not easy but that's why I like it		]]></document>
	<document><![CDATA[Ima bad muhhfucka straight down to the bristle		]]></document>
	<document><![CDATA[Ima take a quick nap before work		]]></document>
	<document><![CDATA[I need like at least a half a day nap.		]]></document>
	<document><![CDATA[“@username: If you find a solid, moraled woman, don’t be an idiot and do things to lose her.” 

Or learn the hard way. Like me...		]]></document>
	<document><![CDATA[Sometimes I gotta pause the hip hop, and play some indie rock.		]]></document>
	<document><![CDATA[When I listen to awesome music I want people to be around me so we can enjoy the awesome music together		]]></document>
	<document><![CDATA[This song holds many memories. http://t.co/sBeCwnbkCd		]]></document>
	<document><![CDATA[I will have a model wife		]]></document>
	<document><![CDATA[5 rts and I'll yank the girl that sits in front of me hair.		]]></document>
	<document><![CDATA[& I'll snapchat it		]]></document>
	<document><![CDATA[Gotta be by 9:50 cause that's when class ends		]]></document>
	<document><![CDATA[Aww shit tf did I get into		]]></document>
	<document><![CDATA[Jk guys that's rude I'm not mean to my peers		]]></document>
	<document><![CDATA[@username Who ju calling a puss?		]]></document>
	<document><![CDATA[I like being one of the very few black people in my school.		]]></document>
	<document><![CDATA[@username Black student union? Tf is bsu?		]]></document>
	<document><![CDATA[@username She looks like a cookie?		]]></document>
	<document><![CDATA[I'm sitting down minding my business and some girl is walking and staring at me so then she stops and starts waving.		]]></document>
	<document><![CDATA[At first I'm confused cause idk who this girl is or if she's even waving at me. She's like 'do you remember me?' I'm like Nah.		]]></document>
	<document><![CDATA[Apparently I sold her some shoes at Zumiez. lol		]]></document>
	<document><![CDATA[I hold the door open for a girl and she don't know how to respond to my courtesy she's like, ummmmm thanks?		]]></document>
	<document><![CDATA[I always wonder how people perceive me as at first look.		]]></document>
</author>