<?xml version="1.0" encoding="UTF-8" standalone="no"?><author id="user679">
	<document><![CDATA[Quiero THIS fucking shit: http://t.co/njvBFFMVjk		]]></document>
	<document><![CDATA["The closer you get to light, the greater your shadow becomes."		]]></document>
	<document><![CDATA["Opinions are like orgasms: mine matters most, and I really don't care if you have one." Sylvia Plath		]]></document>
	<document><![CDATA["Fighting without hope is not a way to live, it's just another way to die."		]]></document>
	<document><![CDATA[As long as I was fighting, nothing else was real.		]]></document>
	<document><![CDATA["You can tell how dangerous a person is by the way they hold their anger inside themselves quietly."		]]></document>
	<document><![CDATA[@username Are you stoned, my dear? #comparte		]]></document>
	<document><![CDATA[Mirror's Edge a 2'49€ en Steam. #mmm http://t.co/Ju276R1lVw		]]></document>
	<document><![CDATA["@username: "Snail and the raindrop" Photo: http://t.co/UdMOqgirLQ by Vadim Trunov http://t.co/8Ud74YY2Up" @username :3		]]></document>
	<document><![CDATA["@username: EVOLUTION OF HIP HOP http://t.co/z7t4xuu3Eo" 90s win.		]]></document>
	<document><![CDATA["Live together, die alone."		]]></document>
	<document><![CDATA[I want to talk to Jesus.		]]></document>
	<document><![CDATA[I am Princess Dagmalin Greyjoy, Master of Coin. What's your #GameOfThrones name? http://t.co/NpzM0Kvih1 vía @username		]]></document>
	<document><![CDATA["You can be addicted to a certain kind of sadness..."		]]></document>
	<document><![CDATA[I'm in hate with you.		]]></document>
	<document><![CDATA[@username Indeed, bebo café a todas horas <3.		]]></document>
	<document><![CDATA[Oh my my, Scarlett... https://t.co/QjdHN9Wf4Q #Lucy		]]></document>
	<document><![CDATA[Story of my life. http://t.co/BkIohHKwPJ		]]></document>
	<document><![CDATA[@username Lesbian ways, mmhmmm http://t.co/M5rk72BGxy		]]></document>
	<document><![CDATA[Veo referencias al #420 hasta en Lost in Translation....... http://t.co/GWHwCLnAiW		]]></document>
	<document><![CDATA[@username hell-oh¡		]]></document>
	<document><![CDATA[This Skeleton Dances Like No Other.		]]></document>
	<document><![CDATA["My name is Dagmara and I do things."		]]></document>
	<document><![CDATA["Do I wanna know?" tocado por Chvrches es super dulce <3		]]></document>
	<document><![CDATA["Color my life with the chaos of trouble"		]]></document>
	<document><![CDATA[A horrible person with great intentions.		]]></document>
	<document><![CDATA[Dallas Bollers Club.		]]></document>
	<document><![CDATA[@username BISEXUAL Y TODOS CONTENTOS.		]]></document>
	<document><![CDATA[Do you want to go to the plage with me? #Lastres http://t.co/EUM9LOIADN		]]></document>
	<document><![CDATA["I'm not totally useless, I can be used as a bad example."		]]></document>
	<document><![CDATA[@username Jacob & Edward against Bella wowowow		]]></document>
	<document><![CDATA[@username Words aren't needed for that o/		]]></document>
	<document><![CDATA[@username Pelis no tantas, series como Lost o Broad City sí, a tope 8)		]]></document>
	<document><![CDATA[Me ha enamorado mucho Mark Ruffalo en My Life Without Me...		]]></document>
	<document><![CDATA[Promoting my friend Alo: http://t.co/Kr7WQ6A6MD		]]></document>
	<document><![CDATA[Interactive #webdoc about Les Catacombes de Paris http://t.co/tdRlkBHZ44		]]></document>
	<document><![CDATA[@username A trabajar, tú! Yo me voy a recoger fungus funghi o/		]]></document>
	<document><![CDATA[A night at the opera ~ http://t.co/Pn3WPKMYHk		]]></document>
	<document><![CDATA[A las 21:45 The Dark Knight Rises en Telemadrid.		]]></document>
	<document><![CDATA["6 Actors Who Thought They Had Made a Totally Different Movie" http://t.co/LA3XTlMQmO		]]></document>
	<document><![CDATA[@username @username @username Ya ves. Horny -100, Grima +225.		]]></document>
	<document><![CDATA["The cave you fear to enter holds the treasure you seek." – Joseph Campbell		]]></document>
	<document><![CDATA[American Horror STORY, NO History.		]]></document>
	<document><![CDATA[@username ok, then I love it :)		]]></document>
	<document><![CDATA["How am I gonna be an optimist about this?"		]]></document>
	<document><![CDATA[@username yes plssss		]]></document>
	<document><![CDATA["Ethics are a ridiculous game played by children who think they can impose order on an arbitrary universe."		]]></document>
	<document><![CDATA[I worship redheads.		]]></document>
	<document><![CDATA[@username *shares "I just had sex" in fb* hehe		]]></document>
	<document><![CDATA["This is the way the world ends,
not with a bang but a whimper."		]]></document>
	<document><![CDATA[@username ohhhh <3 <3		]]></document>
	<document><![CDATA[What I want, I can't take
because it's the kind of thing 
that has to be given.		]]></document>
	<document><![CDATA[Ea: http://t.co/22SJHIM3yi		]]></document>
	<document><![CDATA[I'm tired of losing opportunities just because people are afraid of talking.		]]></document>
	<document><![CDATA[FMK? No bitch, I'm all KKK!		]]></document>
	<document><![CDATA["How can you still be alive?? You're making me feel bad... Stop it!" http://t.co/uSr5KIzro2		]]></document>
	<document><![CDATA[Slippery when wet.		]]></document>
	<document><![CDATA[Women owe you nothing.		]]></document>
	<document><![CDATA[Sex, culture, violence,
melody and silence.		]]></document>
	<document><![CDATA[Where is Jessica Hyde?		]]></document>
	<document><![CDATA[TripAdvisor is my new best friend.......		]]></document>
	<document><![CDATA["If you're gonna call me 'cute' you have to specify whether you mean 'cute like a baby animal' or 'cute enough to bang mercilessly'"		]]></document>
	<document><![CDATA[(I want it to rain)		]]></document>
	<document><![CDATA["This is Ripley, last survivor of the Nostromo... signing off." — http://t.co/sDluZ8amGu		]]></document>
	<document><![CDATA["I'm not really jealous, don't like lookin' like a clown!"		]]></document>
	<document><![CDATA[Guilt is natural, and I owe you nothing.		]]></document>
	<document><![CDATA[Dag being a proud selfish prick when having a crush.		]]></document>
	<document><![CDATA[and still it doesn't rain		]]></document>
	<document><![CDATA[I don't know what I want, but I know that I want it now.		]]></document>
	<document><![CDATA[I'm multilingual, you know? I can speak english, spanish, polish and the universal language of oral sex.		]]></document>
	<document><![CDATA[Never found myself in the eyes of anyone else.		]]></document>
	<document><![CDATA["It flashes bright, then fades away. It can't protect... it only destroys."		]]></document>
	<document><![CDATA[My neighbours know my name.		]]></document>
	<document><![CDATA[I'm trying to be a better person, but I think I'm only getting colder.		]]></document>
</author>