<?xml version="1.0" encoding="UTF-8" standalone="no"?><author id="user931">
	<document><![CDATA[We ain't picture perfect but we worth the picture still.		]]></document>
	<document><![CDATA[Love yourself, girl, or nobody will.		]]></document>
	<document><![CDATA[@username fast 6		]]></document>
	<document><![CDATA["@username: they killed it  https://t.co/MjjPhx88GB"		]]></document>
	<document><![CDATA[Nothing really matters.		]]></document>
	<document><![CDATA["@username: RT @username: WEEKEND ????"		]]></document>
	<document><![CDATA["@username: Serieus feeling is fucked up right now"		]]></document>
	<document><![CDATA[Goodmorning.		]]></document>
	<document><![CDATA["@username: RT @username: "@username: Naked http://t.co/68zLhljij1""		]]></document>
	<document><![CDATA["@username: RT @username: "@username: Being drunk is not an excuse or reason to cheat.""		]]></document>
	<document><![CDATA["@username: 'streed' WUWUHWUHAHAHHAHAHah"		]]></document>
	<document><![CDATA["@username: Fell for oomf like .. http://t.co/vE12PzTAIx" auch..		]]></document>
	<document><![CDATA["@username: I wish I could make it easy, easy to love me"		]]></document>
	<document><![CDATA["@username: Don't be so quick to believe what you hear because lies spread quicker than the truth."		]]></document>
	<document><![CDATA[He is so beautiful ????		]]></document>
	<document><![CDATA[RT @username: Nicki Minaj - Only ft. Drake, Lil Wayne, Chris Brown http://t.co/GwTStwQL5N		]]></document>
	<document><![CDATA["@username: RT @username: No matter what I do, all I think about is you."		]]></document>
	<document><![CDATA["@username: RT @username: Every 90's kid remembers this fish ???? http://t.co/jtQvfIJIyg"		]]></document>
	<document><![CDATA["@username: I'll never give up on you."		]]></document>
	<document><![CDATA["@username: RT @username: “@username: nobody really seems to care”"		]]></document>
	<document><![CDATA["@username: Positive thoughts only."		]]></document>
	<document><![CDATA["@username: "@username: i want you, not somebody""		]]></document>
	<document><![CDATA[Boy, I wanna be more than a friend to ya.		]]></document>
	<document><![CDATA[RT @username: well, fuck you		]]></document>
	<document><![CDATA[RT @username: You don't need me you have enough others.		]]></document>
	<document><![CDATA[RT @username: RT @username: don't worry about someone who doesn't worry about you		]]></document>
	<document><![CDATA[RT @username: "@username: I gave wrong people the right pieces of me"		]]></document>
	<document><![CDATA[RT @username: Happy birthday to the best mom < gefeliciteerd met je mamsie!		]]></document>
	<document><![CDATA[No one else can speak the words on your lips.		]]></document>
	<document><![CDATA[You thought that I'd be weak without you, but I'm stronger.		]]></document>
	<document><![CDATA[#nw Death Race.		]]></document>
	<document><![CDATA[Conor Maynard ????		]]></document>
	<document><![CDATA[I hear you got a new chick, a dancing little barbie doll.		]]></document>
	<document><![CDATA[Fuck that new girl that you like so bad, she's not crazy like me I bet you like that.		]]></document>
	<document><![CDATA[I said fuck that new girl that's been in your bed, and when you're in her I know I'm in your head.		]]></document>
	<document><![CDATA["@username: "@username: RT @username: Can I take you home?""		]]></document>
	<document><![CDATA["@username: "@username: I want to be someones favorite person to talk to""		]]></document>
	<document><![CDATA["@username: RT @username: Popcorntime boven Netflix #tbh"		]]></document>
	<document><![CDATA["@username: I want a girl with big boobs like the one in tombraider." ????		]]></document>
	<document><![CDATA["@username: @username whut" nothing		]]></document>
	<document><![CDATA["@username: RT @username: I'm better than that"		]]></document>
	<document><![CDATA[#NP Rihanna - Love The Way You Lie (Part 2) ft. Eminem		]]></document>
	<document><![CDATA[I can see you're sad, even when you smile, even when you laugh, I can see it in your eyes, deep inside you wanna cry.		]]></document>
	<document><![CDATA[RT @username: RT @username: I know I'm not the only one.		]]></document>
	<document><![CDATA[One mind, one heart, one love.		]]></document>
	<document><![CDATA[So many people never find the one, that's why I really wanna tell you somethin'		]]></document>
	<document><![CDATA[Love is hard to find, but love is one of a kind.		]]></document>
	<document><![CDATA[If you can't love me now, don't love me later, when my later is much greater.		]]></document>
	<document><![CDATA["@username: RT @username: “@username: Addicted to you”"		]]></document>
	<document><![CDATA["@username: Goodmorning"		]]></document>
	<document><![CDATA["@username: RT @username: RT @username: funny how everything changed"		]]></document>
	<document><![CDATA["@username: RT @username: RT @username: I’m not perfect, but I’m loyal..."		]]></document>
	<document><![CDATA["@username: I hate the snow :("		]]></document>
	<document><![CDATA[#np Mr. Vegas - Hot Gal Nuh Fight Ova Man.		]]></document>
	<document><![CDATA["@username: RT @username: “@username: Who's real these days?”"		]]></document>
	<document><![CDATA["@username: RT @username: I'm not your plan "B"."		]]></document>
	<document><![CDATA[Goodmorning.		]]></document>
	<document><![CDATA["@username: RT @username: RT @username: Hungry and still in bed"		]]></document>
	<document><![CDATA["@username: RT @username: RT @username: Music always puts me in a better mood"		]]></document>
	<document><![CDATA[@username hahaha, studiefinanciering ????		]]></document>
	<document><![CDATA["@username: @username nf, nieuw account" fb!		]]></document>
	<document><![CDATA["@username: RT @username: app me ofzo"		]]></document>
	<document><![CDATA["@username: RT @username: Give it a try? You won't regret."		]]></document>
	<document><![CDATA["@username: Can't be jealous u ain't mine"		]]></document>
	<document><![CDATA["@username: RT @username: “@username: If someone is right for you, you’ll know it.”"		]]></document>
	<document><![CDATA["@username: Can't wait to kiss your lovely lips ????"		]]></document>
	<document><![CDATA["@username: RT @username: you are so beautiful to me .. cant you see"		]]></document>
	<document><![CDATA["@username: RT @username: “@username: i wish i could make it easy, easy to love me”"		]]></document>
	<document><![CDATA["@username: RT @username: “@username: Can we just cuddle?”"		]]></document>
	<document><![CDATA[When I need motivation my one solution is my king cause he stay strong.		]]></document>
	<document><![CDATA["@username: “@username: I rather be hurt by the truth than be comforted by lies”"		]]></document>
	<document><![CDATA["@username: "@username: IK VERVEEL ME""		]]></document>
	<document><![CDATA["@username: "@username: Black High Heel Strappy Sandals ^ http://t.co/exzOzPHf8Y""		]]></document>
	<document><![CDATA["@username: RT @username: Cuddle, Kiss, Touch.."		]]></document>
	<document><![CDATA["@username: RT @username: Don't rush things. Relax, and go with the flow"		]]></document>
	<document><![CDATA["@username: When you stop chasing, they start noticing."		]]></document>
	<document><![CDATA["@username: “@username: "@username: "@username: 15 and you? ?? http://t.co/QHYoIFYT5T" - 18 ????" | 18.?” 17" 20		]]></document>
	<document><![CDATA["@username: Happy new year to my followers <3"		]]></document>
	<document><![CDATA[Dus weer unfollowed mn twitter mensen.. ????		]]></document>
	<document><![CDATA["@username: RT @username: Keep your personal life personal ."		]]></document>
	<document><![CDATA["@username: RT @username: RT @username: WHO DID THIS ???????? http://t.co/joSKARzalT"		]]></document>
	<document><![CDATA["@username: RT @username: Happy New Year from #Paris, France! #NYE #2015 http://t.co/DN7vifKgrI"		]]></document>
	<document><![CDATA["@username: RT @username: “@username: say something i'm giving up on you.”"		]]></document>
	<document><![CDATA["@username: RT @username: I just cant trust nice words"		]]></document>
	<document><![CDATA["@username: RT @username: wie app of dm? :)"		]]></document>
	<document><![CDATA["@username: “@username: bored”"		]]></document>
	<document><![CDATA["@username: You don't really care and you don't love me"		]]></document>
	<document><![CDATA["@username: you are always on my mind."		]]></document>
	<document><![CDATA["@username: RT @username: mind focused, heart closed"		]]></document>
	<document><![CDATA["@username: Iemand appen?"		]]></document>
	<document><![CDATA[#np Trey Songz - One Love		]]></document>
	<document><![CDATA[@username have fun with that :).		]]></document>
	<document><![CDATA["@username: RT @username: I know I'm not the only one."		]]></document>
	<document><![CDATA["@username: RT @username: RT @username: Who's in for a deep convo."		]]></document>
	<document><![CDATA["@username: Coming for ya http://t.co/lsFxgxZafe"		]]></document>
	<document><![CDATA["@username: RT @username: RT @username: Come here, I miss you."		]]></document>
	<document><![CDATA["@username: “@username: RT @username: "@username: "@username: All i need is your fucking attention"""		]]></document>
	<document><![CDATA[Goodmorning.		]]></document>
	<document><![CDATA[She rockin' that thang like..		]]></document>
	<document><![CDATA[When I need motivation, my one solution is my queen cause she stay strong.		]]></document>
</author>