<?xml version="1.0" encoding="UTF-8" standalone="no"?><author id="user112">
	<document><![CDATA[@username sactan ne haber?		]]></document>
	<document><![CDATA[Aurora borealis icin yasiyorum.		]]></document>
	<document><![CDATA[@username fuck that shit! sadece windows aaarrrrrgghhh		]]></document>
	<document><![CDATA[The Big Armutski #filmisimleriniarmutladegistir		]]></document>
	<document><![CDATA[RT @username garfunkel sounds weirder and weirder the more you say it. garfunkel... garfunkel...		]]></document>
	<document><![CDATA[Money ain't a thing when you party with me!		]]></document>
	<document><![CDATA[I just scored 141 on Sturgeon Creek in Harbor Master Lite for #iPhone http://www.imangistudios.com/get-hm.html		]]></document>
	<document><![CDATA[Please please please let me sleep when I want this time. Lord knows it would be the first time.		]]></document>
	<document><![CDATA[@username can we use 2nd edition of main text book for MIS125?		]]></document>
	<document><![CDATA[Introducing Doggelganger: Human to canine pairing software.  Benziyor muyuz? :) http://t.co/qUyIhENK		]]></document>
	<document><![CDATA[Best guilty pleasure is still Blue.		]]></document>
	<document><![CDATA[tayyar ahmeeeet (live at http://t.co/5BOAJqkc)		]]></document>
	<document><![CDATA[@username will we give our homeworks to your secretary in your office in BIM?		]]></document>
	<document><![CDATA[Gloomy day with Nick Cave.                                          (actual so… ? http://t.co/jPZ0aNJY		]]></document>
	<document><![CDATA[#nowplaying  bow wow wow-fools rush in. k?sa bir e?lence.		]]></document>
	<document><![CDATA[Pray for the people inside your head because they won't be there when you're dead. ? http://t.co/Bux9o5qp		]]></document>
	<document><![CDATA[Son günlerdeki playlistim: Coldplay(Mylo Xyloto)-Ayreon-Ludwig van Beethoven-The National(Cherry Tree). ALAAAAKASIZ		]]></document>
	<document><![CDATA[Turkish Macintosh family.		]]></document>
	<document><![CDATA[Bbc Entertaiment'da bbc electric proms var ve su an Oasis-dont look back in anger. Made my day!		]]></document>
	<document><![CDATA[@username muthis.		]]></document>
	<document><![CDATA[@username I'm still Zügey from the block.		]]></document>
	<document><![CDATA[#QueenExtravaganza da finallerde bir Türk @username ! Çok mutluyum! Best wishes for him in the Live Final in L.A.		]]></document>
	<document><![CDATA[@username i'll be the florence, you'll be the machine it's a love story if you just say yes! falan.		]]></document>
	<document><![CDATA[@username baby it's cold outside ?		]]></document>
	<document><![CDATA[St. Vincent.		]]></document>
	<document><![CDATA[just loved Florence + The Machine - Last Christmas (Wham! Cover) http://awe.sm/5ETUb on @username		]]></document>
	<document><![CDATA[now following the Punkreas music blog: http://awe.sm/5ETV4 on @username		]]></document>
	<document><![CDATA[now following the Audio Muffin music blog: http://awe.sm/5ETVH on @username		]]></document>
	<document><![CDATA[just loved Gnarls Barkley - Reckoner (Radiohead cover) http://awe.sm/5ETVP on @username		]]></document>
	<document><![CDATA[Kocaman headphones istiyorum!		]]></document>
	<document><![CDATA[Bir pikabim olsa, The Doors-L.A.Woman koysam, cizir cizir Riders On The Storm dinlesem, NFS Underground'I hatirlasam. Onun yerine uyuyorum.		]]></document>
	<document><![CDATA[THERE'S A STARMAN WAITING IN THE SKY HE'D LIKE TO COME AND MEET US BUT HE THINKS HE'D BLOW OUR MINDS #happybirthdaydavidbowie		]]></document>
	<document><![CDATA["The problem with the world is that the intelligent people are full of doubts while the stupid ones are full of confidence."Charles Bukowski		]]></document>
	<document><![CDATA[I hate you because of reasons.		]]></document>
	<document><![CDATA[@username her muhtesem erkek gaydir ama her gay muhtesem degildir. Thatz a true story!		]]></document>
	<document><![CDATA[Information is Beautiful. It is, indeed, when you put it that way.		]]></document>
	<document><![CDATA[Cee-Lo effect. http://fizy.com/#s/1ktnuy		]]></document>
	<document><![CDATA[Hold on my heart, find your stronger parts.		]]></document>
	<document><![CDATA[Uyurken yazd???m ders notu: "Leadership: ability to influence baby."		]]></document>
	<document><![CDATA[She's not a girl who misses much.		]]></document>
	<document><![CDATA[now following the We All Want Someone To Shout For music blog: http://awe.sm/5EeZY on @username		]]></document>
	<document><![CDATA[now following the Tympanogram music blog: http://awe.sm/5EeZZ on @username		]]></document>
	<document><![CDATA[now following the All Things Go music blog: http://awe.sm/5EeZn on @username		]]></document>
	<document><![CDATA[My Twitter value is $45.04, according to http://www.twalue.com ... What about yours? #twalue		]]></document>
	<document><![CDATA[@username came here to say that		]]></document>
	<document><![CDATA[#radyobogazici The Wailers'a gitmek isterim, neden istemeyeyim? @username		]]></document>
	<document><![CDATA[I got 10,508,212 points while escaping from demon monkeys in Temple Run. Beat that! http://t.co/i2cUP6z3		]]></document>
	<document><![CDATA[now following the Dont Make Lists music blog: http://awe.sm/5EflN on @username		]]></document>
	<document><![CDATA[Business data comm. hocasi: "Please drink cinnamon tea. It is very good. And green tea. Please make me happy. Have you heard about reiki?"		]]></document>
	<document><![CDATA[Tonigjt I'm fucking you @username @username @username		]]></document>
	<document><![CDATA[You'll need more tongue work than brain work to satisfy your boss.		]]></document>
	<document><![CDATA[I lost my interest in Pinterest.		]]></document>
	<document><![CDATA[ALL THE YOUNG DUDEEEEEEEEES		]]></document>
	<document><![CDATA[My Top 3 #lastfm Artists: Red Hot Chili Peppers (31), Mor ve Ötesi (29) & Queen (26) #lastfm		]]></document>
	<document><![CDATA[Bugun gunlerden Perfect Day. Ister salt Lou Reed'li ister David Bowie'li Pavarotti'li.		]]></document>
	<document><![CDATA[“True Love Ways” by My Morning Jacket is my new jam. ?  http://t.co/RWkC7smW		]]></document>
	<document><![CDATA[#lastfm Artists: The White Stripes (34), Damon Albarn (w/ Afel Bocoum, Toumani Diabate, Ko Kan Ko Sata Doumbia).. http://t.co/7buOhObb		]]></document>
	<document><![CDATA[I'm at ?TÜ AVM Sosyal Tesisi (?stanbul, Turkey) w/ 30 others http://t.co/X3r2Plg2		]]></document>
	<document><![CDATA[“Murray Head” by One Night in Bangkok is my new jam. ?  http://t.co/j7JiAFNt		]]></document>
	<document><![CDATA[My Top 3 #lastfm Artists: DANdadaDAN (36), Coldplay (16) & Athena (15) http://t.co/7buOhObb		]]></document>
	<document><![CDATA["@username: The average person spends 45 to 62 minutes a day just waiting." @username ortalamayi yukseltiyorum kanka		]]></document>
	<document><![CDATA[My Top 3 #lastfm Artists: Robbie Williams (20), The National (15) & Athena (10) http://t.co/7buOhObb		]]></document>
	<document><![CDATA[“@username: Last night http://t.co/4Y5pYUYF” su playlistin aynisi olsun baska sey istemem #rhcp		]]></document>
	<document><![CDATA[My Top 3 #lastfm Artists: Athena (27), MFÖ (16) & Mor ve Ötesi (16) http://t.co/7buOhObb		]]></document>
	<document><![CDATA[:) :)
AS I SAID LAST WEEK, MIS 252 CLASSES IN THIS WEEK ,ON 17 APRIL AND 18 APRIL, ARE CANCELLED.
:) :)  gerçek.		]]></document>
	<document><![CDATA[My Top 3 #lastfm Artists: Mor ve Ötesi (21), Fiona Apple (11) & Queen (4) http://t.co/7buOhObb		]]></document>
	<document><![CDATA[@username guess what? ben gelemiyorum. SURPRISE!		]]></document>
	<document><![CDATA[My Top 3 #lastfm Artists: Pulp (40), Pinhani (38) & M. Ward (13) http://t.co/7buOhObb		]]></document>
	<document><![CDATA[My Top 3 #lastfm Artists: Replikas (19), Pulp (11) & Morrissey (10) http://t.co/7buOhObb		]]></document>
	<document><![CDATA[My Top 3 #lastfm Artists: Replikas (21), Pulp (15) & Goran Bregovi? (15) http://t.co/7buOhObb		]]></document>
	<document><![CDATA[My Top 3 #lastfm Artists: Red Hot Chili Peppers (26), Athena (23) & DANdadaDAN (12) http://t.co/7buOhObb		]]></document>
	<document><![CDATA[Describe me in three words on threewords.me! #threewordsme http://t.co/ZNjNVCC		]]></document>
	<document><![CDATA[@username ofkorsmayhors		]]></document>
	<document><![CDATA[Norvec, Satisfaction(Darbuka remix) ile katilmis.		]]></document>
	<document><![CDATA[My Top 3 #lastfm Artists: Rufus Wainwright (19), Red Hot Chili Peppers (13) & Büyük Ev Ablukada (13) http://t.co/7buJKeah		]]></document>
	<document><![CDATA[Matematik seviyorum tarih falan seviyorum ama network internet protocols router switch ethernet falan sevmiyorum		]]></document>
	<document><![CDATA[My Top 3 #lastfm Artists: The Black Keys (19), Santana (13) & Scissor Sisters (12) http://t.co/7buJKeah		]]></document>
	<document><![CDATA[My sweet lord -HARE KRISHNA- oo my lord -KRISHNA KRISHNA- my lord -HARE HARE- my sweet lord -GURUR BRAHMA- : babamin sevdigi sarki.		]]></document>
	<document><![CDATA[My Top 3 #lastfm Artists: The Beatles (8), The Black Keys (4) & Pinhani (4) http://t.co/7buJKeah		]]></document>
	<document><![CDATA[threewords is the new formspring: http://threewords.me/hayalimuckelime		]]></document>
	<document><![CDATA[My Top 3 #lastfm Artists: PJ Harvey (18), Cliff Martinez (14) & Pink Martini (10) http://t.co/7buJKeah		]]></document>
	<document><![CDATA[@username digiturkte nick&norah vermeye baslamislar, you sexy thing.		]]></document>
	<document><![CDATA[My Top 3 #lastfm Artists: Red Hot Chili Peppers (11), The Doors (8) & DANdadaDAN (7) http://t.co/7buJKeah		]]></document>
	<document><![CDATA[I just unlocked the "Newbie" badge on @username! http://4sq.com/gsUq6j		]]></document>
	<document><![CDATA[My Top 3 #lastfm Artists: The National (12), The Beatles (9) & The Black Keys (3) http://t.co/7buJKeah		]]></document>
	<document><![CDATA[My Top 3 #lastfm Artists: David Bowie (5), Muse (5) & Duman (5) http://t.co/7buJKeah		]]></document>
	<document><![CDATA[@username Wow istiyorum. Wow.Wow.Wow.Wow. of çok istiyorum.		]]></document>
	<document><![CDATA[I spy to change the world, to change your world.		]]></document>
	<document><![CDATA[Some Like It Cold.		]]></document>
	<document><![CDATA[My Top 3 #lastfm Artists: Redd (14), Mor ve Ötesi (9) & Gorillaz (8) http://t.co/7buJKeah		]]></document>
	<document><![CDATA[Surviving TheEnd! Just scored 257.107 points with TheEndApp. Awesome! Check it out! http://t.co/gAQJt4Oz		]]></document>
	<document><![CDATA[Surviving TheEnd! Just scored 1.314 points with TheEndApp. Awesome! Check it out! http://t.co/gAQJt4Oz		]]></document>
	<document><![CDATA[Hufflepuff'a girsem Hogwarts'tan mezun oldum bile diyemezdim utanctan.		]]></document>
	<document><![CDATA[My Top 3 #lastfm Artists: Arctic Monkeys (13), Coldplay (2) & Pulp (1) http://t.co/7buJKeah		]]></document>
	<document><![CDATA[My Top 3 #lastfm Artists: Depeche Mode (29), T. Rex (4) & System of a Down (3) http://t.co/7buJKeah		]]></document>
	<document><![CDATA[@username the event		]]></document>
	<document><![CDATA[My Top 3 #lastfm Artists: My Morning Jacket (13), Pearl Jam (10) & Andreya Triana (9) http://t.co/7buJKeah		]]></document>
	<document><![CDATA[Just recorded a group song "Billionaire" using Smule's #Glee app http://glee.smule.com/song/group/276624 - go gleek it! #Smule		]]></document>
	<document><![CDATA[My Top 3 #lastfm Artists: David Bowie (34), Gwen Stefani (20) & Nick Cave and The Bad Seeds (15) http://t.co/7buJKeah		]]></document>
	<document><![CDATA[Josh Klinghoffer'in Warpaint'ten sevgilisi varmis. Kiskancliktan catladim.		]]></document>
</author>