<?xml version="1.0" encoding="UTF-8" standalone="no"?><author id="user842">
	<document><![CDATA[@username is straightening my hair #sisters		]]></document>
	<document><![CDATA[Selling my car and never driving again #accidents		]]></document>
	<document><![CDATA[All white outfit after Labor Day? Not sorry about it. #initiation2011 #zetalove		]]></document>
	<document><![CDATA[@username I ain't mad I just haven't checked Twitter all night! And you're right, I ate with a fucking bib #hatewhites		]]></document>
	<document><![CDATA[I can be brown I can be blue I can be violet sky. I can be hurtful I can be purple I can be anything you like		]]></document>
	<document><![CDATA[@username I try to be like Grace Kelly! Mmm but her looks were too sad ahhh so I try a little Freddie mmm I've gone identity mad!		]]></document>
	<document><![CDATA[So this is what karma feels like...I steal internet for 3 months, I lose internet connection on the busiest days of my week #stuckinteamroom		]]></document>
	<document><![CDATA[@username @username DO IT DO IT DO IT COME COME COME COME COMMMEEEE!!!!!!		]]></document>
	<document><![CDATA["There's only Children of the Corn 7" #movienight		]]></document>
	<document><![CDATA[Getting everything DONE today and it's putting me in the best mood EVER #aheadonhomework #willrockspanish #whatupspeech :)		]]></document>
	<document><![CDATA[Who needs Rex Burkhead when you have @username ? http://t.co/KVyJIHG		]]></document>
	<document><![CDATA[#ihate flaky professors.		]]></document>
	<document><![CDATA[Just realized that I have absolutely nothing to do today #WHOA #bestfeelingeverr		]]></document>
	<document><![CDATA[One-fourth of my refrigerator is cheese		]]></document>
	<document><![CDATA[Oh hey, Kansas City. Are you ready for us? #QUADreunited :) :) :)		]]></document>
	<document><![CDATA[My very first Betsey Johnson boutique visit was completely ruined by the. most. annoying. sales. person. EVER. #stillgotcutestuffthough		]]></document>
	<document><![CDATA[#thatawkwardmoment when you realize you didn't put deodorant on today.... and you can't go home		]]></document>
	<document><![CDATA[I almost cried http://t.co/qSYDBPC #hopelessromantic		]]></document>
	<document><![CDATA[I have soooo much wireless internet all up in mah house #payingforinternet #ethical		]]></document>
	<document><![CDATA[Dead bug in the motel hair dryer. #super8		]]></document>
	<document><![CDATA[Just bought an obscene amount of bread. #onlythingicaneat #carboverload		]]></document>
	<document><![CDATA[Gotta wash so many tears and so much snot from my hair #bawlingtoddlers  #sickbabies #roughday		]]></document>
	<document><![CDATA[New Girl is so awesome		]]></document>
	<document><![CDATA[In the best mood I've been in all week. Time to run off some happy energy before I find myself in a gigglefit for the rest of the night :)		]]></document>
	<document><![CDATA[Kinda sweaty from the intense wine-opening, upper-body workout #worthit		]]></document>
	<document><![CDATA[Ultimate high school throwback: Writing a report in two hours... on a book I've never read #bsactivate		]]></document>
	<document><![CDATA[Would I call this a success? umm sure. #jimmysleepingonmyfloor #okgoodnightitired		]]></document>
	<document><![CDATA[Its so hard getting into tournament mode when we don't have to travel for 3+ hours #tryingtogetpumped #donut		]]></document>
	<document><![CDATA[@username Nickelback ruins everything that is good		]]></document>
	<document><![CDATA[Just took my temperature with a Spongebob thermometer #BALLIN		]]></document>
	<document><![CDATA[I just hung out with so many homos. And I'm dressed as a kitty cat #supagayparty #sleepytweet		]]></document>
	<document><![CDATA[that was stupid. #anticlimactic		]]></document>
	<document><![CDATA[Classic halloween: hung out with family, carved a pumpkin, and gave candy to trick-or-treaters #perfect :)		]]></document>
	<document><![CDATA[@username you'd better have a jaw-dropping costume to make up for your age! :)		]]></document>
	<document><![CDATA[@username I was actually hoping you were going to dress up like something along the lines of a unicorn....		]]></document>
	<document><![CDATA[@username or a princess. I'm into cutesy Halloween costumes. This year I was a kitty cat and an angel :)		]]></document>
	<document><![CDATA[@username dress up as t-swift!! :)		]]></document>
	<document><![CDATA[Classic Halloween made even more perfect. Scary movie with @username :)		]]></document>
	<document><![CDATA[I just watched a bunch of videos that members of my speech team obnoxiously posted on my wall over winter break last year #manilovemyteam		]]></document>
	<document><![CDATA[Racist comments in class #omg		]]></document>
	<document><![CDATA[eff mah life #completelyexhausted		]]></document>
	<document><![CDATA[#UUUUHHHHHHHHH i like it like that keep workin that back i dunno how to act slow motion for meh		]]></document>
	<document><![CDATA[@username It came on the radio earlier tonight and I totally thought of you!! It's our song bahaha :)		]]></document>
	<document><![CDATA[I take back every complaint about wanting the weather to get chilly #psycoweather #helloumbrella		]]></document>
	<document><![CDATA["Altruism: the way to get behind in life" -@username		]]></document>
	<document><![CDATA[@username Follow me, bitch! Please?		]]></document>
	<document><![CDATA[Why is my room SO FREAKING COLD?!! #nevergettingoutofbed		]]></document>
	<document><![CDATA[@username don't call yourself old!! Think of yourself as outdated or as an antique :)		]]></document>
	<document><![CDATA[Starting my morning off right by watching B's "Countdown" on repeat. #pumped #getatmegoodday		]]></document>
	<document><![CDATA[Hour and a half extemp coaching with Duncan= I know EVERYHING		]]></document>
	<document><![CDATA[Brown water came out of the shower when I turned it on. And I dried my hair using the room heater... #EconoLodge		]]></document>
	<document><![CDATA[I hate playing Egyptian Rat Screw with @username and @username.		]]></document>
	<document><![CDATA[45 minute shower. #ilovebeinghome		]]></document>
	<document><![CDATA[I CAN'T TO HOMEWORK WHEN @username IS MAKING ME LOOK AT ADORABLE ANIMALS ON ATTACK OF THE CUTE		]]></document>
	<document><![CDATA["Once upon a time I had a bird but my muther killd it becus she did not feed it till it tolked" @username		]]></document>
	<document><![CDATA[@username you could cuddle with me instead :)		]]></document>
	<document><![CDATA[Actually had a good day at Ruth Staples :) #startingtolovethosekiddos @username :)		]]></document>
	<document><![CDATA[omg Constance Buttons........................................		]]></document>
	<document><![CDATA[I would like to fast forward to two years from now. Btw, @username is a BITCH of a roommate, #fml #makefriendswithtoastnotpeople		]]></document>
	<document><![CDATA[@username @username Coincidentally, we already have a sitcom, a reality tv show, and a morning talk show in the works		]]></document>
	<document><![CDATA[@username @username Their names, respectively: Uncomfortable. The Real Housewives of Our Living Room. And Colson/Schaal Korner.		]]></document>
	<document><![CDATA[@username @username Working on it. Which one you like best?		]]></document>
	<document><![CDATA[Impromptu-ed speeches about ancient Egypt, rainbows, and Runza+ "loading" hand gesture @username @username  #extemplove :)		]]></document>
	<document><![CDATA[Get me out of this overly crowded Starbucks #claustrophobia		]]></document>
	<document><![CDATA[There's girl talking on the phone in Ukraine on my right and a Mexican lady explaining to her son in Spanish how to spell "sillas" #Heaven		]]></document>
	<document><![CDATA[Where is everyone?		]]></document>
	<document><![CDATA[I feel asleep to NPR around 10 o'clock. #oldlady		]]></document>
	<document><![CDATA[Really enjoying the male barista's habit of singing Phantom and Regina randomly. Oh did I mention I live at Starbucks now? #mylife		]]></document>
	<document><![CDATA[CA model= headache :(		]]></document>
	<document><![CDATA[@username haha what?		]]></document>
	<document><![CDATA[@username is the best. So was ice skating #teamlove :)		]]></document>
	<document><![CDATA[Calm and content. But mostly calm :) http://t.co/4zPwcZR		]]></document>
	<document><![CDATA[@username I just saw the trailer for "Like Crazy"... GAAAHHH!!! Can I see it with you?! It looks amazing!!		]]></document>
	<document><![CDATA[Nothing clears my mind more than running. Before making any major decisions, I now know to run at least 2 miles. #cool #calm #collected		]]></document>
	<document><![CDATA[Wishing @username would wake up so we can get Starbucks before leading IFT		]]></document>
	<document><![CDATA[Missing my toddlers right now. #canthandleadults #wanttobeworking		]]></document>
	<document><![CDATA[@username Definitely a high point.. twitter high-five for Captain Planet!		]]></document>
	<document><![CDATA[Sorry I make you hate me, UNL Parking and Transit Services #freeparking		]]></document>
	<document><![CDATA[@username Hahaha I was so confused/ prepared to take you out for ice cream :)		]]></document>
	<document><![CDATA[Q time with @username @username @username Oh yeah baby :)		]]></document>
	<document><![CDATA[Today is just one of those days that I love my life :) #8hoursatthedaycare #amazingweek		]]></document>
	<document><![CDATA[In such an 80's movie mood. Inspired by http://t.co/x6XBXS6		]]></document>
	<document><![CDATA[@username is such a bad influence. But I like it.		]]></document>
	<document><![CDATA[Celebrating my dad's birthday today! #happybdaydad #homaha #gottagetapresent		]]></document>
	<document><![CDATA[Family+ steak and potatoes+ wine+ playing with Lola= awesome day so far :)		]]></document>
	<document><![CDATA[please stop. #uncomfortable		]]></document>
	<document><![CDATA[An AWESOME weekend= scrambling to finish homework on Monday morning #oops		]]></document>
	<document><![CDATA[@username @username DICK MOVE.		]]></document>
	<document><![CDATA[@username I was going to offer mine but then I remembered that you got on my FaceBook today...		]]></document>
	<document><![CDATA[I honestly believe that persuade is making me physically sick #headpounding #gunnavomitfromfrustration		]]></document>
	<document><![CDATA[He's single. He's handsome. He's cool to the max! Interested? Write to Max  Tyler at 10 Surf St. Venice #BillboardDad @username		]]></document>
	<document><![CDATA[So tempted to wear sweatpants in public today. Sooooooo tteeemmmpppttteeddddddd		]]></document>
	<document><![CDATA[Tuck is sleeping instead of coaching me		]]></document>
	<document><![CDATA[I love bonding with @username over pancakes and @username paying for our late night snack!! #bestnight :)		]]></document>
	<document><![CDATA[@username should've been cast in The Blair Witch Project		]]></document>
	<document><![CDATA["You know dem boys? Dem boys with the crazy hair in speedos? That's me." -Uncle Ron #familythanksgiving		]]></document>
	<document><![CDATA["Now Kelsie, those Spanish boys will cling onto you, but don't bring home any." -Aunt Connie #advice #familythanksgiving		]]></document>
	<document><![CDATA["How is Twilight predictable? The vampires don't burn in the sun, they sparkle like diamonds. WHAT UP?" -Cousin Carrie #familythanksgiving		]]></document>
	<document><![CDATA[I'm thankful for such an entertaining, hilarious, obnoxious and amazing family :)		]]></document>
	<document><![CDATA[@username things between us are going to be awkward now.		]]></document>
</author>