<?xml version="1.0" encoding="UTF-8" standalone="no"?><author id="user283">
	<document><![CDATA[Nah Puyol would get a jab in the lip for that ????????		]]></document>
	<document><![CDATA[“@username: So now tall ppl ain't approachable ? I joss don't kno man”don't worry bro it's the beard too????		]]></document>
	<document><![CDATA[Tall and beard gang = Unapproachable, Short and Baby face = Bae ????		]]></document>
	<document><![CDATA[“@username: @username ahhh man noticed ???? beard gang ????????”< ????		]]></document>
	<document><![CDATA[LVG doesn't pull any punches! Establishes Valdes as the number 2 immediately ????		]]></document>
	<document><![CDATA[When you forget you have the aux cord ???????? https://t.co/ayinc6j75N		]]></document>
	<document><![CDATA[When ur mum tells u to say a quick prayer before bed???????? https://t.co/MQXNJAWdIG		]]></document>
	<document><![CDATA[Uncle went in ???????? https://t.co/D2kOhF9dRt		]]></document>
	<document><![CDATA[Mothers life uno???? https://t.co/Tf8x4RpDAy		]]></document>
	<document><![CDATA[#remake Ardis Grace So into You?? This tune is ???? https://t.co/QkYAhcKPRu		]]></document>
	<document><![CDATA[The pause ???????????? https://t.co/r108dqb0H8		]]></document>
	<document><![CDATA[Nah that spit vibe has me crying! Dyu know how funny that is		]]></document>
	<document><![CDATA[“@username: I had only been speaking to this girl for less than two days uno!!! Is this normal???? http://t.co/tLWBoFhcny”< hhgjbcxjjjvg		]]></document>
	<document><![CDATA[Angers my souls when shit people just mess someone's life up!		]]></document>
	<document><![CDATA[“@username: HELP ME, HELP A NEGRO OUT http://t.co/gqjlNP49Jw”<		]]></document>
	<document><![CDATA[Mfkdndkdndk I can't take this girl anymore uno ???????????????? https://t.co/4dYfzRdV4X		]]></document>
	<document><![CDATA[Well, shud I just sleep until April Cuz ???? http://t.co/3NMiT3JnyM		]]></document>
	<document><![CDATA[Can't believe my mate is getting married next sat. I remember being in college with her like it was yesterday ????		]]></document>
	<document><![CDATA[“@username: Have you heard ‘young homie’ by SoonMadeZags on #SoundCloud? https://t.co/tpndn0TdrY”<		]]></document>
	<document><![CDATA[“@username: I'll rather someone just tells me they're busy than doing 5 hour replies like I'm bothering them”<		]]></document>
	<document><![CDATA[Shudda gone gym today.. I'm allowing myself 4 lazy days a month. This is one ????		]]></document>
	<document><![CDATA[KMT I need robb tho, my nose is doing a madness		]]></document>
	<document><![CDATA[“@username: How I love being cheeky ????????”<		]]></document>
	<document><![CDATA[@username it's everyone tbh ???????? info this every week ????????		]]></document>
	<document><![CDATA["I ain't got no type" ????		]]></document>
	<document><![CDATA[“@username: Everyman caught a yung boner init. snm.”< bastard ????		]]></document>
	<document><![CDATA[“@username: In the past 8-10 I've met some great Christians”< I wanna meet so much more!		]]></document>
	<document><![CDATA[“@username: @username lmfao bares. I need to find the church society on campus”bro it's needed.		]]></document>
	<document><![CDATA[“@username: ......that I'll probably end up buying :(”< that's probably the most annoying part.		]]></document>
	<document><![CDATA[“@username: @username they're   Friends with satan”<		]]></document>
	<document><![CDATA[“@username: piff girls make you wanna chill n shit”<		]]></document>
	<document><![CDATA[Not even just piff girls tbh. When you have that one conversation and deep how much this girl gets you darrizit		]]></document>
	<document><![CDATA[Blocked nose ???? #JesusFixIt ????????????????		]]></document>
	<document><![CDATA[@username nah only lasted an hour ???? if I went sleep I wouldn't have noticed		]]></document>
	<document><![CDATA[“@username: @username ???????????? pele apply robb”< it's finished ????		]]></document>
	<document><![CDATA[“@username: @username peeeaaaak ???????????? drink cod liver oil ive told you”< nah izokay, Jesus will fix it		]]></document>
	<document><![CDATA[“@username: @username I have a bone to pick with you”< what's wrong????		]]></document>
	<document><![CDATA[“@username: @username kmt you messed up my sleeping pattern”Pls pls I did no such thing ????????		]]></document>
	<document><![CDATA[“@username: @username ehhh do you ever call me at reasonable times?”< when was the last time I even did that Pls ????		]]></document>
	<document><![CDATA[“@username: @username Saturday ????”< exactly, years ago ????		]]></document>
	<document><![CDATA[“@username: @username smh see your life”< it's nearly 4:30 jay???? go bed		]]></document>
	<document><![CDATA[“@username: @username have I not been laying here for hours counting sheep ????”< talk to Jesus b		]]></document>
	<document><![CDATA[“@username: @username so I should pray?”< Nite Janesh ????????????????????		]]></document>
	<document><![CDATA[“@username: @username ???? government name”< nite????		]]></document>
	<document><![CDATA[“@username: Seeing as, a lot of the time, we have to work twice as hard, I think we should be incredibly proud of our achievements. No?”<		]]></document>
	<document><![CDATA[I don't get the sarcasm tho ???? https://t.co/BYKBJfOTIo		]]></document>
	<document><![CDATA[Kmt I'm not getting annoyed this morning ????		]]></document>
	<document><![CDATA[“@username: @username its friiiiiiday friiiiday”< I know but have you seen what's on the TL this morning?		]]></document>
	<document><![CDATA[“@username: Ten pants sizes later ???????????????????? http://t.co/0WsKIS2PNZ”< wow		]]></document>
	<document><![CDATA[“@username: @username no I'm oblivious what happened?”https://t.co/gPeGSKIgll		]]></document>
	<document><![CDATA[Everytime Wiv yu ppl ???? https://t.co/mg2koNpiLj		]]></document>
	<document><![CDATA[“@username: “@username: Everytime Wiv yu ppl ???? https://t.co/mg2koNpiLj” this is funny????????????????????”< ????????		]]></document>
	<document><![CDATA[< Aunty ???? https://t.co/CfqJ3hCY6j		]]></document>
	<document><![CDATA[Hhhvfxxccxx like looking in the mirror for a couple ppl I know ???? https://t.co/RilxKNfUNR		]]></document>
	<document><![CDATA[Looooooooooool Girls?? Is this true??  https://t.co/zQ1pNtBbt9		]]></document>
	<document><![CDATA[Sucker punched him into 2016 and the year's just started???????????????????????? https://t.co/Td7K9p5pN4		]]></document>
	<document><![CDATA[How singers laugh ???????? @username @username https://t.co/1i8QBlj3Ri		]]></document>
	<document><![CDATA[Jdjdndjd the last one  https://t.co/Xb69lqMzDB		]]></document>
	<document><![CDATA[Okay I'm done with vine ???? https://t.co/vOWNjnyBmc		]]></document>
	<document><![CDATA[“@username: Kanye West Featuring Drake and The Weeknd could release at any moment. http://t.co/aAuUgLCGkU http://t.co/t3WSxfBK7J”< madness		]]></document>
	<document><![CDATA[Kanye and Drake on the same track ???????? the Internet will brake		]]></document>
	<document><![CDATA[Full English at 12:30, I dont care!		]]></document>
	<document><![CDATA[“@username: 2014 UEFA Team of the Year
featuring Angel Di Maria
https://t.co/fZF5X1Pd6q”< ANGEL??????????		]]></document>
	<document><![CDATA[“@username: Manchester United have made a formal offer of £35M to Borussia Dortmund for captain Mats Hummels.”< ????		]]></document>
	<document><![CDATA[If Hummels wants to come, he'll force the move through, hand in a transfer request Mats		]]></document>
	<document><![CDATA[“@username: If your interested in driving lessons. Holla me ????”<		]]></document>
	<document><![CDATA[Nah Josh will teach me by force ????		]]></document>
	<document><![CDATA[“@username: 17 Times Terrence Howard played the same character http://t.co/0loQK7hUBF http://t.co/lu25C7XMTA”< original OG		]]></document>
	<document><![CDATA[“@username: Happy to be back in the midlands ???? http://t.co/X6TlHG4hql”< Lauren the spice ????		]]></document>
	<document><![CDATA[“@username: What is this confused bitch chatting about http://t.co/Aw0O4l8HaP”<		]]></document>
	<document><![CDATA[This girl is active ???? so so active ????????		]]></document>
	<document><![CDATA[Someone who's this girl's friend needs to have a chat with her, she ain't the queen uno ????		]]></document>
	<document><![CDATA[Maybe she is ????		]]></document>
	<document><![CDATA[“@username: @username awww that's sweet thank you ????”< haven't I said this since bbm ????		]]></document>
	<document><![CDATA[“@username: Preach ???? http://t.co/gVAR1e7ZIU”< you're always reading my mind ????		]]></document>
	<document><![CDATA[Back on my gym regime but my diet is allova the place!		]]></document>
	<document><![CDATA[“@username: OGYAAAA???????????????????????????? http://t.co/YSEa5YtlvV”< that red dress???? her waist can't be real		]]></document>
	<document><![CDATA[Loving cardigans and jumpers lately http://t.co/B1kBGOZf3g		]]></document>
	<document><![CDATA[“@username: @username I like that jumper”< me too thanks		]]></document>
	<document><![CDATA[Missed eastenders and CBB ????		]]></document>
	<document><![CDATA[I'll watch em later Lemme cook suttun		]]></document>
	<document><![CDATA[This flu is gone too ???????? we thank God man		]]></document>
	<document><![CDATA[“@username: #mufc have only conceded more than 1 goal once in their last 15 games. (West Brom away)”<		]]></document>
	<document><![CDATA[@username lol even Enders? It's Friday there's always a bombshell		]]></document>
	<document><![CDATA[“@username: @username face to face nominations just starting”oh cool		]]></document>
	<document><![CDATA[I'm making special fried rice Yh, but I have no prawns ???????? bacon will do		]]></document>
	<document><![CDATA[“@username: @username this gets my stamp of approval.”< thanks ????????		]]></document>
	<document><![CDATA[“@username: @username man lyk iTunes ????????”< ????thanks, don't get me started on you tho????		]]></document>
	<document><![CDATA[“@username: I took this photo by my apartment. Look at it, then look at it again upside down. http://t.co/uX1bpoPhKN”< Photograph porn????		]]></document>
	<document><![CDATA[Upside down and its night???? wavy		]]></document>
	<document><![CDATA[“@username: Oi you guys lied to man. EE told me 2GB of data can last me a month ????”fmdndkd 2 days fam		]]></document>
	<document><![CDATA[“@username: #twitpicyourtrendylips http://t.co/ePnHE2ABUs”< this made me smile ????		]]></document>
	<document><![CDATA[All this Fboy talk I thought we left that in 2014?		]]></document>
	<document><![CDATA[@username listen wifi is my best friend wherever I go and I have 4 GB		]]></document>
	<document><![CDATA[“@username: “@username: “@username: #twitpicyourtrendylips http://t.co/ePnHE2ABUs”< this made me smile ????” ?? awww did I ?????????”< yup????		]]></document>
	<document><![CDATA[“@username: @username loool kl i need to use wifi more then????”< deffo darg		]]></document>
	<document><![CDATA[“@username: VINE: Louis van Gaal has been waiting a long time to say this... #mufc https://t.co/wmJw92c5Ny”< Get well soon Youngy????		]]></document>
	<document><![CDATA[“@username: When you realise United's number 2 GK has more followers than Citeh ????

#ManchesterIsRed #MUFC http://t.co/2NtugUSzvd”< ????		]]></document>
	<document><![CDATA[“@username: http://t.co/tZqwULu4rY”< Luv this pic		]]></document>
	<document><![CDATA[Listen I've had enough of guys pretending to be girls for small bants???? it was funny in 2014 lads		]]></document>
</author>