<?xml version="1.0" encoding="UTF-8" standalone="no"?><author id="user641">
	<document><![CDATA[Check out @username 's new and extremely sensual track 'I Want You' premiered over at @username http://t.co/t3kmFtMdTb		]]></document>
	<document><![CDATA[New @username track is smooth as hell! DL it for free from @username http://t.co/CXthTcMzol		]]></document>
	<document><![CDATA[@username, @username, @username tunes and a @username guest mix from 2013 in this weeks' @username show http://t.co/GmVvnCtCaB		]]></document>
	<document><![CDATA[The new @username remix of @username & @username 's 'Drop The Game' is huge! https://t.co/tKl9A4ZvY9 via @username		]]></document>
	<document><![CDATA[Absolutely lovin' the new Prince joint 'Clouds' @username. What do u guys think about it?		]]></document>
	<document><![CDATA[Check out this weeks' best tracks ft. @username, @username, @username and others: http://t.co/vv3Mh9P14F http://t.co/hPVA53YXKp		]]></document>
	<document><![CDATA[Today's raving vs 90s raving via @username http://t.co/QcUdcGCsJh		]]></document>
	<document><![CDATA[A better-late-than-never review of the new @username x @username compilation: http://t.co/zCQkElnO7E		]]></document>
	<document><![CDATA[Just uploaded "http://t.co/ScrZpuIlez Podcast #006: Bestival Inspired" to @username http://t.co/qNBuMNrNoe Tune in now!		]]></document>
	<document><![CDATA[We reviewed @username's debut LP "Goddess" - http://t.co/k6jKL0YZ7p		]]></document>
	<document><![CDATA[The 2nd episode of @username's 'Freedom of the DJ' series focuses on #Liverpool 's house scene,@username  - http://t.co/wUjCYtEBxd		]]></document>
	<document><![CDATA[Who Is “The Realest”? http://t.co/j8JUNWtsiR via @username		]]></document>
	<document><![CDATA[This week's best new music ft @username , @username , @username , @username  @username! http://t.co/vkWoFlDQiL http://t.co/AuYsYbNm05		]]></document>
	<document><![CDATA[Is it normal to be that excited about a movie mostly because of its amazing poster? #Nightcrawler http://t.co/fvOD3psyl1		]]></document>
	<document><![CDATA[We love @username 's extra funky LP and have the weird imagery to prove it - http://t.co/eITLAiKG3D		]]></document>
	<document><![CDATA[Listen to the inimitable @username in the @username Los Angeles lab! Killing it as usual - http://t.co/GtS9HgHzuu		]]></document>
	<document><![CDATA[It may be October already, but it's never too late to catch up on last week's best tunes - http://t.co/13AaAIFe4C http://t.co/HxqmYZj57b		]]></document>
	<document><![CDATA[I just uploaded "http://t.co/ScrZpuIlez Podcast #007: Say Cheese!" to Mixcloud. Listen at http://t.co/mJknNWSH2p		]]></document>
	<document><![CDATA[We're listening to EVERYTHING on @username - new @username, @username, @username and @username! - http://t.co/dJZk9pFA0o		]]></document>
	<document><![CDATA[Amazing party in London on Saturday! @username @username @username @username @username #eurokushtour http://t.co/HQjtytciF8		]]></document>
	<document><![CDATA[Check out the latest edition of our Best of the Week series! http://t.co/S93yQowAEy http://t.co/xURbZiXw8C		]]></document>
	<document><![CDATA[Stream the debut album of @username 's dance-oriented project Les Sins! http://t.co/IMLB5TX9qa		]]></document>
	<document><![CDATA[Just favorited "BEATMo'SPHERE by Funkusion & Junkfool" Cloudcast by @username on Mixcloud http://t.co/Jm80I0KQld		]]></document>
	<document><![CDATA[Best of The Week for November 1 features @username, @username, @username, @username and more- http://t.co/JpmsFSATc4 http://t.co/1B9VVxxhyw		]]></document>
	<document><![CDATA[Enough with the hip hop artists Illuminati conspiracies. Grateful for @username finally exposing the truth.		]]></document>
	<document><![CDATA[Dreamy track of the day: @username's 'Falling Short' #SundayMusicPlaylist - http://t.co/hAsd0cgqwh		]]></document>
	<document><![CDATA[Excellent release by @username's ABCD label.SHLTR's Outer Heaven reviewed by @username - http://t.co/9QQSILWsZh http://t.co/3QjF0WUPfg		]]></document>
	<document><![CDATA[We've had this banger on repeat since @username played it at the @username Lab! @username's 'Not Into It' - http://t.co/CF36PEx8h3		]]></document>
	<document><![CDATA[We had a SMASHING time at CATCH @username with @username, @username, @username, @username - http://t.co/mTAeEWHtuE		]]></document>
	<document><![CDATA[#nowplaing @username - "Tell Me". The level of feel good of this tune is impressive! - http://t.co/OE4UtffOoX		]]></document>
	<document><![CDATA[Awesome 10th birthday gift from @username! Unreleased @username b2b @username from 2006 at @username - http://t.co/JqAb6U2RjS		]]></document>
	<document><![CDATA[Just loved "Thursday Clubbing [23.10.2014]" by Mironov on @username http://t.co/4Bd3MCVnXA		]]></document>
	<document><![CDATA[We're huge fans of Infragreen's "Real Life Happenings"! Bonus points: #freedownload - http://t.co/R76RuI7LTY		]]></document>
	<document><![CDATA[RT @username: Hyperdub 10.4 out today - get it here: http://t.co/fh22ucCqMn		]]></document>
	<document><![CDATA[We're declaring it #DiscoTuesday! Check out this fun edit of Anita Ward's classic "Ring My Bell" - http://t.co/sG5emHpvln		]]></document>
	<document><![CDATA[Big tune from @username who we interviewed some time ago [Read the interview here: http://t.co/wZjDdEDlBI] - http://t.co/9Wk9ohLxBC		]]></document>
	<document><![CDATA[More big tunes for #DiscoTuesday (which we just invented today). @username's get a "Makeover" by @username - http://t.co/Qm4CvHHHSz		]]></document>
	<document><![CDATA[Nevy loved @username's Les Sins album "Michael" so much, her hands started shaking. Read: http://t.co/Ch566Wy5Lx http://t.co/x8UFaeirKB		]]></document>
	<document><![CDATA[We love this article from @username! "13 Women On How To Change Male-Dominated Studio Culture" - http://t.co/s9H95dJNNb		]]></document>
	<document><![CDATA[A very reasonable question. RT @username: What happened to future garage did it end up in the past?		]]></document>
	<document><![CDATA[We have a new podcast! The theme: Four on the floor, baby! #bangers - http://t.co/DCBJsiJrcW http://t.co/iDDfAatP4Q		]]></document>
	<document><![CDATA[The 3d episode of @username's "Freedom of the DJ" series deals with real estate's effect on clubs' venues - http://t.co/LUdgR40quo		]]></document>
	<document><![CDATA[#nowplaying Awesome reboot of @username's "You and Me" by @username - http://t.co/LP4O4Zj8uN		]]></document>
	<document><![CDATA[#tbt @username's Labour of Love mix for @username. Just what we need today! #nowplaying #throwbackthursday - http://t.co/d2VMJT8L8I		]]></document>
	<document><![CDATA[#tbt #throwbackthursday We're revisiting our photos from this year's @username - http://t.co/xQ281JXWb5 http://t.co/8MPlDJdxwZ		]]></document>
	<document><![CDATA[#tbt Music writing advice via @username. We're guilty of more than 10... - http://t.co/40g5dCh5Zh		]]></document>
	<document><![CDATA[To our one devoted podcast listener @username - have you listened to the latest one yet? #TGIFridays - http://t.co/DCBJsiJrcW		]]></document>
	<document><![CDATA[#TGIFridays You're almost there! #Disco tune to get you through the last pre-weekend hours! - http://t.co/jMMhkRpIgJ		]]></document>
	<document><![CDATA["Migration Pads" by @username "is your ticket to a realm of warm textures and tender beats" - http://t.co/A3GyMyoZPb http://t.co/uvzQ5mzlOZ		]]></document>
	<document><![CDATA[How not to write an informative album review: @username ponders over @username's "Alone For The First Time" - http://t.co/nPfmpVqBGq		]]></document>
	<document><![CDATA[THE mix to kick off your weekend partying: @username for Edible Beats #TGIFridays #nowplaying - http://t.co/WlmCUFGrrV		]]></document>
	<document><![CDATA[Top 10 of the week: @username,@username,@username ,@username,@username,@username - http://t.co/EcsVH1sPq9 http://t.co/7xMpKRW3Ie		]]></document>
	<document><![CDATA[Awesome disco remix of @username's "Indecision" by Foromation - https://t.co/zvPJBEgXCd		]]></document>
	<document><![CDATA[Today at noon! RT @username: Tune in to 16 hours of madness from #RBMATOKYO Culture Fair this weekend. http://t.co/jWO2D4yEJk		]]></document>
	<document><![CDATA[#MixOfTheDay: @username introduce us to @username through the power of #bass - https://t.co/auxIjA4Dni		]]></document>
	<document><![CDATA[!!! RT @username: Stream 92 songs as heard during Berlin's formative techno and house years -- http://t.co/pUSqEkPptR http://t.co/w1OkNu1rq6		]]></document>
	<document><![CDATA[We made a list of 5 Artists Who Need To Release New Music (because we're needy & greedy):  http://t.co/dDx1wFCurB http://t.co/5jphmI6kmq		]]></document>
	<document><![CDATA[We're trying to make #DiscoTuesday happen. Who's in? Want incentives? Loleatta should help - http://t.co/L4cSuc5C6b		]]></document>
	<document><![CDATA[#DiscoTuesday Today we're listening to @username's 3-hour @username set from the good ol' summer - https://t.co/Yvfl5i9Kkt		]]></document>
	<document><![CDATA[#DiscoTuesday Awesome b2b from Pete Herbert and Dicky Trisco @username @usernamelolaclubshngh  - https://t.co/qDq5hJzw5H		]]></document>
	<document><![CDATA[Did you watch the short feature on @username on Channel 4's "Four To The Floor" series? It's here - http://t.co/IICUCvG6wG		]]></document>
	<document><![CDATA[We think you might like this @username :) We certainly do. - https://t.co/GTP3NO4qRE		]]></document>
	<document><![CDATA[RT @username: Stream and download two B2B sessions from @username and Joy Orbison http://t.co/u1l1UirWZb		]]></document>
	<document><![CDATA[We listened to it and we're pumped: @username x @username's "Next Life" compilation - #teklife #eurokushtour -  http://t.co/zoC6THU2Wd		]]></document>
	<document><![CDATA[#tbt aka An excuse to post this @username banger we listen to aaaall the time #throwbackthursday #nowplaying - http://t.co/L1DgjR4r53		]]></document>
	<document><![CDATA[#tbt We're revisiting our recap of @username's episode on Superstar DJs with @username - http://t.co/7lFW6FEE4l http://t.co/Z8AZnftFwa		]]></document>
	<document><![CDATA[#tbt and we're going all the way back to 1987. Larry Levan's last night at the Paradise Garage #throwbackthursday - https://t.co/Glk1r1lNiF		]]></document>
	<document><![CDATA[Till tha "Next Life" (@username x @username)!!! @username @username @username - http://t.co/8Mh4ZnAlqx http://t.co/g1ltl9fc78		]]></document>
	<document><![CDATA[Absolutely stunning new LP by @username! Our review of "Iffy" is here: http://t.co/i4LvSUcGPF http://t.co/t3UN3M3m0p		]]></document>
	<document><![CDATA[We're delighted to share with you our in-depth feature on #UK #Dance #Music #Culture titled 'Back To The Future' - http://t.co/9sJBJtXMuX		]]></document>
	<document><![CDATA[?ur life guru aka @username shares his favourite #hiphop moments - http://t.co/WEkLWQdPTL		]]></document>
	<document><![CDATA[RT@username: Watch @username explore his #VaporCityArchives w/ new short-film w/ @username http://t.co/VAtUr0nsul: http://t.co/eqTwBaGxON		]]></document>
	<document><![CDATA[RT @username: Watch a new film on the rise of London's grime scene from @username's and @username's 'Music Nation' http://t.co/2SYY9wsDnO		]]></document>
	<document><![CDATA[Our top 10 this week: @username,@username, @username,@username, @username, @username - http://t.co/JsiyBYTt03 http://t.co/6igPCCvjDu		]]></document>
	<document><![CDATA[#nowplaying Getting the Saturday started with this disco set by @username - https://t.co/sCMWxz7b9A		]]></document>
	<document><![CDATA[Once again @username's lists prove to be most impressive. Their 100 best tracks of the decade so far are here: http://t.co/VNzsMrg0aY		]]></document>
	<document><![CDATA[#nowplaying @username's set at the @username LA lab - http://t.co/ewYJkruyeS		]]></document>
	<document><![CDATA[We list our 10 favourite tracks to come out of @username's 'Various Assets' #free compilations. Read & listen here: http://t.co/ITARpy6SFz		]]></document>
	<document><![CDATA[Sunday suggestion/ self-promotion. Um, hey, we are on @username here - https://t.co/7SLXHhBBF4		]]></document>
	<document><![CDATA[#NowPlaying We woke up in the particular mood for @username's 'Escape' #mondaymorning -  https://t.co/cf0HhT7h0c		]]></document>
	<document><![CDATA[#NowPlaying Disconfusion/Peter Skoog's excellent deep house/ nu disco NOvember mix - https://t.co/HPQhzKRaYN		]]></document>
	<document><![CDATA[Ai ai! We're listening to @username #Havana Cultura Mix podcast... and we really wanna go to Cuba! - https://t.co/zcIEJ3pel6		]]></document>
	<document><![CDATA[http://t.co/T8STi2xb17's Essential Reading: 'The Last Holiday: A Memoir' by Gil Scott-Heron. Read more here: http://t.co/9ZYVOY6E1F		]]></document>
	<document><![CDATA[Are you ready from @username's 'Homieland'? We're pretty excited. -  https://t.co/3nPxGayZX9		]]></document>
	<document><![CDATA[RT @username: Berlin's new techno and house generation -- http://t.co/FydJxzf5m0 http://t.co/6lA1fkN228		]]></document>
	<document><![CDATA[Unlikely reviewer @username analyzes @username's farewell album 'The Inevitable End': http://t.co/GNGDgMPAeP http://t.co/DmxQuv42si		]]></document>
	<document><![CDATA[Have you by any chance checked out our @username channel? #music #dance #tunez -  https://t.co/IzGnb5hBqH		]]></document>
	<document><![CDATA['DJ Rashad is gone, but his influence on footwork lives on' Excellent feature from @username #NextLife - http://t.co/hrWeaoN9Lc		]]></document>
	<document><![CDATA[We have a huge @username fan at http://t.co/T8STi2xb17 so his Essential Mix is getting A LOT of play - http://t.co/lrAjuOP5Wr		]]></document>
	<document><![CDATA[RT @username: .@username streams @username's latest EP from at @username: http://t.co/CYAOi15Yu0 http://t.co/uZqeKb2E95		]]></document>
	<document><![CDATA[RT @username: Want to see how records are made? Come to our vinyl pressing plant http://t.co/xFKQt4UvSe http://t.co/zuV06op9Vy		]]></document>
	<document><![CDATA[#tuneoftheday @username and @username make a banger. #nowplaying 'The Key' - http://t.co/AjCk4ZZFWm		]]></document>
	<document><![CDATA[The theme of our latest podcast is The Golden Era of #Bass and is full of musical perfection - http://t.co/FspGIQIpat http://t.co/KDLssoKAmX		]]></document>
	<document><![CDATA[Fun 4th episode of @username's 'Freedom of the DJ' web series dedicated to live streaming and the @username Lab - http://t.co/CQOqyvNZFr		]]></document>
	<document><![CDATA[RT @username: Stop complaining about having to turn the pages — stream FACT’s 100 Best Tracks of the Decade So Far: http://t.co/yQU7eLKhOV		]]></document>
	<document><![CDATA[#NowPlaying Mix of the Day is our own latest podcast 'The Golden Era of #Bass'. Only quality tunes inside: http://t.co/FspGIQIpat		]]></document>
	<document><![CDATA[#humpday Wind down with @username' excellent 'Summer in Jakarta' #free compilation - https://t.co/uT0cw1vmKf		]]></document>
	<document><![CDATA[Is this the only (scientifically backed up) way to listen to music? Discuss. [via @username] - http://t.co/HSBJWmTJz0		]]></document>
	<document><![CDATA[It's the last stop on the musical journey of life in Vapor City...and we love it.@username - Vapor City Archives: http://t.co/pcJKgHHajo		]]></document>
	<document><![CDATA[#nowplaying @username Remixed is here! w/ @username, @username, @username & more! Listen: https://t.co/cleX2c4048		]]></document>
</author>