<?xml version="1.0" encoding="UTF-8" standalone="no"?><author id="user494">
	<document><![CDATA[Amp It Up: How to Get Better Results From Bella Vi Amp'd Up Weight Loss Supplements - http://t.co/GYlSIcvn8X via @username		]]></document>
	<document><![CDATA[In case you ever wanted to know...lol. <3 http://t.co/LtUyNcaeCL		]]></document>
	<document><![CDATA[Fix Your Finances: 10 Blissfully Easy Ways to Save Money http://t.co/9iWPhCsoOL		]]></document>
	<document><![CDATA[Fix Your Finances: 10 Blissfully Easy Ways to Save Money http://t.co/THwtwL0UXK		]]></document>
	<document><![CDATA[Fix Your Finances: 10 Blissfully Easy Ways to Save Money http://t.co/mSZWWFOFHf		]]></document>
	<document><![CDATA[Abundance: Free Opportunity to Create a Better Life, Have More Money http://t.co/62X8C2bQ9d		]]></document>
	<document><![CDATA[Abundance: Free Opportunity to Create a Better Life, Have More Money http://t.co/OV4XDJNNsg		]]></document>
	<document><![CDATA[At Dressel's Public House http://t.co/KklLcFclJQ		]]></document>
	<document><![CDATA[Fish n chips http://t.co/pMUoKCTTej		]]></document>
	<document><![CDATA[Romaine wedge salad http://t.co/cOhX0jolDC		]]></document>
	<document><![CDATA[Ambiance http://t.co/vyR0rWPqDw		]]></document>
	<document><![CDATA[More ambiance at the pub http://t.co/T4OTxPQNRa		]]></document>
	<document><![CDATA[Bottomless water http://t.co/rOPDUUIpce		]]></document>
	<document><![CDATA[Hub at the pub http://t.co/riH4y3G9RQ		]]></document>
	<document><![CDATA[Ambiance http://t.co/kHq7D5FSC6		]]></document>
	<document><![CDATA[Just posted a photo http://t.co/NUZoKgLyC4		]]></document>
	<document><![CDATA[Chips n dips #oldschool http://t.co/6RuRpEs2C8		]]></document>
	<document><![CDATA[My week on twitter: 6 Mentions, 12.9K Mention Reach, 2 Replies, 2 Retweets, 199 Retweet Reach. via http://t.co/ABZWbHFJTJ		]]></document>
	<document><![CDATA[Had to do it! http://t.co/fIoQb2Avjy		]]></document>
	<document><![CDATA[Abundance: Free Opportunity to Create a Better Life, Have More Money http://t.co/89X0frzMGo		]]></document>
	<document><![CDATA[Abundance: Free Opportunity to Create a Better Life, Have More Money http://t.co/sMPfuixdSP		]]></document>
	<document><![CDATA[You bring about what you think about.		]]></document>
	<document><![CDATA[Meow lol http://t.co/PNxxsjeHhO		]]></document>
	<document><![CDATA[This girl is growing up way too fast!! <3 my baby girl		]]></document>
	<document><![CDATA[Love my family <3		]]></document>
	<document><![CDATA[Blissful Style Tip: How to Tie a Loop Knot in a Magic Scarf - http://t.co/ujsPobvlEq via @username		]]></document>
	<document><![CDATA[Fountain of Youth: Do HGH Pills Work? - http://t.co/M41CO2mPXI via @username		]]></document>
	<document><![CDATA[Help Us Help You: Get Your It Works! From Project Blissful - http://t.co/ejWfsgilza via @username		]]></document>
	<document><![CDATA[Fountain of Youth: Do HGH Pills Work? http://t.co/nMVI8zBTfA on @username		]]></document>
	<document><![CDATA[Debt free is the new sexy. And here's a way you can get super-sexy from home. :) #WAH #itworks http://t.co/dTXgAEbrMc		]]></document>
	<document><![CDATA[Work-At-Home Business Opportunity: Distributor for All-Natural Supplements, Body Wraps http://t.co/rsDgO3DqvB via @username		]]></document>
	<document><![CDATA[Work-At-Home Business Opportunity: Distributor for Supplements, Body Wraps - http://t.co/DeXBfQiQ97 via @username #WAHM		]]></document>
	<document><![CDATA[Fountain of Youth: Do HGH Pills Work? http://t.co/bI7wAIQ6xc		]]></document>
	<document><![CDATA[Fountain of Youth: Do HGH Pills Work? http://t.co/o0IKp2D3rd		]]></document>
	<document><![CDATA[Fountain of Youth: Do HGH Pills Work? http://t.co/rnDY78ytL3		]]></document>
	<document><![CDATA[Fountain of Youth: Do HGH Pills Work? http://t.co/CDUSHxW96h		]]></document>
	<document><![CDATA[Fountain of Youth: Do HGH Pills Work? http://t.co/tcWXTfNNt7		]]></document>
	<document><![CDATA[Fountain of Youth: Do HGH Pills Work? http://t.co/sUnSa2K2fM		]]></document>
	<document><![CDATA[Fountain of Youth: Do HGH Pills Work? http://t.co/HRmcyz8Fru		]]></document>
	<document><![CDATA[Blissful Style Tip: How to Tie a Loop Knot in a Magic Scarf http://t.co/6URyuOBuIO on @username		]]></document>
	<document><![CDATA[This Moment http://t.co/EHjgTOJEu6		]]></document>
	<document><![CDATA[This Moment http://t.co/d83wSFHY2h		]]></document>
	<document><![CDATA[March's Top 5 Influencer Marketing Campaigns on Triberr http://t.co/dm8K1rGMk6 via @username		]]></document>
	<document><![CDATA[This Moment http://t.co/MsYYoOb69Y		]]></document>
	<document><![CDATA[This Moment http://t.co/qDKGUqfZ75		]]></document>
	<document><![CDATA[#random Today almost makes me miss working election days with my former Patch colleagues. Something about the... http://t.co/Kwr6N4da4j		]]></document>
	<document><![CDATA[Is Honey Boo Boo the Definition of an American Family? http://t.co/QTSIoB7VwG		]]></document>
	<document><![CDATA[Is Honey Boo Boo the Definition of an American Family? http://t.co/0ng5ynqP6R		]]></document>
	<document><![CDATA[10 new unfollowers and 1 new follower (hello! hello!) in the last week. Via http://t.co/9Gx3QGK6lM		]]></document>
	<document><![CDATA[Church. ;) http://t.co/dCRstVIHWv		]]></document>
	<document><![CDATA[That moment you acknowledge and recognize a flaw in your thinking, and instead of beating yourself up, you make a... http://t.co/gCRi6y1i3y		]]></document>
	<document><![CDATA[Is Honey Boo Boo the Definition of an American Family? http://t.co/nGLjj6P2aJ		]]></document>
	<document><![CDATA[Is Honey Boo Boo the Definition of an American Family? http://t.co/chfkAZXcFm		]]></document>
	<document><![CDATA[Ready for Your Life to Get a Whole Lot Better? Here's a #Free Pass to Abundance for Life #LOA #LifeHack http://t.co/AbquFqPZ6V		]]></document>
	<document><![CDATA[Ready for Your Life to Get a Whole Lot Better? Here's a #Free Pass to Abundance for Life #LOA #LifeHack http://t.co/2SP5NIMXkP		]]></document>
	<document><![CDATA[Fear is the Root of Your Problems http://t.co/EkKI0T2aND		]]></document>
	<document><![CDATA[Fear is the Root of Your Problems http://t.co/jCj0YNjyk2		]]></document>
	<document><![CDATA[@username Thanks for sharing! You're now featured on http://t.co/EDVuHmkN2T		]]></document>
	<document><![CDATA[Booty-ful News: New Reasons to Love Your Big Butt - http://t.co/R5Mli7wPBY via @username		]]></document>
	<document><![CDATA[Amanda's Story: Model, Actress and New Mom on Losing the Baby Weight - http://t.co/I4jTtjue1j via @username		]]></document>
	<document><![CDATA[Find out what model/actress/spokesperson Amanda has to say about how I helped her out after she had her baby--and... http://t.co/eG4qSHqCgI		]]></document>
	<document><![CDATA[The winds of change are a blowin'		]]></document>
	<document><![CDATA[Sometimes something silly seizes  smiles		]]></document>
	<document><![CDATA[Well that was hilarious.		]]></document>
	<document><![CDATA[John Stewart, I'm with you and Madrigal.		]]></document>
	<document><![CDATA[Fear is the Root of Your Problems http://t.co/ZpawM6kMbc		]]></document>
	<document><![CDATA[Fear is the Root of Your Problems http://t.co/Pk36KrIKjj		]]></document>
	<document><![CDATA[(MUST READ) Your Life Is About to Get a Whole Lot Better: Free Pass to Abundance for Life http://t.co/FayMdxcJLP		]]></document>
	<document><![CDATA[(MUST READ) Your Life Is About to Get a Whole Lot Better: Free Pass to Abundance for Life http://t.co/qT800ud4Aw		]]></document>
	<document><![CDATA[And then you wait.		]]></document>
	<document><![CDATA[Get Moving: 10 Ways to Beat Laziness - http://t.co/YpWMSxIxyj via @username		]]></document>
	<document><![CDATA[And you know what happens when you assume...		]]></document>
	<document><![CDATA[My week on twitter: 3 Mentions, 752 Mention Reach, 2 Replies. via http://t.co/HQN1BqYnLF		]]></document>
	<document><![CDATA[What the Exercise Habit Did For Me http://t.co/tDnql8VUud		]]></document>
	<document><![CDATA[What the Exercise Habit Did For Me http://t.co/py9bJsWa7s		]]></document>
	<document><![CDATA[I got nothin'. — feeling blank		]]></document>
	<document><![CDATA[Deep in thought...		]]></document>
	<document><![CDATA[Lazy Saturday night....first in a long time. Totally OK with that. :) — feeling sleepy		]]></document>
	<document><![CDATA[(MUST READ) Your Life Is About to Get a Whole Lot Better: Free Pass to Abundance for Life http://t.co/ZvYXUiNQis		]]></document>
	<document><![CDATA[(MUST READ) Your Life Is About to Get a Whole Lot Better: Free Pass to Abundance for Life http://t.co/D8X6Wobih1		]]></document>
	<document><![CDATA[One last thought before I surrender to the sandman. Sometimes just knowing you aren't the only one who thinks how... http://t.co/Z0gzO91pAq		]]></document>
	<document><![CDATA[Daylight saving time! Ready? http://t.co/XIVHBWd5iH		]]></document>
	<document><![CDATA[What the Exercise Habit Did For Me http://t.co/B46K34l6ii		]]></document>
	<document><![CDATA[What the Exercise Habit Did For Me http://t.co/peyEI6Q2ed		]]></document>
	<document><![CDATA[Question for a blog post: When you were a kid, what did you want to grow up and be? Did that change as you got... http://t.co/oxc6T06cjX		]]></document>
	<document><![CDATA[Wow!! This. Sort of. I'm not sure I ever truly felt like I wanted to "fit in" exactly lol...but the... http://t.co/aIPlPoJ6dE		]]></document>
	<document><![CDATA["Blissfully"
When you read that word, what does it make you think about?		]]></document>
	<document><![CDATA[Me: Noah, why are you wearing a bungee cord?
Noah: Because, Mom. I'm THAT kind of guy.
Me: :)		]]></document>
	<document><![CDATA[A Hot Wife Blossoms: How to Weed Out Negativity - http://t.co/o8WHyeF72a via @username		]]></document>
	<document><![CDATA[Toxic Family Timeout: What is Parental Narcissism? - http://t.co/6kW5A7hSs6 via @username		]]></document>
	<document><![CDATA[10 Things You Need to Know if You're in a Toxic Relationship - http://t.co/Fxqm5SJZhs via @username		]]></document>
	<document><![CDATA[Stop Being a Hater: It Makes You Ugly - http://t.co/rTLqnXjCQ6 via @username		]]></document>
	<document><![CDATA[One way or another...I'm gonna getcha getcha getcha getcha ...		]]></document>
	<document><![CDATA[Best Tips for Effective Email Marketing http://t.co/9qlqqyyHyo		]]></document>
	<document><![CDATA[Best Tips for Effective Email Marketing http://t.co/pCaf29zWeV		]]></document>
	<document><![CDATA[Toxic Relationships and Narcissism: Stages of Gaslighting - http://t.co/1BCjsaFcSZ via @username		]]></document>
	<document><![CDATA[What I’ve Learned as a Writer http://t.co/E0BvQhkp6F		]]></document>
	<document><![CDATA[What I’ve Learned as a Writer http://t.co/pzaTSWO8uS		]]></document>
	<document><![CDATA[White House hosts student film festival http://t.co/QyFEHRcrz4 via @username		]]></document>
	<document><![CDATA[@username Thanks for sharing! You're now featured on http://t.co/EDVuHmkN2T		]]></document>
</author>