<?xml version="1.0" encoding="UTF-8" standalone="no"?><author id="user835">
	<document><![CDATA[TIPICO,  EMPIEZAS TRABAJOS DE IMPERMEABILIZACION, Y LLUEVE, #NOMAMAR,		]]></document>
	<document><![CDATA[Cuanta tecnologia wayusey!!!		]]></document>
	<document><![CDATA[RT @username I think a lot, but I don't say much.		]]></document>
	<document><![CDATA[@username pues ve a checar a las tiendas wey		]]></document>
	<document><![CDATA[@username QUE POCA MADRE, PINCHES SILLAS, NO MAMES, DEJA DE CHINGAR AL PUEBLO Y VE A CHINGAR A TU MADRE		]]></document>
	<document><![CDATA["@username: Forgive but do not forget, or you will be hurt again. Forgiving changes the perspectives. Forgetting loses the lesson" cierto		]]></document>
	<document><![CDATA[@username: The more we love, the closer we are to a spiritual experience		]]></document>
	<document><![CDATA[@username: Being someone's first love is great, but being someone's last love is amazing.		]]></document>
	<document><![CDATA[Pinches webones!!!		]]></document>
	<document><![CDATA[@username: Alcohol goes in, truth comes out.		]]></document>
	<document><![CDATA[@username: Don't make life decisions based on what you want now		]]></document>
	<document><![CDATA[@username: The universe only makes sense if we can share it with someone		]]></document>
	<document><![CDATA[@username: I'm not a perfect person, I make a lot of mistakes, but still, I love those people who stay with me after knowing how I really am		]]></document>
	<document><![CDATA[@username: Love your enemy. But never forget: he is not your friend		]]></document>
	<document><![CDATA[Ahí les va la mañanera "@username: We cannot avoid pain, but we can chose to overcome it"		]]></document>
	<document><![CDATA[@username: We met for a reason, either you're a blessing or a lesson.		]]></document>
	<document><![CDATA[La sabatina"@username: Find someone who makes you smile, because a smile can help you to solve many problems"... Saludos BG		]]></document>
	<document><![CDATA[Learn to forgive because you never know, it just may be you that needs to be forgiven later by that person you refused to forgive earlier.		]]></document>
	<document><![CDATA[@username: Nothing is ever wrong. We learn from every step we take. Whatever you did today was the way it was meant to be. Be proud of you.		]]></document>
	<document><![CDATA[Lo nocturna"@username: We should never have to apologize for something twice. We should learn from our mistakes."desdendenantes.		]]></document>
	<document><![CDATA[@username: Appreciate what you have... Before time makes you appreciate what you had.		]]></document>
	<document><![CDATA[@username: Have fun and don't get scared with threats, as you can sell your time but you can't buy it back... Buen día a tod@username		]]></document>
	<document><![CDATA[@username: Imagine Peace, Imagine Peace, Imagine Peace. That's one thing we can all do together without feeling any conflict.		]]></document>
	<document><![CDATA[" Never underestimate the pain of a person because the truth is everyone is struggling, It's just some people hide it better than others."		]]></document>
	<document><![CDATA[God doesn't give me the people I want. He gives me the people I need to help, hurt, leave, love me & make me a person I was meant to be.		]]></document>
	<document><![CDATA[@username: The happiest couples never have the same character. They have the best understanding of their differences.		]]></document>
	<document><![CDATA[@username: I didn't change, I grew up, there's a difference.		]]></document>
	<document><![CDATA[@username: Find someone who will change your life, not just your status.		]]></document>
	<document><![CDATA[@username: Someone will always be prettier. Someone will always be smarter. Someone will always be younger. But they will never be you.		]]></document>
	<document><![CDATA[@username: I put my past behind me and never looked back. –Timon (The Lion King 1½)		]]></document>
	<document><![CDATA[@username: Don't rush anything. when the time is right, it'll happen.		]]></document>
	<document><![CDATA[Today advice: Keep calm... and shut up!!!		]]></document>
	<document><![CDATA[@username: I know many people who are going nowhere at an alarming speed		]]></document>
	<document><![CDATA[@username: Dont say "yes" if you want to say "no". Dont say "maybe" if you want to say "never".You can't hurt people with your decisions		]]></document>
	<document><![CDATA[@username: Sometimes we think we don't deserve the good things that happen to us. Beware!		]]></document>
	<document><![CDATA[@username: You have 2 choices in life: a] to find a way b] to make one		]]></document>
	<document><![CDATA[@username: Perfect people don't drink, don't fight, don't lie, don't make mistakes and don't exist		]]></document>
	<document><![CDATA[@username: The reward of our work is not what we get, but what we become		]]></document>
	<document><![CDATA[@username: The most powerful hallucinogen in this planet is called love. No prescription is required.		]]></document>
	<document><![CDATA[@username: One day you will wake up and there wont be any more time to do the things you've always wanted. Do it now		]]></document>
	<document><![CDATA[@username: I can choose either to be a victim of the world or an adventurer facing challenges. It's my choice		]]></document>
	<document><![CDATA[@username: I refuse to walk carefully through life only to arrive safely at death		]]></document>
	<document><![CDATA[@username: Dream and don't ask too many questions, or fear will overcome your feelings		]]></document>
	<document><![CDATA[@username: He who hesitates is lost. – Proverb		]]></document>
	<document><![CDATA[@username: If you live to please others, everyone will love you except yourself		]]></document>
	<document><![CDATA[@username: Once a problem is solved, it's simplicity is amazing		]]></document>
	<document><![CDATA[@username: Everyone seems to have a clear idea of how other people should lead their lives, but none about his or her own... Buen día		]]></document>
	<document><![CDATA[@username: Warriors of light know that no one is stupid and that life teaches everyone - including their enemies		]]></document>
	<document><![CDATA[@username: Girl, you must be a Jedi master, cause Yodalicious.		]]></document>
	<document><![CDATA[@username: Life is not about good answers, it is about interesting questions		]]></document>
	<document><![CDATA[@username: Not knowing whether to wait or to forget is the worst kind of suffering		]]></document>
	<document><![CDATA[@username: If we believe ourselves worthy of our dreams , then we become instruments of God		]]></document>
	<document><![CDATA[@username: People who love in the expectation of being loved in return is wasting their time		]]></document>
	<document><![CDATA[@username: One day you will wake up and there won't be any more time to do the things you've always wanted. Do it now...buen día a tod@username		]]></document>
	<document><![CDATA[@username ahora que hiciste? Charly		]]></document>
	<document><![CDATA[@username: Spirituality is not only praying and meditating. You need to act...do it		]]></document>
	<document><![CDATA[@username: Start using your wings; they need some exercise...lets fly		]]></document>
	<document><![CDATA[I'm not so wrong		]]></document>
	<document><![CDATA[FELIZ CUMPLEAÑOS !!! CARNAL		]]></document>
	<document><![CDATA[my #personality:  on time open-minded . Discover yours --> http://t.co/Zxmlc2tQ5q		]]></document>
	<document><![CDATA[Amanecer http://t.co/GSqbSdS0xi		]]></document>
</author>