<?xml version="1.0" encoding="UTF-8" standalone="no"?><author id="user854">
	<document><![CDATA[@username that tweet was mainly for you ;-) cheers!		]]></document>
	<document><![CDATA[I am watching Person of Interest, Pilot (S01E01). http://t.co/Hp9AgJG1		]]></document>
	<document><![CDATA[I am watching The Borgias, Day of Ashes (S02E06). http://t.co/6FOEcBbF		]]></document>
	<document><![CDATA[I am watching The Borgias, The Siege at Forli (S02E07). http://t.co/qVMH6DzD		]]></document>
	<document><![CDATA[Waiting for #radiohead  http://t.co/z9prFCtw		]]></document>
	<document><![CDATA[I'm at Bar Arcobaleno http://t.co/7gbvCPvN		]]></document>
	<document><![CDATA[Tree House in New Zealand via Flickr http://t.co/rp17bnkS		]]></document>
	<document><![CDATA[Pasture Project by Imbue Design (9) http://t.co/AKJvo5DF		]]></document>
	<document><![CDATA[I'm becoming super skilled at lighting the fire! http://t.co/iUbyTPgq		]]></document>
	<document><![CDATA[I am watching The Borgias, The Confession (S02E10). http://t.co/qtWGyrnN		]]></document>
	<document><![CDATA[I was just awarded the "The Son" badge at http://t.co/z8Ps6RuW		]]></document>
	<document><![CDATA[I rated The Borgias: S02E10 ?????. http://t.co/g48ehgl6		]]></document>
	<document><![CDATA[Winter is coming  http://t.co/kuLszd1D		]]></document>
	<document><![CDATA[I just ousted @username as the mayor of Bar Arcobaleno on @username! http://t.co/cgMQYwzQ		]]></document>
	<document><![CDATA[Not In Kansas Anymore Art Print by Señor Salme - $19.00 http://t.co/OdzBUem7		]]></document>
	<document><![CDATA[Absolutism Art Print by Genis Carreras - $17.00 http://t.co/UpJkwy8O		]]></document>
	<document><![CDATA[Our B&B website is now online! Check it out!  http://t.co/9uOWkH2x		]]></document>
	<document><![CDATA[I am watching The Newsroom, Bullies (S01E06). http://t.co/oC8WvdaS #newsroom		]]></document>
	<document><![CDATA[I am watching Fringe, Transilience Thought U... (S05E01). http://t.co/Ze8DX3BG		]]></document>
	<document><![CDATA[Today we don't have the best view... #fog #urbino #uniurb http://t.co/BFa0DJSb		]]></document>
	<document><![CDATA[@username ops...		]]></document>
	<document><![CDATA[I am watching The Newsroom, The Blackout Part II: ... (S01E09). http://t.co/nO0pJpX8 #newsroom		]]></document>
	<document><![CDATA[Heading to the pot of gold http://t.co/0EufUBst		]]></document>
	<document><![CDATA[Goal of this afternoon: finish the pathway  @username Ca' Montanaro http://t.co/O38UWE6E		]]></document>
	<document><![CDATA[Missione compiuta !  * Pic made with #Nostalgio ( http://t.co/PLTjyiCV ) http://t.co/EHtjhku1		]]></document>
	<document><![CDATA[@username maybe it prevents airsickness #fabricatingtheories		]]></document>
	<document><![CDATA[@username any news?		]]></document>
	<document><![CDATA[Amazing view from the "torre di Pisa ", #valdifiemme #trentino http://t.co/9P1ilgFZ		]]></document>
	<document><![CDATA[I just became the mayor of Volti di Pietra B&B on @username! http://t.co/pd1spCgS		]]></document>
	<document><![CDATA[ohhh look me and @username presenting at @username 2011 ;-) http://t.co/vOZIWb8r		]]></document>
	<document><![CDATA[I am watching Mission: Impossible - Ghost Protocol. http://t.co/PMzN62Uw #MI4		]]></document>
	<document><![CDATA[This is a little bit technical but if you work with online #sns and #sna you might find it interesting http://t.co/YsbBu8qE		]]></document>
	<document><![CDATA[I am watching Fringe, The Bullet That Saved ... (S05E04). http://t.co/BhBmKd8d #Fringe		]]></document>
	<document><![CDATA[I am watching Fringe, An Origin Story (S05E05). http://t.co/CIBN4YQL #Fringe		]]></document>
	<document><![CDATA[Reelection breakfast #obama #usa2012 #usa2008 http://t.co/fT2zGhFh		]]></document>
	<document><![CDATA[So this is how it is when you leave earlier the office ... #un @username Università degli Studi di Urbino "Carlo Bo" http://t.co/Q5KtuDLN		]]></document>
	<document><![CDATA[I am watching Black Mirror, The National Anthem (S01E01). http://t.co/ctsoPQyZ #BlackMirror		]]></document>
	<document><![CDATA[I am watching Black Mirror, 15 Million Merits (S01E02). http://t.co/PvDDm1yZ #BlackMirror		]]></document>
	<document><![CDATA[I am watching Black Mirror, The Entire History of You (S01E03). http://t.co/H1iz74bP #BlackMirror		]]></document>
	<document><![CDATA[I rated Black Mirror: S01E03 ?????. http://t.co/0uXf1iyu		]]></document>
	<document><![CDATA[I am watching The Iron Lady. http://t.co/8g4d7OAO		]]></document>
	<document><![CDATA[If you're planning a trip in Italy ...  http://t.co/3CCMX7pJ		]]></document>
	<document><![CDATA[The beauty & the beast http://t.co/dAHqsNzg		]]></document>
	<document><![CDATA[@username let me guess... Young people will use the Internet to participate in the political debate ?		]]></document>
	<document><![CDATA[I am watching Fringe, Through the Looking Gl... (S05E06). http://t.co/1Q7cOfGj #Fringe		]]></document>
	<document><![CDATA[Fellows, Postdocs, and Visiting Professors for @username for the academic year 2013-2014. https://t.co/kS47e9vg		]]></document>
	<document><![CDATA["Your article listed below is currently in production with Taylor & Francis" cool! ;-)		]]></document>
	<document><![CDATA[ok, EU proposal (a very smart project): submitted!		]]></document>
	<document><![CDATA[I am watching Dexter, Sin of Omission (S06E08). http://t.co/TKEuBiTi #Dexter		]]></document>
	<document><![CDATA[I was just awarded the "Kill Them with Kindness" badge at http://t.co/urrERf3g		]]></document>
	<document><![CDATA[I was just awarded the "The Ritual" badge at http://t.co/IukPuned		]]></document>
	<document><![CDATA[I am watching Dexter, Ricochet Rabbit (S06E10). http://t.co/kz3ncNnY #Dexter		]]></document>
	<document><![CDATA[I am watching Dexter, Talk to the Hand (S06E11). http://t.co/Aat4LFOE #Dexter		]]></document>
	<document><![CDATA[Tonight we're playing with the autumn  @username Volti di Pietra B&B http://t.co/Uy632I0M		]]></document>
	<document><![CDATA[I am watching Another Earth. http://t.co/IXVthUrd #AnotherEarth		]]></document>
	<document><![CDATA[I'm at Aule Ercolani (Bologna, Emilia-Romagna) w/ 2 others http://t.co/1e2YDh6f		]]></document>
	<document><![CDATA[Back in bologna, not sure if I missed this place		]]></document>
	<document><![CDATA[Funny how the recent democrats primary elections here had an unexpected scientific side effect: u can't predict anything with social media.		]]></document>
	<document><![CDATA[@username what if the kids were screaming at you barking dog ? #perspectives ;) #bringyourdogwhenvisiting		]]></document>
	<document><![CDATA[@username I'm not messing with you in a thousand year... ;-)		]]></document>
	<document><![CDATA[@username things happen. ;-) seriously speaking: the whole concept of using online data to predict anything should be redefined. More later		]]></document>
	<document><![CDATA[@username the musical saw scene was really good and your Star Trek theme is amazing !		]]></document>
	<document><![CDATA[@username playing star trek theme: http://t.co/5LE7cSM4		]]></document>
	<document><![CDATA[I'm at Raffaello w/ @username http://t.co/8mPSG7cW		]]></document>
	<document><![CDATA[Our paper "The Open laboratory" has been published in JTHS (http://t.co/Uo97eqvF)		]]></document>
	<document><![CDATA[I am watching Dexter, Are You...? (S07E01). http://t.co/iTFtZTAP #Dexter		]]></document>
	<document><![CDATA[I am watching Dexter, Sunshine and Frosty Swirl (S07E02). http://t.co/dzneHFSH #Dexter		]]></document>
	<document><![CDATA[tu scrivi Yahoo Answer e Word traduce Yahoo Ansie... non male come insight.		]]></document>
	<document><![CDATA[Oh oh oh last night we had more snow...		]]></document>
	<document><![CDATA[I must admit that university building in Pesaro has a damn goo @username Università degli Studi di Urbino "Carlo Bo" http://t.co/XJCIN9cD		]]></document>
	<document><![CDATA[@username yep... TED is what they need: http://t.co/0bjczIJW		]]></document>
	<document><![CDATA[@username let it snow let it snow let it snow... @username		]]></document>
	<document><![CDATA[I am watching The Hobbit: An Unexpected Journey. http://t.co/g63EnbxD #TheHobbit		]]></document>
	<document><![CDATA[I was just awarded the "Movie Superfan" badge at http://t.co/qCQSIPd5		]]></document>
	<document><![CDATA[I am watching Skyfall. http://t.co/diYJDqI4 #Skyfall		]]></document>
	<document><![CDATA[I'm at LaRiCA (Urbino, Italy) http://t.co/xgmndLot		]]></document>
	<document><![CDATA[I just unlocked the “Mall Rat” badge on @username for checking in at malls! Time for a fancy pretzel. http://t.co/oHBHkPfT		]]></document>
	<document><![CDATA[I'm at Conad Pergola (Pergola, Italy) http://t.co/mr8qwwhI		]]></document>
	<document><![CDATA[Facciamoci del male... (@username Centro commerciale Auchan w/ 3 others) http://t.co/v6OFfjLH		]]></document>
	<document><![CDATA[I just ousted @username as the mayor of Le Due Sorelle on @username! http://t.co/g54ooMmz		]]></document>
	<document><![CDATA[I am watching The Walking Dead, Days Gone Bye (S01E01). http://t.co/XQ8D9zZa #TheWalkingDead		]]></document>
	<document><![CDATA[Christmas' Social Network Analysis #sna #Christmas #Natale http://t.co/3j2Rka3u		]]></document>
	<document><![CDATA[I am watching Dexter, Do the Wrong Thing (S07E06). http://t.co/6wN1TY9k #Dexter		]]></document>
	<document><![CDATA[I was just awarded the "The Code" badge at http://t.co/RemcYMi0		]]></document>
	<document><![CDATA[I am watching Dexter, Chemistry (S07E07). http://t.co/vQd2TXVi #Dexter		]]></document>
	<document><![CDATA[I am watching The Walking Dead, Guts (S01E02). http://t.co/LLkCKbx6 #TheWalkingDead		]]></document>
	<document><![CDATA[I am watching Dexter, Argentina (S07E08). http://t.co/IWNdpqUo #Dexter		]]></document>
	<document><![CDATA[I was just awarded the "Bloody Terrific" badge at http://t.co/7aATMXjt		]]></document>
	<document><![CDATA[I just reached Level 3 of the "Pizzaiolo" badge on @username. I’ve checked in at 10 different pizza joints! http://t.co/0s17V9WP		]]></document>
	<document><![CDATA[I just ousted massimo M. as the mayor of Conad Pergola on @username! http://t.co/kHcOMXm0		]]></document>
	<document><![CDATA[Happy new year... Now there's a huge amount of dishes to be washed and huge hangover to survive. #wheretobegin?		]]></document>
	<document><![CDATA[#MotionX Share:  http://t.co/Pzjt8SjD MotionX-GPS		]]></document>
	<document><![CDATA[I am watching The Lord of  the Rings: The Fellowship of the Ring. http://t.co/ZEWJ6L2b #TheFellowshipOfTheRing		]]></document>
	<document><![CDATA[I am watching The Walking Dead, Vatos (S01E04). http://t.co/o1I6DhDW #TheWalkingDead		]]></document>
	<document><![CDATA[I was just awarded the "Undead" badge at http://t.co/3lnHPegQ		]]></document>
	<document><![CDATA[I am watching The Walking Dead, Wildfire (S01E05). http://t.co/HEbVJBDd #TheWalkingDead		]]></document>
	<document><![CDATA[I just ousted @username as the mayor of Hosteria La Rocca on @username! http://t.co/8UQyHfCF		]]></document>
	<document><![CDATA[Back at work on Jan. 3rd... I should get a special badge for that! (@username LaRiCA) http://t.co/NBCHXLTF		]]></document>
	<document><![CDATA[I just ousted @username as the mayor of LaRiCA on @username! http://t.co/ttD9qJQ1		]]></document>
	<document><![CDATA[I am watching The Lord of the Rings: The Two Towers. http://t.co/FAqQUj9P #TheTwoTowers		]]></document>
</author>