<?xml version="1.0" encoding="UTF-8" standalone="no"?><author id="user215">
	<document><![CDATA[Iemand 8s, pubs, ranked?		]]></document>
	<document><![CDATA[Swannyy!!! this is huge		]]></document>
	<document><![CDATA[iemand 8s??		]]></document>
	<document><![CDATA[Big things coming up in 2015!		]]></document>
	<document><![CDATA[Crim agian: "I can't hear a thing man" Swanny verstoort meteen de rust in het Optic house haha		]]></document>
	<document><![CDATA[@username sorry man zit al in 8s lobby en is full :(		]]></document>
	<document><![CDATA[@username lf1 nu		]]></document>
	<document><![CDATA[@username Sinds cod 3 haha		]]></document>
	<document><![CDATA[@username Anders do je toch solocast dont worry be happy		]]></document>
	<document><![CDATA[Iemand 8s?		]]></document>
	<document><![CDATA[Soms mensen he..... Communicatie in 8s is te sweaty		]]></document>
	<document><![CDATA[@username @username FG_Mental, United, L3vox en pick up get styled		]]></document>
	<document><![CDATA[@username Google t		]]></document>
	<document><![CDATA[@username ik fund dan wel voor next tourney goed?		]]></document>
	<document><![CDATA[@username @username welke force		]]></document>
	<document><![CDATA[Is ranked season nou al begonnen??		]]></document>
	<document><![CDATA[@username @username herinner me f op app hihi		]]></document>
	<document><![CDATA[@username @username haha I appreciate it chuck! ????		]]></document>
	<document><![CDATA[@username casting for LAN or online tourneys?		]]></document>
	<document><![CDATA[@username @username @username @username Process #Brussels		]]></document>
	<document><![CDATA[@username force gaming <3		]]></document>
	<document><![CDATA[@username @username count me in		]]></document>
	<document><![CDATA[Ladies and gentleman, they got them!		]]></document>
	<document><![CDATA[Wood silver division		]]></document>
	<document><![CDATA[@username Are there any plans for adding a ranked leaderboard for season 1? Would be very nice to see, especially to get to GMstr.		]]></document>
	<document><![CDATA[@username @username tell me why simon		]]></document>
	<document><![CDATA[@username we received some intelligence from the AIVD		]]></document>
	<document><![CDATA[Iemand ranked??		]]></document>
	<document><![CDATA[@username I love ranked play, although I would like to see the ranks of who I am playing with/against! Also leaderboards would be nice		]]></document>
	<document><![CDATA[EINDELIJK THUIS!		]]></document>
	<document><![CDATA[@username Xbox one		]]></document>
	<document><![CDATA[@username @username heb al full party		]]></document>
	<document><![CDATA[Ranked LF1 No lose squad!		]]></document>
	<document><![CDATA[@username follow for DM?		]]></document>
	<document><![CDATA[@username Than do not reply, it is simple as that. Mind your own fucking business		]]></document>
	<document><![CDATA[@username bot splinter hahaha		]]></document>
	<document><![CDATA[@username I wanna be a billionaire so f’ing bad, buy al the rune i have never had		]]></document>
	<document><![CDATA[OOOOH DAMN this is huge		]]></document>
	<document><![CDATA[@username Not much, how about you?		]]></document>
	<document><![CDATA[Iemand wat playen?		]]></document>
	<document><![CDATA[@username @username gooi me ook f in call		]]></document>
	<document><![CDATA[@username had straftraining ????		]]></document>
	<document><![CDATA[@username season is full		]]></document>
	<document><![CDATA[Ranked LF2!!! No lose squad!		]]></document>
	<document><![CDATA[De feeling is back, aim is better without vibration lets go!		]]></document>
	<document><![CDATA[Ranked anyone?		]]></document>
	<document><![CDATA[We are officially back! http://t.co/x83nfXll9q #ForceGamingReturns		]]></document>
	<document><![CDATA[@username Can you carry me?		]]></document>
	<document><![CDATA[@username Where you from? the states?		]]></document>
	<document><![CDATA[@username God Squad!!! Force Gaming NL Roster 2K15		]]></document>
	<document><![CDATA[@username Rise climax, rise mike rise brothers en rise shadows		]]></document>
	<document><![CDATA[Wij winnen uplink… Whats this?		]]></document>
	<document><![CDATA[@username gas, eerste full game :P		]]></document>
	<document><![CDATA[Clash of the Titans! Fabe vs Luxembourg Live op stream! http://t.co/eimAOziot5		]]></document>
	<document><![CDATA[@username How do you think the Benelux Quals are going?		]]></document>
	<document><![CDATA[@username Is there any way we as @username can stream the final with permission of MLG, please follow for DM to discuss		]]></document>
</author>