<?xml version="1.0" encoding="UTF-8" standalone="no"?><author id="user647">
	<document><![CDATA[on my hand ke selepe AJAJAJJAJAJA		]]></document>
	<document><![CDATA[@username chocho colgon		]]></document>
	<document><![CDATA[@username You loved Barcelona. How about Madrid? :'D		]]></document>
	<document><![CDATA[#NowPlaying Glass Hearts — Of Mice & Men.		]]></document>
	<document><![CDATA[TWEET 55.100 WEEEEEEEEE		]]></document>
	<document><![CDATA[#NowPlaying Some Nights — Like Moths To Flames.		]]></document>
	<document><![CDATA[My Top 3 #lastfm Artists: Lady Gaga (4), The Offspring (3) & The Pretty Reckless (3) http://t.co/HrVCkdXtDH		]]></document>
	<document><![CDATA[¿ME ESTÁIS DICIENDO QUE TIM MCILRATH Y CHESTER BENNINGTON CANTARON AYER JUNTOS?

PASADME LINK O ALGO.		]]></document>
	<document><![CDATA[O sea, Tim y Chester en Bleed It Out. No lo asimilo. http://t.co/8mhPSb3JQS		]]></document>
	<document><![CDATA[Tim cantando el estribillo de Bleed It Out con Chester *-----------------------*		]]></document>
	<document><![CDATA[#NowPlaying What If You Don't — Go Radio.		]]></document>
	<document><![CDATA[@username Qué guay. Yo me acabé pasando Clutterfunk, Theory of Everything y Electroman Adventures...		]]></document>
	<document><![CDATA[@username Son terriblemente jodidos... Espérate que Theory of Everything 2 es otro nivel chungo.		]]></document>
	<document><![CDATA[And what if my stars fell from the sky, and what if they landed in your eyes...		]]></document>
	<document><![CDATA[Usar apps con Material Design en Gingerbread es SIDORRIO.		]]></document>
	<document><![CDATA[I just received free bitcoins for creating an account with Xapo. Sign up today and earn 50 bits!  Sign up here: http://t.co/sNhFCAgz0m		]]></document>
	<document><![CDATA[Here’s how I played in 2014. How did you play?  #Spotify2014  http://t.co/n7dXq9prRa		]]></document>
	<document><![CDATA[Memphis May Fire, Fall Out Boy, Linkin Park, Thousand Foot Krutch e Issues. Mi top 5 en Spotify.

MOLA :D		]]></document>
	<document><![CDATA[#NowPlaying Tragedy + Time — Rise Against.		]]></document>
	<document><![CDATA[ME HASEI LLORAR MARICO ;_; @username		]]></document>
	<document><![CDATA[JAJAJAJAJAJAJAJAJAJA "@username: @username @username Uh, soy Hexagon Force, ñiñiñi."		]]></document>
	<document><![CDATA[@username porque nariseh retwitteas tweets de pilladas xdddd		]]></document>
	<document><![CDATA[LO TERMINÉ AL FIN :DDDDD		]]></document>
	<document><![CDATA[@username y u don't follow me :(		]]></document>
	<document><![CDATA[72% Electrodynamix, bitches!		]]></document>
	<document><![CDATA[MORID PUTOS ;_; @username: Get a free copy (U.S. only) of #THP and a deep discount on ALL LP albums on @username: http://t.co/qYxGgkSdB3		]]></document>
	<document><![CDATA[#NowPlaying Let It Burn — Red.		]]></document>
	<document><![CDATA[@username What time is there?

Good night! ^^		]]></document>
	<document><![CDATA[You be Tails, I'll be Sonic.		]]></document>
	<document><![CDATA[She wants more dinero.

Si es que xDDDDD		]]></document>
	<document><![CDATA[@username I'd love to, but I can't play Smite ;______;		]]></document>
	<document><![CDATA[@username "@username: The first playable version of SMITE on XBox One will be avail...: http://t.co/7NBam1C2Tt http://t.co/aAyt8yuuFl"		]]></document>
	<document><![CDATA[.@username Madrid is beautiful when Christmas is coming :') #SnapTheSeason http://t.co/Z4HxgTuRDx		]]></document>
	<document><![CDATA[AUSTIN CARLILE GRITANDO "I WON'T BE IGNORED" Y OTRAS FORMAS DE MORIR INFARTADO.		]]></document>
	<document><![CDATA[Me ha gustado un vídeo de @username (http://t.co/DKFOtPUINO - LPTV: The Hunting Party Tour | Europe - PART 2 | Linkin Park).		]]></document>
	<document><![CDATA[ME ACABO DE PASAR ELECTRODYNAMIX (nivel 15 de Geometry Dash) Y VOY A LLORAR. Ahora a por el nivel 16: Hexagon Force.		]]></document>
	<document><![CDATA[https://t.co/mY6zu28o7L Finally completed ELECTRODYNAMIX.		]]></document>
	<document><![CDATA[I remember when I listened to Unconditional by @username for three weeks non-stop (and still listening to it). I'm in love with it <3		]]></document>
	<document><![CDATA[Dislexia. http://t.co/jz8YKhO6a0		]]></document>
	<document><![CDATA[I'm addicted to you...		]]></document>
	<document><![CDATA[– MIL.
– CUARENTA Y DOS MIL TRESCIENTOS VEINTISIETE EUROS.

#DislexiaLotería		]]></document>
	<document><![CDATA[#Define2014enunapalabra unfollows		]]></document>
	<document><![CDATA[#NowPlaying Rot – Northlane.		]]></document>
	<document><![CDATA[#NowPlaying Alligator Blood — Bring Me The Horizon		]]></document>
	<document><![CDATA[@username Happy birthday, Hayley! I hope you enjoy your day with your familiy, friends and band mates. HAVE FUN! Greetings from Spain.		]]></document>
	<document><![CDATA[TIOOOOOOOO, ¿OS ACORDÁIS DE CUANDO HICE LA COÑA DE LLAMAR A CHESTER BENNINGTON? PUES HE RECIBIDO UNA LLAMADA SUYA JAJAJAJAJAJAJAJA		]]></document>
	<document><![CDATA[TE VEO AHÍ HACIENDO PARTY HARD CON CHOMSKY Y SAUSSURE. "@username: I'm thinking about studying Linguistics."		]]></document>
	<document><![CDATA[Could you see my recently red (bitch) dyed hair? :3

And I like it ???? http://t.co/VQa2KCJvKX		]]></document>
	<document><![CDATA[#NowPlaying My Life For Hire — A Day To Remember.		]]></document>
	<document><![CDATA[QUEDA UNA HORA PARA QUE EMPIECE EL AÑO NUEVL Y YO NO SR ESCROBOT PORQUE TENGO LAS MANOS ECONGELADAS		]]></document>
	<document><![CDATA[Best new year's eve with my best friend ever <3 nukabennington @username Puerta del Sol, Madrid. http://t.co/vPSoZ8hvKX		]]></document>
	<document><![CDATA[Twittrwrrrrr		]]></document>
	<document><![CDATA[Happy new year for my non-spanish speaker followers!! :D		]]></document>
	<document><![CDATA[Talking @username, I have to say that 2015 should be a year for Spain. A lot of bands are coming to here but they, AND WE WANT LP HERE!		]]></document>
	<document><![CDATA[LA VERSION CENSURADA DE WHEN THEY COME FOR ME NO MOLA.		]]></document>
	<document><![CDATA[#NowPlaying Rot – Northlane.		]]></document>
	<document><![CDATA[? Hurricane – Thirty Seconds To Mars http://t.co/M80haqH0B1 #NowPlaying		]]></document>
	<document><![CDATA[@username Here in Spain is Thursday, and I'm going to class... kill me or something like that xD		]]></document>
	<document><![CDATA[@username Keys To The Kingdom – Linkin Park.		]]></document>
	<document><![CDATA[JAJAJAJAJAJA "That drop... #MakeMaxJrLaugh ???? https://t.co/mWbVy6WlwA"		]]></document>
	<document><![CDATA[Tener WhatsApp con Material Design y otras formas de morir de amor.		]]></document>
	<document><![CDATA[#NowPlaying The Appeal & The Mindsweep I – Enter Shikari.		]]></document>
	<document><![CDATA[Me quedo con The Appeal & The Mindsweep I, The One True Color, The Last Garrison, Myopia y Torn Apart.		]]></document>
	<document><![CDATA[My Top 3 #lastfm Artists: Rise Against (6), August Burns Red (6) & A Day to Remember (6) http://t.co/HrVCkdXtDH		]]></document>
	<document><![CDATA[#NowPlaying Worldeater — Northlane.		]]></document>
	<document><![CDATA[Mi primer móvil con Windows Phone :'DDDDDD		]]></document>
	<document><![CDATA[Primer tweet desde Windows Phone. Mola.		]]></document>
	<document><![CDATA[#NowPlaying Life Lessons Learned The Hard Way – A Day To Remember.		]]></document>
	<document><![CDATA[@username University thug life xD		]]></document>
	<document><![CDATA[#NowPlaying Backseat Serenade – All Time Low.		]]></document>
	<document><![CDATA[You're trying to be me, but I'm turning into you.		]]></document>
	<document><![CDATA[#NowPlaying Filth Friends Unite – I See Stars.		]]></document>
	<document><![CDATA[CAMBIARÁS DE MEJOR AMIG		]]></document>
	<document><![CDATA[@username CHUK SATSANÁAAA		]]></document>
	<document><![CDATA[Now, I'm slowly giving up as the world keeps losing faith, and you still turn your back.

I'll be… http://t.co/DoYumohzK0		]]></document>
	<document><![CDATA[MOKEE SACA YA LA VERSIÓN ESTABLE DE CM12 QUE ME VOY A CAGAR EN TODO YA ;___;		]]></document>
	<document><![CDATA[En fin.		]]></document>
	<document><![CDATA[¿Samsung y BlackBerry? xDDDDDDD		]]></document>
	<document><![CDATA[. @username @username @username if you buy a flight from Madrid to Brooklyn to me, I'll attend xD #iamcrying :'(		]]></document>
	<document><![CDATA[PERDONA, YO TENGO ANDROID.		]]></document>
	<document><![CDATA[@username It's just a mistake. Don't blame her exaggeratedly.		]]></document>
	<document><![CDATA[@username i've seen that conversation with evenymphsity or whatever that nick is... :/		]]></document>
	<document><![CDATA[@username I still don’t understand, but it’s ok. I’m sorry.		]]></document>
	<document><![CDATA["@username: “@username: mr and mrs shinoda http://t.co/vneahw7GFS” DYINGF” WAT xDDDDD		]]></document>
	<document><![CDATA[#NowPlaying Once Upon A Time In Mexico – Upon A Burning Body.		]]></document>
	<document><![CDATA[.@username tell me why your voice is so perfect.		]]></document>
	<document><![CDATA[CONCEJAL, HIJO PUTA		]]></document>
	<document><![CDATA[One thing, @username. Would you make a collaboration with Camela? PLS IT'S MY DREAM xD		]]></document>
	<document><![CDATA[@username Hi, Chester. While doing college papers I noticed you broke your ankle. I hope you're ok now and get well soon!! Love from Spain!		]]></document>
	<document><![CDATA[@username I'll send you some strength to make your foot work!! ????		]]></document>
	<document><![CDATA[Chester twitteando. TODAVÍA NO ME VOY A DORMIR.		]]></document>
	<document><![CDATA[@username Good vibes with these emojis ?????????????????????????????????????????????????????????		]]></document>
	<document><![CDATA[@username You do your best for us, so we also do for you. Fans love you infinitely!! <3		]]></document>
	<document><![CDATA[@username Btw, I also want to say HAPPY BIRTHDAY TO ROB... that would be awesome if he reads all these wishes!! :3		]]></document>
	<document><![CDATA[@username SON 6 PUTOS SEGUNDOS. ME TENDRÁ QUE CABER DECIR TODO ;_____;		]]></document>
	<document><![CDATA[@username We're so worried about your leg and the surgery. I hope you're ok now and after that surgery. Take care, Chester :')		]]></document>
	<document><![CDATA[@username I use Android, what am I supposed to be? :/		]]></document>
	<document><![CDATA[YA ACABÉ POR FIN EL TRABAJO.		]]></document>
	<document><![CDATA[@username my device is a redmi 1s when the fuck i'll get android lollipoo i can't wait		]]></document>
	<document><![CDATA[My Top 3 #lastfm Artists: Upon a Burning Body (14), Issues (12) & Demi Lovato (4) http://t.co/HrVCkdXtDH		]]></document>
</author>