<?xml version="1.0" encoding="UTF-8" standalone="no"?><author id="user888">
	<document><![CDATA[@username @username not sure if there are notes for this particular presentation but anne's website has stuff: http://t.co/TmZwP9nMo1		]]></document>
	<document><![CDATA[@username @username thanks I think *smh* #nonethewiser		]]></document>
	<document><![CDATA[@username just reminded me of this bit of Workerist Dog Propaganda http://t.co/ZghSVbjmy7 #cciws13		]]></document>
	<document><![CDATA[Go home, Australian political news, you're drunk.		]]></document>
	<document><![CDATA[@username @username absolutely!		]]></document>
	<document><![CDATA[Introduced to Alison Powell's work on SOPA/PIPA & 'technical activist actions' by @username at #cciws13 http://t.co/H6B7giAlqd		]]></document>
	<document><![CDATA[@username we must get @username down here soon! You are doing UIC proud BTW.		]]></document>
	<document><![CDATA[@username @username isn't that over yet?		]]></document>
	<document><![CDATA[@username that looks so inviting		]]></document>
	<document><![CDATA[@username @username you'd probably get good lunches.		]]></document>
	<document><![CDATA[If you can’t see that gender equality is...politics, you have no right to call yourself a political reporter. http://t.co/qEoplERbXD		]]></document>
	<document><![CDATA[Nothing like @username's ultra-dry delivery to cut through the post-lunch slump #cciws13		]]></document>
	<document><![CDATA[@username *has spent the past 7 minutes trying to figure out what 'apper' means*		]]></document>
	<document><![CDATA[@username yes Ben games studies invented fun		]]></document>
	<document><![CDATA[@username @username @username followed by "who knew?"		]]></document>
	<document><![CDATA[Oh dear, I think Ramon Lobato may have just suggested game studies is part of media studies #good #shitfightbut #cciws13		]]></document>
	<document><![CDATA[Which is totally unfair because game studies invented play, materiality, bodies, and texts.		]]></document>
	<document><![CDATA[Anonymity as agency - @username unpacking some unrecognised assumptions re identity & 'privacy' & names & bodies #cciws13		]]></document>
	<document><![CDATA[now @username is moving on to the #nymwars as a case of unsettled situation wrt identity, anonymity		]]></document>
	<document><![CDATA[@username @username is doing an ace job		]]></document>
	<document><![CDATA[My Name is Me - a collective response to #nymwars - new to me, thanks @username #cciws13 http://t.co/Ba0UlanMmM		]]></document>
	<document><![CDATA[#yeahgender “@username: gender mention (if only briefly) - yay! @username #cciws13		]]></document>
	<document><![CDATA[JOB: Continuing lectureship in Journalism & Media, University of Sydney (re-advertised) http://t.co/TYDparPYlG		]]></document>
	<document><![CDATA[Paper jammin' #cciws13 @username QUT Creative Industries Precinct http://t.co/R8s3f6r4LV		]]></document>
	<document><![CDATA[Phablet sighting. @username at the cutting edge http://t.co/iv0IGyc4wA		]]></document>
	<document><![CDATA[#cciws13 dinner: very conviviality http://t.co/tT1BTcCAJk		]]></document>
	<document><![CDATA[An amazing table of contents in this new collection Theorizing Cultural Work http://t.co/gOXBuKh9jw		]]></document>
	<document><![CDATA[@username yeah, library pricing. It's a thing.		]]></document>
	<document><![CDATA[@username @username oh dear		]]></document>
	<document><![CDATA[@username you should tell @username - preaching to the converted telling me.		]]></document>
	<document><![CDATA[material things in our research #cciws13 http://t.co/iI196IxpVL		]]></document>
	<document><![CDATA[CCI Gothic #cciws13 http://t.co/RBLrvB4U9V		]]></document>
	<document><![CDATA[@username I hadn't intended to characterize you as especially 'preachy', it's just a saying but yes point taken.		]]></document>
	<document><![CDATA[@username @username seems like it's turning into quite the 'side' project :)		]]></document>
	<document><![CDATA[@username @username how is ANYTHING in the news news anymore. #utterdespair #utter		]]></document>
	<document><![CDATA[@username @username oh I see…this is probably unsurprising :)		]]></document>
	<document><![CDATA[@username the first and, I dearly hope, the last		]]></document>
	<document><![CDATA[@username did not. I am OK with Erving		]]></document>
	<document><![CDATA[I'm so glad we invited a couple of Scots to #cciws13. It's one of the hotter accents.		]]></document>
	<document><![CDATA[@username I have a very deep, almost biological suspicion of charisma. It's the scottish presbyterian in me.		]]></document>
	<document><![CDATA[@username provides several exs of how 'smoke' might appear in a Twitter corpus. On behalf of the ex-smokers THANKS A LOT AVI NOT #cciws13		]]></document>
	<document><![CDATA[@username oh dear		]]></document>
	<document><![CDATA[There's been great progress on @username's algorithm for identifying trustworthy social media disaster info since I saw it last! #cciws13		]]></document>
	<document><![CDATA[@username @username has it occurred to you that you may be overly literal at times?		]]></document>
	<document><![CDATA[@username well at least you've got the accent		]]></document>
	<document><![CDATA[I'm so impressed by the robust and generous intellectual engagement of everyone at #cciws13. I don't know how we magicked it up.		]]></document>
	<document><![CDATA[Um what exactly is the event that is happening in American democracy right now, mostly non-verbals in my stream		]]></document>
	<document><![CDATA[I ask, @username delivers the info - Thank you! @username Major filibuster (13 hours) in Texas to prevent legislation restricting abortion		]]></document>
	<document><![CDATA[@username @username  thank you both as well :)		]]></document>
	<document><![CDATA[Thank you everyone! Epic feminist fillibuster in Texas to prevent anti-abortion lawmaking :)		]]></document>
	<document><![CDATA["Jason Potts", "Elinor Ostrom", "social network markets" #bingobingobingo the board lights up #cciws13		]]></document>
	<document><![CDATA['There is a lot of concerntrolling about "the South" as a place of abject horrors and inhumane acts...' http://t.co/vfUdTpUOsw		]]></document>
	<document><![CDATA[#cciws13 paper jamming with @username, aka 'Straight White Dudes Aren't All That, Bro'.		]]></document>
	<document><![CDATA[Awesome Pics, thank you! MT @username: Paper Jam hots up at @username #CCIWS13. Facebook pics: http://t.co/fPlg8HSkZv		]]></document>
	<document><![CDATA[@username @username @username I think I will be grating my own earlobes at that time		]]></document>
	<document><![CDATA["hard" and "soft" as modifiers of power/knowledge. #cciws13 OH THE GENDER		]]></document>
	<document><![CDATA[@username @username @username I need to get to the airport!		]]></document>
	<document><![CDATA[Most Australian universities have more professional support staff than academic staff http://t.co/O9Fy2gYFZl		]]></document>
	<document><![CDATA[@username more like Days of Our Lives - Marlena is never really dead		]]></document>
	<document><![CDATA[@username @username we're excited about our learnings Jason		]]></document>
	<document><![CDATA[The #auspol mob is visibly aroused. Drooling and jabbering.		]]></document>
	<document><![CDATA[@username I do but observe, sir.		]]></document>
	<document><![CDATA[There is basically no way TV journos can stay up to date because they can't refresh Twitter & speak to camera at the same time. #spill		]]></document>
	<document><![CDATA[@username oh dear		]]></document>
	<document><![CDATA[So excited to have (slightly jetlagged) @username and @username on deck in their new jobs at @username and on hand at #cciws13		]]></document>
	<document><![CDATA[Posting again wrt #cciws13 digital methods workshop: oldtweets, a search engine for the 1st yr of twitter http://t.co/V46OTQPBk2		]]></document>
	<document><![CDATA[@username @username @username thank you!		]]></document>
	<document><![CDATA[@username oh cool		]]></document>
	<document><![CDATA[@username @username @username @username argh!!! What'd I miss?		]]></document>
	<document><![CDATA[@username great stuff darryl		]]></document>
	<document><![CDATA[Um @username just read out his own tweet. Is the a comment or a question. #cciws13		]]></document>
	<document><![CDATA[@username @username I know, I do nothing but oppress your talent.		]]></document>
	<document><![CDATA[@username @username @username welcome to our thread		]]></document>
	<document><![CDATA[#cciws13 closing reception @username Old Government House http://t.co/q1iAMrraN1		]]></document>
	<document><![CDATA[#cciws closing reception - stopmotion version :) https://t.co/gAfWNNMRjo		]]></document>
	<document><![CDATA[@username @username you gotta know when to fold 'em.		]]></document>
	<document><![CDATA["Attention is not necessarily a clumsy or insufficient proxy for physical touch but an autonomous source of pleasure" http://t.co/cKruUx4xjH		]]></document>
	<document><![CDATA[@username oh dear		]]></document>
	<document><![CDATA[@username I was wondering about similar issues for indexing indiv papers in the proceedings but didn't think of this one.		]]></document>
	<document><![CDATA[@username I thought so		]]></document>
	<document><![CDATA[Congrats to @username colleagues at QUT & RMIT, + our friends at UQ on your ARC Linkage success in FOR20 this round! http://t.co/sPKUMyfF2k		]]></document>
	<document><![CDATA[@username @username yes, fantastic. Thanks @username for posting		]]></document>
	<document><![CDATA[related #cciws13 MT @username: How To Mess With Big Data Quant Folks—them: “so, what’s your n?” / you: “FEELINGS!”		]]></document>
	<document><![CDATA[Um so this is Vine posts on Twitter over past 2 months according to our data @username #ripvine @username… http://t.co/4mGHAfDQ7L		]]></document>
	<document><![CDATA[Woo hoo, congrats Dr @username @username QUT Creative Industries Precinct http://t.co/iaZW6HtYuV		]]></document>
	<document><![CDATA[YouTube Celebrates Pride With #ProudToLove Spotlight Channel http://t.co/HxyaNoECoC @username @username		]]></document>
	<document><![CDATA[@username @username as i said, mad ambulance chasing skillz		]]></document>
	<document><![CDATA[OH at #cciws13 "So I'm just trying to understand, if your brain is liquefied, how does knowledge transfer occur...?"		]]></document>
	<document><![CDATA[how many academics need some basic speech and drama training. #alot		]]></document>
	<document><![CDATA[@username @username @username I DEMAND TANKS NAO #occupythefuture		]]></document>
	<document><![CDATA[@username @username @username i hope you completed your feedback forms earlier		]]></document>
	<document><![CDATA[@username @username @username i hope you'll remember the good times		]]></document>
	<document><![CDATA[@username now you're doing success theatre too? #killmenow		]]></document>
	<document><![CDATA[@username @username @username aw thanks guys. really good to hear.		]]></document>
	<document><![CDATA[@username @username and now Dad jokes.		]]></document>
	<document><![CDATA[@username totes rolling in it		]]></document>
	<document><![CDATA[@username @username yes these reports prompted us to check the data yesterday		]]></document>
	<document><![CDATA[@username @username @username @username it's how we roll		]]></document>
	<document><![CDATA[@username you should see @username!		]]></document>
	<document><![CDATA[Hmmm so new MySpace or should I say InstaVinrSpot		]]></document>
</author>