<?xml version="1.0" encoding="UTF-8" standalone="no"?><author id="user586">
	<document><![CDATA[alguém aí assistiu "the zero theorem"? vale o tempo?		]]></document>
	<document><![CDATA[musical boner http://t.co/CAAarX5WFr		]]></document>
	<document><![CDATA[HAHAHA TUDO EM RIBA		]]></document>
	<document><![CDATA["Have you ever wondered what would happen if you fell into a black hole?" — EVERY. FUCKING. DAY.		]]></document>
	<document><![CDATA[THIS IS SO AWESOME!
Que tal um botãozinho mágico GRÁTIS? / What about a FREE magic button? http://t.co/upQ0eTuGzl		]]></document>
	<document><![CDATA[confere feicers?		]]></document>
	<document><![CDATA[to all unknown brand designers out there http://t.co/tCY7mwLBtt		]]></document>
	<document><![CDATA[Totally nailed it. http://t.co/cMNcUjw06c		]]></document>
	<document><![CDATA["You can now comment with a sticker!" — sai pra lá facebook		]]></document>
	<document><![CDATA[PARA DE RIR CARA DE CARALHO		]]></document>
	<document><![CDATA[Just upgraded to Yosemite and I'm having some issues with the internet. Anyone else?		]]></document>
	<document><![CDATA["let's go shit at pedrinho's house" —meus amigos		]]></document>
	<document><![CDATA[DOOOOOOWNGRADING TO MOUNTAIN LION ~wish me luck		]]></document>
	<document><![CDATA[guess who's birthday is getting close??? http://t.co/1GfFOdGzS5		]]></document>
	<document><![CDATA[brazilian elections 2014 http://t.co/QI9UsrX5pq		]]></document>
	<document><![CDATA[LET_YOUSSEF_GO_GREEN_DAY.mp3		]]></document>
	<document><![CDATA[¿¿¿NAO TEM PARCIAL ESSA DESGRAÇA?????		]]></document>
	<document><![CDATA[POR ONDE ANDA WESLIAN RORIZ????????		]]></document>
	<document><![CDATA[MAS GLR 3 MIN E AINDA 94 ISSO SO PODE SER BRINCADEIRA		]]></document>
	<document><![CDATA[FECHA ESSE BIT TORRENTE E TERMINA DE APURAR OS VOTOS CARALHO		]]></document>
	<document><![CDATA[CARALHOOOOOOO		]]></document>
	<document><![CDATA[brilliant. http://t.co/fw7vM0EkCl		]]></document>
	<document><![CDATA[@username todo um another level		]]></document>
	<document><![CDATA[i personally think this is one of the most amazing things a human being has ever done. fuck pyramids and shit http://t.co/JRnj7rls3f		]]></document>
	<document><![CDATA[how to keep your flatmates away from your Monster Energy http://t.co/1zMuOEHFB2		]]></document>
	<document><![CDATA["Crowd Funding Forum followed you" AGORA VAI		]]></document>
	<document><![CDATA[featured on Print Magazine's Editor's Pick: http://t.co/Ue6d1qTc8u		]]></document>
	<document><![CDATA[starting to feel really bad about disney's characters; weren't they supposed to have a "happily ever after"? just... http://t.co/ybgFIp8Ska		]]></document>
	<document><![CDATA[the new @username sound effects are terribly annoying. please change it.		]]></document>
	<document><![CDATA[Does anyone here have or knows someone who has a Land Rover Defender? I'd really appreciate that the owners of... http://t.co/wwcB7owI5B		]]></document>
	<document><![CDATA[@username Hello! Would you be so kind to forward this survey to our fellow Land Rover Defender owners? http://t.co/BVmaguYl6G Cheers!		]]></document>
	<document><![CDATA[;) — travelling to London, United Kingdom from Bergamo Orio Al Serio Airport http://t.co/FjVjSqIHwk		]]></document>
	<document><![CDATA[In case you didn't know… http://t.co/PaU3QIvC95		]]></document>
	<document><![CDATA[AH MAS VA SE FODER QUE PASSAPORTE AGORA VALE POR 10 ANOS		]]></document>
	<document><![CDATA[T
E
X
T
Ã
O
—
D
E
—
T
W
I
T
T
E
R
—
T
E
M
—
T
A
M
B
É
M		]]></document>
	<document><![CDATA[I AM GROAK http://t.co/HqFsxTorti		]]></document>
	<document><![CDATA[a perfect metaphor for my life http://t.co/c1rw3RDq2j		]]></document>
	<document><![CDATA[4 years ago…  http://t.co/WBrjhOtklr http://t.co/NJjgtMVd00		]]></document>
	<document><![CDATA[but I swear I thought I dreamed her-- she never asked me once about the wrong I did http://t.co/9zyaD1r4YR		]]></document>
	<document><![CDATA[Italian cuisine? — eating burgers at L'Hamburgheria di Eataly http://t.co/rN1ZjHNFXr		]]></document>
	<document><![CDATA[toying somewhere between love and abuse http://t.co/cxmrFmRmmW		]]></document>
	<document><![CDATA[This is it. Happy New Year!		]]></document>
	<document><![CDATA[a HIT http://t.co/CAupcHOxBM		]]></document>
	<document><![CDATA["2015 is the year of the Apple Watch" —mamãe vai bem, né?		]]></document>
	<document><![CDATA[oh the irony http://t.co/IVZ1HT0zKN		]]></document>
	<document><![CDATA[@username these look amazing! i love what you did with the cup!		]]></document>
	<document><![CDATA["Study Concludes That Women Who Squirt During Sex Are Actually Peeing" EU SABIA!!!!!!!!!!11111111		]]></document>
	<document><![CDATA[Chipotle Mexican Grill #FTW http://t.co/mvGrkhfFnL		]]></document>
	<document><![CDATA[how great logos are born http://t.co/BFaTaJ7ehb		]]></document>
	<document><![CDATA[VEI TO COMENO UMA MAÇÃ MINHA MAE TINHA Q V ISSO		]]></document>
	<document><![CDATA[one shower a day keeps the good bacteria away http://t.co/sXNUo12gCg		]]></document>
	<document><![CDATA[tetesto bicho panda		]]></document>
</author>