<?xml version="1.0" encoding="UTF-8" standalone="no"?><author id="user488">
	<document><![CDATA[#313 - Turns suns. (Courtesy of A. Castelletti) - Girasoli http://t.co/pefkjv81ym		]]></document>
	<document><![CDATA[#314 - Against hand. (Courtesy of A. Castelletti) - Contromano http://t.co/Ph7TsdCVDt		]]></document>
	<document><![CDATA[#316 - With I’m back. (Feat. A. Castelletti) - Contorno http://t.co/EdAkKwPrhi		]]></document>
	<document><![CDATA[#317 - Dive at the Heart. (Courtesy of A. Castelletti) - Tuffo al cuore http://t.co/FEUqGVRrb7		]]></document>
	<document><![CDATA[#320 - Tiny Roast.  - Arrosticino http://t.co/2DVn1EHjWH		]]></document>
	<document><![CDATA[#321 - At pain. - Appena http://t.co/MOOMGgsSoQ		]]></document>
	<document><![CDATA[#322 - Put the hands ahead. (Courtesy of S. Pedersen) - Mettere le mani avanti http://t.co/1mfkcxO6T5		]]></document>
	<document><![CDATA[#325 - What a tiny typeface! (Feat. A. Castelletti) - Che caratterino! http://t.co/3G7K11dfOW		]]></document>
	<document><![CDATA[#326 - Donkeyact.  - Mulatto http://t.co/MiY1baDXIY		]]></document>
	<document><![CDATA[#328 - Entered at tens leg. - Entrato a gamba tesa http://t.co/0VGWy9cJoT		]]></document>
	<document><![CDATA[#329 - Poke Tooth. (Courtesy of A. Castelletti feat. M. Engolli) - Stuzzicadente http://t.co/o06F61j34I		]]></document>
	<document><![CDATA[#330 - Bring home the result. (Courtesy of G. Toia) - Portare a casa il risultato http://t.co/BP0LbBb5Yd		]]></document>
	<document><![CDATA[#333 - At face garlic. (Courtesy of T. Loschi) - Avvisaglia  http://t.co/Nk2hwP5CvF		]]></document>
	<document><![CDATA[#334 - Re-ass. (Feat. S. Pedersen) - Rinculo http://t.co/BEucrQM6V9		]]></document>
	<document><![CDATA[#335 - A lump at the throat.  - Un nodo alla gola http://t.co/LeJTzT4tgn		]]></document>
	<document><![CDATA[#336 - He stays on his. (Courtesy of Someone I Don’t Remember) - Sta sulle sue http://t.co/9BdNQC9LLV		]]></document>
	<document><![CDATA[I favorited a @username video http://t.co/40hNRKTkB6 Les Luthiers - PERDONALA (Bolérolo)		]]></document>
	<document><![CDATA[#338 - Water in mouth. - Acqua in bocca http://t.co/HZYw0z3FzB		]]></document>
	<document><![CDATA[#339 - With the times that runs. - Coi tempi che corrono http://t.co/Cd3lcIH2Bl		]]></document>
	<document><![CDATA[#341 - You live it. (“I know a City” special edition by A. Castelletti) - Telaviv http://t.co/bQLcHFOi0l		]]></document>
	<document><![CDATA[#342 - The foot’s tree. (Feat. Bubani) - La pianta del piede http://t.co/c1PN8Yo8sx		]]></document>
	<document><![CDATA[#343 - Out reads. (Courtesy of S. Spreafico) - Fuori legge http://t.co/0cllFQuGP2		]]></document>
	<document><![CDATA[#345 - It’s at a shot of gun. (Courtesy of C. Gatti feat. A. Castelletti) - È a un tiro di schioppo http://t.co/UIhVgiBI5n		]]></document>
	<document><![CDATA[#347 - I’m boating. (Courtesy of A. Castelletti) - Mi sto imbarcando http://t.co/5DBdo5Uam8		]]></document>
	<document><![CDATA[#348 - Cartina tornasole. (Courtesy of A. Amendolagine) - Little paper comebacksun http://t.co/Y6Sqn7lxND		]]></document>
	<document><![CDATA[#348 - Little paper comebacksun. (Courtesy of A. Amendolagine) - Cartina tornasole http://t.co/IhsHD0YWqG		]]></document>
	<document><![CDATA[#350 - Fish day, time escapes. (Special Edition celebrating the 350th post) - Carpe diem tempus fugit http://t.co/rkxt0jkt1f		]]></document>
	<document><![CDATA[#351 - Onion wearing. (Courtesy of C. Gatti) - Vestirsi a cipolla http://t.co/EgVzu9U4Bg		]]></document>
	<document><![CDATA[I liked a @username video http://t.co/X5Bb7tjO6z Mo?d?er Danielsson Fresco "Africa"		]]></document>
	<document><![CDATA[#355 - At the beautiful better. - Alla bell’e meglio http://t.co/mgGQdHvIal		]]></document>
	<document><![CDATA[#356 - Stay sunny. (Courtesy of M. Zampollo) - Stai sereno http://t.co/5IZg4HQLXr		]]></document>
	<document><![CDATA[#357 - I’m at the taken with… - Sono alle prese con… http://t.co/pBDvLVlvRf		]]></document>
	<document><![CDATA[#358 - Me has put the walking sticks between the wheels. - Mi ha messo i bastoni fra le ruote http://t.co/RKGu00dsJh		]]></document>
	<document><![CDATA[#360 - The brand of bubble.  - La marca da bollo http://t.co/YkgOXJ5cIy		]]></document>
	<document><![CDATA[#361 - At mermaids explained. (feat. M. Zampollo) - A sirene spiegate http://t.co/KR22rlD35E		]]></document>
	<document><![CDATA[#362 - At handcuffs. (Courtesy of M. Zampollo) - A manetta http://t.co/XPcy6JF97s		]]></document>
	<document><![CDATA[#363 - Day of the grace chin again. (Courtesy of A. Castelletti feat. M. Zampollo) - Giorno del... http://t.co/Bbm5jpLEZA		]]></document>
	<document><![CDATA[#364 - Hold of eye. (Feat. A. Castelletti) - Tieni d’occhio http://t.co/dJ1tiqyUq9		]]></document>
	<document><![CDATA[#365 - Stop staying… - Fermo restando… http://t.co/KuHzyHb2FC		]]></document>
	<document><![CDATA[#366 - There’s waterfall. (Courtesy of. S. Spreafico) - C’è cascata http://t.co/3HYsdZxErQ		]]></document>
	<document><![CDATA[#367 - Pope’s Pope’s. (Courtesy of S. Spreafico) - Papale Papale http://t.co/2TDIV1JUWc		]]></document>
	<document><![CDATA[#368 - Eye doesn’t see heart doesn’t hurt. (Courtesy of T. Loschi) - Occhi non vede cuore non duole http://t.co/lA30YvYsL9		]]></document>
	<document><![CDATA[#369 - I’m at the joint of gas. - Sono alla canna del gas http://t.co/VNAzZ4KD4Z		]]></document>
	<document><![CDATA[#371 - Wait and hope. (Courtesy of S. Spreafico) - Aspetta e spera http://t.co/ci9m8kIqCi		]]></document>
	<document><![CDATA[I liked a @username video http://t.co/CDpL6gZgkj Marc Ribot's Ceramic Dog - Lies My Body Told Me		]]></document>
	<document><![CDATA[#374 - Amounts throwing. (Feat. A. Castelletti) - Tirare le somme http://t.co/1RDgyLlply		]]></document>
	<document><![CDATA[#375 - Nerves at flower of skin. (feat. A. Castelletti) - Nervi a fior di pelle http://t.co/OGisP8wMGy		]]></document>
	<document><![CDATA[I liked a @username video http://t.co/kEM0cPPtwE Jazzed Out Oslo - 10 Days into Norwegian Jazz		]]></document>
	<document><![CDATA[#376 - When I’m home I hit you with the phone. (Courtesy of his Majesty R. Del Nero) - Quando sono a casa ti... http://t.co/1sd6XcRpp4		]]></document>
	<document><![CDATA[#378 - Don’t do the fallingdead. (Courtesy of A. Amendolagine) - Non fare il cascamorto  http://t.co/1auuRQIMCM		]]></document>
	<document><![CDATA[#379 - Like if nothing it would be. (Courtesy of A. Castelletti) - Come se niente fosse http://t.co/lAZwa6ZnQc		]]></document>
	<document><![CDATA[I liked a @username video http://t.co/blsnA1sz8U Himalaya Speed PART 2: Climbing Cholatse		]]></document>
	<document><![CDATA[#380 - Buyput. (Courtesy of C. Gatti) - Compromesso http://t.co/NO5kId5PJu		]]></document>
	<document><![CDATA[#381 - It makes me frothing. (Courtesy of A. Castelletti) - Mi fa schiumare http://t.co/3rNW6QuIGg		]]></document>
	<document><![CDATA[#382 - Ass and shirt. (Feat. A. Castelletti) - Culo e camicia http://t.co/zQVFV7Gqy8		]]></document>
	<document><![CDATA[#383 - Every hole is tunnel. (Courtesy of R. Bigiolli) - Ogni buco è galleria http://t.co/O3eHbEy2bC		]]></document>
	<document><![CDATA[#385 - We are charged! (D. Gerussi feat. W. Angelini) - Siamo carichi! http://t.co/seKunIZAyI		]]></document>
	<document><![CDATA[#386 - They are all fennels with the others’ asses. - Son tutti finocchi col culo degli altri http://t.co/wrjTgrMMrs		]]></document>
	<document><![CDATA[#388 - At burn fur. - A brucia pelo http://t.co/1Mh5iUCHos		]]></document>
	<document><![CDATA[I liked a @username video http://t.co/sft5hP2np9 Mt Everest IMAX - the dream is alive		]]></document>
	<document><![CDATA[#389 - From when to here!? - Da quando in qua!? http://t.co/5Uka9eEGoc		]]></document>
	<document><![CDATA[#390 - A lot of stuff! (Courtesy of A. Amendolagine) - Tanta roba! http://t.co/g8maCbgQRR		]]></document>
	<document><![CDATA[#391 - From there to little. - Di lì a poco http://t.co/1f7aSbWIWs		]]></document>
	<document><![CDATA[#392 - Smiling tiny city. (Courtesy of A. Castelletti) - Ridente cittadina http://t.co/WhW17nhER0		]]></document>
	<document><![CDATA[#393 - Funeral blowjobs. (Courtesy of A. Amendolagine) - Pompe funebri http://t.co/bU45GEuCJE		]]></document>
	<document><![CDATA[#394 - Big words are flying. (Feat. A. Castelletti) - Volano parole grosse http://t.co/o63a1Ow94T		]]></document>
	<document><![CDATA[#395 - At free wheel. (Feat. A. Castelletti) - A ruota libera http://t.co/CesGLvWqez		]]></document>
	<document><![CDATA[#396 - He took it under the leg. (Courtesy of F. Pallavidini) - L’ha presa sotto gamba http://t.co/XOfVbhr6Qc		]]></document>
	<document><![CDATA[#397 - To owl. - Gufare http://t.co/eH9r3z0nSj		]]></document>
	<document><![CDATA[#398 - The drop that makes betweenmouth the vase. (Feat. A. Castelletti) - La goccia che fa traboccare il... http://t.co/E29CbemxB2		]]></document>
	<document><![CDATA[#400 - Wolf in tale. (Special Edition celebrating the 400th post) - Lupus in fabula http://t.co/4IzjNnLoFG		]]></document>
	<document><![CDATA[#401 - At all round.  - A tutto tondo http://t.co/Y5337GA9AB		]]></document>
	<document><![CDATA[#402 - To inwish.  - Inaugurare http://t.co/YFYIAFBQp7		]]></document>
	<document><![CDATA[#403 - On evening’s doing. (Courtesy of S. Spreafico) - Sul far della sera http://t.co/5JMhfpJGna		]]></document>
	<document><![CDATA[#404 - Whit the if and with the but you don’t make history. (Courtesy of W. Angelini) - Con i se e con i ma... http://t.co/KplPmtYXrX		]]></document>
	<document><![CDATA[#405 - Is not beautiful what is beautiful but is beautiful what it’s liked.  - Non è bello ciò che è bello... http://t.co/QFkCPncOIJ		]]></document>
	<document><![CDATA[#406 - Anthemgoaction. (Courtesy of A. Castelletti) - Innovazione http://t.co/kX1KBhc9hK		]]></document>
	<document><![CDATA[#408 - There was the h. (Courtesy of A. Castelletti) - Cera lacca http://t.co/LnwJTPpLP5		]]></document>
	<document><![CDATA[#409 - Taken good. (Feat. A. Castelletti) - Preso bene http://t.co/2ALTQHsldP		]]></document>
	<document><![CDATA[#410 - To parents. (Courtesy of A. Castelletti) - Apparenti http://t.co/si808WifUF		]]></document>
	<document><![CDATA[#411 - Air’s room. (Feat. A. Castelletti) - Camera d’aria http://t.co/PMF6E6Gd93		]]></document>
	<document><![CDATA[#412 - Behind the fifths. (Feat. A. Castelletti) - Dietro le quinte http://t.co/bD39Ihkio8		]]></document>
	<document><![CDATA[Bootstrap 3 PSD: Free for commercial and personal use! http://t.co/wqndyVhZqx by @username http://t.co/mBEzgwGPhW		]]></document>
	<document><![CDATA[#416 - For departed taken. (Courtesy of A. Castelletti) - Per partito preso http://t.co/PhkZM4ztuB		]]></document>
	<document><![CDATA[#417 - Is like shooting on the red cross. (Feat. A. Castelletti) - È come sparare sulla croce rossa http://t.co/ohr98mA52a		]]></document>
	<document><![CDATA[#418 - Go to make yourself wellsay. (Courtesy of S. Spreafico) - Va’ a farti benedire http://t.co/u8N8wALokb		]]></document>
	<document><![CDATA[#419 - The big wizard.  - Il magone http://t.co/JpeMpNnObX		]]></document>
	<document><![CDATA[#423 - Hundredsthereborn. (Feat. A. Castelletti) - Centellinata http://t.co/RIhnFTceVh		]]></document>
	<document><![CDATA[#426 - Sent in wave. - Mandato in onda http://t.co/eWsUeZG3af		]]></document>
	<document><![CDATA[#427 - To drink at the drop. (Feat. A. Castelletti) - Bere alla goccia http://t.co/dKx4H05XS9		]]></document>
	<document><![CDATA[#428 - Always and anyway. (Courtesy of A. Castelletti) - Sempre e comunque http://t.co/8QD3OdloFB		]]></document>
	<document><![CDATA[#429 - If you put on this floor. (Feat. A. Castelletti) - Se la metti su questo piano http://t.co/j7PTHBdZM6		]]></document>
	<document><![CDATA[Ho aggiunto un video a una playlist di @username: http://t.co/FaFuPfyVqZ K2 - The Killer Summit (BBC Four - Storyville - 2014)		]]></document>
	<document><![CDATA[#433 - Give time to weather.  - Dai tempo al tempo http://t.co/DsYqgzvcrL		]]></document>
	<document><![CDATA[#434 - Do not throw the stone and then hide the hand. (Feat. A. Castelletti) - Non lanciare la pietra e poi... http://t.co/96zCn3uxXe		]]></document>
	<document><![CDATA[#437 - A barlight. - Un barlume http://t.co/AQGjfpvE1i		]]></document>
	<document><![CDATA[#438 - Unchained. (Courtesy of A. “Unchained” Castelletti) - Scatenato http://t.co/OfyAGmz6jI		]]></document>
	<document><![CDATA[#441 - Rottenfoot. - Marciapiede http://t.co/WRnAtc80ld		]]></document>
	<document><![CDATA[#442 - Rather time. (Courtesy of A. Castelletti) - Anzitempo http://t.co/N2tIG5PCf8		]]></document>
	<document><![CDATA[#443 - Wind in boob. - Vento in poppa http://t.co/wXv3BXnmZj		]]></document>
</author>