<?xml version="1.0" encoding="UTF-8" standalone="no"?><author id="user377">
	<document><![CDATA[Never to embrace you again, for I must grow.		]]></document>
	<document><![CDATA[Now we both are Free...		]]></document>
	<document><![CDATA[@username Perhaps they do.. We think about many things and persons per day :)		]]></document>
	<document><![CDATA[“I hear your heart cry for love, but you won't let me make it right.”		]]></document>
	<document><![CDATA[@username 'always remember what I wrote, thinking of you, like I am doing right now'		]]></document>
	<document><![CDATA[@username From Yesterday is a great song :)		]]></document>
	<document><![CDATA[@username It's my anthem, every single day		]]></document>
	<document><![CDATA[A rare picture from @username and me taken 18 years ago today. http://t.co/cHM1dQdbBN		]]></document>
	<document><![CDATA[@username not really :O		]]></document>
	<document><![CDATA[Shots, shots, shots, shots! http://t.co/gHKWJEY5kf		]]></document>
	<document><![CDATA["@username: life is probably pointless  But i wanna spend as much of it as i can w/ u" @username		]]></document>
	<document><![CDATA[... Ash... http://t.co/8mzBCoKYUv		]]></document>
	<document><![CDATA[@username As a strange I adore eveything you do, we all are shit from time to time		]]></document>
	<document><![CDATA[@username Pls go. U will like it c:		]]></document>
	<document><![CDATA[@username I don't think so...		]]></document>
	<document><![CDATA[@username now I don't know what to say... :'v		]]></document>
	<document><![CDATA[@username Pff, voy a intentarlo :D		]]></document>
	<document><![CDATA[@username "Don't worry about what people think... They don't do it quite often."		]]></document>
	<document><![CDATA[http://t.co/bFgKjeCL6q Cool! :)		]]></document>
	<document><![CDATA["But darling you are like the sand... and you're slipping through my hands."		]]></document>
	<document><![CDATA[Today was strange, I mean...
I had a dream within a dream		]]></document>
	<document><![CDATA[@username :( Don't give up, my sweet Lu		]]></document>
	<document><![CDATA[How I wish... How I wish you were here...		]]></document>
	<document><![CDATA[But I was young and foolish...		]]></document>
	<document><![CDATA["I hope you're not lonely... Without me."		]]></document>
	<document><![CDATA[So happy for you, guys (not really, but life goes on).		]]></document>
	<document><![CDATA[You are an empty mask.		]]></document>
	<document><![CDATA[Politicians are more honest than you will ever be.		]]></document>
	<document><![CDATA["I am not like you... I know I am real..."		]]></document>
	<document><![CDATA[Those tears left you blind.		]]></document>
	<document><![CDATA[http://t.co/rogtLc0lB3 Checa, @username :)		]]></document>
	<document><![CDATA["My heart is a weapon of war... My voice... Is my weapon of choice."		]]></document>
	<document><![CDATA[@username 

Euphoria afrer the afternoon :)		]]></document>
	<document><![CDATA["I'm awake, I'm alive. Now I know what I believe inside."		]]></document>
	<document><![CDATA[@username CHAMP		]]></document>
	<document><![CDATA[@username Yo 66		]]></document>
	<document><![CDATA[@username Been there...		]]></document>
	<document><![CDATA[????Your heart is my sky????		]]></document>
	<document><![CDATA[- Stand by me.
- I will stand.		]]></document>
	<document><![CDATA[@username 
 Hope you're doing fine.		]]></document>
	<document><![CDATA[Chase those who have their shadow playing with yours.		]]></document>
</author>