<?xml version="1.0" encoding="UTF-8" standalone="no"?><author id="user544">
	<document><![CDATA['The past is like a foreign country; they do things different there.' -Russisch porno-model op instagram; maakt het nog niet minder waar.		]]></document>
	<document><![CDATA['Blame it on a simple twist of fate'- Bob Dylan, 1975, en sindsdien altijd al het nodig was.		]]></document>
	<document><![CDATA[Blood on the tracks.		]]></document>
	<document><![CDATA[These boots are made for walking #justdoit #kapot http://t.co/zmIchAtMix		]]></document>
	<document><![CDATA[Nobody knows I'm a lesbian http://t.co/x8VFMlLGDq		]]></document>
	<document><![CDATA['You can do what you want or you can just get old' - Billy Joel		]]></document>
	<document><![CDATA[My Top 3 #lastfm Artists: Devendra Banhart (32), Bob Dylan (26) & Spinvis (15) #music http://t.co/CmOWT24jXh		]]></document>
	<document><![CDATA[My Top 3 #lastfm Artists: Stromae (17), Drs. P (11) & Milky Chance (6) #music http://t.co/CmOWT24jXh		]]></document>
	<document><![CDATA[Have a g????d day http://t.co/hSj7pnc2j3		]]></document>
	<document><![CDATA[My Top 3 #lastfm Artists: Drs. P (13), Brad Sucks (8) & Red Hot Chili Peppers (5) #music http://t.co/CmOWT24jXh		]]></document>
	<document><![CDATA[My Top 3 #lastfm Artists: The Boxer Rebellion (25), Leonard Cohen (12) & Red Hot Chili Peppers (7) #music http://t.co/CmOWT24jXh		]]></document>
	<document><![CDATA[Goed zo whatsapp http://t.co/OSzdljrooo		]]></document>
	<document><![CDATA[@username Wat is jouw functie		]]></document>
	<document><![CDATA["let's hope it ends in a draw
... England are shite at penalties"		]]></document>
	<document><![CDATA[@username third rock from the sun toch? Kutserie		]]></document>
	<document><![CDATA[My Top 3 #lastfm Artists: Hozier (5), The Rolling Stones (4) & Pearl Jam (4) #music http://t.co/CmOWT24jXh		]]></document>
	<document><![CDATA[@username in the name of the father!		]]></document>
	<document><![CDATA[My Top 3 #lastfm Artists: Mark Knopfler (4), Pearl Jam (3) & The Boxer Rebellion (3) #music http://t.co/CmOWT24jXh		]]></document>
	<document><![CDATA[Walkin in the club like what up ik was 12 leuk feestje man. http://t.co/oLdfiLkA0D		]]></document>
	<document><![CDATA[Shots fired http://t.co/0uPAqSNOZt		]]></document>
	<document><![CDATA[Ain't no sunshine when she's gone		]]></document>
	<document><![CDATA[Blue screen of DEATH. Ugh. http://t.co/gpT2gETyKZ		]]></document>
	<document><![CDATA[@username @username wow die iMoet was een typfout maar everything went better then expected.		]]></document>
	<document><![CDATA[IK WIL DE GULDEN TERUG http://t.co/GP7eqYm2qd		]]></document>
	<document><![CDATA[Oef! http://t.co/pP0WYd1agr		]]></document>
	<document><![CDATA[This comeback tho http://t.co/Xnvs9QZFEQ		]]></document>
	<document><![CDATA[Dag hier @username Antwerpen-Centraal railway station http://t.co/8KUV6kkUWG		]]></document>
	<document><![CDATA[Hollywood #gedichtje #kalkmankementje http://t.co/XSrJOKLfKp		]]></document>
	<document><![CDATA['Death does not part, only lack of love'		]]></document>
	<document><![CDATA[Wat. http://t.co/jSuRSIaxmo		]]></document>
	<document><![CDATA[@username @username wat precies?		]]></document>
	<document><![CDATA[Ugh #nofilter http://t.co/kkRYOvvu9h		]]></document>
	<document><![CDATA[BREEK http://t.co/cP9A6RPVIs		]]></document>
	<document><![CDATA[Rain rain go away http://t.co/BioVQ1YixV		]]></document>
	<document><![CDATA[Och #och  http://t.co/7Av0Cl81Gh		]]></document>
	<document><![CDATA[@username Nope		]]></document>
	<document><![CDATA[@username F&R=back		]]></document>
	<document><![CDATA[@username GTA Vice City. VRock!		]]></document>
	<document><![CDATA[@username Chill!		]]></document>
	<document><![CDATA[Perfect business plan http://t.co/vvESBTiafZ		]]></document>
	<document><![CDATA[@username Woah		]]></document>
</author>