<?xml version="1.0" encoding="UTF-8" standalone="no"?><author id="user555">
	<document><![CDATA[I'm at One Liberty Plaza (New York, NY) w/ 6 others [pic]: http://t.co/xsDfk7wiXW		]]></document>
	<document><![CDATA[I'm at Red Cube by Isamu Noguchi w/ @username [pic]: http://t.co/Mx7jrdWstv		]]></document>
	<document><![CDATA[I'm at Louise Nevelson Plaza (Manhattan, NY) [pic]: http://t.co/vgrXGjWP7i		]]></document>
	<document><![CDATA[I'm at National September 11 Memorial & Museum w/ @username [pic]: http://t.co/vAvfVP1SHq		]]></document>
	<document><![CDATA[I'm at 214 Lafayette Space w/ @username [pic]: http://t.co/sMjnYXFurn		]]></document>
	<document><![CDATA[I'm at Brooklyn Bridge (New York, NY) w/ 7 others [pic]: http://t.co/paNBfcCegS		]]></document>
	<document><![CDATA[I'm at The LEGO Store - @username (New York, NY) w/ 2 others [pic]: http://t.co/gCeAkHs8yk		]]></document>
	<document><![CDATA[I'm at Casa Enrique (Long Island City, NY) [pic]: http://t.co/5F6nowcy0p		]]></document>
	<document><![CDATA[I'm at @username (New York, NY) w/ 33 others http://t.co/RVfxzo0HQf		]]></document>
	<document><![CDATA[I'm at Central Park - Great Lawn - @username (New York, NY) w/ 15 others [pic]: http://t.co/34WXDsF9Cb		]]></document>
	<document><![CDATA[I'm at Strawberry Fields - @username w/ @username [pic]: http://t.co/qhT4WcF7Lj		]]></document>
	<document><![CDATA[I'm at Beekman Beer Garden (New York, NY) w/ 73 others [pic]: http://t.co/RLoxH4NjNH		]]></document>
	<document><![CDATA[I'm at Stone Street Tavern - @username (New York, NY) w/ 11 others [pic]: http://t.co/OAjRfoDjKZ		]]></document>
	<document><![CDATA[I'm at @username (New York, NY) w/ 21 others [pic]: http://t.co/UXEUlljHVX		]]></document>
	<document><![CDATA[I'm at Sweetleaf (Long Island City, NY) w/ 3 others [pic]: http://t.co/z7WVXsew0P		]]></document>
	<document><![CDATA[I'm at Chipotle Mexican Grill (New York, NY) w/ 4 others [pic]: http://t.co/bh7dkfkEXr		]]></document>
	<document><![CDATA[Check out my http://t.co/FQtqZsqqrL result! What's your speed? http://t.co/OLWo1k0zlZ #speedtest		]]></document>
	<document><![CDATA[Official PlayStation Used Game Instructional Video: http://t.co/DQe7PX4c6h		]]></document>
	<document><![CDATA[Google IO Afterparty 2013 - Steve AOKI #GDGspain!: http://t.co/SLq5BrRH2L		]]></document>
	<document><![CDATA[Just shared a photo #throughglass http://t.co/Hauh4zlnBG		]]></document>
	<document><![CDATA[Flashmob Performs 'Here Comes the Sun' in Madrid Unemployment Office: http://t.co/WKYsL204nn		]]></document>
	<document><![CDATA[@username @username where is the link ?		]]></document>
	<document><![CDATA[The LEGO® Story: http://t.co/pDC46nM5k0		]]></document>
	<document><![CDATA[@username mm not, very hard !		]]></document>
	<document><![CDATA[I'm at GEBA Sede J Newbery w/ @username [pic]: http://t.co/395bW3Hbjk		]]></document>
	<document><![CDATA[Viendo Rating (@username Casona Municipal w/ 2 others) http://t.co/HjCCRDbV6X		]]></document>
	<document><![CDATA[Viendo Rating (@username Casona Municipal w/ 3 others) [pic]: http://t.co/K0ya2oAtwG		]]></document>
	<document><![CDATA[I'm at Johnny B Good (Córdoba, Cordoba) http://t.co/oCCTJBNEzF		]]></document>
	<document><![CDATA[I'm at Jerome http://t.co/XfTqN8hXbu		]]></document>
	<document><![CDATA[I'm at St. Andrews (Córdoba) http://t.co/YLB5KLh6Tn		]]></document>
	<document><![CDATA[I'm at Whitesheep w/ 2 others http://t.co/ml9K0d9lWC		]]></document>
	<document><![CDATA[#throughglass full house at #okmapit presentation made by @username #famaf #unc http://t.co/QxAunqvH7k		]]></document>
	<document><![CDATA[Hack & beer (@username St. Andrews w/ 3 others) [pic]: http://t.co/6EZBSzrNas		]]></document>
	<document><![CDATA[Lvk after (@username Vidon Bar) [pic]: http://t.co/TctwuOB2EF		]]></document>
	<document><![CDATA[I'm at Johnny B Good (Córdoba, Cordoba) http://t.co/dhngsfTLH0		]]></document>
	<document><![CDATA[Hacking Bluetooth in iOS @username  meeting		]]></document>
	<document><![CDATA[En la oficina (@username St. Andrews) [pic]: http://t.co/zCHM8MIjMq		]]></document>
	<document><![CDATA[#EnLaOficina #lvklabs (@username St. Andrews) http://t.co/A0VAMb6uFZ		]]></document>
	<document><![CDATA[#lvk after meeting (@username Vidon Bar w/ @usernamegabriel_miretti) [pic]: http://t.co/hFSSokuYs9		]]></document>
	<document><![CDATA[I'm at St. Andrews (Córdoba) http://t.co/M2GwKNCDyL		]]></document>
	<document><![CDATA["Empire State of Mind" JAY Z | Alicia Keys [OFFICIAL VIDEO]: http://t.co/Gzae1onTDY		]]></document>
	<document><![CDATA[Led Zeppelin - All of My Love: http://t.co/llTZC3o04Y via @username		]]></document>
	<document><![CDATA[Should Obama Open Source http://t.co/sxHJQxwAQR To Fix The Fiasco? http://t.co/5NOqTBGHOv		]]></document>
	<document><![CDATA[I'm at St. Andrews (Córdoba) http://t.co/HbXZGx1GyG		]]></document>
	<document><![CDATA[#okmapit after @username Intel  startup catapult (@username St. Andrews) [pic]: http://t.co/86EH6xf4o9		]]></document>
	<document><![CDATA[I'm at GEBA Sede J Newbery (Capital Federal, Buenos Aires) http://t.co/nEc4NIR1ab		]]></document>
	<document><![CDATA[@username where are the names of the VC giving feedback in elevator pitch ? (good to know they background)		]]></document>
	<document><![CDATA[Blurred Lines (Unrated Version): http://t.co/EC6M37e7U7 impresionante Emily Ratajkowski @username		]]></document>
	<document><![CDATA[I'm at Aeroparque Jorge Newbery (AEP) - @username (Ciudad de Buenos Aires, Buenos Aires) w/ 21 others http://t.co/OpckhH3pjv		]]></document>
	<document><![CDATA[I'm at John F. Kennedy International Airport (JFK) (Jamaica, NY) w/ 119 others http://t.co/md1d7rn7pu		]]></document>
	<document><![CDATA[Recién llegados a LA :) (@username Los Angeles International Airport (LAX) - @usernamelax_official w/ 166 others) http://t.co/ecVH2KfhBr		]]></document>
	<document><![CDATA[I'm at Malbec New Argentinean Cuisine (Pasadena, CA) w/ 4 others http://t.co/8a2pwiuY8o		]]></document>
	<document><![CDATA[I'm at Starbucks (Pasadena, CA) w/ 2 others [pic]: http://t.co/xXlqUvA5YZ		]]></document>
	<document><![CDATA[Tardecita en la playa (@username Boardwalk - Santa Monica Beach w/ 2 others) [pic]: http://t.co/p9OeoVjoF7		]]></document>
	<document><![CDATA[(@username Big Dean's Ocean Front Cafe w/ 5 others) [pic]: http://t.co/3SyMu8rVn4		]]></document>
	<document><![CDATA[Con el Fer (@username Lucky Baldwin's Pub - @usernameluckybaldwinsca w/ 2 others) [pic]: http://t.co/zbF0RbBRTN		]]></document>
	<document><![CDATA[I'm at Lucky Baldwin's Trappiste Pub & Cafe - @username (Pasadena, CA) http://t.co/dnyP8K02RX		]]></document>
	<document><![CDATA[I'm at Cahill Center for Astonomy & Astrophysics (Pasadena, CA) w/ 2 others [pic]: http://t.co/xmxLxmRlHs		]]></document>
	<document><![CDATA[I'm at Hollywood (Los Angeles, CA) w/ 2 others [pic]: http://t.co/sVNQCKAmbR		]]></document>
	<document><![CDATA[I'm at Beverly Hills Hotel - @username (Beverly Hills, CA) http://t.co/rf3lEQma08		]]></document>
	<document><![CDATA[I'm at @username Mansion (Los Angeles, CA) http://t.co/3AzyfRVoYt		]]></document>
	<document><![CDATA[I'm at T. Boyle's Tavern (Pasadena, CA) http://t.co/8ah6H8hbcS		]]></document>
	<document><![CDATA[I'm at John F. Kennedy International Airport (JFK) (Jamaica, NY) w/ 222 others http://t.co/klXvBBIsmF		]]></document>
	<document><![CDATA[I'm at Oui Oui (Ciudad de Buenos Aires, CABA) w/ 3 others http://t.co/iPq7pkboZH		]]></document>
	<document><![CDATA[I'm at Aeroparque Jorge Newbery (AEP) - @username (Ciudad de Buenos Aires, Buenos Aires) w/ 11 others http://t.co/MaHbTkb4K0		]]></document>
	<document><![CDATA[En la oficinaa (@username St. Andrews) http://t.co/3p8G3pZjdG		]]></document>
	<document><![CDATA[LVK is in the office (@username St. Andrews w/ @usernamegabriel_miretti) http://t.co/jdmCUiYgIH		]]></document>
	<document><![CDATA[I'm at St. Andrews (Córdoba) http://t.co/4GnEHYOzwo		]]></document>
	<document><![CDATA[@username WTF !! Can't be real !		]]></document>
	<document><![CDATA[The mayor is IN da house ;) (@username St. Andrews) http://t.co/BU8lVzhGkh		]]></document>
	<document><![CDATA[Happy birthday!!! (@username St. Andrews) http://t.co/fS0npmp173		]]></document>
	<document><![CDATA[Hoy es San Pugliese ! http://t.co/tVZZ1M65vQ		]]></document>
	<document><![CDATA[I'm at Johnny B Good (Córdoba, Cordoba) http://t.co/hZ7PtAa7tV		]]></document>
	<document><![CDATA[Josh Turnbull - Sign Him Up!: http://t.co/e1qVsXqX7J		]]></document>
	<document><![CDATA[I'm at Aeroparque Jorge Newbery (AEP) - @username (Ciudad de Buenos Aires, Buenos Aires) w/ 10 others http://t.co/1Yjxp388Nt		]]></document>
	<document><![CDATA[The two driving forces of purchase and usage behavior are apathy and the desire to avoid looking/feeling stupid.		]]></document>
	<document><![CDATA[I'm at Aeroparque Jorge Newbery (AEP) - @username (Ciudad de Buenos Aires, Buenos Aires) w/ 15 others http://t.co/qgWaOXH395		]]></document>
	<document><![CDATA[After hacker and founders LVK & Happymer (@username St. Andrews) http://t.co/oTqx57rnQR		]]></document>
	<document><![CDATA['Female Freedom Has an Expiration Date' - Being 35 and Single: http://t.co/MqPgcdR866		]]></document>
	<document><![CDATA[I'm at St. Andrews (Córdoba) http://t.co/Nhr7pLb2sh		]]></document>
	<document><![CDATA[I'm at St. Andrews (Córdoba) http://t.co/bEC5uY7X8H		]]></document>
	<document><![CDATA[The winter is comming ... and we are happy for it BBC's Winter Olympics Trailer Is Totally Over the Top http://t.co/2vNIm1N0oP		]]></document>
	<document><![CDATA[I'm at Aeroparque Jorge Newbery (AEP) - @username (Ciudad de Buenos Aires, Buenos Aires) w/ 12 others http://t.co/vtjIxAQvoO		]]></document>
	<document><![CDATA[@username genial :) Welcome aboard  !		]]></document>
	<document><![CDATA[After cierre de la Intel Startup Catapult #okmapit #egresados (@username St. Andrews) http://t.co/b5jjZhMCQJ		]]></document>
	<document><![CDATA[I'm at St. Andrews (Córdoba) http://t.co/e8NDS1164D		]]></document>
	<document><![CDATA[I'm at St. Andrews (Córdoba) http://t.co/fia2Oa7i3G		]]></document>
	<document><![CDATA["No Job Land" http://t.co/wKQA2FdKFq #Vimeo #spain #economy #crisis #joblessspain		]]></document>
	<document><![CDATA[How To Make Your Own Custom Wallpaper For Android - http://t.co/cWyKI4vUtA		]]></document>
	<document><![CDATA[I'm at Bartola Corner (Capital Federal, Buenos Aires) w/ 2 others http://t.co/jLIIL4ZPkC		]]></document>
	<document><![CDATA[TRAILER DOCUMENTAL "LA CA?SCARA ROTA": http://t.co/oUs88spqo2		]]></document>
	<document><![CDATA[I'm at St. Andrews (Córdoba) http://t.co/iy8A8X5lTV		]]></document>
	<document><![CDATA[Android Wear: Google's Wearables Platform Is Here - http://t.co/mn26dEc3GX		]]></document>
	<document><![CDATA[I'm at Aeroparque Jorge Newbery (AEP) - @username (Ciudad de Buenos Aires, Buenos Aires) w/ 16 others http://t.co/uNXBEi7ssy		]]></document>
	<document><![CDATA[Entrevista a Edward Snowden TED: Here's how we take back the Internet http://t.co/TzQAcwdLVr		]]></document>
	<document><![CDATA[Daft Punk - Grammy Awards 2014 performance (Rehea…: http://t.co/p2ZCMW3het		]]></document>
	<document><![CDATA[Macklemore & Ryan Lewis - Can't Hold Us (Live on KEXP): http://t.co/2IeArjefRf		]]></document>
	<document><![CDATA[@username bache !		]]></document>
	<document><![CDATA["A referral is the single most powerful way to get into a VC ?rm. Most of  their deals come from people they trust"		]]></document>
	<document><![CDATA[How algorithms shape our world http://t.co/H8SiwNCO2g		]]></document>
</author>