<?xml version="1.0" encoding="UTF-8" standalone="no"?><author id="user23">
	<document><![CDATA["@username: That boner came at the wrong time ???? http://t.co/5XgDyCaCjR" HELP I'M DYING		]]></document>
	<document><![CDATA[Oh Taye Diggs. What u doing with me.		]]></document>
	<document><![CDATA[@username JA WIE IS DAT. HIJ VOLGT MIJ INEENS OP TWITTER EN INSTAGRAM		]]></document>
	<document><![CDATA[@username but I can shake shake shake it off for her, for free.		]]></document>
	<document><![CDATA[@username Well, soon we'll be the reason for the teardrops on her guitar		]]></document>
	<document><![CDATA[Just let me fucking sleep already.		]]></document>
	<document><![CDATA[@username Well, this is service. Unfortunately i can't say that about you guys. 
http://t.co/st5ymXZPSK		]]></document>
	<document><![CDATA[@username als nog best tof!		]]></document>
	<document><![CDATA[You're jingling.		]]></document>
	<document><![CDATA["@username: wtf are these please???????? http://t.co/ZMQUidiZg2" @username		]]></document>
	<document><![CDATA[Nexus 9 international giveaway! @username #nexus9 http://t.co/Zm51HryOZE		]]></document>
	<document><![CDATA[@username finally the moto360 is available in NL. Still can't choose, black or grey? I like black better, but don't like the wristband. Help		]]></document>
	<document><![CDATA[WAAROM DEED IK DIT AAAAAAAAA		]]></document>
	<document><![CDATA[Pia, shame on you. http://t.co/HVElFqNCda		]]></document>
	<document><![CDATA[@username you're welcome ?		]]></document>
	<document><![CDATA[The feels when @username says "meh" ????		]]></document>
	<document><![CDATA[@username just be yourselfff ????		]]></document>
	<document><![CDATA[@username Asleep? I guess you mean good morning		]]></document>
	<document><![CDATA[A WHOLE NEW WORLD		]]></document>
	<document><![CDATA[Facebook. Chat. ????		]]></document>
	<document><![CDATA[Facebookchat.		]]></document>
	<document><![CDATA[Let's go to Ba Sing Sé.		]]></document>
	<document><![CDATA["@username: Google's new Nest ads are all pretty funny http://t.co/ZMximT27gB http://t.co/O09Od3ZWDH" hahahahaha wauw		]]></document>
	<document><![CDATA[I fucking hate the new calendar app. The 7 days don't fit on my 5,5 inch screen. @username @username @usernamecalendar http://t.co/RCi5f84bUF		]]></document>
	<document><![CDATA[I can't zoom in or out? Plz get rid of the time bar. @username @username		]]></document>
	<document><![CDATA[Life happened. http://t.co/HGI6ELSh3T		]]></document>
	<document><![CDATA[@username My wifi sucks. The horror.. (240p) http://t.co/kS0RbYseZx		]]></document>
	<document><![CDATA["@username: so I can't do my math homework cause my duck fell asleep on my calculator.. ^ http://t.co/UXvwQcpWVk" @username		]]></document>
	<document><![CDATA[Deze metafoor: "Spaceship entering the galaxy. Spaceship leaving the galaxy. Spaceship entering the galaxy. Spaceship leaving the galaxy.."		]]></document>
	<document><![CDATA["I'm John, I'm 19 years old. I'm still a vrigin because I'm awkward as fuck". Je bent 19 jaar. 19. 19.		]]></document>
	<document><![CDATA["It's weird to be a virgin at 19." No it fucking isn't.		]]></document>
	<document><![CDATA[Band Aid 30 - Do They Know It’s Christmas? (2014): http://t.co/aK1f3Ga6Ck -- wat is dit.		]]></document>
	<document><![CDATA[@username booty ????		]]></document>
	<document><![CDATA[Hey, do you want a slice of me????? http://t.co/Q0pTVdvcmu		]]></document>
	<document><![CDATA[@username ooe pretty colourful boobs		]]></document>
	<document><![CDATA[Back to the 70's.		]]></document>
	<document><![CDATA["@username: I'll never be able to unsee this ???? http://t.co/sK4560u23u" @username		]]></document>
	<document><![CDATA[I BLESS THE RAINS DOWN IN AFRICA		]]></document>
	<document><![CDATA[@username started from the bottom now we're here		]]></document>
	<document><![CDATA[Idk what to think.. http://t.co/qIw23spgij		]]></document>
	<document><![CDATA[I need this tattoo http://t.co/bN57AX300A		]]></document>
	<document><![CDATA["@username: More Gnomes or less Gnomes? Their fate is in your
hands! Vote now http://t.co/9246Vs8AGw #GvG" minder minder minder !!!		]]></document>
	<document><![CDATA[@username BECAUSE SCHOOL TAUGHT ME THIS.		]]></document>
	<document><![CDATA[@username high 5.		]]></document>
	<document><![CDATA[MIJN MOTO360 IS BINNEN BEN IK NU OFFICIEEL EEN NERD?????		]]></document>
	<document><![CDATA[@username how do i change my watchface to this? I can only change it to the standard options on the watch. http://t.co/yzErXf0A7c		]]></document>
	<document><![CDATA[@username I know, that's what I did. However i can"t see some designs (also the flower design) on my moto360.		]]></document>
	<document><![CDATA[@username yes it's up to date. I have the Dutch 'version', maybe it's because of that?		]]></document>
	<document><![CDATA[@username oh okay. Because I can only use voice controle to search things in Google. Not like "sent a text to..", so it could be that		]]></document>
	<document><![CDATA[I was just watching "update 10.3" @username http://t.co/P9Dn7t8zSl		]]></document>
	<document><![CDATA[I'm just so happy with my Moto360 ???? http://t.co/rdbCP3ieeR		]]></document>
	<document><![CDATA[I WANT IT THAT WAY		]]></document>
	<document><![CDATA[DAT IS HET LIEFSTE OOIT		]]></document>
	<document><![CDATA[IT'S GONNA TAKE A LOT TO DRAG ME AWAY FROM YOUUUUUU		]]></document>
	<document><![CDATA[THERE'S NOTHING THAT A HUNDRED MEN OR MORE COULD EVER DOOOOOOO		]]></document>
	<document><![CDATA[@username ook chill :)		]]></document>
	<document><![CDATA["@username: I could watch this for hours. ^ http://t.co/kxC1EqAi7M" HELP HAHAHAHA		]]></document>
	<document><![CDATA[IK VOEL ME ZO VERSCHRIKKELIJK. LAAT ME AUB VERDRINKEN IN BAD.		]]></document>
	<document><![CDATA[WHEN I TRY TO EXPLAIN IT, I BE SOUNDING LITTLE CRAZY.		]]></document>
	<document><![CDATA[Nog een keer "@username: I could watch this for hours. ^ http://t.co/kxC1EqAi7M"		]]></document>
	<document><![CDATA[Dit is creepy http://t.co/8Ed7V54x6m		]]></document>
	<document><![CDATA[To school or not to school.		]]></document>
	<document><![CDATA[ok chill http://t.co/lpQYHtI4Iu http://t.co/pdPkumsKbc		]]></document>
	<document><![CDATA[@username JA WANT ZO ROL IK. OK.		]]></document>
	<document><![CDATA[@username NOU. MISSCHIEN HOUD IK WEL EVEN PAUZE		]]></document>
	<document><![CDATA[@username Just suffering. Wat, nee.		]]></document>
	<document><![CDATA[@username I would like to report a bug: since the new update my moto360 often doesn't give whatsapp notifications :(		]]></document>
	<document><![CDATA[@username ugggh can't login again. I've e-mailed you guys, nothing works. FIX THIS.		]]></document>
	<document><![CDATA[@username @username Ugh ?_____?		]]></document>
	<document><![CDATA[Wtf @username it "worked" for 3 months. Want my money back. http://t.co/RYRI4wt08j		]]></document>
	<document><![CDATA[Doing the purple-ish thing. http://t.co/9JBWU19qJL		]]></document>
	<document><![CDATA[Waarom is popcorn nooit perfect?		]]></document>
	<document><![CDATA[@username @username Koud was het sowieso toch al!		]]></document>
	<document><![CDATA[@username 'have a great new year' thankd for fucking it up on the 3rd day. ????		]]></document>
	<document><![CDATA[Brb, ff..		]]></document>
	<document><![CDATA[When I'm on my period. http://t.co/e4UkeDJdem		]]></document>
	<document><![CDATA[Love is weakness.		]]></document>
	<document><![CDATA[Your true love is the power.		]]></document>
	<document><![CDATA[@username DAAR DACHT IK SERIEUS OOK AAN.WACHT IK GA HET CHECKEN		]]></document>
	<document><![CDATA[People fall in love in mysterious ways.		]]></document>
	<document><![CDATA[Me at school. http://t.co/p4kckpsvTu		]]></document>
	<document><![CDATA[IK HEB ZOJUIST EEN SLOF GEMAAKT EN IK BEN TROTS.		]]></document>
	<document><![CDATA[Feelings today: https://t.co/vMizUlTjyz		]]></document>
	<document><![CDATA[Oh god, trailer van 50 shades of grey. Plz stop.		]]></document>
	<document><![CDATA[For I'm so scared of losing you and I don't know what I can do about it.		]]></document>
	<document><![CDATA[Goals in life: http://t.co/N5zFQtH7lx		]]></document>
	<document><![CDATA[Juist wel dus. "@username: Never wear a green shirt for picture day. http://t.co/rgw01R4Cmm"		]]></document>
	<document><![CDATA[Why do I want to stay awake for you?		]]></document>
	<document><![CDATA[You can be flawed enough but perfect for a person.		]]></document>
	<document><![CDATA[@username @username "how to turn yourself into a twitter personage with plastic surgery"		]]></document>
	<document><![CDATA[Domino effect.		]]></document>
	<document><![CDATA[@username Licor 43 doesn't need a reason.		]]></document>
	<document><![CDATA[@username So fancy.		]]></document>
	<document><![CDATA[@username Do you remember this guy? http://t.co/WQabA7anQQ		]]></document>
	<document><![CDATA[@username I was hoping to see a picture of me. ???? but it's ok.		]]></document>
	<document><![CDATA[@username is het popcorntime? Want dat is chill		]]></document>
	<document><![CDATA[@username Haha oké valt wel mee. Heb jij trouwens whatsapp of snapchat of iets qua andere sociale media communicatie??		]]></document>
	<document><![CDATA[Ugh		]]></document>
	<document><![CDATA[YES !!!! WE GO FOR IT. http://t.co/fiIE83b0Rt		]]></document>
	<document><![CDATA[@username Shout out to me????		]]></document>
</author>