<?xml version="1.0" encoding="UTF-8" standalone="no"?><author id="user404">
	<document><![CDATA[Best of #YouTube 2013

#djEarworm http://t.co/3WID8q6vyD		]]></document>
	<document><![CDATA[Sbam! Motorola + Google = #branding
Excellent use of print adv. http://t.co/puZcaqwPPW		]]></document>
	<document><![CDATA[Finally.		]]></document>
	<document><![CDATA[Never say NO to yourself.
And nothing will ever be the same.

#staytuned		]]></document>
	<document><![CDATA[In the beginning there was the stone.

#LEGO http://t.co/RrozYrSWnt		]]></document>
	<document><![CDATA[Le magie del WebGL: cambia la faccia!
(works best on Google Chrome!)

#facesubstitution http://t.co/TrxBFLI3PD		]]></document>
	<document><![CDATA[#Marketing, #Telemarketing, #PR, #Advertising, #Design... or #Branding?
Learn it! http://t.co/8KI3S6wvAq		]]></document>
	<document><![CDATA[@username @username @username What a project! Go Masterbranders! :)		]]></document>
	<document><![CDATA[Well done, #Audi.
This is an excellent demonstration of how some brands continuously listen to what happen around... http://t.co/QP2D89h6gF		]]></document>
	<document><![CDATA[Well done, #Audi (fan).
If you are following Sochi 2014, and you know what's happened during its opening... http://t.co/C5MEdjcYOK		]]></document>
	<document><![CDATA[Well done, #Audi (fan).
If you are following Sochi 2014, and you know what's happened during its opening... http://t.co/wC6vJo6lcz		]]></document>
	<document><![CDATA[Challenge accepted!

#100happydays http://t.co/qUBfYZW2uK		]]></document>
	<document><![CDATA[#LEGO: what else? http://t.co/Lr6vL4eM3H		]]></document>
	<document><![CDATA[This is the brand new #GalaxyS5... but, really Samsung? "new"?
Design is horrible and specifics bring no innovation. http://t.co/L2rNi3lXqx		]]></document>
	<document><![CDATA[Day 8 - #100HappyDays

Elena & Tato @username IED Masterbrand http://t.co/z8YxHDHMT0		]]></document>
	<document><![CDATA[Can I say it? WANT!
But only if it's going to work with all the Android fleet.

#Samsung #GearFit http://t.co/up69mRkDNi		]]></document>
	<document><![CDATA[Tribal Friday @username VML! http://t.co/rtDo2AH7Dz		]]></document>
	<document><![CDATA[Day 12 - #100HappyDays

Probably one of the best thing in life: #goodmorning #coffe with #love http://t.co/9LiheCQtUr		]]></document>
	<document><![CDATA[#Fastweb is back! — fortunato		]]></document>
	<document><![CDATA[hahaha poor Di Caprio! still looking for...
BuzzFeed, you just surpassed yourself! http://t.co/p8SJJbKI5r		]]></document>
	<document><![CDATA[Day 16 - #100HappyDays

When your good friend Giulio shows you #Australia, the place where he's living in, and... http://t.co/ut8OIDNme0		]]></document>
	<document><![CDATA[Day 17 - #100HappyDays

Today I'm feeling like this one: full of colors, with invisible rain under a beautiful... http://t.co/DNIyVCPbHy		]]></document>
	<document><![CDATA[Well done, Subaru (azienda)!
Great #branding idea.

(but your name on Facebook... what about social media... http://t.co/VFObozpIYj		]]></document>
	<document><![CDATA[Can #marketing be cruel?

Either you believe it or not, this is a case where your heart will be literally... http://t.co/2mSwaDWNxa		]]></document>
	<document><![CDATA[Day 20 - #100HappyDays

What about a perfectly cleaned car in this dirty #Milan? http://t.co/VzCSK5020n		]]></document>
	<document><![CDATA[Day 21 - #100HappyDays

Trying the #thesis! http://t.co/CZW5UQAVxu		]]></document>
	<document><![CDATA[Day 22 - #100HappyDays

Be who you love to be. http://t.co/8abUZCY38c		]]></document>
	<document><![CDATA[Day 23 - #100HappyDays

Do what you like to do. You'll WIN! http://t.co/DWmztpHNzi		]]></document>
	<document><![CDATA[Proud to be Masterbrander.

#blog #IED #Masterbrand http://t.co/6iqHZQmA4K		]]></document>
	<document><![CDATA[Day 24 - #100HappyDays

Good luck, our friends! http://t.co/No7ZDuc0ZI		]]></document>
	<document><![CDATA[Day 29 - #100HappyDays

Just the #sun http://t.co/yqCf1Mqgtl		]]></document>
	<document><![CDATA[Day 30 - #100HappyDays

A jump into nature and relax! http://t.co/ARNeJTbepK		]]></document>
	<document><![CDATA[Day 33 - #100HappyDays

Welcome back, sweetie!
And welcome home giant-slurpy-Milka!! http://t.co/doaiLJsvEU		]]></document>
	<document><![CDATA[Day 33 - #100HappyDays

Welcome back, sweetie!
And welcome home giant-slurpy-Milka!! http://t.co/eepg4xB1in		]]></document>
	<document><![CDATA[Day 32 - #100HappyDays

Justin another (awesome) working day. http://t.co/qvtANX0oMa		]]></document>
	<document><![CDATA[Day 34 - #100HappyDays

Be happy! All together (: http://t.co/qCiCppLHi5		]]></document>
	<document><![CDATA[Day 38 - #100HappyDays
 
...100 cum laude!
Graduation day! Congratulations my love! http://t.co/uiezyOQlUO		]]></document>
	<document><![CDATA[28.03.2014 > Selfie day!
Proud to give you #miselfie http://t.co/kqv2HmzIjp		]]></document>
	<document><![CDATA[Excellent short film. http://t.co/Iv3jN4pGcx		]]></document>
	<document><![CDATA[Day 40 - #100HappyDays

Traveling by train. http://t.co/3ucobaZOdS		]]></document>
	<document><![CDATA[Gotta catch them all!
Gabriele 1 Google 0. http://t.co/LnGYdRcU3f		]]></document>
	<document><![CDATA[Day 43 - #100HappyDays

Let's restart swimming! #sportylife http://t.co/gZsS6fq79q		]]></document>
	<document><![CDATA[Day 44 - #100HappyDays

I'm so happy any photos could explain it. http://t.co/zQDpck7N1j		]]></document>
	<document><![CDATA[Day 50 - #100HappyDays

Special homages. http://t.co/EFPpYUy3AH		]]></document>
	<document><![CDATA["It's all about trust." http://t.co/JCC0Jfaqn6		]]></document>
	<document><![CDATA[Day 51 - #100HappyDays

Around Milan: we don't know where, but it seems to be beautiful. http://t.co/8O4wUrTQ23		]]></document>
	<document><![CDATA[Day 53 - #100HappyDays

Skiing on #Monterosa, from Gressoney to Hotel Orestes Hütte without lifts but by skis. http://t.co/lMsEFkUVkB		]]></document>
	<document><![CDATA[Day 54 - #100HappyDays

Goodbye Monte Rosa! http://t.co/nXgQA73azD		]]></document>
	<document><![CDATA[Day 22 - #100HappyDays

Be who you love to be. http://t.co/ffv9RkM0OB		]]></document>
	<document><![CDATA[Day 61 - #100HappyDays

Let's Winter again! http://t.co/NF4PsHGDIS		]]></document>
	<document><![CDATA[Day 67 - #100HappyDays

A bit of creativity and you're done! #IKEAhacking http://t.co/Z3NBkyReMn		]]></document>
	<document><![CDATA[Smash your phone! http://t.co/AFE5Q473yO		]]></document>
	<document><![CDATA[Smash your phone! http://t.co/W7g1wT53hX		]]></document>
	<document><![CDATA[Day 69 - #100HappyDays

Rain, wind, low lights: just going back home. http://t.co/PtFyeigsW7		]]></document>
	<document><![CDATA[@username @username @username @username @username @username @username impossible to forget it!		]]></document>
	<document><![CDATA[Day 73 - #100HappyDays

"One sense plus another sense equals not two, but five".
That's #branding!

(from the... http://t.co/R5dMvP9IBc		]]></document>
	<document><![CDATA[Day 82 - Twist & Shout! http://t.co/h91rojxj9o		]]></document>
	<document><![CDATA[Day 85 - Twist & Shout baby!

#100HappyDays
Con FiorelLa http://t.co/KgIh3xdZLe		]]></document>
	<document><![CDATA[...let's talk about it! IED Masterbrand

Deborah Milano @username 3rd place for YouTube subscribers
Pomellato @username 1st place... http://t.co/K5mhCXhhHQ		]]></document>
	<document><![CDATA[Download the top 500 free fonts at http://t.co/SA01AU87nf via @username		]]></document>
	<document><![CDATA[Well done Honda, but you should have told us the results of the campaign, not only that you are applying an - at... http://t.co/rBUPnY2g54		]]></document>
	<document><![CDATA[Day 86 - C'mon, let's play this game!

#100HappyDays on the #tennis court. http://t.co/lYon9QAnZJ		]]></document>
	<document><![CDATA[Day 89 - #100HappyDays

Perché era giusto ricordare dov'eravamo ieri.
«Look at the past, taste the future!» http://t.co/vVjZa21Kyi		]]></document>
	<document><![CDATA[Pornhub: brilliant campaign. http://t.co/0ViIszzPVY		]]></document>
	<document><![CDATA[Listen up... #MrJamesWolf is coming!
Smart as a fox, sweet as a piece of chocolate, problem solver by its nature. http://t.co/G6wMkTbSbv		]]></document>
	<document><![CDATA["Imagine", by #LEGO http://t.co/rmLZ3L4oae		]]></document>
	<document><![CDATA[Why Your Last Brainstorming Session Was a Total Fail http://t.co/1tV2qqlAST		]]></document>
	<document><![CDATA[Day 99 - «Decision Day»
#100HappyDays http://t.co/2mOzK1ziaV		]]></document>
	<document><![CDATA[Do what really matters for you. http://t.co/WjsIOcYuI9		]]></document>
	<document><![CDATA[11 Steps to a perfect logo http://t.co/j7FMRGwKdq		]]></document>
	<document><![CDATA[This is Masterbrand. http://t.co/wjrWcXxqqN		]]></document>
	<document><![CDATA[Well done #Skype, well done.
"The Story Behind One of the Most Beautiful Real Moments in Advertising" http://t.co/u1kyzCMsis		]]></document>
	<document><![CDATA[«How Animals Eat Their Food»
#LOL http://t.co/vzVfZ3bRzK		]]></document>
	<document><![CDATA[#reenergizing — at Arnold Coffee http://t.co/ZalYSDn5qv		]]></document>
	<document><![CDATA[If someone is interested in.
#job #jobopening #India #AUDI http://t.co/YOdjx2J3Ej		]]></document>
	<document><![CDATA[Jumping Into The Lake. http://t.co/7XYrRxQDMs		]]></document>
	<document><![CDATA[Just another beautiful Italian place. http://t.co/kb1IAGSx82		]]></document>
	<document><![CDATA[Rolling Balls http://t.co/YxtylOjR7E		]]></document>
	<document><![CDATA[Here we go! — felicissimo presso New York http://t.co/OUjAYcvrhc		]]></document>
	<document><![CDATA[Live video from our special event will be right here. And so will a whole lot more. http://t.co/AWnVjwtvSH		]]></document>
	<document><![CDATA[Have you thought it was a mistake? #nope, it was done on purpose.
That's why!
http://t.co/E4KTIGDq9R http://t.co/bvNBoOfjEu		]]></document>
	<document><![CDATA[Your mind can change your body. Your body can change your mind.
It's all about your body shape. http://t.co/wx74mZiDVl		]]></document>
	<document><![CDATA[@username First tweet, first reply! #welcomeOnTwitter :)		]]></document>
	<document><![CDATA[Don't be #shy.
Beautiful short movie. http://t.co/Mdzkcymhyr		]]></document>
	<document><![CDATA[Quechua: Human Story.

In one word: astonishing. 
A #journey at the heart of the Alps, near to the Mont-Blanc,... http://t.co/xaWl0rgEev		]]></document>
	<document><![CDATA[#WANT! Fitbit Surge
7 giorni di batteria, GPS tracking, heart-rate continuo, modalità multi-sport, sync bluetooth... http://t.co/NzFAPFCbDg		]]></document>
	<document><![CDATA[Things http://t.co/K6KWhtrTWE		]]></document>
	<document><![CDATA[#Iceland from the sky. Quite #awesome. http://t.co/Yn1vq8jHKi		]]></document>
	<document><![CDATA[That's it: #POPDANTOLOGY2014! http://t.co/rjcfdpsbYQ		]]></document>
	<document><![CDATA[Want to be happy? Slow down http://t.co/8ReJYzsbBG		]]></document>
	<document><![CDATA[I just liked "Untitled by INFLUX" on Vimeo: http://vimeo.com/22331896		]]></document>
	<document><![CDATA[I just liked "Landscape Astrophotography Tutorial - First Night Out" on Vimeo: http://vimeo.com/16833554		]]></document>
	<document><![CDATA[@username down. Bella mossa Microsoft.		]]></document>
	<document><![CDATA[@username Italy > Tuscany > Prato: Skype here connects and disconnects me continuously.		]]></document>
	<document><![CDATA[I liked a @username video http://youtu.be/VXepNCs_iZo?a I don't have a title for this		]]></document>
	<document><![CDATA[Sparrow a 5$ (3,51€) su http://t.co/n6l58r7		]]></document>
	<document><![CDATA[I liked a @username video http://youtu.be/ZnGj4wxsNZY?a LEGO Porsche 911 (997) Turbo Cabriolet PDK		]]></document>
</author>