<?xml version="1.0" encoding="UTF-8" standalone="no"?><author id="user551">
	<document><![CDATA[lisent @username  Nadim talks to @username about how natural language processing can affect political activists.		]]></document>
	<document><![CDATA[I'm at Il Gran Caruso w/ @username http://t.co/MmTJhjh		]]></document>
	<document><![CDATA[I just unlocked the "Explorer" badge on @username! http://t.co/gp3FwWX		]]></document>
	<document><![CDATA[I'm at Cinemark w/ @username http://t.co/cYqbICY		]]></document>
	<document><![CDATA[I'm at T.G.I. Friday's w/ @username http://t.co/Lf9cNHc		]]></document>
	<document><![CDATA[I'm at St. Andrews (Rondeau 150, Córdoba) http://t.co/UerxO7F		]]></document>
	<document><![CDATA[Why Are Finland's Schools Successful? http://t.co/Bb6izIp via @username		]]></document>
	<document><![CDATA[I'm at Colores Santos http://t.co/IFFegUz		]]></document>
	<document><![CDATA[I'm at St. Andrews (Rondeau 150, Córdoba) http://t.co/WrW4q0y		]]></document>
	<document><![CDATA[I'm at Universidad Catolica Argentina (UCA) (Alicia Moreau de Justo 1500, Capital Federal) w/ 13 others http://t.co/72Lqvu9E		]]></document>
	<document><![CDATA[I'm at Olsen (Gorriti 5870, Buenos Aires) http://t.co/LbRvZGkq		]]></document>
	<document><![CDATA[I'm at J. Newbery Airport (Av. Costanera, Buenos Aires) http://t.co/WyMD91tK		]]></document>
	<document><![CDATA[Introducing Nexus S http://www.youtube.com/watch?v=lxUXulxE5o0		]]></document>
	<document><![CDATA[I'm at St. Andrews (Rondeau 150, Córdoba) http://t.co/VJOExED9		]]></document>
	<document><![CDATA[I'm at St. Andrews (Rondeau 150, Córdoba) http://t.co/7e3ts8P1		]]></document>
	<document><![CDATA[I'm at St. Andrews (Rondeau 150, Córdoba) http://t.co/SIVLuw6h		]]></document>
	<document><![CDATA[I'm at Showcase Cinemas Córdoba for Horrible Bosses (José de Goyechea 2851, Córdoba) http://t.co/Yu5OFsKP		]]></document>
	<document><![CDATA[I'm at Sushiclub Cerro De Las Rosas http://t.co/vkTAipeR		]]></document>
	<document><![CDATA[@username los Arctic Monkeys son grosos		]]></document>
	<document><![CDATA["software is the steel of the 21st century"steel shaped social relations of20century,what weHack now formsThe material conditions ofTomorrow		]]></document>
	<document><![CDATA[Incentivando a las chicas a hacer spinning Contrex - Ma Contrexpérience - 97s http://t.co/F1QmeeHq		]]></document>
	<document><![CDATA[Iris is sort of Siri for Android http://t.co/OWP5ALah		]]></document>
	<document><![CDATA[Introducing Galaxy Nexus. Simple, beautiful, beyond smart  http://t.co/V4wndQeZ #android #google		]]></document>
	<document><![CDATA[I'm at St. Andrews (Rondeau 150, Córdoba) http://t.co/e2Vv4OcZ		]]></document>
	<document><![CDATA[I'm at St. Andrews (Rondeau 150, Córdoba) http://t.co/oVVnmJDA		]]></document>
	<document><![CDATA[@username http://t.co/VKhPLrj7 esta offline!		]]></document>
	<document><![CDATA[I'm at Aeroparque Jorge Newbery (AEP) (Av. Rafael Obligado s/n, Ciudad de Buenos Aires) w/ 5 others http://t.co/KhwyKgEj		]]></document>
	<document><![CDATA[I'm at Miranda (5602 Costa Rica, Fitz Roy, Buenos Aires) w/ 2 others http://t.co/qEEZJ11O		]]></document>
	<document><![CDATA[I'm at Club Shampoo (Av Pres. Manuel Quintana 363, Buenos Aires) w/ 2 others http://t.co/vtsyYiSU		]]></document>
	<document><![CDATA[@username moving to #git ?		]]></document>
	<document><![CDATA[I'm at Natural Mystic (San Lorenzo 427, Parana, Cordoba) http://t.co/x4OswSNg		]]></document>
	<document><![CDATA[I'm at St. Andrews (Rondeau 150, Córdoba) http://t.co/wFXovpbJ		]]></document>
	<document><![CDATA[I'm at Terracota w/ @username http://t.co/N7EQmCB6		]]></document>
	<document><![CDATA[Argentina’s lessons for the euro zone http://t.co/KyuReotc		]]></document>
	<document><![CDATA[I'm at St. Andrews (Rondeau 150, Córdoba) http://t.co/jGxaoeQY		]]></document>
	<document><![CDATA[I'm at Aeroparque Jorge Newbery (AEP) (Av. Rafael Obligado s/n, Ciudad de Buenos Aires) w/ 11 others http://t.co/VehYSkbt		]]></document>
	<document><![CDATA[@username @username no sabia q se conocian! El twitter world cordobee es aun mas chico q Cba		]]></document>
	<document><![CDATA[I'm at St. Andrews (Rondeau 150, Córdoba) http://t.co/ZLEU53aB		]]></document>
	<document><![CDATA[I just unlocked the Level 2 "Fresh Brew" badge on @username! In it to win it! http://t.co/FLyEA8fs		]]></document>
	<document><![CDATA[I'm at Starbucks (Av. Colón 608, esq. Av. Figueroa Alcorta, Córdoba) w/ 3 others http://t.co/Tti9el7l		]]></document>
	<document><![CDATA[Lvk (@username Johnny B Good w/ @usernamegabriel_miretti) http://t.co/5nWsLb5h		]]></document>
	<document><![CDATA[Argentina's booming video game business http://t.co/H65AZQ8x via @username		]]></document>
	<document><![CDATA[I support #wikipediablackout! Show your support here http://t.co/0Obgpn5R		]]></document>
	<document><![CDATA[I just unlocked the "Superstar" badge on @username! http://t.co/QYPBJ224		]]></document>
	<document><![CDATA["This song... sucks... but SOPA hates it, so i fucking love this"
http://t.co/Rlx4Y9zP		]]></document>
	<document><![CDATA[El Software Libre con CFK | Software Libre con Cristina http://t.co/FylwfgcP		]]></document>
	<document><![CDATA[I'm at Av Costanera Sur w/ @username http://t.co/90L1Zd3I		]]></document>
	<document><![CDATA[I'm at Terminal de Micros San Bernardo w/ @username http://t.co/DLpA4lNr		]]></document>
	<document><![CDATA[I'm at La Pescadorita (Humboldt 1905, Costa Rica, Capital Federal) w/ 2 others http://t.co/z23mhDdF		]]></document>
	<document><![CDATA[I just unlocked the "Pizzaiolo" badge on @username! Pies all around! http://t.co/yKieY1G7		]]></document>
	<document><![CDATA[I'm at Güerrin w/ @username http://t.co/fqftFHIt		]]></document>
	<document><![CDATA[I'm at Teatro La Comedia w/ @username http://t.co/Y2tS4YUv		]]></document>
	<document><![CDATA[I just unlocked the "Crunked" badge on @username! http://t.co/QoqXp40u		]]></document>
	<document><![CDATA[I'm at Teatro Apolo (Corrientes 1372, Buenos Aires) w/ 2 others [pic]: http://t.co/TNx8ZqaZ		]]></document>
	<document><![CDATA[I just unlocked the "Super User" badge on @username! http://t.co/pfadvcS9		]]></document>
	<document><![CDATA[I'm at Miranda w/ @username [pic]: http://t.co/yJdwpqEX		]]></document>
	<document><![CDATA[I'm at Aeroparque Jorge Newbery (AEP) (Av. Rafael Obligado s/n, Ciudad de Buenos Aires) w/ 5 others http://t.co/3B1eZYqj		]]></document>
	<document><![CDATA[I'm at St. Andrews (Rondeau 150, Córdoba) [pic]: http://t.co/o3Q4jPgm		]]></document>
	<document><![CDATA[One Story of Nikola Tesla http://t.co/d8KjvvZt		]]></document>
	<document><![CDATA[Bitcasa - Infinite Storage on Your Desktop - Sign up for Beta now! http://t.co/0RnmpZtI via @username		]]></document>
	<document><![CDATA[Self-Driving Car Test: Steve Mahan: http://t.co/Plfm4DVq		]]></document>
	<document><![CDATA[Bomba Estereo - A Take Away Show - Part 1: http://t.co/5NI3H1og via @username		]]></document>
	<document><![CDATA[Google Chrome: Coffee: http://t.co/sg2RrLfq		]]></document>
	<document><![CDATA[Muy buenos cursos online d Stanford, Princeton, Michigan, Penn. Hay de Computer science hasta humanidades. Aprovechen! https://t.co/6QxyEB1P		]]></document>
	<document><![CDATA[They Ain’t Making Any More of Them: The Great Engineering Shortage of 2012 http://t.co/bmynJTvq		]]></document>
	<document><![CDATA[Sebastian Thrun, Founder and head of Google X on his online University project called Udacity http://t.co/NezF6BoL		]]></document>
	<document><![CDATA[Procrastination rules the nation!		]]></document>
	<document><![CDATA[Argentina's record levels of employment massive reductions in poverty have little to do with exports of magic soybean http://t.co/ijeUaSyg		]]></document>
	<document><![CDATA[EA have deposited two games in the Ubuntu Software Center for users to download easily – and for free http://t.co/Q8BnmUzy		]]></document>
	<document><![CDATA[10 Things More Valuable than Money in my Bootstrapped Startup http://t.co/LWj0JQHF		]]></document>
	<document><![CDATA[where I can sign up for attending to #GOAP Buenos aires ? the inscription already closed ?		]]></document>
	<document><![CDATA[I just unlocked the "Baker's Dozen" badge on @username for checking in at bakeries! Mmm...carbs. http://t.co/xnfxl7qf		]]></document>
	<document><![CDATA[@username, your Klout Score is decent (I'm a 50). Check out your @username profile today! http://t.co/HTOGpIsf		]]></document>
	<document><![CDATA[@username, your Klout Score is decent (I'm a 50). Check out your @username profile today! http://t.co/Ufz59EI3		]]></document>
	<document><![CDATA[Google Just Got A Whole Lot Smarter, Launches Its Knowledge Graph http://t.co/MjTbOQKC		]]></document>
	<document><![CDATA[Introducing the Knowledge Graph http://t.co/BtpHJQRy		]]></document>
	<document><![CDATA[I just unlocked the “Explorador Porteño” Buenos Aires city badge on @username! ¡Genial! http://t.co/mrYdixrW		]]></document>
	<document><![CDATA[I'm at Oui Oui (Palermo, Ciudad de Buenos Aires) w/ 2 others [pic]: http://t.co/rr5tcYof		]]></document>
	<document><![CDATA[Joss Stone "piracy is great": http://t.co/URKVehl9		]]></document>
	<document><![CDATA[History "Those who cannot remember the past are condemned to repeat it."  https://t.co/g3S3joAn		]]></document>
	<document><![CDATA[Epic timelapse map of Europe  http://t.co/6CTXOSOc		]]></document>
	<document><![CDATA["I couldn't agree more. I have been to a Startup Weekend last month and it was horrible seeing all the…" — CopyPastaa http://t.co/65HgMsU5		]]></document>
	<document><![CDATA[1080p Does Matter – Here’s When (Screen Size vs. Viewing Distance vs. Resolution) http://t.co/SqdK1O7R		]]></document>
	<document><![CDATA[Improved search in Gmail http://t.co/QZY4SZzM		]]></document>
	<document><![CDATA[Factlink - Blog • Don't look for a UX guy, be a UX guy http://t.co/qIzbobTG		]]></document>
	<document><![CDATA[Baby, Baby, Baby, Light my way http://t.co/80CNpZ0P		]]></document>
	<document><![CDATA[I just ousted @username as the mayor of Tonno Soho on @username! http://t.co/PeZeCcWg		]]></document>
	<document><![CDATA[@username jua durisimo !! press the NEXT! button, you must		]]></document>
	<document><![CDATA[@username @username @username @username @username You've been quoted in my #Storify story "TapaClarin1810" http://t.co/FT1qjuEQ		]]></document>
	<document><![CDATA[@username @username @username @username You've been quoted in my #Storify story "TapaClarin1810" http://t.co/FT1qjuEQ		]]></document>
	<document><![CDATA[@username @username You've been quoted in my #Storify story "TapaClarin1810" http://t.co/FT1qjuEQ		]]></document>
	<document><![CDATA[@username @username @username @username You've been quoted in my #Storify story "TapaClarin1810" http://t.co/FT1qjuEQ		]]></document>
	<document><![CDATA[@username @username @username @username @username You've been quoted in my #Storify story "TapaClarin1810" http://t.co/FT1qjuEQ		]]></document>
	<document><![CDATA[@username @username @username @username @username You've been quoted in my #Storify story "TapaClarin1810" http://t.co/FT1qjuEQ		]]></document>
	<document><![CDATA[@username @username @username @username @username You've been quoted in my #Storify story "TapaClarin1810" http://t.co/FT1qjuEQ		]]></document>
	<document><![CDATA[@username @username @username @username @username You've been quoted in my #Storify story "TapaClarin1810" http://t.co/FT1qjuEQ		]]></document>
	<document><![CDATA[@username You've been quoted in my #Storify story "TapaClarin1810" http://t.co/FT1qjuEQ		]]></document>
	<document><![CDATA[@username @username @username @username @username You've been quoted in my #Storify story "TapaClarin1810" http://t.co/FT1qjuEQ		]]></document>
	<document><![CDATA[Amy Winehouse - All my lovin' (The Beatles's cover): http://t.co/mcpXWcnA via		]]></document>
	<document><![CDATA[@username hey I just mail u for the io house business		]]></document>
</author>