<?xml version="1.0" encoding="UTF-8" standalone="no"?><author id="user243">
	<document><![CDATA[I'm going to kick this bitch in the face if she doesn't stop snoring		]]></document>
	<document><![CDATA[“@username: Who up ?”not Zoe		]]></document>
	<document><![CDATA[@username this bitch was just sleeping and you blew up her phone ????		]]></document>
	<document><![CDATA[Can't go home alone again need someone to numb the pain		]]></document>
	<document><![CDATA[I lose weight with anything ????		]]></document>
	<document><![CDATA[“@username: To take a date to homecoming or no?” Hell nah		]]></document>
	<document><![CDATA[I feel like I have braces on		]]></document>
	<document><![CDATA[I hate everyone in school lol		]]></document>
	<document><![CDATA[They replaced arden b with wet seal, what am I going to do with my life ...		]]></document>
	<document><![CDATA[Trying to watch Kim n kanye get married and like 20 people r texting me srsly		]]></document>
	<document><![CDATA[“@username: they tackle their problems together http://t.co/PoUvwJDYrS”bye		]]></document>
	<document><![CDATA[You're gone and I gotta stay high all the time to keep you out my mind		]]></document>
	<document><![CDATA[“@username: Parallel enrollment on off days has me going places while everyone else is still at school ????” same ????		]]></document>
	<document><![CDATA[@username I'm so productive now		]]></document>
	<document><![CDATA[Don't understand why my face is so white compared to my body ????		]]></document>
	<document><![CDATA[I swear I talk to nobody till I look at my inbox		]]></document>
	<document><![CDATA[That just goes to show though how many people are actually close to me		]]></document>
	<document><![CDATA[You can have like 50 friends and still feel alone af		]]></document>
	<document><![CDATA[Need a nap		]]></document>
	<document><![CDATA[My dreams are so fucked up .,,		]]></document>
	<document><![CDATA[Even though I just had the most fucked up dream I am so calm		]]></document>
	<document><![CDATA[@username what a mature decision		]]></document>
	<document><![CDATA[Fuck a calc hw		]]></document>
	<document><![CDATA[@username I ran out of paper so this shit isn't getting done tonight		]]></document>
	<document><![CDATA[A days make me want to KMS cause that's the day I see annoying people		]]></document>
	<document><![CDATA[“@username: I'm bored, quote with any pic of us :-)”this is so ugly http://t.co/FGcQLkXAAa		]]></document>
	<document><![CDATA[@username what ????		]]></document>
	<document><![CDATA[I want to wear a hoodie and jeans to school but it's gonna be hot af out. Do u see how hard my life is		]]></document>
	<document><![CDATA[I'm in a good mood right now even though there is literally nothing to be happy about :)))		]]></document>
	<document><![CDATA[My relationship goals are Kim and kanye		]]></document>
	<document><![CDATA[Crash is so cute		]]></document>
	<document><![CDATA[WHAT THE FUCK WHAT THE FUCK NO WHAT THE FUCK		]]></document>
	<document><![CDATA[This is so fucked up ????		]]></document>
	<document><![CDATA[@username omg it looks exactly like you		]]></document>
	<document><![CDATA[@username it's so cute		]]></document>
	<document><![CDATA[I think taylors being a lor harsh		]]></document>
	<document><![CDATA[If max dies I'm gonna cry though like fr		]]></document>
	<document><![CDATA[“@username: White people smell like Microsoft Word 2007”????????????		]]></document>
	<document><![CDATA[Can American horror story come on already		]]></document>
	<document><![CDATA[It's funny when people try too hard to make a funny tweet		]]></document>
	<document><![CDATA[Don't understand how a girl can deal with a younger guy like I can barely tolerate guys my age...		]]></document>
	<document><![CDATA[@username well there's always gonna be some exceptions with everything		]]></document>
	<document><![CDATA[There's girls in school that I looks at think wow you're gonna be so pretty after high school		]]></document>
	<document><![CDATA[Kinda scared to sleep cause my dream earlier was pretty intense		]]></document>
	<document><![CDATA[“@username: Bitch I'm the bomb like tick..tick.. ????????” ????		]]></document>
	<document><![CDATA[I'm too stubborn to ask for help when I need it, I wanna do everything on my own and I'm not sure I can do this alone anymore		]]></document>
	<document><![CDATA[I hate that everyone goes to ccbc. Yesterday alone I saw like half of perry hall ????		]]></document>
	<document><![CDATA[I find comfort in a tank top and a maxi skirt not some sweatpants and a Tshirt tbh		]]></document>
	<document><![CDATA[Some americans really fucking disgust me		]]></document>
	<document><![CDATA[@username like damn I don't wanna keep going to school with all of you		]]></document>
	<document><![CDATA[I know everything, if you think I don't know I probably already do or I'm gonna find out soon ???? I know shit I don't even wanna know		]]></document>
	<document><![CDATA[But that's really cause everyone tells me everything		]]></document>
	<document><![CDATA[“@username: Life is disappointing. Whenever I feel like I'm doing well something always happens.” My life		]]></document>
	<document><![CDATA[Me Zoe and Megan are so perfect together like I couldn't have anyone better to be my friends ????		]]></document>
	<document><![CDATA[I am honestly terrified of who's gonna ask me to prom		]]></document>
	<document><![CDATA[@username ID RATHER HAVE THAT FEAR		]]></document>
	<document><![CDATA[@username alone is better ????fuck a date		]]></document>
	<document><![CDATA[All a prom date is good for is pictures lmao		]]></document>
	<document><![CDATA[I'm only worried about being asked to prom because I literally hate everyone in school		]]></document>
	<document><![CDATA[@username I just don't wanna deal with saying no to people lmao		]]></document>
	<document><![CDATA[@username I miss u already :( http://t.co/DKVBGeMTPc		]]></document>
	<document><![CDATA[@username nobody got time to take you out		]]></document>
	<document><![CDATA[@username I hate you a lot		]]></document>
	<document><![CDATA[@username @username where'd this even come from		]]></document>
	<document><![CDATA[@username @username aw thanks :)		]]></document>
	<document><![CDATA[@username fuck that nigga		]]></document>
	<document><![CDATA[It's the second week of school and this bitch has already left Maryland ????		]]></document>
	<document><![CDATA[I want you so much but I hate your guts I hate you		]]></document>
	<document><![CDATA[Idk why I'm listening to daughter, they're always putting me in my feelings		]]></document>
	<document><![CDATA[“@username: I don't think that foreign parents understand how hard it is to be born in a different culture with a different generation” this		]]></document>
	<document><![CDATA[“@username: "you make my enchilada tingle, Guadeloupe"

"jorge, we are at escuela!!" http://t.co/FKRqosbnjD”laughing so hard		]]></document>
	<document><![CDATA[@username not even Mexican to begin with		]]></document>
	<document><![CDATA[“@username: Colombian Moms.... http://t.co/eEB7rlfDFz”I'm dying		]]></document>
	<document><![CDATA[@username the page and the fact that he's talkin bout enchiladas ????		]]></document>
	<document><![CDATA[@username well my people don't really eat that		]]></document>
	<document><![CDATA[@username @username he's a lil slow		]]></document>
	<document><![CDATA[@username Thursday ????		]]></document>
	<document><![CDATA[Hate being early		]]></document>
	<document><![CDATA[Don't understand how I've managed to have such an annoying day and be in a good mood. My emotions are out of wack		]]></document>
	<document><![CDATA[@username where tf did U get that		]]></document>
	<document><![CDATA[@username okay thanks :)))		]]></document>
	<document><![CDATA[“@username: The headaches ive been getting are so bad????” Me all the time ????		]]></document>
	<document><![CDATA[Really had to change my schedule now though????		]]></document>
	<document><![CDATA[When I don't feel like talking to anyone is when my phone is blowing up ????		]]></document>
	<document><![CDATA[@username who said I was replying to everyone		]]></document>
	<document><![CDATA[“@username: Why tf is stealing phones such a big thing... like go get your broke ass a job”still salty		]]></document>
	<document><![CDATA[You guys all suck because you're literally up my ass 24/7 and now that I'm bored no ones talking to me		]]></document>
	<document><![CDATA[When I'm sad I listen to the flawless remix and remember I'm a bad bitch		]]></document>
	<document><![CDATA[I'm so harsh but I really don't give a shit		]]></document>
	<document><![CDATA[“@username: Need something new in my life I'm bored”!!!!		]]></document>
	<document><![CDATA[@username rlly		]]></document>
	<document><![CDATA[@username who just faved and unfaved my pic		]]></document>
	<document><![CDATA[@username right cause you creepin????		]]></document>
	<document><![CDATA[@username but there's a human in there		]]></document>
	<document><![CDATA[Only me and Zoe cry together and then die laughing the next second		]]></document>
	<document><![CDATA[“@username: accurate http://t.co/m7wbH21Bb4” this is so me????		]]></document>
	<document><![CDATA[I'm awake and hungry which are the worst things to be rn		]]></document>
	<document><![CDATA[If it ain't about the money, bitch you can miss me wit it		]]></document>
	<document><![CDATA[I'm bored n alone now		]]></document>
	<document><![CDATA[I'm older than Ronnie banks, that's weird to think about		]]></document>
</author>