<?xml version="1.0" encoding="UTF-8" standalone="no"?><author id="user456">
	<document><![CDATA[@username I'm her teacher, I'm the man who solves her doubts   /cc @username		]]></document>
	<document><![CDATA[@username you know I like the praises, so I retweet you		]]></document>
	<document><![CDATA[@username @username Dulce a good lesson in the last tweet		]]></document>
	<document><![CDATA[Any Spanish Internet Slang Dictionary like http://t.co/fTPdf2jr or http://t.co/DscgUPEr? #research #nlp #sentimentanalysis RT please		]]></document>
	<document><![CDATA[Workshop on Sentiment Analysis in the 2012 @username congress, have you registered? http://t.co/ywNjxH8t #research #nlp		]]></document>
	<document><![CDATA[Workshop on Sentiment Analysis in the 2012 @username congress, have you registered? http://t.co/kEnZlGC3 #sentimentanalysis		]]></document>
	<document><![CDATA[.@username @username Spanish Sentiment Analysis on Twitter at @username 2012 http://t.co/ywNjxH8t #sentimentanalysis #nlp		]]></document>
	<document><![CDATA[SEPLN 2012 Workshop on: Sentiment Analysis at SEPL: http://t.co/gDVeALuW		]]></document>
	<document><![CDATA[SEPLN 2012 Workshop on: Sentiment Analysis at SEPL: http://t.co/flLTgfDC		]]></document>
	<document><![CDATA[SEPLN 2012 Workshop on: Sentiment Analysis at SEPL: http://t.co/nQMnaJMH		]]></document>
	<document><![CDATA[Does anyone know if #RapidMiner has problems with the treatment of floating-point data? #research #datamining		]]></document>
	<document><![CDATA[Random Walk Weighting over SentiWordNet for Sentiment Polarity Detection on Twitter http://t.co/ouN8CbYc
#sentimentanalysis #nlp #research		]]></document>
	<document><![CDATA[@username bufff, muchas muchas :)		]]></document>
	<document><![CDATA[Sentic Computing, a new book about #sentimentanalysis by @username http://t.co/hgNMKw9X		]]></document>
	<document><![CDATA[The Workshop on #SentimentAnalysis at #sepln2012 has just published the differents papers of the participants http://t.co/aYJ5K3V8		]]></document>
	<document><![CDATA["Sinai at Tass2012" by @username @username M. A. Cumbreras and @username http://t.co/cjBB3IuH #sepln2012 #sentimentanalysis #tass2012		]]></document>
	<document><![CDATA[Always have your stuff when you need it with @username. Sign up for free! http://t.co/so2QenBJ		]]></document>
	<document><![CDATA[The best song for programm ? Drink Up Me Hearties Yo Ho – Hans Zimmer http://t.co/CIj1QLwR #Spotify		]]></document>
	<document><![CDATA[Dropbox is giving away free space to all university students! Check it out: http://t.co/jOvFi4Mo #dropboxspacerace		]]></document>
	<document><![CDATA[Dropbox is giving away free space to all university students! Check it out: http://t.co/jOvFi4Mo #dropboxspacerace		]]></document>
	<document><![CDATA[Hacerlo por la @username. Dropbox is giving away free space to all university students! Check it out: http://t.co/jOvFi4Mo #dropboxspacerace		]]></document>
	<document><![CDATA[La @username os necesita. Dropbox is giving away free space to all university students! Check it out: http://t.co/jOvFi4Mo #dropboxspacerace		]]></document>
	<document><![CDATA[The researcher programmer? https://t.co/mlXAvAxk #research		]]></document>
	<document><![CDATA[@username is the study or the prediction model published the study?		]]></document>
	<document><![CDATA[@username thank you because I'm interested in this research line. I'm also building a Spanish political labeled corpus http://t.co/P7UppFKa		]]></document>
	<document><![CDATA[Twitter sentiment model to predict the today US elections http://t.co/g1B2y0M7 #nlp #sentimentanalysis		]]></document>
	<document><![CDATA[@username Do you have the reference of your papers http://t.co/J1fwmMvF and http://t.co/fhPXqx5Q or they continue in preprint status?.Thanks		]]></document>
	<document><![CDATA[@username Thanks you very much.		]]></document>
	<document><![CDATA[Job offers for #nlproc researchers http://t.co/aKIltIpn #research #job		]]></document>
	<document><![CDATA[My last paper: Sentiment Analysis in Twitter. With @username @username and @username http://t.co/acUrjtl2… #nlproc #sentimentanalysis		]]></document>
	<document><![CDATA[My last paper: Sentiment Analysis in Twitter. Wiht @username L. Alfonso and @username http://t.co/acUrjtl2… #nlproc #sentimentanalysis		]]></document>
	<document><![CDATA[@username congratulations		]]></document>
	<document><![CDATA[Maldito seas FreeNX		]]></document>
	<document><![CDATA[Nuevo artículo: Sentiment polarity detection in Spanish reviews... con @username, JM Perea y @username #procln http://t.co/bnRSQVxV		]]></document>
	<document><![CDATA[Sentiment polarity detection in Spanish reviews... http://t.co/bnRSQVxV by @username @username JM Perea @username #nlproc #research		]]></document>
	<document><![CDATA[RT @username: EUGENIO MARTINEZ (@username), PREGONERO HDAD. 2013. J.M. BLANCA ANGULO, M.Á. COLMENERO RUIZ PRESENTADORES CARTEL YBOLETÍN		]]></document>
	<document><![CDATA[Malditas sean las diferencias entre python 2.7 y python 3		]]></document>
	<document><![CDATA[Web Based Communities and Social Media 2013 Conference http://t.co/AmXZHgtb #wbcsm2013		]]></document>
	<document><![CDATA[El manual del router Home Station ADSL ADB A4001N es http://t.co/O9PslLk5KY		]]></document>
	<document><![CDATA[Sentiment polarity detection in Spanish reviews... http://t.co/b7Stu5SuWA new article by @username @username #perea #laurena #nlproc		]]></document>
	<document><![CDATA[Article published in #CICLING2013 Combining Supervised and Unsupervised Polar... http://t.co/RKdmUvfiD7 by @username @username #nlproc		]]></document>
	<document><![CDATA[TASS - Workshop on Sentiment Analysis at SEPLN new paper at @username by Villena, Lana, @username, @username http://t.co/b0nXJCEuD1 #nlproc		]]></document>
	<document><![CDATA[SINAI en TASS 2012 new paper at @username by @username, Miguel, @username y Alfonso http://t.co/ocpmRs4bOH #nlproc		]]></document>
	<document><![CDATA["Knowledge based Approach for Polarity Classification in Twitter" paper accepted in @username. #nlproc		]]></document>
	<document><![CDATA[Bilingual Experiments on an Opinion Comparable Corpus by @username @username loles and laurena, paper acepted in #wassa2013 #nlproc		]]></document>
	<document><![CDATA[Ya tengo Google Now :-)		]]></document>
	<document><![CDATA[Revisores de workshops que se creen Risto Mejide #concepto		]]></document>
	<document><![CDATA[Ranked WordNet Graph for Sentiment Polarity Classification... by @username @username @username laurena http://t.co/1LNw9RthEE #nlproc		]]></document>
	<document><![CDATA[Opinion Mining area in #IJCNLP2013 congress. Deadline May 17, 2013. http://t.co/jxgnvaiXjR		]]></document>
	<document><![CDATA[Opinion Mining session at #IJCNLP. You can submit your paper until the 17th of May. http://t.co/jxgnvaiXjR #nlproc #sentimentanalysis		]]></document>
	<document><![CDATA[TASS returns this year with two new challenges http://t.co/dhLoUofaCr #nlproc #research #sentimentanalysis		]]></document>
	<document><![CDATA[Deadline for #IJCNLP Opinion Mining area is May 17, 2013. Submit your #sentimentanalysis research http://t.co/jxgnvaiXjR		]]></document>
	<document><![CDATA[Sinai research group will participate in #semeval2013 http://t.co/5vfQQQ1dpK Machine Learning and Emotion of the Crowd for SA in Microblogs		]]></document>
	<document><![CDATA[El grupo SINAI (@username) participará en el #semeval2013 http://t.co/5vfQQQ1dpK Machine Learning and Emotion of the Crowd for SA in Microblogs		]]></document>
	<document><![CDATA[We are reviewing the #TASS2013 politics corpus. Soon, all the participants will be able to download it. http://t.co/HOTnnPJwEr #nlproc		]]></document>
	<document><![CDATA[@username Could you help to configure the connection of my 3g plan in my n95 mobile phone? Thanks		]]></document>
	<document><![CDATA[@username Could you help to configure the connection of my 3g plan in my n95 mobile phone? Thanks		]]></document>
	<document><![CDATA[@username OK, now I follow you		]]></document>
	<document><![CDATA[Sinai at #semeval2013: Machine Learning and Emotion of the Crowd... by @username @username... http://t.co/3JxhfYph6L  #naacl2013  #nlproc		]]></document>
	<document><![CDATA[Nuevo artículo para #naacl2013 http://t.co/3JxhfYph6L SINAI: Machine Learning and Emotion of the Crowd... con @username y @username		]]></document>
	<document><![CDATA[New paper: Bilingual Experiments on an Opinion Comparable Corpus by @username @username... http://t.co/kbl0CIwmIy #nlproc #wassa2013		]]></document>
	<document><![CDATA[Ya disponible Bilingual Experiments on an Opinion Comparable Corpus by @username @username... http://t.co/kbl0CIwmIy #wassa2013 #nlproc		]]></document>
	<document><![CDATA[If you are interested in Sentiment Analysis TASS is your workshop http://t.co/HOTnnPJwEr #nlproc #sentimentanalysis You can register now		]]></document>
	<document><![CDATA[A leer un poco antes de ir a visitar Shrewsbury		]]></document>
	<document><![CDATA[Talking about Sentiment Analysis with Google Glasses at #wassa2013 #naacl2013		]]></document>
	<document><![CDATA[At #wassa2013 http://t.co/YK04l4ICSz		]]></document>
	<document><![CDATA[Text normalization in chat and social networks by @username http://t.co/5z6AaAofaU #nlproc #socialmedia		]]></document>
	<document><![CDATA[Improving polarity classification of bilingual parallel... http://t.co/JxAWCMhb6H by jmperea @username @username @username #nlp		]]></document>
	<document><![CDATA[Semantic Orientation for Polarity Classification in... by mdmolina, @username, @username, jmperea http://t.co/KVE0tKuTJC #nlproc #nlp		]]></document>
	<document><![CDATA[Maldito seas tweet 2276		]]></document>
	<document><![CDATA[MI CUENTA DE TWITTER VALE 192 € !!, ¿CUANTO VALE LA TUYA? ... UTILIZA ESTO -> http://t.co/nGRqyqwq0h		]]></document>
	<document><![CDATA[MI CUENTA DE TWITTER VALE 187 € !!, ¿CUANTO VALE LA TUYA? ... UTILIZA ESTO -> http://t.co/nGRqyqwq0h		]]></document>
	<document><![CDATA[I need a break		]]></document>
	<document><![CDATA[Time for @username pfc		]]></document>
	<document><![CDATA[Do anybody know a good handbook about Gate ANNIC? #gate		]]></document>
	<document><![CDATA[Does anybody know how to configure #Tomcat to load shared libraries? #java #freeling #nlproc		]]></document>
	<document><![CDATA[How can I load a java api of a C++ library in tomcat 7 (linux)? http://t.co/pKqidLEroP #tomcat #java #freeling		]]></document>
	<document><![CDATA[How can I load a java api of a C++ library in tomcat 7 (linux)? http://t.co/pKqidLEroP #tomcat #linux #java		]]></document>
	<document><![CDATA[Hoy estoy de suerte. Mensaje de error: Congratulations, you found the ONLY bug in GATE!
#ironía		]]></document>
	<document><![CDATA[Does anybody know how to configure Eclipse to debug web applications in Tomcat?		]]></document>
	<document><![CDATA[The fraud of Italian #aove http://t.co/PecMkKsmAU		]]></document>
	<document><![CDATA[Habemus new paper :)		]]></document>
	<document><![CDATA[Integrating Spanish lexical resources by meta-classifiers...  by @username Loles @username and Perea http://t.co/3oBPLJL2tG #nlproc		]]></document>
	<document><![CDATA[At #NLDB2014 http://t.co/gq6ZKaQkj3		]]></document>
	<document><![CDATA[Cross-domain Sentiment Analysis by mdmolina, @username, @username and laurena http://t.co/D6pgIDEo4h #sentimentanalysis #NLProc		]]></document>
	<document><![CDATA[3rd edition of TASS: Workshop of Sentiment Analysis in #Spanish http://t.co/DEWeo2akVj #research #nlproc		]]></document>
	<document><![CDATA[Y la @username sin Internet. Ole		]]></document>
	<document><![CDATA[Proceedings of the Fifth edition of TIMM Workshop http://t.co/ClQPQN2P3A #NLProc #research		]]></document>
	<document><![CDATA[Athur Más TRAIDOR		]]></document>
	<document><![CDATA[A Spanish semantic orientation approach to domain... by Dolores M. @username @username and Alfonso U. http://t.co/chxMp02HK4 #NLProc		]]></document>
	<document><![CDATA[#OpenBook new text simplification tool for ASD people developed by FIRST project https://t.co/HzWRIag6Ij #nlproc #research		]]></document>
</author>