<?xml version="1.0" encoding="UTF-8" standalone="no"?><author id="user214">
	<document><![CDATA[Some tourneys (@username) do not innovate and allowing any Streamers/Casters which can promote their own organization #smh		]]></document>
	<document><![CDATA[@username @username @username I do get why i can't cast in Broadcaster mode but it is pure bs that I can't stream on their team		]]></document>
	<document><![CDATA[@username I get why they don't allow me on broadcaster mode but I cannot help the team when I am their team spectating.		]]></document>
	<document><![CDATA[@username I'm still open for any sort of corporation, because you organise a lot of tourneys, but then still changes have to be made.		]]></document>
	<document><![CDATA[@username @username @username I actually met him at g3 now you		]]></document>
	<document><![CDATA[Late Night 8s LF1 @username me for inv (ps3)		]]></document>
	<document><![CDATA[1v3 clutch babyy letssgooo		]]></document>
	<document><![CDATA[Wajoooo triple kill in gb clutch allessss		]]></document>
	<document><![CDATA[Tijdmachine #1 | Black Ops: http://t.co/kBLVgQF9Vo via @username		]]></document>
	<document><![CDATA[@username @username @username heb ik je al unfollowed dan?		]]></document>
	<document><![CDATA[@username we lost another dispute while we should have won can you take a look at it.. third time this happened to us		]]></document>
	<document><![CDATA[Ik wordt net gebeld: I want to speak to Dennis. Reply: ok, call him on his phone dickhead ;D		]]></document>
	<document><![CDATA[Before you were born! https://t.co/lE6DAV1k9s @username		]]></document>
	<document><![CDATA[eSports in Call of Duty: Advanced Warfare: http://t.co/konjlmXaA9 via @username		]]></document>
	<document><![CDATA[@username buurman en buurman love that show!		]]></document>
	<document><![CDATA[Tijdmachine #3 | Call of Duty: MW3 LIVE: http://t.co/8kMdnkivKK via @username		]]></document>
	<document><![CDATA[That YouTube grind is back on! http://t.co/8xZH4Fix1O		]]></document>
	<document><![CDATA[ALLE EXO ABILITIES in Advanced Warfare!: http://t.co/oVKL0usO40 via @username		]]></document>
	<document><![CDATA[Iemand gb?		]]></document>
	<document><![CDATA[Iemand gb of 8s?		]]></document>
	<document><![CDATA[Bo2 8s LF2!		]]></document>
	<document><![CDATA[@username zit op ander acc als je wilt joinen add Force_CMG		]]></document>
	<document><![CDATA[@username house of cards, suits, act of valor		]]></document>
	<document><![CDATA[And homework has begun....		]]></document>
	<document><![CDATA[@username @username clan v clan *		]]></document>
	<document><![CDATA[Het ECHTE leven | Teamspeler? | Call of Duty: Ghosts Dutch Commentary: http://t.co/lnZ4nIa5w4 via @username		]]></document>
	<document><![CDATA[Force gaming is back (for two weeks)		]]></document>
	<document><![CDATA[“@username: @username Force Gaming: Force_CMG (C), Force_Viperz, Force_Chuckie en Force_CompLex
Skype: semmy2912” captain swag		]]></document>
	<document><![CDATA[@username @username @username @username why are you using this acc for something like that... Very unprofessional		]]></document>
	<document><![CDATA[@username @username @username @username I honestly don't care if it's bullshit or not just the fact he tweets it like this		]]></document>
	<document><![CDATA[@username f m'n acc levelen		]]></document>
	<document><![CDATA[@username wil je nou lp of pubs want pubs doe ik op BeCasNL en lp op force cmg haha		]]></document>
	<document><![CDATA[Half 4 cup a soup? http://t.co/5T8QsEXPBl		]]></document>
	<document><![CDATA[@username _Jordy @username @username @username succes vandaag boys!		]]></document>
	<document><![CDATA[Homework is back :( http://t.co/b2DDGiMRT9		]]></document>
	<document><![CDATA[@username Add Force_cmg		]]></document>
	<document><![CDATA[iemand nog 8s lobby op ps3 ghosts?		]]></document>
	<document><![CDATA[@username @username iPhone 6 >>> x1		]]></document>
	<document><![CDATA[And here he is jimmmmyyyy fallllonnnnn!		]]></document>
	<document><![CDATA[@username force_complex force_cmg mistis_richard gijsboerdijk pu: force_toxxic		]]></document>
	<document><![CDATA[@username al thuis?		]]></document>
	<document><![CDATA[@username an asshole*		]]></document>
	<document><![CDATA[8s LF1 @username me for invite!		]]></document>
	<document><![CDATA[@username iPhone 5		]]></document>
	<document><![CDATA[@username thats me :D		]]></document>
	<document><![CDATA[Do I get word selection when I type in English ? Yes I do but I don't get any when I'm talking in Dutch #iOS8		]]></document>
	<document><![CDATA[Wat is beter iphone 5 of ipad air isight camera???		]]></document>
	<document><![CDATA[@username iPhones never fail!!		]]></document>
	<document><![CDATA[That looks sexy http://t.co/OJYpbUduFk		]]></document>
	<document><![CDATA[@username thanks Wessel		]]></document>
	<document><![CDATA[@username thanks man		]]></document>
	<document><![CDATA[Jarige Job of umm Cas bedoel ik! | Eindelijk 19 | CoD: Ghosts Dutch commentary: http://t.co/snystCKKwj via @username		]]></document>
	<document><![CDATA[Just found out I share my birthday with @username		]]></document>
	<document><![CDATA[@username come at me bro		]]></document>
	<document><![CDATA[Dit was de week #2 | Dutch Commentary: http://t.co/ACt0Apjy17 via @username		]]></document>
	<document><![CDATA[@username @username do you need a caster ????????		]]></document>
	<document><![CDATA[@username follow voor dm?		]]></document>
	<document><![CDATA[Goodmorning		]]></document>
	<document><![CDATA[“@username: Need to bring my A game for the W when AW comes out” ????????????		]]></document>
	<document><![CDATA[@username lost mine too where did you find them? Mauve mine are there as well		]]></document>
	<document><![CDATA[Spacely????????????????		]]></document>
	<document><![CDATA[http://t.co/TjkOaK4yCx is currently offline?		]]></document>
	<document><![CDATA[@username force gaming ????		]]></document>
	<document><![CDATA[@username Google it sir Google is your friend!		]]></document>
	<document><![CDATA[@username what happen with my multiplier for coins get reset because  of those disconnections it is now .30 thanks in advance		]]></document>
	<document><![CDATA[YES IK HEB HEM! Eerste screenshot? http://t.co/QgW9y5adJF		]]></document>
	<document><![CDATA[@username @username badass he David		]]></document>
	<document><![CDATA[Before I go to bed let's watch the stream first #OpTicPlaysAW		]]></document>
	<document><![CDATA[Jullie mening meest OP class in aw?		]]></document>
	<document><![CDATA[@username force , netherlans, rgt		]]></document>
	<document><![CDATA[@username i wished		]]></document>
	<document><![CDATA[God wants to help me study so he hit the xbox servers offline!		]]></document>
	<document><![CDATA[@username oja trouwens: sarcastisch*		]]></document>
	<document><![CDATA[Politicians don't know how to solve problems, but I do ??????		]]></document>
	<document><![CDATA[@username advanced warfare :)		]]></document>
	<document><![CDATA[@username xbox one		]]></document>
	<document><![CDATA[@username thuis...		]]></document>
	<document><![CDATA[@username Xbox one		]]></document>
	<document><![CDATA[Was een geslaagd toernooi vandaag! Big plans for the future though, so stay tuned! (Ik ben super goed in Engels man!)		]]></document>
	<document><![CDATA[@username @username it was @username but now I don't have one anymore		]]></document>
	<document><![CDATA[Iemand nog een 8s lobby of party of iets?		]]></document>
	<document><![CDATA[Iemand 8s of pubstompen?		]]></document>
	<document><![CDATA[Iemand 8s?		]]></document>
	<document><![CDATA[8s lf 3		]]></document>
	<document><![CDATA[iemand 8s?		]]></document>
	<document><![CDATA[8s lf 6		]]></document>
	<document><![CDATA[8s Lf1		]]></document>
	<document><![CDATA[Kf5 is best wel chill		]]></document>
	<document><![CDATA[Iemand 8s??		]]></document>
	<document><![CDATA[@username HMU bit cast only		]]></document>
	<document><![CDATA[@username We are waiting for you to play the gfinity tourney. You up to play?		]]></document>
	<document><![CDATA[@username @username ok simon dat onthoud ik		]]></document>
	<document><![CDATA[Big news coming soon!		]]></document>
	<document><![CDATA[Is ranked play season 1 begonnen?		]]></document>
	<document><![CDATA[Ik ben Bond, James Bond! | Call of Duty: Advanced Warfare: http://t.co/0Q6S71ILQ6 via @username		]]></document>
	<document><![CDATA[@username welke spoiler? Van house of cards		]]></document>
	<document><![CDATA[@username stream??		]]></document>
	<document><![CDATA[Iemand 8s of ranked?		]]></document>
	<document><![CDATA[@username @username fanboys eh		]]></document>
	<document><![CDATA[Dit is zo leuk! Asm1 SpeakTeasy met rapid fire haha insta drop :P		]]></document>
</author>