<?xml version="1.0" encoding="UTF-8" standalone="no"?><author id="user744">
	<document><![CDATA[@username please check your twitter DM box for your #photoedit ????		]]></document>
	<document><![CDATA[@username @username @username @username @username @username Nikki is a forever young baby! ????		]]></document>
	<document><![CDATA[@username just wished me a Happy belated Birthday! Thank you very much, Nita! ???????????????? http://t.co/IFn7o9foNW		]]></document>
	<document><![CDATA[“@username: Robbin RATT circa 1983 love this pic playin his custom red V http://t.co/OSn420iYIk” @username		]]></document>
	<document><![CDATA[@username @username @username @username #ModernVintage #Stars #photoedit by @username ????@username_Army http://t.co/yHw8FJmCty		]]></document>
	<document><![CDATA[11:11 am on a Saturday....Make A Wish To Come Trüe!!! ??????		]]></document>
	<document><![CDATA[Happy @username Caturday!!! #KickStartMyHeart https://t.co/tcPqCPIHqH????????????		]]></document>
	<document><![CDATA[“@username: You can't have a better tomorrow if you're always thinking about yesterday.”		]]></document>
	<document><![CDATA[@username just wished me a Happy Birthday (Dec 4) on @username Thank you, Joy! ?????? http://t.co/5lAdXWZocn		]]></document>
	<document><![CDATA[@username @username This pic is in one of my latest edits! Generation Swine Era!		]]></document>
	<document><![CDATA[@username @username @username @username Always has been!!		]]></document>
	<document><![CDATA[If you wanna live life on your own terms,
you gotta be willing to crash & burn!
This lyric has more mysticism in it than everyone will know!		]]></document>
	<document><![CDATA[@username @username @username @username He is so down to earth that it's refreshing!		]]></document>
	<document><![CDATA[@username @username @username @username Several times. Street meets in the 90's. Meet & greets in the 2k's		]]></document>
	<document><![CDATA[@username @username @username @username Been on the @username show of 5-5-2014		]]></document>
	<document><![CDATA[Hold your breath: @username #photoedit by @username ????@username @username @username @username http://t.co/IcgOH4YvCR		]]></document>
	<document><![CDATA[@username @username @username @username @username among other things, yeah		]]></document>
	<document><![CDATA[The best #photoedits come about when you're feeling a bit #crazy ©????????		]]></document>
	<document><![CDATA[@username @username @username @username @username I'm still waiting for it after all these years.		]]></document>
	<document><![CDATA[@username @username @username @username @username OHHH!!! Hahaha! That  wasn't my thought!! Lol		]]></document>
	<document><![CDATA[@username @username @username @username @username A very private thought.		]]></document>
	<document><![CDATA[@username @username @username @username @username Thank you!!!		]]></document>
	<document><![CDATA[@username @username @username @username @username It's a very private thought. Not necessarily nice.		]]></document>
	<document><![CDATA[@username Yeh, evvaune iz suxx, baby. You betta get ur own label.		]]></document>
	<document><![CDATA[@username I'd climb the stairz for mah luv!!!		]]></document>
	<document><![CDATA[@username please like the work of @username she does for you!!!		]]></document>
	<document><![CDATA[@username @username @username @username @username Made it. It's out here		]]></document>
	<document><![CDATA[@username @username @username @username The sister had visitation rights		]]></document>
	<document><![CDATA[No matter what, if @username is the shaman who wrote the lyrics, @username is the shaman who sings that awesome shit!! @username		]]></document>
	<document><![CDATA[@username @username @username i did that when I was a kid... m/		]]></document>
	<document><![CDATA[#Nowplaying Rocketship - Mötley Crüe (Generation Swine) ?????? http://t.co/hmypINEBgo		]]></document>
	<document><![CDATA[Any type of cancer is a bitch. I'm not saying this because I wanna support anybody, like some bitch, but because...it's a bitch.		]]></document>
	<document><![CDATA[#Nowplaying Home Sweet Home - Mötley Crüe (Theatre of Pain) ???????????????? http://t.co/2l6wrPg3Z0		]]></document>
	<document><![CDATA[@username Are you ever gonna team up with @username for #albumart you think? I think he's #outstanding altho he's in #Europe !!! ??????		]]></document>
	<document><![CDATA[#Nowplaying Kickstart My Heart - Mötley Crüe (Dr. Feelgood) ?????????????????????? http://t.co/C4mKugvZrZ		]]></document>
	<document><![CDATA[@username How is your band doing?		]]></document>
	<document><![CDATA[@username @username Haha! Baby face! Do you remember when this pic was taken, Nikki? On the back of the pic maybe? ????????????		]]></document>
	<document><![CDATA[@username Happy Birthday, Nita!!! ??????		]]></document>
	<document><![CDATA[I reposted @username 's video. I love it so much. Nikki sometimes says he's not good at playing the… http://t.co/31bHkMISk1		]]></document>
	<document><![CDATA[“@username: The past is behind, Learn from it. The future is ahead, Prepare for it. The present is here, Live it."		]]></document>
	<document><![CDATA[@username Porn Wars?		]]></document>
	<document><![CDATA[Have a Happy Sunday Funday! ????????		]]></document>
	<document><![CDATA[@username Good morning to you, too!		]]></document>
	<document><![CDATA[Because @username is not only Mr. Rock, but Mr. Romance, too... m/ ??????#photoedit by @username http://t.co/RyoUs4y4je		]]></document>
	<document><![CDATA[“@username: @username @username it's gorgeous!!!! So awesome!!!! ??????????????????????????????????” HEY, THANKS!		]]></document>
	<document><![CDATA[@username @username @username @username @username @username @username @username @username Very cool!		]]></document>
	<document><![CDATA[“@username: @username @username great edit :) love it ??”Thank you!		]]></document>
	<document><![CDATA[@username OMG!!! Good for you!!! What a success!!! ????????????		]]></document>
	<document><![CDATA[@username I talk to Jarek on a regular basis and totally support his work!! ????????		]]></document>
	<document><![CDATA[@username @username @username @username I just bought your photo book, Jarek!		]]></document>
	<document><![CDATA[@username I ordered mine a few hours ago.		]]></document>
	<document><![CDATA[@username @username He is Polish.		]]></document>
	<document><![CDATA[Follow me on @username http://t.co/9eg89x7TMK		]]></document>
	<document><![CDATA[@username @username SEXXI?! Wow, let's check it out then!		]]></document>
	<document><![CDATA[@username Cool! The making of "All Bad Things", this year!		]]></document>
	<document><![CDATA[@username @username @username @username @username @username @username Thank you :)		]]></document>
	<document><![CDATA[@username @username @username @username @username @username @username Thank you!		]]></document>
	<document><![CDATA[@username Merry #Sixxmas #photoedit by @username ?????? @username @username @username @username http://t.co/CEEMRN6orx		]]></document>
	<document><![CDATA[Merry #Sixxmas , #LeicaSixx !!! ??????#photoedit by @username ?? @username @username @username http://t.co/rxWVmuSU0b		]]></document>
	<document><![CDATA[Happy #Crüed #Holidays #CrüeHeads!! @username ?????? @username @username @username @username #rockon http://t.co/UHFGdq96h4		]]></document>
	<document><![CDATA[@username @username What's going on? I don't have CNN. Will browse the internet then...		]]></document>
	<document><![CDATA[@username @username @username @username I still remember Melon Collie...1997. Ahoy Rotterdam...Students bought me a ticket...		]]></document>
	<document><![CDATA[“@username: Whats another word for Thesaurus?” Treasury		]]></document>
	<document><![CDATA[@username That's true!		]]></document>
	<document><![CDATA[“@username: You shouldn't have to sacrifice who you are just because somebody else has a problem with it.”		]]></document>
	<document><![CDATA[@username @username & @username #photoedit by @username ???? Have a Crüe'd Tüesday, #CrüeHeads !!! #rockon http://t.co/VTCtJfzu6c		]]></document>
	<document><![CDATA[“@username: Strength can only give you power, but hope can give you success.”		]]></document>
	<document><![CDATA[Merry #Sixxmas from @username and #LeicaSixx #photoedit by @username ????#sixxness @username http://t.co/K6pawxL3ni		]]></document>
	<document><![CDATA[@username @username @username Thank you! Same to you!!		]]></document>
	<document><![CDATA[“@username: @username Such a beautiful dog!” It's my fan page for him on facebook! ????		]]></document>
	<document><![CDATA[@username @username Let's check it out then! Nikki, I made a Sixxmas edit of you & #LeicaSixx Plse check my twit gallery ????		]]></document>
	<document><![CDATA[@username @username Cool!!		]]></document>
	<document><![CDATA[@username The first & last time I put real candles in the tree...lit them & the tree fell down. The fire extinguisher was the scary part..		]]></document>
	<document><![CDATA[@username Hmmm, got a new camera? New cameras need some time to master... ????		]]></document>
	<document><![CDATA[@username @username @username @username Haha Nikki, now I know why you picked out this t-shirt today!! ????		]]></document>
	<document><![CDATA[Love the bassist #photoedit of @username by @username ???? #memepic by @username #rockon @username ???? http://t.co/4LDO5KhwJO		]]></document>
	<document><![CDATA[Have a good Wednesday! @username @username @username  @username @username @username https://t.co/WK46JEqB4z		]]></document>
	<document><![CDATA[@username @username @username_Army @username @username @username @username https://t.co/WK46JEqB4z		]]></document>
	<document><![CDATA[@username In Rock We Trust, It's Rock Or Bust! ????????????		]]></document>
	<document><![CDATA[@username @username Just heard your voice (????) in an ad on #KFLY Radio Oregon where #sixxsense airs too! #TuneIn #rockon ????????????????		]]></document>
	<document><![CDATA[@username @username @username @username @username @username Pretty cool!		]]></document>
	<document><![CDATA[Welcome back from sleep to the world of #tweets @username ????#photoedit by @username #twitter #goodmorningamerica http://t.co/YKje9jrdjH		]]></document>
	<document><![CDATA[More animal fans show their love & admiration to #LeicaSixx ! On http://t.co/MylYwxiFfu ??????		]]></document>
	<document><![CDATA[@username @username Can I have a Dodge? #lol I remember the tattoo artist I worked for as an apprentice had a Dodge pickup truck... ????		]]></document>
	<document><![CDATA[@username @username Oh and Nikki, I love that Dodge commercial playing KickStartMyHeart too! Is that sexxi voice yours?		]]></document>
	<document><![CDATA[@username @username Cool!!!		]]></document>
	<document><![CDATA[@username @username @username @username @username Theatre Of Pain...we were young, we were young..,		]]></document>
	<document><![CDATA[@username @username @username @username @username @username Ahh well, 26-7. Post a pic from 1960 & I'll say...yeah. #lol		]]></document>
	<document><![CDATA[@username almost Sixx:AM Dec 11. Not yet 7:11 am		]]></document>
	<document><![CDATA[@username Good night... Big day tomorrow ????????		]]></document>
	<document><![CDATA[@username Please read the DM I left in your DM box? Thank you! ????		]]></document>
	<document><![CDATA[11:11 am here: Make A Wish!!! ??????		]]></document>
	<document><![CDATA[Happy Birthday @username !!! Your number Fifty Sixx! If someone would have said Thirty Sixx, everyone… http://t.co/TQ7zRTCReu		]]></document>
	<document><![CDATA[@username @username @username I wish I had your collection! #priceless		]]></document>
	<document><![CDATA[@username @username So cool that it's too hott to handle!!		]]></document>
	<document><![CDATA[@username You're welcome!		]]></document>
	<document><![CDATA[#LeicaSixx sez: "Happy Bark Day" (ehh! Birthday! #lol) to his dad @username !!! #proud56 #prouddog ????#HBDNikki http://t.co/7tuzHz1KQV		]]></document>
	<document><![CDATA[Happy Birthday, @username !!! Cover of a book present for you and a t-shirt/hand painting art tribute! #proud56 http://t.co/MmuG4V7EIy		]]></document>
	<document><![CDATA[@username @username I'm wearing this shirt (right pic) right now! Karmen gave it to me for my birthday last Thursday!!		]]></document>
	<document><![CDATA[Happy Birthday @username #HBDNikki ????#rockon #photoedit by @username http://t.co/iV6xHcvIK0		]]></document>
</author>