<?xml version="1.0" encoding="UTF-8" standalone="no"?><author id="user410">
	<document><![CDATA[Top 7 successful weekend habits: My favorite? Socializing! #EnjoyWE http://t.co/MI0rQyIRzx		]]></document>
	<document><![CDATA[“@username: Always treat your employees exactly as you want them to treat your best customers. – Stephen R. Covey”		]]></document>
	<document><![CDATA[Glad to have you with us,@username! Welcome to the AMS-Crowd! cc @username @username		]]></document>
	<document><![CDATA[“@username: The 7 things successful people never say http://t.co/rkT1NNzeYt #success #leadership #entrepreneur http://t.co/OqLiLAExdf”		]]></document>
	<document><![CDATA[@username Thanks, Peter!		]]></document>
	<document><![CDATA[KAURI & Business & Society Belgium join forces and create a new organization to realize more impact http://t.co/KzOREllVV4 #duurzaam		]]></document>
	<document><![CDATA[The Future #Leadership Initiative #TFLI within +- 5 years ????
http://t.co/ZBC9MFnYUG #dreambig Congratz, @username @usernameKnowledge @username_ISIC		]]></document>
	<document><![CDATA[“@username: Oxford & Cambridge @username illustrating the symbiotic relationship of universities & their towns http://t.co/JshOShoJCR”		]]></document>
	<document><![CDATA[23/04/2015 - SAVE THE DATE! 
#duurzaamHR
'Back to the future of HRM@username' 
Antwerp Management School
http://t.co/BvJa3mk3Xg		]]></document>
	<document><![CDATA[23/04/2015 - SAVE THE DATE! 
#duurzaamHR
'Back to the future of HRM@username': Viering 20 jaar Master HRM #MHRM 
http://t.co/BvJa3mk3Xg #hnwams		]]></document>
	<document><![CDATA[23/04/2015 - SAVE THE DATE! 
#duurzaamHR
'Back to the future of HRM@username': Viering 20 jaar Master HRM. #MHRM 
http://t.co/BvJa3mk3Xg #hnwams		]]></document>
	<document><![CDATA[“@username: #try out fase: #fablab+ #antwerpen http://t.co/i1cDc5Z11Z” Nice @username - is dit 'em?!..		]]></document>
	<document><![CDATA[“@username: Organizational Structures of #Amazon, #Google, #FB, #Microsoft, #Apple and #Oracle http://t.co/W0HoiahuVR” Interesting..		]]></document>
	<document><![CDATA[Big shout out to all those great dads out there!
Übercute!
http://t.co/XgRFNQdqSn		]]></document>
	<document><![CDATA[My take-away for today:
'Don't judge a book by its cover; don't judge a person by his background, religion, looks.' http://t.co/yOXTZ2S4sd		]]></document>
	<document><![CDATA[Today Is 'Blue Monday'. Scientifically proven to be the most depressing day of the year. Send us your pics to prove it is not! #BlueMonday		]]></document>
	<document><![CDATA[Is it your job as a leader to know what is happening? Or is it even more important to let go and have trust? #leader…https://t.co/ICUmbu5sQL		]]></document>
	<document><![CDATA[With ALL these meetings you have planned @username a Digital vacation sound like a plan indeed, @username! ;-) enjoy the Digital Detox!		]]></document>
	<document><![CDATA[09-10/03/2015: @username & @username organize 'No Pants Festival' on 'The Future of Work' #hnwams #duurzaamHR  http://t.co/YWXs3xc6sg		]]></document>
	<document><![CDATA[LOL with the colleagues. Chinese colleagues introducing us to Chinese bar games.. Awkward. But fun! http://t.co/vvAJCCcXbc		]]></document>
	<document><![CDATA[@username you have no idea! What a weird evening! ????		]]></document>
	<document><![CDATA[#EnjoyWE: 'Imagination takes you anywhere'. #creativity #happiness #freedom http://t.co/FuWYjelhvh		]]></document>
	<document><![CDATA[“@username: How #TOEFL Tests Your Speaking Skills http://t.co/44r877W7Il #highereducation #bSchool”		]]></document>
	<document><![CDATA[“@username: What will the future of #education look like? http://t.co/nY2S8WlriQ #wef15 http://t.co/eCqkLShz4W” #mustread		]]></document>
	<document><![CDATA[“@username: 5 things companies must do to be sustainable, according to @username: http://t.co/jOFQD8zGCD #csr http://t.co/tixEBF1Q4p”		]]></document>
	<document><![CDATA[Organizations’s future success depends on identifying and developing the next generation of its leaders. https://t.co/KPlZ0r2O3R #leadership		]]></document>
	<document><![CDATA[What kind of leader do you want to be? #leadership via @username  https://t.co/V2oXkawyiy		]]></document>
	<document><![CDATA[Nog een culturele aanrader: theater Ultima Thule met 'Nerf'
http://t.co/Z5MEgomDbH
cc @username ????		]]></document>
	<document><![CDATA[“@username: 12 books every leader should read http://t.co/mXWGSL7t8n #leadership #work http://t.co/bPZp1weJI3”
They only forgot #19thoughts #TFLI		]]></document>
	<document><![CDATA[“@username: 5 ways to be more effective when you're working from home http://t.co/ZXuOwszCZu http://t.co/XxcMdPRmWk”		]]></document>
	<document><![CDATA[Every cloud has its silver lining;every city hall has its perfect rainbow.And in this specific city hall I get to take the oath tonight! 1/2		]]></document>
	<document><![CDATA[The Future Leadership Initiative #TFLI over gedeeld #leiderschap als strategische keuze http://t.co/NULDBXHjRw #sharedleadership #leadership		]]></document>
	<document><![CDATA[Sigiriya or The Lions' Rock in Sri Lanka. 
Been there! Even climbed the damn thing! Don't think I'd do that again :-) http://t.co/bUmNf2X6ZI		]]></document>
</author>