<?xml version="1.0" encoding="UTF-8" standalone="no"?><author id="user450">
	<document><![CDATA[The fact that I have to sleep by myself tonight. <<<<<<< ????		]]></document>
	<document><![CDATA[When people tell me I'm muggin all the time. No I'm not, that's just how my face looks expressionless. There's a difference.		]]></document>
	<document><![CDATA[Bitches be impressed by the most simplest shit. Like nigga pull up in a Audi for me & then I'm impressed. Flowers don't phase me, never did.		]]></document>
	<document><![CDATA[If you sub tweet someone that don't follow you or don't be on twitter. YOU'RE FUCKIN SCARY. ????????		]]></document>
	<document><![CDATA[I been wearing my glasses for 3 days straight. I took them hoes off & couldn't see shit.		]]></document>
	<document><![CDATA[This weekend finna be >>>>>>>>>>>>>> ????		]]></document>
	<document><![CDATA[Why won't these chargers stay IN THIS FUCK ASS WALL!!!!!!! ???? it's bed time for I punch a hole in the wall. ????		]]></document>
	<document><![CDATA[Wtf don't my job understand about days off. If I'm off that don't mean you can call me in. Tf. I hate tht shit with a passion.		]]></document>
	<document><![CDATA[Auto Zone right now <<<<<<<< ????????????		]]></document>
	<document><![CDATA[Discovery Channel >>>>>> shit be on point.		]]></document>
	<document><![CDATA[I'm really craving some noodles in a cup & I don't eat noodles like that. #Weird		]]></document>
	<document><![CDATA[Damn, when it's gone rain?? I don't feel like taking my car to the car wash. Lmao.... ???????????? #ImSoSeriousTho		]]></document>
	<document><![CDATA[My car dirty afffffff. Inside & out. My parents would ring my neck if they seen it. Lol.		]]></document>
	<document><![CDATA[Serena & me childish af!! It's too early to be gettin this weak. ????????		]]></document>
	<document><![CDATA[It feels good to finally lay down but not without you next to me. ???? #GoodNightFuckas		]]></document>
	<document><![CDATA[I suck so bad at texting.		]]></document>
	<document><![CDATA[@username lol shut up!! I jus forget to text back.		]]></document>
	<document><![CDATA[It's just snuggles & me tonight.		]]></document>
	<document><![CDATA[Mann, I'm just tryna drink to get this shit off my mind. ????		]]></document>
	<document><![CDATA[I SWEAR TO GOD EVERYONE IN SAN ANGELO DRIVE LIKE PUSSIES!! ????????		]]></document>
	<document><![CDATA[IHOP with my boooo. @username We finna fuck some shit up.		]]></document>
	<document><![CDATA[I don't fuck with twitter no more. I been neglecting my phone period.		]]></document>
	<document><![CDATA[Either I need to find my glasses or make an appointment to get some new ones. Them hoes M.I.A & I NEED them. ????		]]></document>
	<document><![CDATA[The struggle of being blind. <<<<<<<< ????		]]></document>
	<document><![CDATA[Tommy right now <<<<<. ????		]]></document>
	<document><![CDATA[I don't feel like being at work. I just want to sleep. I'm soo tired. ????		]]></document>
	<document><![CDATA[It's all about me now. I gotta do what I gotta do to make it in this world & make sure that I'm okay. #MeMyself&I		]]></document>
	<document><![CDATA[I'm hungry denna bitch. One more class & I can go smash some shit.		]]></document>
	<document><![CDATA[Me & my dad got into a big argument & he apologized. That's the first time I ever heard my daddy say I'm sorry. Means a lot. #MyNigga ????		]]></document>
	<document><![CDATA[@username lmao. I forgot all about that.		]]></document>
	<document><![CDATA[I'm hungry & I want some chocolate chip cookies & I want to go home. I was not tryna come to work today.		]]></document>
	<document><![CDATA[Let me find out what I just did ain't in my job description. I'm checkin some shit. #GotMeFuckedUp		]]></document>
	<document><![CDATA[I just want a big fat ass chocolate chip cookie.		]]></document>
	<document><![CDATA[When my daddy calls my lil Regina......  ????		]]></document>
	<document><![CDATA[What I woke up to this morning >>>>>>>>>>>>>>>>>> ????????????		]]></document>
	<document><![CDATA[It took me 20 minutes to figure out how to reset my oil life since I got a oil change. Tf, it shouldn't have to be that hard. ????		]]></document>
	<document><![CDATA[When irrelevant niggas text me tryna argue <<<<< #YoureDismissed #HoeAssNigga		]]></document>
	<document><![CDATA[These 2 days sleeping by myself is finna be hell!! ????		]]></document>
	<document><![CDATA[I want to take my weave out for a little while, but dealing with my hair is a real struggle. I gotta big head with too much hair. ????		]]></document>
	<document><![CDATA[Damn I ain't had corn in a cup in a while. That's my mission tomorrow, find some corn in a cup.		]]></document>
	<document><![CDATA[Sometimes I wish I didn't have a car. Or better yet everyone I fucked with had a car. ????		]]></document>
	<document><![CDATA[Fuck wrong with my phone. It's always some bullshit with this stupid ass brick!!		]]></document>
	<document><![CDATA[When bitches constantly talk about how much they don't need their ex, STFU if you don't need him then show it. Stop said it every 5 seconds.		]]></document>
	<document><![CDATA[I just had to say a prayer for my life. lol.		]]></document>
	<document><![CDATA[Lizzie in here killin the game. ????????????@username		]]></document>
	<document><![CDATA[Throw dat ass Lizzie!! ????		]]></document>
	<document><![CDATA[When I wake Tommy up & he goes back to sleep......... ????????		]]></document>
	<document><![CDATA[Dareus's paper he wrote for his English class >>>>>>>>>>		]]></document>
	<document><![CDATA[I'm too hungry right now.		]]></document>
	<document><![CDATA[If you ain't happy with your life then you ain't livin right. ????		]]></document>
	<document><![CDATA[Watching Superman for the billionth time.		]]></document>
	<document><![CDATA[One class tomorrow & no test >>>> ????		]]></document>
	<document><![CDATA[47 daysssss. #MyBirthday #20 ????????????		]]></document>
	<document><![CDATA[My life >>>>> ????		]]></document>
	<document><![CDATA[I'm finna go pay my girl Kim a visit. I missed her & so did my nails.		]]></document>
	<document><![CDATA[My whole weekend finna be <<<<<<<<< ????		]]></document>
	<document><![CDATA[@username I need to take my ass to sleep. But I work all day tomorrow but I'm off on Saturday.		]]></document>
	<document><![CDATA[I'm not going to bed any time soon. ????		]]></document>
	<document><![CDATA[Good thing I don't have class on Fridays.		]]></document>
	<document><![CDATA[I hope everyone had a beautiful Valentines Day. ??		]]></document>
	<document><![CDATA[@username YAYYY. I miss her soo much. I miss my job. ????		]]></document>
	<document><![CDATA[@username lol he'll noo. I do want to come visit cause my dad is there.		]]></document>
	<document><![CDATA[I'm sipping good, please don't worry bout what's in my cup.		]]></document>
	<document><![CDATA[These hoes let me drink a whole bottle of ciroc............... I'm drunk denna bitch.		]]></document>
	<document><![CDATA[It's crazy how fast the weather changes in Texas. But I'm not complaining.		]]></document>
	<document><![CDATA[@username what about your wiper blades doeee....? Lol.		]]></document>
	<document><![CDATA[@username lmaoooo. Boy stop it. But u can afford a whole chest piece & can't spend $12 on wiper blades. FOH		]]></document>
	<document><![CDATA[@username lol what ever. That's Gonna be you when it's pouring down raining & u can't see shit.		]]></document>
	<document><![CDATA[My brothers name on twitter >>>>>>>> ????????????????????????????????????????????		]]></document>
	<document><![CDATA[@username lmao he Rlly don't. Never did & probably never will. That boy is something else.		]]></document>
	<document><![CDATA[What TF is life right now??? I'm too done with EVERYTHING. ????????????		]]></document>
	<document><![CDATA[@username lol I'm just saying. What tat are u getting tho?		]]></document>
	<document><![CDATA[@username ayeeeeee that shit finna be live denna bitch!!!		]]></document>
	<document><![CDATA[Awwwwwwww Dareuss!!! ???? I just keep it real & you know I'm here to talk. ????		]]></document>
	<document><![CDATA[@username girl my snap chat be fuckin up. I got this big ass brick.		]]></document>
	<document><![CDATA[Even tho Dareus & I broke up almost a year ago NOBODY or ANYTHING can break the bond that we have. ?? #FriendsForever		]]></document>
	<document><![CDATA[@username foreal. I just got this brick in June tho. But He gone come home from Korea & get a 5s.... Bald ass.		]]></document>
	<document><![CDATA[@username naw the Muse's don't fuck with Camaros. But he finna get me that Audi thooo.		]]></document>
	<document><![CDATA[@username hellllllll nawwww. Diamond will remain in my possession. That's my baby.		]]></document>
	<document><![CDATA[I need to fold my laundry but I'm TOOO tired too. ????		]]></document>
	<document><![CDATA[I can't be everywhere at once & I can't help everyone all the time. ????????		]]></document>
	<document><![CDATA[I want to go out to eat or something. I haven't really seen my boo all week. ????		]]></document>
	<document><![CDATA[When I eat chocolate at the beginning of the day before I eat & it tears my stomach up. <<< ????????		]]></document>
	<document><![CDATA[Never wanted something more than I want this. ????		]]></document>
	<document><![CDATA[Whyyyyyyyy did I take my weave out!!! #ICantDealWithThisShit ????		]]></document>
	<document><![CDATA[Some Korean food is calling my name.		]]></document>
	<document><![CDATA[I'm fuckin hungry. I should of ate when I got off work. But someone had a attitude...... ????		]]></document>
	<document><![CDATA[Can't wait until my daddy comes home for good.		]]></document>
	<document><![CDATA[I just slept my whole math class away. Smh. I'm too tired.		]]></document>
	<document><![CDATA[I hate my history class. ????		]]></document>
	<document><![CDATA[@username noooo. Why? You finally decided to get some windshield wipers?? Lol.		]]></document>
	<document><![CDATA[@username see!!!! Lol u should of been got em. But I can go up there & help u get them & put them on & stuff.		]]></document>
	<document><![CDATA[@username I don't get out of class until 3:15 cuhh.		]]></document>
	<document><![CDATA[In the name of Jesus, ???? huuaaahhh!		]]></document>
	<document><![CDATA[Only 4 hours of sleep.... This has to stop. Tommy always want to talk when it's time to go to bed. ????		]]></document>
	<document><![CDATA[I can't wait to come back home & go to sleep.		]]></document>
	<document><![CDATA[I want a peanut butter sandwich with bananas on it. @username I miss youuuuu Domo!! ??????		]]></document>
	<document><![CDATA[@username lol that doesn't make me weird. I drink strawberry milk too. But I be killin plain milk.		]]></document>
	<document><![CDATA[Preach it Andyy!!!! ????????		]]></document>
	<document><![CDATA[@username lol I see that. Niggas need to know.		]]></document>
</author>