<?xml version="1.0" encoding="UTF-8" standalone="no"?><author id="user352">
	<document><![CDATA[Are You Recruiting Smart? The Application of #BigData in #HR http://t.co/8w2IvfUD0X		]]></document>
	<document><![CDATA[How #gamification is impacting business and HR http://t.co/MAPPJUpW78
#talent #hr		]]></document>
	<document><![CDATA[5 Trends Driving #HR Technology In 2014  http://t.co/7zSC4jHOzA 
#gamification #gamifyHR #recruitment		]]></document>
	<document><![CDATA[a spoonful of sugar helps the medicine go down: #gamification in #HR http://t.co/vfO7gl0EgB		]]></document>
	<document><![CDATA[The Neurology of #Gaming http://t.co/BXlnedI5Ek via @username
#gamification #gamifyHR		]]></document>
	<document><![CDATA[get started with #androidwear http://t.co/9cF5xWaeck
#developer #google #android		]]></document>
	<document><![CDATA[#Google Just Unveiled Its Next Big Wearable Computing Platform http://t.co/uqxkz5ao9A via @username
#androidwear #itstime		]]></document>
	<document><![CDATA[#Facebook: 375 M users play games each month http://t.co/RzAjEe3Iqb  
#gamification		]]></document>
	<document><![CDATA[Mobile Messaging App & Gaming Platform Tango Raises $280 M   http://t.co/jvVLl9PepG  #gamification		]]></document>
	<document><![CDATA[#LinkedIn: The evolution of a publishing platform http://t.co/zfDUjeFyhh via @username		]]></document>
	<document><![CDATA[If you want to go where the #talent is, you have to go #mobile.
#HR #recruitingtrends		]]></document>
	<document><![CDATA[16% of the #workforce is actively seeking a #job at any given time
#HR #recruiting		]]></document>
	<document><![CDATA[#socialmedia is here to stay. Make it a part of your overall #recruitment strategy.
#HRtrends #HR		]]></document>
	<document><![CDATA[How to get hired by #Twitter or #Walmart http://t.co/WuR4cTPN65
#hr #recruiting		]]></document>
	<document><![CDATA[@username great work! #Startup in Action: http://t.co/plsuwYNA6x		]]></document>
	<document><![CDATA[@username & @username great partnership! http://t.co/ZcjBlc3GEA #googleglass #google		]]></document>
	<document><![CDATA[Can your personality get you the #job? http://t.co/aZvvSBpI85
#hr #recruiting		]]></document>
	<document><![CDATA[we’re now creating as much information every two days as we did from the dawn of civilization until 2003
#bigdata		]]></document>
	<document><![CDATA[46% of small business new hires fail within the first 18 months, and 89% of the time this is because of a poor company culture fit. #hr		]]></document>
	<document><![CDATA[#bigdata is expected to add 4.4 million #jobs into the market by 2015		]]></document>
	<document><![CDATA[92% of #recruiters using #socialmedia to source #candidates 
#HR		]]></document>
	<document><![CDATA[#LinkedIn Adds Trending Content List And A Score For Companies’ Content Marketing Efforts http://t.co/tQ0mv6HOmT via @username		]]></document>
	<document><![CDATA[The World According to #JeffWeiner http://t.co/5fidqGBnOY #LinkedIn		]]></document>
	<document><![CDATA[your #career is a mess http://t.co/XY0JEce1Ps via @username #hr #recruitment		]]></document>
	<document><![CDATA[How online personality #assessments could revolutionize #hiring http://t.co/9Li6txcUo9 #hr #recruitment		]]></document>
	<document><![CDATA[#Facebook 'likes' predict #personality http://t.co/P3bfM3wpva #hr #recruiting #assessment		]]></document>
	<document><![CDATA[What You Like on #Facebook Says More Than You Know http://t.co/iK1Expq3PJ via @username #hr #recruiting		]]></document>
	<document><![CDATA[#Lithium To Acquire Social Influence Scoring Site #Klout For $200M http://t.co/wbiBHjrW4X via @username		]]></document>
	<document><![CDATA[@username @username Thanks! we are ready to pitch #wcap2014 http://t.co/lmT03uGfF0		]]></document>
	<document><![CDATA[Moving from Transactions to Engagement — 4 Recruiting Trends http://t.co/IcAIQP3Lq3 via @username		]]></document>
	<document><![CDATA[How to prep for a #Google #interview http://t.co/9RTXvzMsZF 
#hr #psychometrics		]]></document>
	<document><![CDATA[want your dream #job? 6 things your online profiles should showcase http://t.co/0IB0hdw01r #HR		]]></document>
	<document><![CDATA[5 #jobsearch tactics you should stop immediately http://t.co/1U6EkCtG4o #recruitment		]]></document>
	<document><![CDATA[here's how to find a #bigdata #talent...http://t.co/0QcsR2cdE0 #experfy #recruitment		]]></document>
	<document><![CDATA[you build the box and you own the box, you own the box and you own the mind, you own the mind and you own the person
#startup		]]></document>
	<document><![CDATA[@username more people living, each individual person living longer, less jobs...it is a perfect storm 
#unemployment #jobs #EU		]]></document>
	<document><![CDATA[The hourly-jobs marketplace estimated that more than 1 billion hours will be devoted to pre-screening #jobapplicants in 2014
#hrtrends		]]></document>
	<document><![CDATA[The #Resumator updates its #recruiting platform with new #tools http://t.co/GTQfsdNTjy		]]></document>
	<document><![CDATA[56% of professionals say #talent brand is the deciding factor when picking a #job
#LinkedIn #HR		]]></document>
	<document><![CDATA[the best way to learn mobile app design for iOS is @username. @username is great teacher!
#appdesign #mobile		]]></document>
	<document><![CDATA[What is a quantum computer? http://t.co/VOchAX650g 
#google #NASA		]]></document>
	<document><![CDATA[Gamification Engages Job Candidates Beyond Their Resumes http://t.co/uw57t9k4Cu		]]></document>
	<document><![CDATA[The world of #leadership belongs to the most learning agile.		]]></document>
	<document><![CDATA[glaring difference between successful people and those who careers falter...is their ability to wrest meaning from experience
#psychometrics		]]></document>
	<document><![CDATA[The ability to #learn faster than your #competitors may be the only sustainable competitive advantage.
#startup		]]></document>
	<document><![CDATA[How #Google picks new #employees http://t.co/yIYprvbgxD via @username
#HR #recruitment		]]></document>
	<document><![CDATA[The current state of #mobile #recruitment http://t.co/FwZv4VwzgK 
#HR		]]></document>
	<document><![CDATA[The success of Elon Musk http://t.co/4IyWU86wla #startup #ElonMusk		]]></document>
	<document><![CDATA[#LinkedIn Will Find You Better Jobs at Your Current Company http://t.co/4qVc4X4ilR via @username		]]></document>
	<document><![CDATA[What to Ask When You're Interviewing Interns http://t.co/7FerEd5sC2 via @username #interview #hr		]]></document>
	<document><![CDATA[Using Analytics, Bloomberg Beta Seeks Out #Startup Founders http://t.co/qILf4XJdFE via @username		]]></document>
	<document><![CDATA[“You don’t lead by pointing and telling people some place to go. You lead by going to that place and making a case.” 
#startup #leadership		]]></document>
	<document><![CDATA[Hackathons are the new career fairs http://t.co/3ciPsrJJAJ #hackathon #career #job		]]></document>
	<document><![CDATA['Don’t settle for anything other than your passion – if you’re lucky enough to find it.'
#startup		]]></document>
	<document><![CDATA[88% of UK candidates searched for jobs via mobile last year
#mobilerecruitment #hrtrends		]]></document>
	<document><![CDATA[the next big thing in talent management...http://t.co/gEMAFEhjAa #Sabermetrics #HR		]]></document>
	<document><![CDATA['when you are a #startup executive, nothing happens unless you make it happen' by @username http://t.co/g0lBKtLbEQ		]]></document>
	<document><![CDATA[figuring out the right product is the innovator’s job, not the customer’s job
#startup #leadership #innovation		]]></document>
	<document><![CDATA[What I Learned Watching 150 Hours of #TEDTalks - @username http://t.co/39H3JeqBMI		]]></document>
	<document><![CDATA[Are You Ready for the Changes Coming to Social Media? http://t.co/cprZkPIDdL via @username #socialmedia		]]></document>
	<document><![CDATA["You want to be extra rigorous about making the best possible thing you can." #ElonMusk		]]></document>
	<document><![CDATA[#Facebook profiles predict work performance http://t.co/2H6vIgcese		]]></document>
	<document><![CDATA[The wheel of #disruption http://t.co/T91GNnTWiu 
#innovation #startup		]]></document>
	<document><![CDATA[By 2022, 580 million people in #India can cross the empowerment line... http://t.co/Ectdy3pnPc #growth #employment		]]></document>
	<document><![CDATA[every day almost 50% of workers play at work
#gamification		]]></document>
	<document><![CDATA[#LinkedIn expects that 50% of its user traffic will come via #mobile by the end of 2014 http://t.co/ZJLWKTLSZR		]]></document>
	<document><![CDATA[How to Recruit #Talent in #Europe http://t.co/iv9dJwVmSk via @username #hr		]]></document>
	<document><![CDATA[ranking 200 #jobs from best to worst http://t.co/w6y2TfDMf9 #career		]]></document>
	<document><![CDATA[Take care of the people, the product, and the profits. In that order. 
#startup		]]></document>
	<document><![CDATA[The most useful agenda item for your staff meetings: 'what are we not doing?'
#startup		]]></document>
	<document><![CDATA[The science behind colors in #marketing http://t.co/ejuspU5eqP		]]></document>
	<document><![CDATA[In #hiring, algorithms beat instinct http://t.co/CGIo5GmTPX #harvard #glickon		]]></document>
	<document><![CDATA[each day 20% of the terms typed into #Google have never been searched before
#GoogleSearch		]]></document>
	<document><![CDATA[every second 2 new members join #LinkedIn 
#ERE14 #recruiting #HR		]]></document>
	<document><![CDATA[@username 19 social media facts that you should know http://t.co/6Ojtjo3K1M		]]></document>
	<document><![CDATA[How To Hack Hiring http://t.co/QSAleTgJQP via @username #hiring #recruitment		]]></document>
	<document><![CDATA[Why you need to go #mobile when #recruiting  http://t.co/0SbSmq6qZq		]]></document>
	<document><![CDATA[5 Ways to Prepare for an Off-the-Wall Interview http://t.co/I8mHUkwOom via @username		]]></document>
	<document><![CDATA[Yes, you need to make your site work on a #mobile http://t.co/CiH57gCjX1 via @username #recruitment #hr		]]></document>
	<document><![CDATA[#gamification engages job #candidates beyond their #resumes http://t.co/Jy6tMFL6iO		]]></document>
	<document><![CDATA["we should all be concerned about the future because we will have to spend the rest of our lives there" #Kettering
#startup		]]></document>
	<document><![CDATA[#twitter numbers are out https://t.co/tg0mLb53vU		]]></document>
	<document><![CDATA[345 million people play games on #Facebook each month
#gamification #f8		]]></document>
	<document><![CDATA[In 2015 60% of available #jobs will require #skills held by 20% of the population		]]></document>
	<document><![CDATA[hire for strenght rather than lack of weakness 
#hiring #recruitment		]]></document>
	<document><![CDATA[Why #entrepreneurs should focus on building just one product http://t.co/AbzQ0SpSj5 via @username #startup		]]></document>
	<document><![CDATA[growth in #mobile data traffic between 2013 and 2019 will grow at a CAGR of 45% http://t.co/rGgK52iWbQ		]]></document>
	<document><![CDATA[Jobr Wants To Be Like Tinder For Your Job Hunt http://t.co/o1FcXZzpdl via @username
#jobsearch		]]></document>
	<document><![CDATA[How to use #bigdata to predict the success of your #startup http://t.co/H5cF4ML7zy via @username		]]></document>
	<document><![CDATA[Can #Smarterer and #Flock Change Recruiting Forever? http://t.co/Vu3I4TOCKQ via @username		]]></document>
	<document><![CDATA[How to recruit the best #engineers for your #startup http://t.co/yClFeg0HkT		]]></document>
	<document><![CDATA[101 Career Tips, Each in 140 Characters or Less http://t.co/mMyCI3tyus via @username #career #job		]]></document>
	<document><![CDATA[Would u be more proud to tell your children that u failed at building your own business, or that you stayed in a comfortable job? #startup		]]></document>
	<document><![CDATA[asking good questions is one of the most important success secrets
#startup #success		]]></document>
	<document><![CDATA[if you hold the bus for everyone in the team, then you'll be so late you'll miss the game...the bus must leave on time
#startup #team		]]></document>
	<document><![CDATA[sometimes an organization doesn't need a solution, it just need clarity
#startup #business		]]></document>
	<document><![CDATA[to do all the right things for all the wrong reasons is a dangerous idea..
#startup #innovation		]]></document>
	<document><![CDATA[if your newbie don't have any question, consider firing them. if in 30days they are not coming up to speed, definitely fire them 
#startup		]]></document>
	<document><![CDATA[5 Digital Tactics to Help Land Your First Post-Grad Job http://t.co/IcptKf2L1U via @username #job #graduates		]]></document>
	<document><![CDATA[#LaszloBock on Google's Approach to #HR: http://t.co/ag3uwDerOX 
#Google #hiring		]]></document>
</author>