<?xml version="1.0" encoding="UTF-8" standalone="no"?><author id="user605">
	<document><![CDATA[#WTF Ruined bridges of Italy reconceived as vertical cities of the future http://t.co/cUkN50nvwO via @username		]]></document>
	<document><![CDATA[#discone ? Lusty – Lamb http://t.co/QZcE4lE8Rh #NowPlaying		]]></document>
	<document><![CDATA[? This Boy is Exhausted – The Wrens http://t.co/1CkwL8GEoZ #NowPlaying		]]></document>
	<document><![CDATA[Epic Sax Guy Cover is epic #JoinUs http://t.co/lXm4DZuJic via @username		]]></document>
	<document><![CDATA[. ? Totally Boneless!!! – Giraffes? Giraffes! http://t.co/DY6t3p7Lt4 #NowPlaying		]]></document>
	<document><![CDATA[1983 - Sonic Youth - Confusion is Sex #undiscoallanno		]]></document>
	<document><![CDATA[1986 - Sonic Youth - Evol #undiscoallanno		]]></document>
	<document><![CDATA[1988 - Sonic Youth - Daydream Nation #undiscoallanno		]]></document>
	<document><![CDATA[1989 - Pixies - Doolitle #undiscoallanno		]]></document>
	<document><![CDATA[1992 - Red House Painters - Down Colorful Hill #undiscoallanno		]]></document>
	<document><![CDATA[1993 - Morphine - Cure for Pain #undiscoallanno		]]></document>
	<document><![CDATA[1995 - Smashing Pumpkins - Mellon Collie and the Infinite Sadness #undiscoallanno		]]></document>
	<document><![CDATA[1997 - Radiohead - OK Computer #undiscoallanno		]]></document>
	<document><![CDATA[1998 - Eels - Electro Shock Blues #undiscoallanno		]]></document>
	<document><![CDATA[2000 - Radiohead - Kid A #undiscoallanno		]]></document>
	<document><![CDATA[2003 - Rapture - Echoes #undiscoallanno		]]></document>
	<document><![CDATA[2006 - Liars - Drum's not dead #undiscoallanno		]]></document>
	<document><![CDATA[2008 - M83 - Saturdays = Youth #undiscoallanno		]]></document>
	<document><![CDATA[2010 - LCD Soundsystem - This is Happening #undiscoallanno		]]></document>
	<document><![CDATA[2013 - Daft Punk - Random Access Memories #undiscoallanno		]]></document>
	<document><![CDATA[2014 - Be Forest - Earthbeat #undiscoallanno		]]></document>
	<document><![CDATA[? 21st Century Schizoid Man – Fuzz http://t.co/j3SPV9kMOH #NowPlaying		]]></document>
	<document><![CDATA[? Tarazed – Julie's Haircut http://t.co/iOKAVWO9Ev #NowPlaying		]]></document>
	<document><![CDATA[Sexy Sax Man Careless Whisper Prank feat. Sergio Flores (directors cut): http://t.co/t3YRUOyZmn via @username		]]></document>
	<document><![CDATA[per me e` un si` - The Garden- What We Are http://t.co/i1fO1GynPO via @username		]]></document>
	<document><![CDATA[RT @username: GRAPHIC: Highest Rated Italian XI #Azzurri http://t.co/eZMbUHlayI - How many of these will be part of italian team? 4 or 5.		]]></document>
	<document><![CDATA[? Addicted to the Blade – Useless Eaters http://t.co/LwmygaobcR #NowPlaying		]]></document>
	<document><![CDATA[Nuove frontiere linguistiche: il dothraki in Game of Thrones | ITASA Blog http://t.co/HhAGnZTdcU via @username #ilavoripiubellidelmondo		]]></document>
	<document><![CDATA[Following the Giro d'Italia on Tour Tracker! Get the app at https://t.co/wOFpc2q0SW today!		]]></document>
	<document><![CDATA[? Souvlaki Space Station – Slowdive http://t.co/UCF5F4gPp2 #NowPlaying		]]></document>
	<document><![CDATA[? When The Sun Hits – Slowdive http://t.co/h3uYiH48sW #NowPlaying		]]></document>
	<document><![CDATA[? Childhood – Brothers in Law http://t.co/i7ZfTKxrQD #NowPlaying		]]></document>
	<document><![CDATA[? Souvlaki Space Station – Slowdive http://t.co/3F1b0lCv9N #NowPlaying		]]></document>
	<document><![CDATA[? Kinky Love – Pale Saints http://t.co/f5lkGkc3OF #NowPlaying		]]></document>
	<document><![CDATA[? Reflections After Jane – The Clientele http://t.co/X3bTSp94LM #NowPlaying		]]></document>
	<document><![CDATA[? Diamonds, Fur coat, Champagne – Suicide http://t.co/YAvdZf3X2X #NowPlaying		]]></document>
	<document><![CDATA[? Flowers – Galaxie 500 http://t.co/einOyZcN9G #NowPlaying		]]></document>
	<document><![CDATA[? House Shape – Mount Eerie http://t.co/SuQwIhh426 #NowPlaying		]]></document>
	<document><![CDATA[? [When You Wake] You're Still In A Dream – My Bloody Valentine http://t.co/RgHHHbqKxk #NowPlaying		]]></document>
	<document><![CDATA[Clint Eastwood nel 1954 [aaaw] http://t.co/uFx4EG5jLQ		]]></document>
	<document><![CDATA[Google and the accidental mystery of Webdriver Torso http://t.co/ytv8UIaUml via @username		]]></document>
	<document><![CDATA[? painting the doors – Lisa Germano http://t.co/WKDEiCBhZ1 #NowPlaying		]]></document>
	<document><![CDATA[delay_house - Recensione - 4 (Trip-Hop, Noise, Elettronico) http://t.co/G2msTysaCJ via @username		]]></document>
	<document><![CDATA[Saturday Morning Breakfast Cereal http://t.co/Y0I1J344IN		]]></document>
	<document><![CDATA[Amiga - Lotus III music tracks (part 1/2): http://t.co/EPgr2Ff0d1 via @username		]]></document>
	<document><![CDATA[[Neverhood OST] Southern Front Porch Whistler: http://t.co/oXBbaoEIhk via @username		]]></document>
	<document><![CDATA[Yardbirds - For Your Love: http://t.co/BGdyIyiSjg via @username		]]></document>
	<document><![CDATA[? Heart Full of Soul – The Yardbirds http://t.co/KmPkWs2xxd #NowPlaying		]]></document>
	<document><![CDATA[Who would win the World Cup of alcohol consumption? The World Cup of rainfall? It's the World Cup of Everything Else: http://t.co/nYaHGEdGtg		]]></document>
	<document><![CDATA[Sonic Youth "Dirty Boots" LIVE - 1991 TYPB Rough Cut: http://t.co/DCR01aE8aw via @username		]]></document>
	<document><![CDATA[@username Can't wait for reading Eng v Ita analysis. Way more than those waiting for GoT S04E10		]]></document>
	<document><![CDATA[? Walking With Thee – Clinic http://t.co/kacl0Kb0tZ #NowPlaying		]]></document>
	<document><![CDATA[? The Sphinx – Clinic http://t.co/fJFuQ9hKOF #NowPlaying		]]></document>
	<document><![CDATA[<3 ? Mote – Sonic Youth http://t.co/QcqEHaJMXH #NowPlaying		]]></document>
	<document><![CDATA[Spotify radio generata da "Schizofrenia" dei Sonic Youth. ? Teen Age Riot (Album Version) – Sonic Youth http://t.co/3sTLBXIhEU #NowPlaying		]]></document>
	<document><![CDATA[? When The Sun Hits – Slowdive http://t.co/fV6ia9YJHD #NowPlaying		]]></document>
	<document><![CDATA[? Leave Me Alone – New Order http://t.co/KhC3ioaaVB #NowPlaying		]]></document>
	<document><![CDATA[? Sea Within A Sea – The Horrors http://t.co/ndncJr4pgq #NowPlaying		]]></document>
	<document><![CDATA[Martha & The Muffins-Echo Beach: http://t.co/4gMIa13p74 via @username		]]></document>
	<document><![CDATA[? Futurism vs. Passéism – Blonde Redhead http://t.co/U8eIGkobXV #NowPlaying		]]></document>
	<document><![CDATA[inCycle video: Inside the sprint finish on stage 5 of the Tour de Suisse: http://t.co/zWRLbQxERc via @username		]]></document>
	<document><![CDATA[? Cupid Come - Remastered Version – My Bloody Valentine http://t.co/6FzgARihy9 #NowPlaying		]]></document>
	<document><![CDATA[? Voices – 20syl, Rita J http://t.co/K9BYjDMQ6n #NowPlaying		]]></document>
	<document><![CDATA[#DigitalSins An interactive reflection of our digital selves. #Absolve #Condemn #NFBi http://t.co/lB90bhU5sn		]]></document>
	<document><![CDATA[This Machine Destroys EVERYTHING: http://t.co/hhRNa1vnn2 via @username		]]></document>
	<document><![CDATA[? Out of Time – Blur http://t.co/eNgCkZmGlN #NowPlaying		]]></document>
	<document><![CDATA[The Passions - I'm in Love with a German Film Star: http://t.co/GIKdWos4SK via @username		]]></document>
	<document><![CDATA[? Hanging Around – The Stranglers http://t.co/uOpiWSAayB #NowPlaying		]]></document>
	<document><![CDATA[Eli Wallach, Multifaceted Actor, Dies at 98 http://t.co/2Yf2dUCUL2		]]></document>
	<document><![CDATA[I Dare You To Watch This Entire Video: http://t.co/e7e34Ba3D0 via @username		]]></document>
	<document><![CDATA[? Selected Ambient Works 85-92 – Aphex Twin http://t.co/go322NLfha #NowPlaying		]]></document>
	<document><![CDATA[@username "cifra stilistica" or it isn't happening.		]]></document>
	<document><![CDATA[? Funeralopolis – Electric Wizard http://t.co/dAWl5NqUtH #NowPlaying		]]></document>
	<document><![CDATA[Soundgarden 4th of july: http://t.co/os9vqFsqKb via @username		]]></document>
	<document><![CDATA[Cult of Personality - Living Colour: http://t.co/FuAPPXIvw1 via @username		]]></document>
	<document><![CDATA[Listening to the album Sentimental Hygiene by Warren Zevon #nowplaying #tunesday  http://t.co/AyTbgnd69Y via @username		]]></document>
	<document><![CDATA[Blonde Redhead - Dripping (Audio): http://t.co/MAeqkD6Q1f via @username		]]></document>
	<document><![CDATA[Top 50 heavy psychedelic albums from the USA (10-1): http://t.co/WHsh0JYRPB via @username		]]></document>
	<document><![CDATA[Pooh - Love Attack - 1979 http://t.co/pTZMJSZBV1 [via @username #ItalianFolgorati]		]]></document>
	<document><![CDATA[#pezzone ? By the Rivers Edge – Jeremy Jay http://t.co/O64xKz1dc8 #NowPlaying		]]></document>
	<document><![CDATA[? Surrender – The Chemical Brothers http://t.co/1fMFBWgx6i #NowPlaying		]]></document>
	<document><![CDATA[Coffee Science: How to Make the Best French Press Coffee at Home | Serious Eats: http://t.co/CqzIn60ITW		]]></document>
	<document><![CDATA[The Avalanches -  'Frontier Psychiatrist': http://t.co/KfezKFiHm6 via @username		]]></document>
	<document><![CDATA[OMFG The Avalanches’ Next Album Is Being Mixed Right Now http://t.co/KrtTXADaKn via @username		]]></document>
	<document><![CDATA[Astral People Present: Since I Left You - Frontier Psychiatrist (Live At...: http://t.co/FfO804gqZc via @username		]]></document>
	<document><![CDATA[Blind Faith - Had to cry today (live): http://t.co/bbrQldGa2e via @username		]]></document>
	<document><![CDATA[Red Army Choir - Katusha http://t.co/PlXKpFlKBt via @username		]]></document>
	<document><![CDATA[@username @username give it a try.		]]></document>
	<document><![CDATA[Cycling (long-distance) is my best sporting match at the Commonwealth Games. Find out yours! #bbcglasgow2014 http://t.co/Gzr7k3DsCY		]]></document>
	<document><![CDATA[? Out of Time – Blur http://t.co/eNgCkZmGlN #NowPlaying		]]></document>
	<document><![CDATA[Meet the Italian cycling writer who still uses a typewriter at the Tour de France | The National http://t.co/OInLsE4BLf via @username		]]></document>
	<document><![CDATA[? Minuano (Six Eight) – Pat Metheny Group http://t.co/Kar5VLAvPS #NowPlaying		]]></document>
	<document><![CDATA[Happy #birthday to someone old enough to remember what it was like to poop without a smartphone. http://t.co/lRY69CqWIi via @username		]]></document>
	<document><![CDATA[However old you are is the new 30 - #birthday http://t.co/m97zmYY7Tg via @username		]]></document>
	<document><![CDATA[Let's celebrate the first time you cried naked in someone else's bed - #birthday http://t.co/KKjc7gKiRn via @username		]]></document>
	<document><![CDATA[I hope your #birthday isn't ruined by millennials in your office not getting your '80s references. http://t.co/N2lNnXND97 via @username		]]></document>
	<document><![CDATA[I hope you don't have to spend more than 14 hours of your #birthday in the office. http://t.co/Z2AMngKZDT via @username		]]></document>
	<document><![CDATA[Story of my life. Grazie a tutti per gli auguri =) Sorry your #birthday is overshadowed by the holiday season http://t.co/xCgEKakDRa		]]></document>
	<document><![CDATA[Gerry Mulligan - Feelin' Good http://t.co/ft6JZPLJgA via @username		]]></document>
	<document><![CDATA[@username is there any geographic heat map of this?		]]></document>
</author>