<?xml version="1.0" encoding="UTF-8" standalone="no"?><author id="user369">
	<document><![CDATA[Inglorious bastards #bestvines #bestvinesmexico https://t.co/PhClP2dxeu		]]></document>
	<document><![CDATA[@username pooota toy igual DM!		]]></document>
	<document><![CDATA[Andas on fire @username		]]></document>
	<document><![CDATA[Friday night #bestvinesmexico #bestvines #lol #lmao #scaryshit https://t.co/4jflRricdc		]]></document>
	<document><![CDATA[Acting like we don't exist.		]]></document>
	<document><![CDATA[Krull the warrior king.		]]></document>
	<document><![CDATA[#mexico #mexicocity #polanco #museum #arquitectura http://t.co/gPuBTIZ1OL		]]></document>
	<document><![CDATA[Send me a #gif on @username! My username is 'oriana_m' http://t.co/Wdk22Hcta2		]]></document>
	<document><![CDATA[Everybody cracks.		]]></document>
	<document><![CDATA[John Talabot ????????????????		]]></document>
	<document><![CDATA[@username for free?		]]></document>
	<document><![CDATA[Spoon - "Do You" (Official Music Video) http://t.co/ZefRBu4r6z		]]></document>
	<document><![CDATA[It always changes me and then it just changes me back.		]]></document>
	<document><![CDATA[#NowPlaying Hero
Frank Ocean • Three Artists. One Song en #Spotify  http://t.co/RtdzdOFzdy		]]></document>
	<document><![CDATA[“@username: Meet the corporate lawyer who gave it all up to open a yoga studio http://t.co/R0K4R1cCCH http://t.co/LCoQY7pycO” oh ????		]]></document>
	<document><![CDATA[Apple: revolucionando el window shopping.		]]></document>
	<document><![CDATA[Yo http://t.co/ReCiisjTmX		]]></document>
	<document><![CDATA[You're not alone and you're still in love
And everyone says that I'm the upsetter
But I'm alone and I'm so in love.		]]></document>
	<document><![CDATA[Why are you here and not somewhere else.		]]></document>
	<document><![CDATA[Rolly bird ???? http://t.co/sIzq3fwRhF		]]></document>
	<document><![CDATA[Mexican military tried to cover up murders of up to 15 people, report says
 http://t.co/odEIkFmeNa		]]></document>
	<document><![CDATA[Mexico Finds Many Corpses, but Not Lost 43 http://t.co/tAO5Qo14UM		]]></document>
	<document><![CDATA[Is this real life?		]]></document>
	<document><![CDATA[If this ???? is not poop, I don't know what it is.		]]></document>
	<document><![CDATA[Internetsito bebé http://t.co/nJ901LhpH7		]]></document>
	<document><![CDATA[Into the wild.		]]></document>
	<document><![CDATA[#NowPlaying The Upsetter
Metronomy • Love Letters en #Spotify  http://t.co/2QD6vpm1mY		]]></document>
	<document><![CDATA[2010 fue de Angélica Rivera ya quisieras Meryl Streep Hollywood's Highest-Pais Actresses http://t.co/0W5h0IyFC3 vía @username		]]></document>
	<document><![CDATA[Here some cool people http://t.co/fTZGIEH5wY		]]></document>
	<document><![CDATA[For whatever we lose (like a you or a me),
It's always our self we find in the sea. —e.e. Cummings		]]></document>
	<document><![CDATA[Yo ahorita. http://t.co/qGTyuGYIj6		]]></document>
	<document><![CDATA[I want you, we can bring it on the floor, never dance like this before.		]]></document>
	<document><![CDATA[Don't let the haters stop you from doin' your thang.		]]></document>
	<document><![CDATA[Parents of 43 missing Mexican students 'need protection' says UN http://t.co/q7B8LjvRCd via @username		]]></document>
	<document><![CDATA[My quest for logic led me to confusion...

... That's the story behind "I ran out of fucks to give".		]]></document>
	<document><![CDATA[@username nothing wrong with it.		]]></document>
	<document><![CDATA[Morocco and Mexico biggest beneficiaries of climate funds http://t.co/RlIr70O9AN		]]></document>
	<document><![CDATA[Barack Obama says racism 'deeply rooted' in America - video http://t.co/9ow7zTTqXJ		]]></document>
	<document><![CDATA[Ecuador indigenous leader found dead days before planned Lima protest http://t.co/TMEyCEQJAG		]]></document>
	<document><![CDATA[#NowPlaying Cucurucu
Nick Mulvey • First Mind en #Spotify  http://t.co/u2zyv4Ltsi		]]></document>
	<document><![CDATA[@username liked it, I don't mean to be a spelling nazi but, it's pozole. Saludos!		]]></document>
	<document><![CDATA[@username oh, wasn't aware of that, thank you!		]]></document>
	<document><![CDATA[@username me too!!!		]]></document>
	<document><![CDATA[http://t.co/aunWKhi7Zu "Before that crime, many people had been too afraid of the police to report the disappearances"		]]></document>
	<document><![CDATA[Mexico Faces Growing Gap Between Political Class and Calls for Change http://t.co/dN8zCthkPy		]]></document>
	<document><![CDATA[Being good ain't enough lately.		]]></document>
	<document><![CDATA[Pancreatitis explained cute. http://t.co/i0LdPik89m		]]></document>
	<document><![CDATA["Mexico deserves better"  http://t.co/waGeTndG33		]]></document>
	<document><![CDATA[Parents on whatsapp be like: ????????????????????		]]></document>
	<document><![CDATA[Britain’s welcome for Mexican president is worrying http://t.co/vxg0Rd2Y6t		]]></document>
</author>