<?xml version="1.0" encoding="UTF-8" standalone="no"?><author id="user773">
	<document><![CDATA[@username 'red' and 'blue' and then you wait to see what happens in the dark room? ;)		]]></document>
	<document><![CDATA[Ik vind een @username leuk: http://t.co/7WlcC5FFhD If Google Was a Guy (Part 2)		]]></document>
	<document><![CDATA[Sociopath emotions http://t.co/lGVzWryHOs		]]></document>
	<document><![CDATA[First-world anarchy http://t.co/6EVIumWNCH		]]></document>
	<document><![CDATA[I found my #FirstTweet: https://t.co/dRQ3qXGWi9. What was yours? http://t.co/0mkG2kxsko		]]></document>
	<document><![CDATA["The people you choose to work with are the most accurate predictor of job satisfaction I've ever found" http://t.co/ljQoIKgT8e		]]></document>
	<document><![CDATA[Ik vind een @username leuk: http://t.co/np0oMl0qGK Introducing the eDL mobile app		]]></document>
	<document><![CDATA[Ik vind een @username leuk: http://t.co/zSbpYGoT1K The Expert (Short Comedy Sketch)		]]></document>
	<document><![CDATA[What it feels like to be an engineer in a sales meeting: http://t.co/DDgg3S8a51 #recognizable		]]></document>
	<document><![CDATA[Every choice, no matter how small, begins a new story -- XKCD http://t.co/IkKoXZJinF		]]></document>
	<document><![CDATA[Ik vind een @username leuk: http://t.co/RPiFcZ0gT8 The Subs - Trapped feat. Colonel Abrams (official video)		]]></document>
	<document><![CDATA[Real doctor or PhD? http://t.co/U73EbtspoT @username		]]></document>
	<document><![CDATA[Ik vind een @username leuk: http://t.co/ZfckgJn1JQ World's Toughest Job - #worldstoughestjob		]]></document>
	<document><![CDATA[I am definitely at the upper limit of normal		]]></document>
	<document><![CDATA[Something big is about to happen @username! I'm finding out what's happening on the http://t.co/L3AqelH9i0		]]></document>
	<document><![CDATA[sounds tasty! -- Introducing the “Waffogato,” the Cronut Creator’s Latest Invention http://t.co/1WNqHz3HQY via @username		]]></document>
	<document><![CDATA[Advice from Wolverine: Time Management: http://t.co/61WfWEThDO via @username		]]></document>
	<document><![CDATA[@username what's your next challenge?		]]></document>
	<document><![CDATA[Ik vind een @username leuk: http://t.co/tUdFcNHg6I Nothing Can Go Wrong in Homer's Playground from "Brick Like Me" | THE		]]></document>
	<document><![CDATA[PHD Comics: Appetite http://t.co/fkySCdRjBC via @username		]]></document>
	<document><![CDATA[A man spent years taking photos of one small town, when you look closer, you&#8217;ll see why http://t.co/BaQjUNR4GX		]]></document>
	<document><![CDATA[memorable moment last night: @username singing Bloodhound Gang's "Fire Water Burn" #JT2020Tour		]]></document>
	<document><![CDATA[A decision tree, finally! - What to call your Academic Event http://t.co/seXDBLakVs via @username		]]></document>
	<document><![CDATA[The Largest Vocabulary in Hip Hop: plotting 80 rappers against Shakespeare and Melville http://t.co/htfgH2hPju via @username		]]></document>
	<document><![CDATA[Ik vind een @username leuk: http://t.co/qmIRKzNCEA Oscar & The Wolf - Princes		]]></document>
	<document><![CDATA[What you see in the mirror - The Oatmeal http://t.co/ZKv2P6T5Eh via @username		]]></document>
	<document><![CDATA[23 GIFs That Will Teach You A Damn Thing For Once In Your Life http://t.co/JeHXxNc0Zn via @username @username		]]></document>
	<document><![CDATA[The Disciples: James Mollison's portraits of music fans http://t.co/WdTpTl805F via @username		]]></document>
	<document><![CDATA[Ik vind een @username leuk: http://t.co/ck93h4aDB2 Paloma Faith - Can't Rely on You		]]></document>
	<document><![CDATA[Ik vind een @username leuk: http://t.co/4CR16yPqte Queens of the stone age- better living through chemistry		]]></document>
	<document><![CDATA[I can safely call this the world's biggest hoax. Thanks, #WestWing. @username (via @username) http://t.co/meLUWLCnNH		]]></document>
	<document><![CDATA[100 historical pictures, courtesy of @username: http://t.co/eUxMqpPp4o		]]></document>
	<document><![CDATA[Looking forward to @username tonight! http://t.co/oGYKp4d8Iw		]]></document>
	<document><![CDATA[Ik vind een @username leuk: http://t.co/yfxnNrSm2z Future Islands - Seasons (Waiting On You) (Official Video)		]]></document>
	<document><![CDATA[@username I see you, so it is a #selfie		]]></document>
	<document><![CDATA[The 23 Worst Parts About Being Good At Grammar http://t.co/mKnUbFslat via @username @username		]]></document>
	<document><![CDATA[I get a static electricity shock every time I touch my office's door handle. Anyone trying to get a Pavlovian reaction of me?		]]></document>
	<document><![CDATA[not easy for the directionally challenged amongst us -- ‘Mensen, hang je vlag toch juist op’ http://t.co/Rtd351V5Yb		]]></document>
	<document><![CDATA[http://t.co/x23jwc3Ogt If She Can See It, She Can Be It: http://t.co/dzo9aAFSYt		]]></document>
	<document><![CDATA[Which World Cup team should I root for? http://t.co/89pPrVAVTA		]]></document>
	<document><![CDATA[Only you're older in grad school ;) -- Grad School is just like Kindergarten http://t.co/qqZhE1zug9 via @username		]]></document>
	<document><![CDATA[Ik vind een @username leuk: http://t.co/GWnK5ySLWf Magnus - Singing Man feat Thomas Smith (video)		]]></document>
	<document><![CDATA[PHD Comics: Leading Expert http://t.co/j9mWQfs1z9 via @username		]]></document>
	<document><![CDATA[Relative freqs would be more insightful - many more recent than old pubs -- More Research is Needed http://t.co/xELbkeu0OU via @username		]]></document>
	<document><![CDATA[From now on I'm cheering for @username. I even Belgiumized my name to Kathia Lambic at http://t.co/BdWnnYqhZj #WorldCup #BELRUS #BEL		]]></document>
	<document><![CDATA[Vacancy: Computational Linguistics Researcher | CLiPS http://t.co/AICuDb7QEc via @username		]]></document>
	<document><![CDATA[Ik vind een @username leuk: http://t.co/7RVaq3uW8D Why Jonathan Ross Can't Pronounce His Rs		]]></document>
	<document><![CDATA[Guilty! "@username: Are you a #grammar #nerd? http://t.co/nlvvSiZKPi"		]]></document>
	<document><![CDATA["I’m a human GPS system! Without the annoying voice! I answered 10 questions on Smarty Pins. Can you beat me?" http://t.co/DKrnJTvGpJ		]]></document>
	<document><![CDATA[Look for conscientious, agreeable, emotionally stable recruits http://t.co/tgQeRvQqh3		]]></document>
	<document><![CDATA[Finally RT Scientists discover a new mathematical formula...for the perfect cheese sandwich http://t.co/Zp8kgNCPhF via @username		]]></document>
	<document><![CDATA[Finally we get some clarity!  RT Data analysis of the World Cup http://t.co/ZTVEm8eQMu		]]></document>
	<document><![CDATA[reminds me of Botticelli's 'La Primavera' RT Latest Trend: Men With Flowers In Their Beards http://t.co/FmoU8o6Rwd		]]></document>
	<document><![CDATA[2 doctoral students in Computational Psycholinguistics and Machine Learning https://t.co/pkK6lKWzCF @username		]]></document>
	<document><![CDATA[Recognizable RT @username: .@username computer science alum experiences first hand the Ph.D.-Industry gap http://t.co/VaoMRAQqRH		]]></document>
	<document><![CDATA[Ik vind een @username van @username leuk: http://t.co/AT9N5DUdUa The Subs - Cling To Love feat. Jay Brown		]]></document>
	<document><![CDATA[5,000 Melting Ice Sculptures Remember The Victims Of WWI http://t.co/XIKt8Jluca		]]></document>
	<document><![CDATA[Ik vind een @username leuk: http://t.co/8E0DjC07j0 Oscar And The Wolf - Strange Entity		]]></document>
	<document><![CDATA[the importance of commas http://t.co/RCJDIpjca4		]]></document>
	<document><![CDATA[How Much Does One Lego Piece Cost http://t.co/cUXv01jp4C		]]></document>
	<document><![CDATA[Got a hold of the last box of the new Lego Research Institute. Could not be happier :) @username @username		]]></document>
	<document><![CDATA[@username the article suggests "if your K-index gets above 5, then it’s time to get off Twitter and write those papers"		]]></document>
	<document><![CDATA[My Kardashian index is 0.66 (133 followers / 202 citations). Scientists, check yours! http://t.co/TBtrLg1u1x		]]></document>
	<document><![CDATA[strange that this was published in @username but an interesting read nevertheless "The Kardashian index: a measure of discrepant [...]"		]]></document>
	<document><![CDATA[the amazing new adventures of Action Movie Kid http://t.co/UHzvkaADwh via @username		]]></document>
	<document><![CDATA[@username thanks again for the tasty baklava ;)		]]></document>
	<document><![CDATA[My followers are in Belgium(57%), USA(13%)... Get your map too: http://t.co/3FVN77FgjU http://t.co/wG0l17wpKz		]]></document>
	<document><![CDATA[Can't wait for @username, the world's simplest project management tool! Sign up for beta now:  http://t.co/BV2jd3HWY4		]]></document>
	<document><![CDATA[Colloquium on Emotion and Stance in Language Technology Oct 10th | @username  http://t.co/cvzyyuB8an		]]></document>
	<document><![CDATA[Ready for #MVDbrussels in the sunshine! @username http://t.co/oe4mlnDdGA		]]></document>
	<document><![CDATA[Ik vind een @username leuk: http://t.co/NSf9d9JnJG Google Analytics In Real Life - Site Search		]]></document>
	<document><![CDATA[support your local postdoc ;-) --> Postdoc Appreciation week http://t.co/gO7veNf6SM via @username		]]></document>
	<document><![CDATA[In computer science... http://t.co/hxIrBqECFJ		]]></document>
	<document><![CDATA[Doing great! "@username: . @username now defending his phd thesis "Measuring Emotion" http://t.co/aLQH2fdtpL http://t.co/romgKafHPT"		]]></document>
	<document><![CDATA[The Medication List Said, “Raised toilet seat daily”: http://t.co/0dKLoY30rS via @username #EHR #dataconversion		]]></document>
	<document><![CDATA[Ik vind een @username leuk: http://t.co/BlTMrg2QJs Oscar & The Wolf - Undress Live at AB - Ancienne Belgique		]]></document>
	<document><![CDATA[@username Not much information yet, but I like you already		]]></document>
	<document><![CDATA[Check Out The LEGO Version Of Wonder Woman's Invisible Jet http://t.co/qSYjNU5lrr		]]></document>
	<document><![CDATA[cute :-) Dressing Up a Rover as a Baby Penguin—For Science! | WIRED http://t.co/HEMlS6PQUg		]]></document>
	<document><![CDATA[This would make things a whole lot easier :-) IM ALWAYS RIGHT PH.D. | Teezily https://t.co/xJZfzW0WzD #createsharecollect		]]></document>
	<document><![CDATA[KPI may stand for Key Performance Indicator, but in the real world it frequently means ‘Kills Personal Initiative’ http://t.co/8ZqySQHmPB		]]></document>
	<document><![CDATA[messing around with Stash, Bitbucket, and Github at the same time - hope this ends well		]]></document>
	<document><![CDATA[Up Your Ugly Christmas Game w/ An Ugly Christmas Suit (via @username) http://t.co/mvH2iOtr2T		]]></document>
	<document><![CDATA[Person of the Year 2014: The Ebola fighters #TIMEPOY http://t.co/y8DsOTXcLm via @username		]]></document>
	<document><![CDATA[Want! http://t.co/8XxQ56sgnF		]]></document>
	<document><![CDATA[congratulations @username ! Walter Daelemans honored as ACL Fellow | CLiPS http://t.co/VRqPf7CYH8 via @username		]]></document>
	<document><![CDATA[straks thuis even natellen -- Treegonometry is the key to a perfect Christmas tree http://t.co/uTTtwXM6js		]]></document>
	<document><![CDATA[Temporal disease trajectories condensed from population-wide registry data covering 6.2 million patients http://t.co/WmEV1WapDi		]]></document>
	<document><![CDATA[@username 'bilabial consonant' is the term you are looking for ;)		]]></document>
	<document><![CDATA[How to suck at your religion - The Oatmeal http://t.co/YAEXep0D8G via @username		]]></document>
	<document><![CDATA[worldwide spread of #JeSuisCharlie : http://t.co/WuNLuALa1h		]]></document>
	<document><![CDATA[Steps to Building a Statistical Model http://t.co/6ejlYhpMHg		]]></document>
	<document><![CDATA[git - the simple guide - no deep shit! http://t.co/UWgP8Tcsel #git via @username		]]></document>
	<document><![CDATA[De-Identification of Data in Healthcare: http://t.co/c3HlXMFXdf via @username		]]></document>
	<document><![CDATA[Physicists read scrolls scorched by ancient volcano http://t.co/qTaSWxXRi7		]]></document>
	<document><![CDATA["If instead of saying, “We’re working on big data,” you say, “We’re extracting customer transaction data from our lo…https://t.co/DpMU0ByhkY		]]></document>
	<document><![CDATA[Why change might be the best thing happening to you and your organization. http://t.co/MeGE2eQ20z via @username		]]></document>
	<document><![CDATA[I liked a @username video http://youtu.be/m125eJ1V_5k?a floaty - foo fighters		]]></document>
	<document><![CDATA[@username working from home today?		]]></document>
	<document><![CDATA[@username congratulations and jubilations!		]]></document>
</author>