<?xml version="1.0" encoding="UTF-8" standalone="no"?><author id="user453">
	<document><![CDATA[@username I just had a Dream that you & I were boyfriend & girlfriend..... ???????? idk how that happened. Lol.		]]></document>
	<document><![CDATA[When you been skinny all your life then you get some ass outta nowhere......... ???? NONE OF MY JEANS FIT... ????		]]></document>
	<document><![CDATA[@username COME BACK IN MY LIFEEEE!!!! ????????		]]></document>
	<document><![CDATA[@username Why didn't you tell me????!		]]></document>
	<document><![CDATA[@username no I'm off on Mondays & Tuesdays.		]]></document>
	<document><![CDATA[It's like I take a step forward & get knocked back 100. ????????????		]]></document>
	<document><![CDATA[It's time for me to let go....... ????		]]></document>
	<document><![CDATA[When people meet my moma & they see we look & act just alike. #ThatsBae #MyTwin ????		]]></document>
	<document><![CDATA[@username girl foreal. I'm lookin like tf is that??		]]></document>
	<document><![CDATA[My hair is gone y'all. Chopped it all off. ?????????? http://t.co/oywYowmUz6		]]></document>
	<document><![CDATA[It's been like 3 weeks since I cut my hair & it still hasn't hit me that it's gone. Lol oh well. It will grow back.		]]></document>
	<document><![CDATA[Drinkin with my bitches in the Bentley. #2NightsAgo #ILoveThemmmm ???????????????????? http://t.co/F7cpI3E66n		]]></document>
	<document><![CDATA[I'm tryna get drunk tonight........ Lol I'm always drunk.		]]></document>
	<document><![CDATA[Thank god for Auto correct....		]]></document>
	<document><![CDATA[@username it's Korean food!!! You should try Kimbap. It's even better.		]]></document>
	<document><![CDATA[Being sick is for the birds. ????		]]></document>
	<document><![CDATA[Woke up in my feelings......		]]></document>
	<document><![CDATA[@username lmao no I don't even remember what I fell asleep listening too.		]]></document>
	<document><![CDATA[@username LMFAOO. ???????????? okay I'll take note & remember next time.		]]></document>
	<document><![CDATA[@username lol. Do you still have the same number?		]]></document>
	<document><![CDATA[@username 254 or 706 I have 2 numbers for you.		]]></document>
	<document><![CDATA[My night >>>>>>> ????		]]></document>
	<document><![CDATA[Same ol shit, just a different night. ???? #HateSleepingAlone #MayAsWellGetUsedToIt		]]></document>
	<document><![CDATA[When my daddy say "we need to talk." I get nervous af, like what I do now..... Lol. #StomachTurninFlips		]]></document>
	<document><![CDATA[I can't wait until Spring Break 2015. Shit finna get real. & my daddy will be home for vacation. ???????? #MexicoHereTheMusesCome		]]></document>
	<document><![CDATA[Just had a good ass conversation with my daddy. #ILoveHimmm #DayOneNigga ????		]]></document>
	<document><![CDATA[#TheStruggleOfHavingThickHair- My roommate won't braid my hair, like I didn't cut it all off & it's way short now. Some friend she is...????		]]></document>
	<document><![CDATA[Tf am I watching?...... Lol.		]]></document>
	<document><![CDATA[Wish there was a middle finger emoji.		]]></document>
	<document><![CDATA[Sick of this shit. #ImFuckinDone !! ??????		]]></document>
	<document><![CDATA[@username lmao text me!! Ima DM you my number.		]]></document>
	<document><![CDATA[This is my world this my choice, & you're the drug that gets me through.		]]></document>
	<document><![CDATA[Sick of waking up in darkness, when the sky is always painted blue.		]]></document>
	<document><![CDATA[There's a method to my madness, it's clear that you don't have a clue.		]]></document>
	<document><![CDATA[@username YAYYYY!!!!!!!!! I can't wait!! Are u coming back to cheddars????? ????		]]></document>
	<document><![CDATA[@username omggg!!! ???? I'm off tomorrow so just text me.		]]></document>
	<document><![CDATA[@username I don't work on Mondays & Tuesdays. So text me when you get here!!		]]></document>
	<document><![CDATA[@username I'll text you in a min.		]]></document>
	<document><![CDATA[Worked a double today, cleaned the whole apartment & completely rearranged my room. I'm tired af & I'm finna be super knocked. ????????		]]></document>
	<document><![CDATA[The fact that I can text my 9 & 6 year old sister & actually hold conversations with them. >>>> #GrownAsHell #ThatsThemBrainsForYa		]]></document>
	<document><![CDATA[Why baldyyy??? I love you girlllll!! ????		]]></document>
	<document><![CDATA[I'm excited for school this semester. ????		]]></document>
	<document><![CDATA[I don't feel like going to work, but nobody gone pay these bills but me. ????		]]></document>
	<document><![CDATA[Mf'in life right now >>>> #NoComplaints		]]></document>
	<document><![CDATA[I HAVE THE BEST PARENTS IN THE WORLD!! ????		]]></document>
	<document><![CDATA[Don't feel like going back to work.....????		]]></document>
	<document><![CDATA[These mf'ers need to get out of my house. Talking about they cleaning. BITCH ITS CLEAN IN HERE, now gtf OUT...		]]></document>
	<document><![CDATA[Wearing my own hair has come to an end. I brought some weave today, I was going through withdraws.		]]></document>
	<document><![CDATA[I miss my long weave & my long hair!! ????????		]]></document>
	<document><![CDATA[I'm soo proud of my little brother. Watching him grow up Into a responsible young man brings tears to my eyes. Love you @username  ????????????		]]></document>
	<document><![CDATA[I hate that I'm such an emotional person. I cry for everything. Lmao. #CryBabyyy ????		]]></document>
	<document><![CDATA[@username lol shut up.		]]></document>
	<document><![CDATA[@username thank god! ????		]]></document>
	<document><![CDATA[I'm craving some Chinese food.		]]></document>
	<document><![CDATA[I really want some Chinese food lol,  but everything closed. ????		]]></document>
	<document><![CDATA[Toni Braxton >>>>> ????????????????		]]></document>
	<document><![CDATA[If you look completely different with makeup on, that means you're wearing too damn much... & you ugly lol.		]]></document>
	<document><![CDATA[Jasmen need to get Tf up. I bet if I start cooking she will wake her fat ass up.		]]></document>
	<document><![CDATA[When I get new panties from Victoria's Secret. >>>> ????		]]></document>
	<document><![CDATA[I should of got high..... When I'm high I just really put shit into perspective & look at the big picture & be like fuck it & everything. ????		]]></document>
	<document><![CDATA[Have an appointment with my counselor today. ????		]]></document>
	<document><![CDATA[@username TURN UP!!		]]></document>
	<document><![CDATA[@username aren't you coming back tomorrow?		]]></document>
	<document><![CDATA[Today starts a new chapter in my life. It's all about me & only me, I need to get to where I want to be in life. & being happy is a start.		]]></document>
	<document><![CDATA[I don't need irrelevant, unimportant things, or people holding me back or down. #BackToMyOldWays		]]></document>
	<document><![CDATA[My dad favorite actor is/was Robin Williams. Unlike some people, Me & my daddy are true fans of him. May he rest in peace. ????		]]></document>
	<document><![CDATA[I watched What Dreams May Come last night, Cause I miss my daddy. #OurFavoriteMovie		]]></document>
	<document><![CDATA[If my daddy don't text me back ima blow his shit Tf up. #Crazy #HeMadeMeThisWay ????		]]></document>
	<document><![CDATA[Buffalo Wild Wings is TOO live right now!!!		]]></document>
	<document><![CDATA[Fuck my iphone. I want that Gold S5!!!		]]></document>
	<document><![CDATA[Shitty ass news to be woken up too. ????????		]]></document>
	<document><![CDATA[So tired..... Had a long day & I'm still up. #Forwhat		]]></document>
	<document><![CDATA[Being forced to give up on something & its everything you want. ????		]]></document>
	<document><![CDATA[Waking up being the only one homee.... ???? <<<<<<		]]></document>
	<document><![CDATA[School about to start again, so the turn up is gonna be outrageous! But school always comes first.		]]></document>
	<document><![CDATA[Time to get up & shop for school. ????		]]></document>
	<document><![CDATA[I'm so bored I'm about to just get drunk. Lol. I cleaned, did all my laundry, & washed my car.		]]></document>
	<document><![CDATA[I need to stop being a bum & wake up at a decent time. Oh well, school starts on Monday & its all gonna change.		]]></document>
	<document><![CDATA[@username ???? lol shut up.		]]></document>
	<document><![CDATA[@username What's BU?		]]></document>
	<document><![CDATA[@username No I was gonna go. But Im going to ASU with my cousins.		]]></document>
	<document><![CDATA[@username No Angelo state university in Texas.		]]></document>
	<document><![CDATA[I can't believe my hair already grew out of that haircut. I don't like bobs & my hair is in a stupid Bob. #WhereTheWeaveAt ....		]]></document>
	<document><![CDATA[So excited to pick up my puppy!!!!!		]]></document>
	<document><![CDATA["@username: I need friends like this. http://t.co/cKuBDFzGKD" These are my friends. ????		]]></document>
	<document><![CDATA[When teachers ramble............. ????		]]></document>
	<document><![CDATA[Tomorrow is Friday!! Exactly a week from tomorrow & I can go pick up my puppy! ????		]]></document>
	<document><![CDATA[Just finished all my hw for the week... Now I'm bored until work.		]]></document>
	<document><![CDATA[@username yeah. I just got home. But I'm Finna go somewhere.		]]></document>
	<document><![CDATA[@username umm. Idek. I think before our next lab meets. You have have to double check on black board. It's 2 of them.		]]></document>
	<document><![CDATA[@username yeah I think you have until next week.		]]></document>
	<document><![CDATA[Drinking cause I have nothing better to do.		]]></document>
	<document><![CDATA[@username lmaoooo this is soo accurate!!! She sounds like all my relatives.		]]></document>
	<document><![CDATA[One class & I can go get back in my bed.		]]></document>
	<document><![CDATA[I went to class, came home & slept all day. Now I'm still in the bed eating hamburger helper. #BumStatus		]]></document>
	<document><![CDATA[@username Lmaoo foreal. Tf this nigga talkin about. Like it's all irrelevant. Smh.		]]></document>
	<document><![CDATA[Can this nigga speak tf up. He have on a headset & I still can't hear him. ????		]]></document>
	<document><![CDATA[& I'm sitting at the front. ????		]]></document>
	<document><![CDATA[I'm getting my nose pierced again. Well for the 4th time.		]]></document>
	<document><![CDATA[Friday can't come fast enough I'm ready to get my puppy.		]]></document>
</author>