<?xml version="1.0" encoding="UTF-8" standalone="no"?><author id="user552">
	<document><![CDATA[How to Test Your Startup Idea for $50 http://t.co/JTRdxtnd		]]></document>
	<document><![CDATA[@username @username @username @username @username You've been quoted in my #Storify story "New Story" http://t.co/Uu5AggZP		]]></document>
	<document><![CDATA[New Story http://t.co/Uu5AggZP #storify #caceroludos		]]></document>
	<document><![CDATA[@username @username @username @username You've been quoted in my   #Storify story #caceroludos http://t.co/Uu5AggZP		]]></document>
	<document><![CDATA[@username @username @username @username @username You've been quoted in my   #Storify story #caceroludos http://t.co/Uu5AggZP		]]></document>
	<document><![CDATA[@username You've been quoted in my   #Storify story #caceroludos http://t.co/Uu5AggZP		]]></document>
	<document><![CDATA[Business models are a commodity Stop asking "But how will they make money?": http://t.co/1lx60Fs9		]]></document>
	<document><![CDATA[Y Combinator Alum Flutter Raises $1.4 Million For Gesture Recognition Tech  http://t.co/sKlQFKds		]]></document>
	<document><![CDATA[Montreal Protests, 4 Months In (photos)- The Atlantic http://t.co/SVF238VM		]]></document>
	<document><![CDATA["I don't want to archieve immortality through my work... I want to achieve it through not dying."  Woody Allen		]]></document>
	<document><![CDATA[Por comer en la oficina d Lvk (@username St. Andrews) http://t.co/vuR3WBK6		]]></document>
	<document><![CDATA[@username take it easy !		]]></document>
	<document><![CDATA[I'm at Aeroparque Jorge Newbery (AEP) (Ciudad de Buenos Aires) w/ 7 others http://t.co/2eY8mVWH		]]></document>
	<document><![CDATA[@username, your Klout Score is decent (I'm a 53). Check out your @username profile today! http://t.co/RGRMddEm		]]></document>
	<document><![CDATA[Just posted a photo http://t.co/Mp1JLNrP		]]></document>
	<document><![CDATA[Just posted a photo http://t.co/LelXvEPM		]]></document>
	<document><![CDATA[@username a torrar ?		]]></document>
	<document><![CDATA[I'm at Aeroparque Jorge Newbery (AEP) w/ @username @username http://t.co/dsf4KbLJ		]]></document>
	<document><![CDATA[I just unlocked the "Swarm" badge on @username! http://t.co/OY7jUNga		]]></document>
	<document><![CDATA[Just posted a photo http://t.co/ItP3vnRX		]]></document>
	<document><![CDATA[Los yankis bailan cuarteto pero despasito ! :p (@username Edinburgh Castle w/ 3 others) http://t.co/RLp6mlF8		]]></document>
	<document><![CDATA[A lot people with pride  http://t.co/yofp2BHU		]]></document>
	<document><![CDATA[Just posted a photo http://t.co/4H81DAbJ		]]></document>
	<document><![CDATA[Just posted a photo http://t.co/jDd4cUkW		]]></document>
	<document><![CDATA[Just posted a photo http://t.co/GMSVlMLd		]]></document>
	<document><![CDATA[Just posted a photo http://t.co/4qM2q4zc		]]></document>
	<document><![CDATA[I'm at Powell Street Cable Car Turnaround (San Francisco, CA) w/ 2 others http://t.co/BZ29S9Xw		]]></document>
	<document><![CDATA[I'm at San Francisco Pride (San Francisco, CA) w/ 52 others http://t.co/3nftYQxS		]]></document>
	<document><![CDATA[I'm at Civic Center Plaza (San Francisco, CA) w/ 23 others http://t.co/uMpyBbvH		]]></document>
	<document><![CDATA[Just posted a photo http://t.co/XXmKTwZg		]]></document>
	<document><![CDATA[Smirnoff girls http://t.co/voF1LOkq		]]></document>
	<document><![CDATA[Just posted a photo http://t.co/zfYSYSZL		]]></document>
	<document><![CDATA[Just posted a photo http://t.co/PnYeeW5w		]]></document>
	<document><![CDATA[I'm at HI San Francisco City Center (San Francisco, CA) w/ 2 others http://t.co/R7WAncT0		]]></document>
	<document><![CDATA[Just posted a photo http://t.co/sCfndyyB		]]></document>
	<document><![CDATA[Naked men all over the pride  http://t.co/mtsgCl1g		]]></document>
	<document><![CDATA[Just posted a photo http://t.co/GIL6DkzJ		]]></document>
	<document><![CDATA[All over the city  http://t.co/8pbEFSnH		]]></document>
	<document><![CDATA["Go to R Bar. Get a group of friends and take a Fernet shot." @username R Bar via Anna M.: http://t.co/3VLLJZZo #4sqTip		]]></document>
	<document><![CDATA[Just posted a photo http://t.co/3TfTCudQ		]]></document>
	<document><![CDATA[Geeky meeting near the gate  http://t.co/iI7wHFdk		]]></document>
	<document><![CDATA[I'm at 500 Startups (Mountain View, CA) w/ 6 others [pic]: http://t.co/ScCcHFFV		]]></document>
	<document><![CDATA[I'm at Google HQ (Mountain View, Ca) [pic]: http://t.co/3w6ZHJYX		]]></document>
	<document><![CDATA[I'm at Googleplex - Google Store (Mountain View, CA) [pic]: http://t.co/pFzf3mwi		]]></document>
	<document><![CDATA[I'm at Googleplex - Steam Cafe (Mountain View, CA) http://t.co/8naaceEG		]]></document>
	<document><![CDATA[I'm at Google Android Camp (Mountain View, CA) w/ 2 others [pic]: http://t.co/j91mp8hi		]]></document>
	<document><![CDATA[I'm at Computer History Museum (Mountain View, CA) [pic]: http://t.co/aTWr6voo		]]></document>
	<document><![CDATA[Hard disk of late 60s. It still works ! http://t.co/BVt5aUnQ		]]></document>
	<document><![CDATA[@username thanks for receiving us this afternoon, u r very cool people and inspired us to follow your steps		]]></document>
	<document><![CDATA[Good morning SF http://t.co/O0C3aI54		]]></document>
	<document><![CDATA[Google Engage (@username Googleplex - 1900) [pic]: http://t.co/EtnQRYlV		]]></document>
	<document><![CDATA[I'm at Googleplex - Long Life (Mountain View, CA) w/ 3 others [pic]: http://t.co/9H95ylXf		]]></document>
	<document><![CDATA[Jelly bean it's here (@username Google Android Camp w/ 2 others) [pic]: http://t.co/9a1oE2E7		]]></document>
	<document><![CDATA[People of @username rocking at #google #io12 http://t.co/4JDp9DYe		]]></document>
	<document><![CDATA[It's a Startup world @username google #io12 #gdg http://t.co/ASyLqc4R		]]></document>
	<document><![CDATA[I'm at Google I/O 2012 w/ 18 others [pic]: http://t.co/AmSxwVIh		]]></document>
	<document><![CDATA["Only 10 percent of USA citizen has passport, this is awful truth"		]]></document>
	<document><![CDATA[Just posted a photo http://t.co/Na9BlbnP		]]></document>
	<document><![CDATA[I'm at Pancho Villa Taqueria (San Francisco, CA) w/ 5 others [pic]: http://t.co/RUWwwtvY		]]></document>
	<document><![CDATA[I'm at Dalva (San Francisco, CA) w/ 3 others [pic]: http://t.co/QYbvEzLv		]]></document>
	<document><![CDATA["Mission bar Dalva was named after a a book of the same name by Jim Harrison." @username Dalva via @usernamescoutmob: http://t.co/9ScUefbQ #foursquare		]]></document>
	<document><![CDATA["SF Weekly’s Best Of 2011 Winner – Editorial Pick – BEST BAR INSIDE A BAR..." @username Dalva via @usernamesfweeklystreet: http://t.co/zS5iwJ0b #foursquare		]]></document>
	<document><![CDATA[I'm at Mashery (San Francisco, CA) w/ 2 others [pic]: http://t.co/jCMfFC5o		]]></document>
	<document><![CDATA[I'm at Mashery (San Francisco, CA) w/ 4 others [pic]: http://t.co/2TNhBdLf		]]></document>
	<document><![CDATA[I'm at Off the Grid: UN Plaza (San Francisco, California) [pic]: http://t.co/0sn575m0		]]></document>
	<document><![CDATA[I'm at Apple Store (San Francisco, CA) w/ 5 others [pic]: http://t.co/4m3AYJ8x		]]></document>
	<document><![CDATA[I'm at Hilton San Francisco Union Square (San Francisco, CA) w/ 2 others [pic]: http://t.co/dLEkyMJL		]]></document>
	<document><![CDATA[I'm at Jasper's Corner Tap & Kitchen (San Francisco, CA) [pic]: http://t.co/nncbWnUA		]]></document>
	<document><![CDATA[I'm at Helen Wills Playground (San Francisco, CA) [pic]: http://t.co/QfL7HADq		]]></document>
	<document><![CDATA[I'm at Lombard/Hyde Cable Car Stop http://t.co/AcxUt46i		]]></document>
	<document><![CDATA[I'm at Fisherman's Wharf Sign (San Francisco, CA) w/ 3 others [pic]: http://t.co/nniUFlJd		]]></document>
	<document><![CDATA[I'm at Bubba Gump Shrimp Co (San Francisco, CA) w/ 3 others [pic]: http://t.co/r3DGuZpA		]]></document>
	<document><![CDATA[I'm at Apple Store (San Francisco, CA) w/ 7 others [pic]: http://t.co/ZZOOClHs		]]></document>
	<document><![CDATA[I'm at Disney Store (San Francisco, CA) [pic]: http://t.co/tytNX00Q		]]></document>
	<document><![CDATA[I'm at Code for America (San Francisco, CA) w/ 10 others [pic]: http://t.co/lhpZYfv2		]]></document>
	<document><![CDATA[I just unlocked the "Greasy Spoon" badge on @username for checking in at diners! Bring on the burgers! http://t.co/oGQVZElL		]]></document>
	<document><![CDATA[I'm at Pinecrest Diner (San Francisco, CA) http://t.co/5VjbGgjI		]]></document>
	<document><![CDATA[I'm at HI San Francisco City Center (San Francisco, CA) http://t.co/ES2KeKSW		]]></document>
	<document><![CDATA[4th of J gringo party (@username Cova Hotel w/ 2 others) [pic]: http://t.co/OO9u64tP		]]></document>
	<document><![CDATA[I'm at Bigfoot Lodge (San Francisco, CA) [pic]: http://t.co/EwpCRZdI		]]></document>
	<document><![CDATA[I just unlocked the "Great Outdoors" badge on @username for checking in at outdoor spots! Freedom! http://t.co/3XaWoAPo		]]></document>
	<document><![CDATA[I'm at Chinatown Gate (San Francisco, CA) w/ 2 others [pic]: http://t.co/Ogt65RUv		]]></document>
	<document><![CDATA[I'm at Chinatown (San Francisco, CA) w/ 3 others [pic]: http://t.co/gXNiZ6I8		]]></document>
	<document><![CDATA[I'm at First public school In California (San Francisco, CA) [pic]: http://t.co/93QJ0CjG		]]></document>
	<document><![CDATA[I'm at Sue Bierman Park (San Francisco, CA) [pic]: http://t.co/7OMwh662		]]></document>
	<document><![CDATA[I'm at Vaillancourt Fountain (San Francisco, CA) [pic]: http://t.co/6ss9ysxN		]]></document>
	<document><![CDATA[I'm at Embarcadero Center Walkway (San Francisco, CA) [pic]: http://t.co/5etKNDQm		]]></document>
	<document><![CDATA[Grain salad +salmon and Heretic evil twin beer (@username Jasper's Corner Tap & Kitchen w/ 3 others) [pic]: http://t.co/8Y4XyoRm		]]></document>
	<document><![CDATA[I'm at Chinatown (San Francisco, CA) [pic]: http://t.co/eDlcX2kg		]]></document>
	<document><![CDATA[I just unlocked the "Overshare" badge on @username! http://t.co/aqrJJu4R		]]></document>
	<document><![CDATA[I'm at Chinatown Gate (San Francisco, CA) [pic]: http://t.co/VTtNQc6h		]]></document>
	<document><![CDATA[I'm at GitHub HQ 2.0 (San Francisco, CA) http://t.co/RJY8Br7d		]]></document>
	<document><![CDATA[I'm at 303 2nd Street Plaza (San Francisco, CA) [pic]: http://t.co/4QACZDxu		]]></document>
	<document><![CDATA[I'm at Los Compadres (San Francisco, CA) w/ 3 others [pic]: http://t.co/SOpyu73B		]]></document>
	<document><![CDATA[I'm at South Park (San Francisco, CA) w/ 6 others [pic]: http://t.co/asKbE4KS		]]></document>
	<document><![CDATA[Just posted a photo http://t.co/TuLvg1pL		]]></document>
	<document><![CDATA[Just posted a photo http://t.co/O4b74R20		]]></document>
	<document><![CDATA[Just posted a photo http://t.co/lmrl5uWZ		]]></document>
	<document><![CDATA[I'm at The Women's Center (San Francisco, CA) [pic]: http://t.co/H0NvqfhX		]]></document>
	<document><![CDATA[I'm at Bi-Rite Creamery (San Francisco, CA) w/ 5 others [pic]: http://t.co/dfnOckPe		]]></document>
</author>