<?xml version="1.0" encoding="UTF-8" standalone="no"?><author id="user893">
	<document><![CDATA[I'm Here
Now

-cit-		]]></document>
	<document><![CDATA[Enjoyourself http://t.co/ESS5zDTw9Z		]]></document>
	<document><![CDATA[Programmatori ABAP 
is the new
Programmatori COBOL 

#cambiaverso
#aggiornati
#startup		]]></document>
	<document><![CDATA[Good news #instagram #radicchioasiago #spritz #pinodaniele #goodmusic #morgansuca #xf8 http://t.co/MqTGEuL2V7		]]></document>
	<document><![CDATA[Profezie from iTunes #apple http://t.co/QgEW7WYxCb		]]></document>
	<document><![CDATA[Kelis Lands Holiday Special On Cooking Channel http://t.co/4elP3u97Ea		]]></document>
	<document><![CDATA[Scanned #winelovers #instagnam #instagram http://t.co/40HxLURHMJ		]]></document>
	<document><![CDATA[TalebanChef -cit-		]]></document>
	<document><![CDATA[Black Friday by Steely Dan

#blackfriday http://t.co/MirX1dJq6p		]]></document>
	<document><![CDATA[David Lee Roth Knucklebones

#attendoiparentiacena http://t.co/rnoEIloC4M		]]></document>
	<document><![CDATA[Waiting For Santa Claus #Instagram http://t.co/Y5ETMPAeBJ		]]></document>
	<document><![CDATA[Harbour Heights Residence http://t.co/dWQsufll5H		]]></document>
	<document><![CDATA[The Police - Fall Out -  http://t.co/Ewk5vTNpqZ		]]></document>
	<document><![CDATA[the police - driven to tears -  http://t.co/VKIXUzXVOk		]]></document>
	<document><![CDATA[The Police - When The World Is Running Down  http://t.co/qWeMnA8weE		]]></document>
	<document><![CDATA[The Police   Next To You http://t.co/fuO1CiDOlc		]]></document>
	<document><![CDATA[A boiled littleface 

#supper		]]></document>
	<document><![CDATA[Proctor Quod Et Deus

@username  http://t.co/UWOX2db2pP		]]></document>
	<document><![CDATA[#The Sheriff
Emerson, Lake & Palmer  http://t.co/WfyjaHlUku		]]></document>
	<document><![CDATA[#Honky Tonk Train Blues
Emerson, Lake & Palmer  http://t.co/Vwn9PuGrmM		]]></document>
	<document><![CDATA[#Soul Horizon
The Beauty Room  http://t.co/qo2TNyJDOW		]]></document>
	<document><![CDATA[#Shades Of Yesterday
The Beauty Room  http://t.co/oH2bqRjQf7		]]></document>
	<document><![CDATA[#La Femme D'argent
Air • Moon Safari  http://t.co/GyNLknF3Zj		]]></document>
	<document><![CDATA[#Kelly Watch The Stars
Air • Moon Safari  http://t.co/ZmwiKefcwN		]]></document>
	<document><![CDATA[#The Mojo Radio Gang - Club Version
Parov Stelar  http://t.co/sN2wt93IXU		]]></document>
	<document><![CDATA[#Staying for Good - Guido Nemola Classic Remix
Papik  http://t.co/qPoG9kizy2		]]></document>
	<document><![CDATA[#Free Souls
Nicola Conte • Free Souls  http://t.co/yZjwrDx2FK		]]></document>
	<document><![CDATA[#The Dining Rooms - Flamenco Sketches http://t.co/TYEFAKyxqH		]]></document>
	<document><![CDATA[#Aganju
Carlinhos Brown  http://t.co/bZNGey9pzU		]]></document>
	<document><![CDATA[#Bullitt - Main Title
Lalo Schifrin  http://t.co/t1Bu9I4P9y		]]></document>
	<document><![CDATA[#Main Title From "Mannix"  http://t.co/dQKlyQnXhW		]]></document>
	<document><![CDATA[#Monte Cristo
Jeremy Pelt  http://t.co/gG4NJGeUVj		]]></document>
	<document><![CDATA[#Swing Thing (Radio Edit)
11 Acorn Lane • Swing Thing http://t.co/qjLiMeLikT		]]></document>
	<document><![CDATA[#Swinging in the Rain
Nicolas Repac  http://t.co/shvHQLsQkN		]]></document>
	<document><![CDATA[@username 
Bon
Avem vint
E adess?

????		]]></document>
	<document><![CDATA[Jamiroquai - Where Do We Go From Here http://t.co/yjVRvoGVru		]]></document>
	<document><![CDATA[Joe Cocker - She Came In Through The Bathroom Window http://t.co/LfIq9gW0a5		]]></document>
	<document><![CDATA[Procol Harum - A Salty Dog http://t.co/rfZ1jsEy53		]]></document>
	<document><![CDATA[Jefferson Airplane -White Rabbit- http://t.co/uDwomlrvJ6		]]></document>
	<document><![CDATA[#Shhh / Peaceful - In A Silent Way http://t.co/llm3syAgE6		]]></document>
	<document><![CDATA[Still eating? Me 2 #instagnam #winelovers #Instagram #merrychristmas #pornfood http://t.co/gl6zQnRqKz		]]></document>
	<document><![CDATA[Apple Pay is coming to Town

#apple
#SantaClaus		]]></document>
	<document><![CDATA[#Tie Your Mother Down
Queen  http://t.co/PCorLU0F2A		]]></document>
	<document><![CDATA[#Sunshine Of Your Love
Cream  http://t.co/FfOLrCTAIt		]]></document>
	<document><![CDATA[#Pinball Wizard -
The Who http://t.co/tqW5rXtGZH		]]></document>
	<document><![CDATA[#Rock And Roll All Nite
KISS • IKONS http://t.co/zYdEcFFZTL		]]></document>
	<document><![CDATA[#Bohemian Rhapsody - 
Queen  http://t.co/hUNoSiVR97		]]></document>
	<document><![CDATA[#O Come All Ye Faithful
Bad Religion  http://t.co/dNlGlYN13r		]]></document>
	<document><![CDATA[Too Much Information Police 

http://t.co/RsJYOk27vy

#giornalismo		]]></document>
	<document><![CDATA[“@username: Driven by data and dreams: Automakers at #CES2015 http://t.co/NjFDiVhJ0L http://t.co/p5qzTpbtMX”

Marchionne,  mi leggi ? #fca		]]></document>
	<document><![CDATA[Stevie Wonder   You Are The Sunshine Of My Life http://t.co/O2tsNaL4xF		]]></document>
	<document><![CDATA[Monday #Treviso #Sile #break #walking http://t.co/grKZ9fcIS6		]]></document>
	<document><![CDATA[Chest #sile #treviso #Instagram http://t.co/6lesZRLHaY		]]></document>
	<document><![CDATA[Breath #Instagram #coste #asolo http://t.co/W1J828OWyY		]]></document>
	<document><![CDATA[@username martin. aston martin		]]></document>
	<document><![CDATA[@username 
Ma anche creativity, precisility e Curiosity 

????		]]></document>
	<document><![CDATA[@username VISIT ITALY!		]]></document>
	<document><![CDATA[“@username: 10 Selfies Taken Moments Before Death  http://t.co/FcMJsx7bu4 http://t.co/Nph5UzWmJg”

Ecco		]]></document>
	<document><![CDATA[Cr-Lf		]]></document>
	<document><![CDATA[@username 

"hai i gransi in scarsea"

is the quote of day		]]></document>
	<document><![CDATA[“@username: Girl with Leica (1934)
#Rodchenko http://t.co/lIOXDKVPjt”

@username Tiè		]]></document>
	<document><![CDATA[@username the power of potatoes		]]></document>
</author>