<?xml version="1.0" encoding="UTF-8" standalone="no"?><author id="user458">
	<document><![CDATA[uh, what? http://yfrog.com/h2j3sxzj		]]></document>
	<document><![CDATA[I earned $0.28 with AdMob in two days :D		]]></document>
	<document><![CDATA[Finally! XML formatting http://goo.gl/5bm8j XML editing http://goo.gl/qLshN /via @username  @username		]]></document>
	<document><![CDATA[What is a Bait & Switch? http://t.co/2z5JaIO		]]></document>
	<document><![CDATA[@username what are the delivery charges for Switzerland? Thx		]]></document>
	<document><![CDATA[Some puzzles in Refraction are pretty tricky http://t.co/X2dL4wt /cc @username		]]></document>
	<document><![CDATA[WOW, what the ...? "Who Does Facebook Think You Are Searching For? | thekeesh.com http://t.co/QV2gW2g via @username		]]></document>
	<document><![CDATA[That new fb layout does some strange things.		]]></document>
	<document><![CDATA[Hello there, Windows 8 :D #bldwin http://t.co/RNIGMed		]]></document>
	<document><![CDATA[How I Met Your Mother marathon, seasons 1 to 5, is in progress. This is my Sunday. Do not disturb ^^		]]></document>
	<document><![CDATA[Facebook's Ticker is like the Picture-in-Picture feature of my TV with the
same show in both boxes.		]]></document>
	<document><![CDATA[System update for Iconia A500. It's 350mb. Might be Android 3.2 :) /cc @username @username		]]></document>
	<document><![CDATA[Es ist Android 3.2! http://t.co/5VDJ5lgl /cc @username musste das stock recovery image wieder installieren		]]></document>
	<document><![CDATA[Installing Graphics Driver Version 280.26 #CG		]]></document>
	<document><![CDATA["That was cool, do it again" http://t.co/G8rA2fPQ - su binary updater :D		]]></document>
	<document><![CDATA[@username but you didn't bought that 4500.- pc you tweeted a week ago to render some tori, did you?!		]]></document>
	<document><![CDATA[My netbook 'supports' OpenGL 1.4 (anno 2002) :D Should look for something newer..		]]></document>
	<document><![CDATA['Reaper: Season 3' - that would be devilish good!		]]></document>
	<document><![CDATA[Translation #fail http://t.co/HhmK5avv		]]></document>
	<document><![CDATA[I hate it when a 'float' suddenly gets an 'int'		]]></document>
	<document><![CDATA[@username it seemed like it happened all of a sudden b/c I've overlooked an int		]]></document>
	<document><![CDATA[I am a bit tired #4am		]]></document>
	<document><![CDATA[FINALLY!! ICS has Cisco VPN support http://t.co/BjlsXHkk /cc @username :D		]]></document>
	<document><![CDATA[@username I did. But switched to a Nexus S two month ago.		]]></document>
	<document><![CDATA[Nexus S flashed to Ice Cream Sandwich http://t.co/N7MRPB9F		]]></document>
	<document><![CDATA[New Calendar is awesome. Browser is much improved. Movie Studio and other ICS apps seem to work nicely.		]]></document>
	<document><![CDATA[Let's just say there was a heavy earthquake.. http://t.co/AE38kcYy		]]></document>
	<document><![CDATA[Hey JRE, wanna stop crashing for like an hour so I can finish my homework?		]]></document>
	<document><![CDATA[Plume added Tweetmarker support. It's handy to have your reading position saved across multiple devices.		]]></document>
	<document><![CDATA[There's a problem with the android market's 0.10 CHF sale. These apps are so great that I've already bought most of them at full price.		]]></document>
	<document><![CDATA[Don't be as stupid as me and apply the I9020T update on the I9023 Nexus S.		]]></document>
	<document><![CDATA[Otherwise you gonna spend the whole night flashing recovery, old bachups, radio and bootloader		]]></document>
	<document><![CDATA[Turns out the nexus ics update works just fine with Build GRK39F and(!) XXKF1 Radio.		]]></document>
	<document><![CDATA[On a related note: I'm now super fast at unbricking my nexus bootloader with ubuntu and virtual windows :D		]]></document>
	<document><![CDATA[Two updates for my Iconia this morning. First Android 3.2.1, second gotta be some sort of prep for ICS. #iLike		]]></document>
	<document><![CDATA[XSS with 24 characters :D http://t.co/Cb2MKaHF		]]></document>
	<document><![CDATA[Pro Galaxy: "12MP cam, 1.8ghz dualcore, 2gb ram, iPhone hat jeder" -> woher wissen die das?		]]></document>
	<document><![CDATA[Pro iPhone: "kein Flash, Android ist scheisse, <4'' screen" -> lol srsly?		]]></document>
	<document><![CDATA[Adblock rule of the Day: meta.wikimedia. org/w/*banner=blackout*		]]></document>
	<document><![CDATA[Skip the space ;) (Stupid auto-link-shortening)		]]></document>
	<document><![CDATA[No more Grooveshark for users without subscription?! #1dollar		]]></document>
	<document><![CDATA[@username High speed photography lets you take a picture of a very fast phenomena #bella		]]></document>
	<document><![CDATA[Let's play Words With Friends. My username is 'mirco89'. http://t.co/IXa6ubno #GamesWithFriends		]]></document>
	<document><![CDATA[Just Penny: http://t.co/bDgzX6C6 You mean, she doesn't play-act?		]]></document>
	<document><![CDATA[Forgot my wallet at home. What about an identification app on a smartphone? Like now!		]]></document>
	<document><![CDATA[Take a look at "AnyConnect ICS" - https://t.co/9EEurEOQ		]]></document>
	<document><![CDATA[Windows 8 with 8-bit fish http://t.co/JfcnO9dO		]]></document>
	<document><![CDATA[@username if ( dozent.blabla() ) { students.fling(new angrybird()); }		]]></document>
	<document><![CDATA[Byebye http://t.co/LEpSCTLV and hello there http://t.co/EvGBpqSP		]]></document>
	<document><![CDATA[Well, hello there Android 4.0.4 http://t.co/hpyotVuy nice to have a google phone :)		]]></document>
	<document><![CDATA[I didn't really need the doubleTwist Alarm Clock, but it looks AMAZING http://t.co/U4xnW4Zf #musicclock		]]></document>
	<document><![CDATA[Android hipster (oder doch mainstream?!) test http://t.co/LFg0ZX8M		]]></document>
	<document><![CDATA[Dilbert Daily Strip: 2012-04-17: http://t.co/uo9kux4C		]]></document>
	<document><![CDATA[Best app for zero productivity - http://t.co/IzYkPg9n		]]></document>
	<document><![CDATA[@username it's not 9; it's g the gravitational force		]]></document>
	<document><![CDATA[@username haha ok, it still showed up in my timeline		]]></document>
	<document><![CDATA[Just completed a 38.02 km skate with @username. Check it out! http://t.co/SH1Gj2J9 #RunKeeper		]]></document>
	<document><![CDATA[You shall not pass! #drawsome http://t.co/WvtXdE3a		]]></document>
	<document><![CDATA[This is going to be a tricky morning http://t.co/hmVtkalI cc @username		]]></document>
	<document><![CDATA[Here's a sneak peek at my upcoming #Android app. I don't think there is anything similar in the store. http://t.co/u4BNb6xS		]]></document>
	<document><![CDATA[@username don't know yet		]]></document>
	<document><![CDATA[@username wouldn't that destroy the thrill of anticipation? :D It's a "Big" Transcript for a tv series..		]]></document>
	<document><![CDATA[All new Android App: Big Bang Transcript - https://t.co/5N4YLj0o Read TBBT script directly on your smartphone		]]></document>
	<document><![CDATA[I'm stuck on Chapter 8 in #dropquest for over 30min now and I still have no frigging idea!		]]></document>
	<document><![CDATA[Some fractions of MITURILMUUGALSUGSUUNLVUFUNCCMIT has a silly costume that assembles my solution. #dropquest		]]></document>
	<document><![CDATA["@username: Break the string of letters into acronyms for colleges/universities. The password deals with mascot names" <- thx!! #dropquest 8		]]></document>
	<document><![CDATA[Sheldon: I’ll do it, provided I can perform the ceremony in Klingon. - via https://t.co/5N4YLj0o		]]></document>
	<document><![CDATA[I thought those errors are just jokes -.- http://t.co/JnfNzepo		]]></document>
	<document><![CDATA[@username so, you tweet the same thing everyday? ;P		]]></document>
	<document><![CDATA[Is the wrong robot the new fail whale? http://t.co/KAquX3vW		]]></document>
	<document><![CDATA[I wanna give google my money, but they just don't take it. https://t.co/019mL9Yn /cc @username		]]></document>
	<document><![CDATA[Everything the 'Genius' does in the new Apple ads, they don't do in stores, they don't teach. Very confusing		]]></document>
	<document><![CDATA[That's the job of a 'Creative' http://t.co/K9jUOO7G		]]></document>
	<document><![CDATA[Windows 8 will be released on DreamSpark aka MSDNAA tomorrow. Release Preview runs flawless even on my NETbook!		]]></document>
	<document><![CDATA[@username Isn't the Seminar Computer Vision in the Spring Semester? http://t.co/Uhes6b72		]]></document>
	<document><![CDATA[@username well, ksl shedules all seminars for the spring semester but the cgg website wants to start the graphics seminar in a month..?		]]></document>
	<document><![CDATA[Whenever you're ready, DreamSpark!		]]></document>
	<document><![CDATA[I don't like carriers to test and customize every system updates for android. One month delayed with no advantage over unbranded phones.		]]></document>
	<document><![CDATA[http://t.co/i787P3iV haha, that's a good one! :) #update		]]></document>
	<document><![CDATA[The Big Bang Theory Season 6 Promo #1 (HD): http://t.co/EB5UglBJ		]]></document>
	<document><![CDATA[How I Met Your Mother Season 8 Promo #1 (HD): http://t.co/EmJGIJuW		]]></document>
	<document><![CDATA[OMG?! Facebook makes some random PERSONAL messages PUBLIC visible in your chronicle! (mainly 2009 and earlier). No joke, unfortunately.		]]></document>
	<document><![CDATA[This conversation certainly does not belong to my public timeline! http://t.co/vHyNNeIO		]]></document>
	<document><![CDATA[There's an update for the Big Bang Transcript with support for Season 6 - https://t.co/5N4UdIRe - as soon as it is activated by Google ;)		]]></document>
	<document><![CDATA[Dropbox is giving away 3 GB to ALL university students! Even if you already have an account! http://t.co/W9YYffM8 #dropboxspacerace		]]></document>
	<document><![CDATA[Guess it's mainly moneymaking, but that's cool. “@username Star Wars episode seven will come out in 2015”		]]></document>
	<document><![CDATA[Hey #iTunes11, I want my Coverflow back!		]]></document>
	<document><![CDATA[I don't like the new feature of having no coverflow :D		]]></document>
	<document><![CDATA[A Sports Tracking Android App for the Masters Course "Mobile Communications" @username http://t.co/kMIA8uOv		]]></document>
	<document><![CDATA[@username na gut, hast schon recht :)		]]></document>
	<document><![CDATA[LEO = Low Earth Orbit
MEO = Medium Earth Orbit
HEO = ...wrong! -> Highly Elliptical Orbit #naming		]]></document>
	<document><![CDATA[That's almost the correct logo, iPad http://t.co/VrqkfzDe		]]></document>
	<document><![CDATA[@username vielleicht willst du mal meine Version testen. ftp://ftp.hp.com/pub/softpaq/sp59001-59500/sp59085.exe		]]></document>
	<document><![CDATA[The latest of my App - http://t.co/0w7bhMxm - has been used 1337 times within the last 5 days #leet http://t.co/cKNI04Cs		]]></document>
	<document><![CDATA[Seriously, I can't find the pc named 404 at the office.		]]></document>
	<document><![CDATA[Apparently animals are allowed in "clubs" like coupole...poor dog :(		]]></document>
	<document><![CDATA[Neues MS Office *(^o^)/*		]]></document>
	<document><![CDATA[I just backed EMBRACE+, smart notification bracelet for iPhone and Android on @username http://t.co/ZnbaCioodL		]]></document>
	<document><![CDATA["Here is an example with real numbers" *yay* "Take an arbitrary matrix of size (mxn) and..." -.- #CO		]]></document>
	<document><![CDATA[eMail and SMS: "You requested a new Facebook password"
 Uh, no, I didn't! o.O		]]></document>
</author>