<?xml version="1.0" encoding="UTF-8" standalone="no"?><author id="user223">
	<document><![CDATA[A History of #Versace in Hip-Hop http://t.co/GjdeoEE01s via @username		]]></document>
	<document><![CDATA[The plasti Weekly is out! http://t.co/leQioc8gZL ? Top stories today via @username @username @username		]]></document>
	<document><![CDATA[#summerjamboree (@username Summer Jamboree #14 w/ @usernamefraintesa) http://t.co/91K5jFdq2D		]]></document>
	<document><![CDATA[I'm at Camping Rocca Mare http://t.co/JjeDFOfeW1		]]></document>
	<document><![CDATA[I'm at Mascalzone (Senigallia, AN) w/ 3 others http://t.co/dgQ12tNFed		]]></document>
	<document><![CDATA[Summer of '69 #quote #summer #sun #69 #sea #umbrella #mascalzone #senigallia #cloud #beach #fun… http://t.co/zvLjMzE2d8		]]></document>
	<document><![CDATA[I'm at Senigallia (Senigallia, AN) w/ 4 others http://t.co/ZoiStkdrfJ		]]></document>
	<document><![CDATA[I'm at Summer Jamboree #14 (Senigallia, AN) w/ 14 others http://t.co/I3QVnPYC9I		]]></document>
	<document><![CDATA[Making of ... #hair #style #vintage #banana #elvis #summer #summerjamboree #rock #rockandroll… http://t.co/Gmo3U7xDYM		]]></document>
	<document><![CDATA[The plasti Weekly is out! http://t.co/leQioc8gZL ? Top stories today via @username @username @username		]]></document>
	<document><![CDATA[I'm at Camping Rocca Mare http://t.co/25Sjk17Y4O		]]></document>
	<document><![CDATA[My soundtrack: ? "Una giornata al mare" by Paolo Conte http://t.co/1JJpwjyoYq		]]></document>
	<document><![CDATA[The dragon castle - celtic, magic festival (@username Castello di Gradara w/ 2 others) [pic]: http://t.co/Ccgwig7r5F		]]></document>
	<document><![CDATA[The dragon castel #gradara http://t.co/1hrlksNt3K		]]></document>
	<document><![CDATA[My soundtrack: ? "Anyone Else But You" by The Moldy Peaches http://t.co/NAQqrh1TZA		]]></document>
	<document><![CDATA[My soundtrack: ? "Blood for Poppies" by Garbage http://t.co/jGdnMoQXj9		]]></document>
	<document><![CDATA[Blood for poppies #garbage http://t.co/EfKrvdfbbW		]]></document>
	<document><![CDATA[The plasti Weekly is out! http://t.co/leQioc8gZL ? Top stories today via @username @username @username		]]></document>
	<document><![CDATA[My soundtrack: ? "If I Ever Feel Better" by @username http://t.co/6Sz3dIuqRu		]]></document>
	<document><![CDATA[Say cheese! #smile #me #happy #summer #sun http://t.co/O5x8pbeJco		]]></document>
	<document><![CDATA[The plasti Weekly is out! http://t.co/NjoaXL5tK4 ? Top stories today via @username		]]></document>
	<document><![CDATA[Working on a #stopmotion video - #storyboard #icecream #dinner #movie http://t.co/D2w55g2nhm		]]></document>
	<document><![CDATA[The plasti Weekly is out! http://t.co/NjoaXL5tK4 ? Top stories today via @username @username @username		]]></document>
	<document><![CDATA[my #personality: docile, extrovert secure agreeable conscientious open to experience discover yours -> http://t.co/SVU6MmhdZa #personalitwit		]]></document>
	<document><![CDATA[My soundtrack: ? "All Your Gold" by @username http://t.co/r4VqRCabxR		]]></document>
	<document><![CDATA[All your gold @username http://t.co/mYtTfZs79T		]]></document>
	<document><![CDATA[The plasti Weekly is out! http://t.co/NjoaXL5tK4 ? Top stories today via @username @username @username		]]></document>
	<document><![CDATA[#cocacola laight #spanglish #spain #malaga #costadelsol #españa #font #language http://t.co/jvHDo7411w		]]></document>
	<document><![CDATA[#paura #costadelsol (@username Tivoli World) [pic]: http://t.co/p4SUH2J9kU		]]></document>
	<document><![CDATA["Really!" "Oh, you!" #endlesssummer #summer  #vacation #costadelsol #family #sister #love #friend http://t.co/gAlCHkzn1A		]]></document>
	<document><![CDATA[#cyclotown #milano app @username #foldablehelmet (@username Iride Fixed Modena) [pic]: http://t.co/nKSH8tNjXP		]]></document>
	<document><![CDATA[I'm at Tosco Natural Food http://t.co/4gG75kyi4n		]]></document>
	<document><![CDATA[@username anche a te! ;)		]]></document>
	<document><![CDATA[The plasti Weekly is out! http://t.co/NjoaXL5tK4 ? Top stories today via @username @username @username		]]></document>
	<document><![CDATA[My soundtrack: ? "Piove" by Jovanotti http://t.co/ezMb3ejmM3		]]></document>
	<document><![CDATA[The best of you @username http://t.co/YCKwmjLRBQ		]]></document>
	<document><![CDATA[Discover the #cyclotown #milano @username - the ultimate app for #urban #cyclist - #foldablehelmet http://t.co/s1oqMtOG9F		]]></document>
	<document><![CDATA[My soundtrack: ? "7 Seconds (feat. Neneh Cherry)" by Youssou N'Dour http://t.co/bEDxbmRn7b		]]></document>
	<document><![CDATA[7 seconds http://t.co/pEfpjFuku9		]]></document>
	<document><![CDATA[I'm at Ciclofficina http://t.co/5VDy20fEPf		]]></document>
	<document><![CDATA[vivi #Milano in bici con http://t.co/oa5VU5x1ck powered by @username #cyclotown #foldablehelmet #salvaiciclisti		]]></document>
	<document><![CDATA[#CycloTown http://t.co/oa5VU5x1ck The ultimate App for Urban Cyclists • Powered by @username #milano		]]></document>
	<document><![CDATA[My soundtrack: ? "Is This How You Feel?" by The Preatures http://t.co/f4kA0ZOhp9		]]></document>
	<document><![CDATA[Is this how you feel? #stereoplasti #music http://t.co/cez6zQXNSL		]]></document>
	<document><![CDATA[The Innovation of Loneliness: http://t.co/A2v1dGMS7B via @username		]]></document>
	<document><![CDATA[The Innovation of Loneliness http://t.co/K8EghVjoCt		]]></document>
	<document><![CDATA[My soundtrack: ? "Limitedless" by @username http://t.co/OvjxIL0UI7		]]></document>
	<document><![CDATA[The plasti Weekly is out! http://t.co/NjoaXL5tK4 ? Top stories today via @username @username @username		]]></document>
	<document><![CDATA[My soundtrack: ? "Lady (Hear Me Tonight)" by Modjo http://t.co/RjPwA5b49J		]]></document>
	<document><![CDATA[Lady hear me tonight #modjo #vintage #house #music #stereoplasti #radio #soundtracking #soundtrack… http://t.co/uAAb6f9qId		]]></document>
	<document><![CDATA[The plasti Weekly is out! http://t.co/NjoaXL5tK4 ? Top stories today via @username @username @username		]]></document>
	<document><![CDATA[Beautiful pots made with inner tubes of bikes #amazing #design #bike #plant #leaf #black #green #gogreen http://t.co/B4qbFpPPuW		]]></document>
	<document><![CDATA[My soundtrack: ? "Need to Feel Loved" by UnClubbed http://t.co/toC8fT70Os		]]></document>
	<document><![CDATA[Need to feel loved #unclubbed #stereoplasti #radio #music #stereo #nowplaying #soundtracking #ost… http://t.co/gtgMo9JkQZ		]]></document>
	<document><![CDATA[The plasti Weekly is out! http://t.co/NjoaXL5tK4 ? Top stories today via @username @username @username		]]></document>
	<document><![CDATA[I'm at Impossible Partner Store Maranello (Fiorano, Italia) w/ 3 others http://t.co/gSXFskK0QM		]]></document>
	<document><![CDATA[#guesswho #sunset #photo #photographer #sun #cloud #sky http://t.co/ynAoDcN7JF		]]></document>
	<document><![CDATA[The plasti Weekly is out! http://t.co/NjoaXL5tK4 ? Top stories today via @username @username @username		]]></document>
	<document><![CDATA[factoryfood al workshop di #food #photography #streetfood #street #lifestyle #chef #blogger #photo… http://t.co/v3iATRJD4H		]]></document>
	<document><![CDATA[Rapporto Rotterdam by #FreekVanArkel a #bologna #fotoindustria #rotterdam #photo #photography… http://t.co/Sq5HdnrbpM		]]></document>
	<document><![CDATA[The plasti Weekly is out! http://t.co/NjoaXL5tK4 ? Top stories today via @username @username @username		]]></document>
	<document><![CDATA[I'm at Caffe Del Conte http://t.co/0jXhfa1Z6c		]]></document>
	<document><![CDATA[Today is The Day! ? @username @username @username @username riunite tutte insieme per pranzo! #mefelice :)		]]></document>
	<document><![CDATA[@username @username @username @username io ho smesso totally!		]]></document>
	<document><![CDATA[The plasti Weekly is out! http://t.co/NjoaXL5tK4 Stories via @username @username @username		]]></document>
	<document><![CDATA[I'm at Vibra Club for Johnny Paguro, Dj Cecc, Alexapx and Fakeskinny (Modena, Italy) w/ 3 others http://t.co/84oJE9eBrs		]]></document>
	<document><![CDATA[Thanks @username #luigiottani foe this picture! Magazzini San Pietro - Formigine/Modena http://t.co/OWaHtfxnOp		]]></document>
	<document><![CDATA[Super #jelloween #halloween #party yesterday night by @username & Friends ? #birthday http://t.co/hwlbW6KquQ		]]></document>
	<document><![CDATA[#LouReed - Walk On The Wild Side http://t.co/WsS8s0B0Q4		]]></document>
	<document><![CDATA[The plasti Weekly is out! http://t.co/NjoaXL5tK4 Stories via @username @username @username		]]></document>
	<document><![CDATA[On the road to #bosnia #erzegovina #travel http://t.co/T74GFMSOJ5		]]></document>
	<document><![CDATA[Early morning #ontheroad #travel #bosnia #erzegovina http://t.co/n1f1gzLMOV		]]></document>
	<document><![CDATA[#Mostar from the bridge #travel #bosnia #erzegovina http://t.co/sT92iFpBg7		]]></document>
	<document><![CDATA[On the road, back to home! #croatia #sea #travel http://t.co/n500AnZPqS		]]></document>
	<document><![CDATA[The plasti Weekly is out! http://t.co/NjoaXL5tK4 Stories via @username @username @username		]]></document>
	<document><![CDATA[I'm at Ciclofficina http://t.co/nQkC9Ak2EZ		]]></document>
	<document><![CDATA[Barefoot #CasaCorsini - photo francescoboni http://t.co/Uq0JA6bAox		]]></document>
	<document><![CDATA[From #bosnia with love! #wine #red #blatina #dinner http://t.co/PtUAxyUCqy		]]></document>
	<document><![CDATA[The plasti Weekly is out! http://t.co/NjoaXL5tK4 Stories via @username @username @username		]]></document>
	<document><![CDATA[I'm at Piazza Grande (Modena, MO) w/ 5 others http://t.co/vffzVL1ReF		]]></document>
	<document><![CDATA[I'm at KEBAB House (Modena, Emilia-Romagna) http://t.co/y8rppnJoyh		]]></document>
	<document><![CDATA[#2years in @username #happybirthday (@username Webgriffe) [pic]: http://t.co/GkarNG2xUv		]]></document>
	<document><![CDATA[I love #basketball and autumn leaves! ? http://t.co/UQIxp4sATg		]]></document>
	<document><![CDATA[I'm at Arsenale Bookshop http://t.co/ZQwJVYOwJT		]]></document>
	<document><![CDATA[The plasti Weekly is out! http://t.co/NjoaXL5tK4 Stories via @username @username		]]></document>
	<document><![CDATA[I'm at La Tenda (Modena, Emilia Romagna) w/ 8 others http://t.co/LOo2N5xIwO		]]></document>
	<document><![CDATA[Love them!!! @username @username @username #ggdmodena2 #puroitalianstyle http://t.co/okElUGpeuk		]]></document>
	<document><![CDATA[The plasti Weekly is out! http://t.co/NjoaXL5tK4 Stories via @username @username @username		]]></document>
	<document><![CDATA[[latitante in tour]
1 • @username Lucca
2 • #loudpersonality Milano
3 • ciaspolata by night in the mountains w/ friends.. #plastitour		]]></document>
	<document><![CDATA[per Natale #wishlist #grazie – Print with Light" http://t.co/MbBsLZMzXH #lumi #lumityper #inkodye #printing #sunlight #photography via @username		]]></document>
	<document><![CDATA[Today shooting in by bedroom... :) http://t.co/sJnfVVeK8E		]]></document>
	<document><![CDATA[Music is my radar #radioantenna1 - Transmission • heart and soul of #JoyDivision (@username Casa Corsini) http://t.co/nklsjVxbmy		]]></document>
	<document><![CDATA[The plasti Weekly is out! http://t.co/NjoaXL5tK4 Stories via @username @username @username		]]></document>
	<document><![CDATA[The Towers / Lucca Hubris #petergreenaway - #photoluxfestival @username (@username Chiesa San Francesco) http://t.co/mTVHnJXGHR		]]></document>
	<document><![CDATA[A beautiful garden in #Lucca #italy #travel #wanders #weekend #nofilter http://t.co/CfK2SBBkKG		]]></document>
	<document><![CDATA[My soundtrack: ? "Sexx Laws" by @username (@username Pistoia PT, Italia) http://t.co/CecxFzKLfv		]]></document>
	<document><![CDATA[Sexx Laws #Beck #music #stereoplasti #sex #sound #soundtrack #soudtracking #track #tracklist #radio… http://t.co/H8nMFpICmL		]]></document>
	<document><![CDATA[I'm at Stazione Milano Centrale - @username (Milano, MI) w/ 17 others http://t.co/pWjv1dlxjv		]]></document>
	<document><![CDATA[#loudpersobality #radiocubo #brionvega (@username Tortona 37 w/ 2 others) [pic]: http://t.co/rUz8KboLYl		]]></document>
	<document><![CDATA[#loudpersobality #radiocubo #brionvega (@username Tortona 37 w/ 2 others) [pic]: http://t.co/0JBTxSSKY4		]]></document>
</author>