<?xml version="1.0" encoding="UTF-8" standalone="no"?><author id="user823">
	<document><![CDATA[Training 2 complete		]]></document>
	<document><![CDATA[Good memories  http://t.co/5hAwL2vp		]]></document>
	<document><![CDATA[Tim in a #park http://t.co/u7zgY36q		]]></document>
	<document><![CDATA[Lkkr fout ohohcherso		]]></document>
	<document><![CDATA[Dropbox is giving away free space to all university students! Check it out: http://t.co/R61EPgDL #dropboxspacerace		]]></document>
	<document><![CDATA[Just posted a photo http://t.co/Kg6ZXdJf		]]></document>
	<document><![CDATA[Two rooms bobsonwhite http://t.co/7UTkvFEB		]]></document>
	<document><![CDATA[#photos on the #wall #lomo #nyc #lomography http://t.co/K84Isnfl		]]></document>
	<document><![CDATA[#research #personality and and caregiver burden #psychology #school #fontys #literatuur http://t.co/pjT0wNfy		]]></document>
	<document><![CDATA[I've just updated my professional profile on LinkedIn. Connect with me and view my profile. http://t.co/7VmXZKr0 #in		]]></document>
	<document><![CDATA[#johnwilliams vs bobsonwhite #newspaper #spits #rotop http://t.co/9nf4Sn5d		]]></document>
	<document><![CDATA[bobsonwhite en Claire met ons muismatten #kunstwerk http://t.co/v9DJaQJ4		]]></document>
	<document><![CDATA[Zieke trailertrash borrel #fontys! #topsy		]]></document>
	<document><![CDATA[Packed my #suitcase for #icap2012 The international Conference of Applied Psychology http://t.co/7mS7YGv3		]]></document>
	<document><![CDATA[I am looking for a research project, related to human behavior.
---------------------------------------------------------------------------…		]]></document>
	<document><![CDATA[I #hate them, #bread #nemisis http://t.co/FPAWkzb4		]]></document>
	<document><![CDATA[New clothes #wemoto #thehundreds #tshirt http://t.co/PbYeQRDy		]]></document>
	<document><![CDATA[#omw to #amsterdam #blazers #nike #nikesb #eindhoven #purmerend http://t.co/XP23cRYM		]]></document>
	<document><![CDATA[I'm on a whale! andreasstillman http://t.co/BxAXeTby		]]></document>
	<document><![CDATA[#kaki #tomoffinland #horrible but #funny #gay slechmiinh thank you for showing... http://t.co/OLVtoXCw		]]></document>
	<document><![CDATA[#poseidon in #Gothenburg holding a #fish looks like holding a #dick http://t.co/7sxSZwJx		]]></document>
	<document><![CDATA[#ah #mini's http://t.co/qKr3QU6oon		]]></document>
	<document><![CDATA[I'm on a horse. http://t.co/2U3vpgTe6g		]]></document>
	<document><![CDATA[To much #spss i would like some #phi !! http://t.co/PFWaxDnYh1		]]></document>
	<document><![CDATA[http://yfrog.com/h376soxj new shoes		]]></document>
	<document><![CDATA[#girl with a #moustache #snor #book #drdavidelia #deltas #encyclopedie http://t.co/sUkFdYSiUL		]]></document>
	<document><![CDATA[#cocacolavanilla #cocacola #vanilla #fresh #black and #purple and #white http://t.co/x86r3AJyY1		]]></document>
	<document><![CDATA[Eerste filmpje #yolo #goodlife bobsonwhite http://t.co/MlTVdHQUbF		]]></document>
	<document><![CDATA[Lets do this #Xcode http://t.co/ywa5BQEuBX		]]></document>
	<document><![CDATA[Meeeeer shirts #freshcotton #thehundreds http://t.co/95FHwXTmhw		]]></document>
	<document><![CDATA[So fly on a white placemat.. http://t.co/syFYYWSLDY		]]></document>
	<document><![CDATA[@username can't upload profile pic even though it's 417kb. what to do?		]]></document>
	<document><![CDATA[It's #codecademy time! #Python here I come		]]></document>
	<document><![CDATA[When #shit hit their fan @username http://t.co/pnt3ziHvGS		]]></document>
	<document><![CDATA[@username i really, really reeeaally want an awesome oatmeal iphone background picture, can you help me :D ?!		]]></document>
	<document><![CDATA[I just became the mayor of Huisje nr. 11 on @username! http://4sq.com/9Iz7O3		]]></document>
	<document><![CDATA[I'm at Fontys Eindhoven (Rachelsmolen 4, Eindhoven) w/ 2 others. http://4sq.com/7NSCr1		]]></document>
	<document><![CDATA[I just unlocked the "Local" badge on @username! http://4sq.com/dtmJkE		]]></document>
	<document><![CDATA[I just unlocked the "Adventurer" badge on @username! http://4sq.com/9BkKiB		]]></document>
	<document><![CDATA[I'm at Fontys Eindhoven R1. http://4sq.com/9vz5m0		]]></document>
	<document><![CDATA[I just became the mayor of Fontys Eindhoven R1 on @username! http://4sq.com/9vz5m0		]]></document>
	<document><![CDATA[I'm at Fontys Eindhoven R1. http://4sq.com/9vz5m0		]]></document>
</author>