<?xml version="1.0" encoding="UTF-8" standalone="no"?><author id="user646">
	<document><![CDATA[@username Si no, me tocará buscarlo y volver a flashear.		]]></document>
	<document><![CDATA[Billboard coplera.		]]></document>
	<document><![CDATA[@username you should see this xDDDD http://t.co/Ljyhnh36zb		]]></document>
	<document><![CDATA[@username @username Right!! Hence it's funny hahaha xD		]]></document>
	<document><![CDATA[@username Mucho.		]]></document>
	<document><![CDATA[En fin.		]]></document>
	<document><![CDATA[@username @username @username At least, in spanish we use "gay" for men and "lesbian" for women.		]]></document>
	<document><![CDATA[@username @username @username I mean, "gay" sounds weird when a woman says she's gay. I know "gay" is used for both genders.		]]></document>
	<document><![CDATA[@username @username @username @username ok, that's right... but I got used to use gay for male, so it sounds weird to me.		]]></document>
	<document><![CDATA[@username @username @username @username And I'm spaniard.		]]></document>
	<document><![CDATA[@username @username @username @username weird when gay is used for women*		]]></document>
	<document><![CDATA[#NowPlaying White Washed — August Burns Red http://t.co/7anPFEzKij		]]></document>
	<document><![CDATA[#NowPlaying Dancing With The Devil (ft. Patrick Stump & Travis Barker) — Krewella.		]]></document>
	<document><![CDATA[@username Being as hot as you.		]]></document>
	<document><![CDATA[Haven't used the translator.		]]></document>
	<document><![CDATA[¿Te imaginas Twitter for Android con Material Design? Debería ser la hostia, ¿no?		]]></document>
	<document><![CDATA[@username Good night! (¡Buenas noches! in spanish ^^)		]]></document>
	<document><![CDATA[A VER SEÑORA, POR QUÉ ME HACES UNFOLLOW AL RATO DE SEGUIRME.		]]></document>
	<document><![CDATA[My Top 3 #lastfm Artists: Enter Shikari (16), In Flames (15) & Red (10) http://t.co/HrVCkdXtDH		]]></document>
	<document><![CDATA[KitKat de chocolate blanco >>>>>>>>>>>>>>>>>>>>>>>>>>>>>>>>>>>>>>>>>>>>>>>>>>>>>>>>>>>>>>>>>>>>>>>>>>>> […] >>>>>>>>>>>>>>>>>>>>>>>>>>>>>>>>		]]></document>
	<document><![CDATA[móvil y/o smartwatch* @username		]]></document>
	<document><![CDATA[And the shadow of the day will embrace the world in grey, and the sun will set for you...		]]></document>
	<document><![CDATA[I wanna be a FUCKING screamer!!!!!		]]></document>
	<document><![CDATA[@username hybrid theory: one step closer
meteora: faint
mtm: given up
ats: blackout
living things: castle of glass
thp: a line in the sand		]]></document>
	<document><![CDATA[RT if you love these bands

TA
TAAA
AA
TO
TOGGGG
COPON
BENDITO
OYOY
OYYYYYYY
UH
UUU		]]></document>
	<document><![CDATA[@username ME ACABO DE PASAR CLUTTERFUNK :'D http://t.co/6ryLpWa023		]]></document>
	<document><![CDATA[Intereses: YouTube, root, cyanogenmod...		]]></document>
	<document><![CDATA[@username Oh my god, Chester's gonna kill us <33333		]]></document>
	<document><![CDATA[@username TE ALABAMOS SEÑOR. Y CON TU ESPÍRITU.		]]></document>
	<document><![CDATA[@username JAJAJAJAJAJAJAJAJA También me he pasado Theory of Everything y estoy a nada de pasarme Electroman Adventures.		]]></document>
	<document><![CDATA[It is said ESPAÑA MOLA MUCHÍSIMO Y VOLVEREMOS EN 2015. RT @username: How do I say, "Paris, you're the best ever," in French?		]]></document>
	<document><![CDATA[ME ENCANTA LA CHARLA CALIENTE TU QUIERES ???? @username		]]></document>
	<document><![CDATA[La vida me hace bullying.		]]></document>
	<document><![CDATA[? Public Service Announcement – Of Mice & Men http://t.co/ESnJlv7wYD #NowPlaying		]]></document>
	<document><![CDATA[@username "@username: WHAT THE FUCK IS THIS http://t.co/wpm3OWT9sM"		]]></document>
	<document><![CDATA[Bones Exposed.		]]></document>
	<document><![CDATA[@username BIEEEEEN :'DDDDDDD *choca*		]]></document>
	<document><![CDATA[Me ha gustado un vídeo de @username (http://t.co/1SaGxEQ1To - The Pretty Reckless - House On A Hill (Official Music Video)).		]]></document>
	<document><![CDATA[? Ohioisonfire – Of Mice & Men http://t.co/dxZCPfIz8V #NowPlaying		]]></document>
	<document><![CDATA[@username ¿Usas Spotify?		]]></document>
	<document><![CDATA[Inis Mona* @username		]]></document>
	<document><![CDATA[I close my eyes, Inis Mona, and reminisce of those palmy days.		]]></document>
	<document><![CDATA[#NowPlaying The Last Garrison — Enter Shikari. http://t.co/mFN9i2chRW		]]></document>
	<document><![CDATA[HALA, YA HA SALIDO EL TEMA DE PABLEMOS EN CLASE		]]></document>
	<document><![CDATA[HACE CUÁNTO SALIÓ PGP6 @username		]]></document>
	<document><![CDATA[Exceptuando Turn Down For What...		]]></document>
	<document><![CDATA[My Top 3 #lastfm Artists: Of Mice & Men (57), Eluveitie (33) & Rise Against (9) http://t.co/HrVCkdXtDH		]]></document>
	<document><![CDATA[He hecho mi primer Vine :'DDDDDD		]]></document>
	<document><![CDATA[EVERYTHING IS AWESOME...

everything is cool when you're part of a team...		]]></document>
	<document><![CDATA[@username botones*		]]></document>
	<document><![CDATA[I was born in 1875, what should I do? @username		]]></document>
	<document><![CDATA[LLORO MATERIA GRIS "@username: Aaron Pauley, the bassist from Of Mice & Men, joined Linkin Park for the Ballad Medley in Manchester tonight."		]]></document>
	<document><![CDATA[? Rawkfist – Thousand Foot Krutch http://t.co/WQYaELlZwf #NowPlaying		]]></document>
	<document><![CDATA[@username If you come back to Europe, I'd love to have you in Spain :'3		]]></document>
	<document><![CDATA[*-* <3 ? Losing Sight - feat. Danny Worsnop – Memphis May Fire http://t.co/KHy2Mg1eSL #NowPlaying		]]></document>
	<document><![CDATA[That's so gay xDDDDD		]]></document>
	<document><![CDATA[JAJAJAJA, ME ENCANTA. "EVERYTHING IS AWESOME!!!!!!!!! w/  Randal Kirk II" https://t.co/X0r3CkAkhd		]]></document>
	<document><![CDATA[@username @username QUE EL PODER DE LAS VELAS NEGRAS, EL PENTÁGONO Y EL CHUPACABRAS ESE NOS ACOMPAÑE PARA COMBATIR CONTRA EL BIEN		]]></document>
	<document><![CDATA[El fangirleo sobre A Line In The Sand de las 10.11.		]]></document>
	<document><![CDATA[Me after getting pierced:

IT'S AMAZING BUT I FEEL A LITTLE WEIRD
OMG, IT HURTS ;____; and so on...		]]></document>
	<document><![CDATA[And that will be me when I get it on my ear HAHAHA @username		]]></document>
	<document><![CDATA[https://t.co/VppOzjfyIe My first gameplay — BeginnerStep		]]></document>
	<document><![CDATA[https://t.co/gWcBak3rCf Hexagon Hyperdrive, by Mitch. #GeometryDash		]]></document>
	<document><![CDATA[#NowPlaying Disparity By Design — Rise Against.		]]></document>
	<document><![CDATA[https://t.co/3u7jKOkjXS New gameplay!! The Beginning Of Time, by Viprin. #GeometryDash		]]></document>
	<document><![CDATA[@username Happy Thanksgiving, MMF!!! Greetings from Spain :3		]]></document>
	<document><![CDATA[My Top 3 #lastfm Artists: In Flames (35), Rise Against (33) & Thousand Foot Krutch (29) http://t.co/HrVCkdXtDH		]]></document>
	<document><![CDATA[@username YO QUIERO SIDRA *headbanging* *death metal de fondo*		]]></document>
	<document><![CDATA[NO A LA HOMOFOBIA. *headbanging* *death metal de fondo*		]]></document>
	<document><![CDATA[@username @username *headbanging* *playing death metal*		]]></document>
	<document><![CDATA[@username Neither mine. We don't have this day but I'd say I'm thankful for those things and people who make me feel happy. You included.		]]></document>
	<document><![CDATA[@username waticonteia		]]></document>
	<document><![CDATA[.@username waticonteia		]]></document>
	<document><![CDATA[#NowPlaying Beneath The Skin — Memphis May Fire.		]]></document>
	<document><![CDATA[https://t.co/kPaGJLevxj Theory of Flappy 2		]]></document>
	<document><![CDATA[https://t.co/EMuKGvyzCo Geometry Dash | Super Mario Bros		]]></document>
	<document><![CDATA[https://t.co/0RvyIOWDi9 Geometry Dash | Illusion		]]></document>
	<document><![CDATA[@username This post has been deleted, what happened? :/		]]></document>
	<document><![CDATA[@username Why don’t they call Black Weekend? From Friday to Monday (including Monday)...		]]></document>
	<document><![CDATA[#NowPlaying Somewhere in Neverland — All Time Low.		]]></document>
	<document><![CDATA[@username From 0 to OH MY FUCKING GOD, how much did it hurt?		]]></document>
	<document><![CDATA[@username Awwww, you’re so cute when you said “por favor” :’3		]]></document>
	<document><![CDATA[All she wants is someone to notice; so sick of feeling invisible.		]]></document>
	<document><![CDATA[All she needs is someone to care; if only they could say that she's incredible.		]]></document>
	<document><![CDATA[@username All Time Low, Tokio Hotel, Nickelback, Enter Shikari (que tocan hoy en Madrid), U2...		]]></document>
	<document><![CDATA[#NowPlaying End Up Here – 5 Seconds of Summer.		]]></document>
	<document><![CDATA[#NowPlaying I Will Show You – From Ashes To New.		]]></document>
	<document><![CDATA["Once upon a time I was falling in love, but now I'm only falling apart."		]]></document>
	<document><![CDATA[#NowPlaying Crucify Me — Bring Me The Horizon.		]]></document>
	<document><![CDATA[It's over 9000		]]></document>
	<document><![CDATA[My Top 3 #lastfm Artists: In Flames (42), All Time Low (39) & Rise Against (35) http://t.co/HrVCkdXtDH		]]></document>
	<document><![CDATA[@username Pero está "out of stock".		]]></document>
	<document><![CDATA[Virtual Riot - Energy Drink: http://t.co/iNaIiKAUMB vía @username		]]></document>
	<document><![CDATA[I just got free bitcoin by signing up on Coinbase - try it! https://t.co/GEo36yNfpP		]]></document>
	<document><![CDATA[#NowPlaying Bones Exposed — Of Mice & Men.		]]></document>
	<document><![CDATA[Ojalá hubiera podido ir al The Hunting Party European Tour ;____;		]]></document>
	<document><![CDATA[#YouTubeRewind and their subliminal messages. @username http://t.co/DY1NwY4W0f		]]></document>
	<document><![CDATA[QUISIERA PODER VOLAR POR EL CIELO AZUL.		]]></document>
	<document><![CDATA[@username I haven't had it, but it's great to read this. Thank you, Patrick. Have a good day you too ^^		]]></document>
	<document><![CDATA[#NowPlaying With You, Friends [Long Drive] — Skrillex.		]]></document>
</author>