<?xml version="1.0" encoding="UTF-8" standalone="no"?><author id="user290">
	<document><![CDATA["@username: Putin, Assad, and Obama are playing a high-stakes poker game, and @username explains the rules http://t.co/5AFknHbXTO"		]]></document>
	<document><![CDATA[@username wild card !		]]></document>
	<document><![CDATA["@username: "religion wants us to believe without a deep understanding of things" @username #CDIdeas #ideaspeligrosas"// #fail		]]></document>
	<document><![CDATA[Realistic looking pencil drawing~ http://t.co/wwDETTbR1j lo tuyo máster @username		]]></document>
	<document><![CDATA["@username Jack Ruby shot L. Harvey Oswald 63, a photographer almost took the shot of a lifetime http://t.co/TWPt06dgGY"// gran dcto.!		]]></document>
	<document><![CDATA["@username: Daft Punk's wins Grammy for Album of the Year @username http://t.co/iv7skJzbvK"// aquí la neta! http://t.co/WfhXM3LRxB		]]></document>
	<document><![CDATA["@username: BREAKING: US official: Sinaloa drug chief 'Chapo' Guzman arrested by US, Mexican authorities in Mexico."// Será cierto @username ?		]]></document>
	<document><![CDATA[What else is new ? @username		]]></document>
	<document><![CDATA["@username: @username < We would be better with Lopéz Obrador"// #slogan		]]></document>
	<document><![CDATA[Life is the best...// @username @username		]]></document>
	<document><![CDATA[Mr.Trump is the most "american citizen" they ever had, really it's him battle, either // @username @username		]]></document>
	<document><![CDATA[Seguro Norberto y JP II Tony//@username @username @username		]]></document>
	<document><![CDATA[Bon apetit . @username		]]></document>
	<document><![CDATA["@username: Happiness can be found in the darkest of times, if one only remembers to turn on the light."		]]></document>
	<document><![CDATA[¿What else is new? @username ccp @username Saludos monero !!		]]></document>
	<document><![CDATA[CONGRATS!! @username @username		]]></document>
	<document><![CDATA["@username: My life isn't perfect but I'm thankful for everything I have."		]]></document>
	<document><![CDATA[@username Welcome to Twiterland!		]]></document>
	<document><![CDATA[@username @username "Congrats" Pancho! #LaVozMexico		]]></document>
	<document><![CDATA[@username sportcenter .		]]></document>
	<document><![CDATA["@username: Thousands of Mexicans attend protests against student disappearances in Iguala
http://t.co/xrUDxUwKzn http://t.co/ZHJlzIF5SD"		]]></document>
	<document><![CDATA[@username @username Hard to believe,realy sad moment.		]]></document>
	<document><![CDATA["@username: Hoy a las seis. #AyotzinapaSomosTodos http://t.co/tGb6wlOMVY"// #aikir		]]></document>
	<document><![CDATA[The hills of Iguala are a cementery,
LA Times.

http://t.co/U5WHqEunCc		]]></document>
	<document><![CDATA[@username @username Mr @username your receiving @username the worst,kind of mexican, politician ever sit at president chair.		]]></document>
	<document><![CDATA["@username: Tan actual esta...
Molotov - Gimme Tha Power (En Vivo) http://t.co/kURqCkJZN3"// #YaMeCanse @username ir a marchar hoy.		]]></document>
	<document><![CDATA["@username: Well, that's it!
I'm moving to MEXICO to get a job on a SOAP OPERA!! 
I hear they PAY 10 MILLION!
#Mexico #YaMeCanse"		]]></document>
	<document><![CDATA[The WSJ:contratos d EPN c/Grupo Higa http://t.co/4keAskBFjn http://t.co/WiRUDVxr5n"// #EducandoaunChimpance2 @username @username		]]></document>
	<document><![CDATA[@username @username congrats!		]]></document>
	<document><![CDATA[YO NO SUPERO, YO NO OLVIDO: MARCHA POR LA DIGNIDAD: http://t.co/TVUs5lrIS2 #YaMeCanse4 @username marchar y participar activamente!		]]></document>
	<document><![CDATA[# #AME #AME #AME #AME #AME #AME #AME #AME #AME #AME #AME #AME 
#AmericayYA http://t.co/neV3oubunQ		]]></document>
	<document><![CDATA[@username @username @username @username Tomas Boy.		]]></document>
</author>