<?xml version="1.0" encoding="UTF-8" standalone="no"?><author id="user289">
	<document><![CDATA[Happy Thanksgiving America! http://t.co/yaqgXqWZFj		]]></document>
	<document><![CDATA[The ostrich wants Laila's buns :3 #imaceleb		]]></document>
	<document><![CDATA[RIP Nelson Mandela		]]></document>
	<document><![CDATA[I've officially lost my life #CookieClicker		]]></document>
	<document><![CDATA[Seriously that YouTube Rewind 2013 video is amazing! http://t.co/4aatQVz9G1		]]></document>
	<document><![CDATA[I now have cramp http://t.co/CdkoEfJRKP		]]></document>
	<document><![CDATA[Just see the Wii on the 100 greatest toys countdown on Channel 5. I pulled a muscle in my arm on a Wii. #GamerInjurys		]]></document>
	<document><![CDATA[BBC Three have made a good choice to remove #Bluestone42 from tonight's schedule. RIP the 447th soldier to die in Afghanistan.		]]></document>
	<document><![CDATA[Merry Christmas! http://t.co/q5OrVMMcMs		]]></document>
	<document><![CDATA[Happy New Year all. May this year be the best yet!		]]></document>
	<document><![CDATA[Well this is believable.. http://t.co/etOLEHxlSg		]]></document>
	<document><![CDATA[I wonder if anyone has ever died from slipping on mud? #mudaccident		]]></document>
	<document><![CDATA[hi im brendan and i love lauren and phoebe soooo much		]]></document>
	<document><![CDATA[Is it just me or are One Direction a bit overrated by fans ?		]]></document>
	<document><![CDATA[I really need to get a life and stop binge-watching #BreakingBad :P		]]></document>
	<document><![CDATA[@username aha;3 So how's your knee then...?:|		]]></document>
	<document><![CDATA[@username ooh. Ouch. Feel sorry for you it must be a great early birthday present ;)		]]></document>
	<document><![CDATA[So I spent 45 minutes of my time this morning watching people trying to get a fly out of a lab #BreakingBad		]]></document>
	<document><![CDATA[Tomorrow is Monday and this is how I'm feeling right now...http://t.co/bXIIOJSt8M		]]></document>
	<document><![CDATA[My biggest fear at this moment in time is the #GrammarPolice. Who knows what I might spell wong next?		]]></document>
	<document><![CDATA[I liked a @username video from @username http://t.co/UI2rmxZC6J THE TOMORROW PEOPLE - GAG REEL		]]></document>
	<document><![CDATA[@username Thanks for my birthday present and card. :)		]]></document>
	<document><![CDATA[Think #BGT just showed that age is just a number and that you should never judge a book by its cover ...		]]></document>
	<document><![CDATA[Oxymandias. #BreakingBad . What.The.Hell...		]]></document>
	<document><![CDATA[#TheAmazingSpiderMan2 amazed me when I saw it earlier today. Highly recommendable as long as you've seen the previous film :)		]]></document>
	<document><![CDATA[This is going to horrify me for quite some time #Eastenders http://t.co/MAALQVp8y5		]]></document>
	<document><![CDATA[Yes. Just yes. http://t.co/s0NMzTqBmM		]]></document>
	<document><![CDATA[I just got woken up from my weird daydream by Crimewatch O_o		]]></document>
	<document><![CDATA[Every Hero Needs A Name http://t.co/efbwXcO7IA via @username		]]></document>
	<document><![CDATA[It feels like a Saturday...		]]></document>
	<document><![CDATA[Have people voted for Austria because of the beard? #EurovisionSongContest2014		]]></document>
	<document><![CDATA[I'm not too sure what to make of this...
#Constantine 
http://t.co/RMWw0fwB34		]]></document>
	<document><![CDATA[So this was exactly a year ago @username ????????
http://t.co/DUb27mAp0P		]]></document>
	<document><![CDATA[I think it's official , @username has the best app ever! #OITNB http://t.co/zIWfUvOeqO		]]></document>
	<document><![CDATA[Finished #OITNB Season 2 last night , still pretty shocked and now I have to wait a whole year for the next series. ????		]]></document>
	<document><![CDATA[To be honest after those Uruguay and Spain games god knows what could happen in this match... #WorldCup2014		]]></document>
	<document><![CDATA[God this is tense #ENGvsITA #WorldCup2014		]]></document>
	<document><![CDATA[@username do you want the fudge again? ????????		]]></document>
	<document><![CDATA[Thinking this referee is a bit biased ???? #ENGvsITA		]]></document>
	<document><![CDATA[If you missed the #ENGvsITA match , this pretty much describes it all... 
http://t.co/BvAnTJ0GT7		]]></document>
	<document><![CDATA[“@username: At the end of the rainbow there is... Meth http://t.co/V9sLf4BbIz” @username ????		]]></document>
	<document><![CDATA[Well that went well ....#EnglandvsUruguay		]]></document>
	<document><![CDATA[Bloody hell #Fargo		]]></document>
	<document><![CDATA[No offence but I think this game is basically Ronaldo VS USA #USAvsPOR		]]></document>
	<document><![CDATA[@username aha , I found some photos for you btw....????		]]></document>
	<document><![CDATA[@username in a non-creepy way...		]]></document>
	<document><![CDATA[Wow , I really should have waited but that pilot was absolutely epic! #TheFlash		]]></document>
	<document><![CDATA[Just started on #TheKilling tonight via @username and it's actually pretty amazing! ????		]]></document>
	<document><![CDATA[@username And so it starts...#USAvsGermany ????????????????		]]></document>
	<document><![CDATA[@username Not today my friend...????????????		]]></document>
	<document><![CDATA[@username I guess this shizz just got real ???? ????????		]]></document>
	<document><![CDATA[@username oh ok then, was looking forward to re-enacting this...???? http://t.co/Cre3j8AbHh		]]></document>
	<document><![CDATA[@username Opinion on first half then?????????		]]></document>
	<document><![CDATA[@username an equal match ,they both had great chances and it's a shame that no goals have been scored yet. Could be an exciting 2nd half ????????		]]></document>
	<document><![CDATA[@username hmmm, thinking a 1-1 draw ;) You?		]]></document>
	<document><![CDATA[@username ooooh , not long to wait now ???? ????????		]]></document>
	<document><![CDATA[@username wow,  time to order a Germany shirt then ????		]]></document>
	<document><![CDATA[@username for me that is ????????????		]]></document>
	<document><![CDATA[@username it could be worse , you could be not going through (for the moment anyway????) just feel sorry for England and Spain ???? ????????		]]></document>
	<document><![CDATA[@username I'm routing for you to win there! #TeamUSA ????????????		]]></document>
	<document><![CDATA[@username Kind of routing for #TeamUSA in the last 2 minutes of this match as well , would be a great comeback ????????????		]]></document>
	<document><![CDATA[@username so close ???? Well done in getting through to the last 16! ????		]]></document>
	<document><![CDATA[@username thank you very much ????????????????????????		]]></document>
	<document><![CDATA[Bollocks “@username: Adam Lallana 'humbled' to join @username after £25m from @username http://t.co/y0l8RhrFI2”		]]></document>
	<document><![CDATA[No offence but I think it's about time someone took an official selfie with the queen...		]]></document>
	<document><![CDATA[Come on Germany! #TeamGermany ????????		]]></document>
	<document><![CDATA[This is how I feel right now #BrazilvsGermany #TeamGermany http://t.co/C1rM5ZXrVM		]]></document>
	<document><![CDATA[The guy on this BMW advert looks like Bart Baker and Nicky Romero's love child... #WorldCup		]]></document>
	<document><![CDATA[Come on #TeamGermany ???????? ???? #WorldCupFinal		]]></document>
	<document><![CDATA[So this is my very first sweepstake and I've won it ???? ???????? #TeamGermany #WorldCup2014		]]></document>
	<document><![CDATA[@username @username Christ , you guys need to eat some of these... http://t.co/AzsM5x0uPi		]]></document>
	<document><![CDATA[@username @username What about Twix ? Then you could share it...????		]]></document>
	<document><![CDATA[@username so it's actually both ????http://t.co/DkxeoSSrTY		]]></document>
	<document><![CDATA[So this was a year ago ???? @username http://t.co/vWS5eDgPgx http://t.co/bLS4WHiFRr		]]></document>
	<document><![CDATA[@username @username @username it's hard to explain , click on the #JessTheFlasher hashtag and you'll find out ????		]]></document>
	<document><![CDATA[@username @username @username the pictures? ????		]]></document>
	<document><![CDATA[@username @username @username yes , that is one of the many ????		]]></document>
	<document><![CDATA[The first Tuesday without fudge is always the hardest...		]]></document>
	<document><![CDATA[@username I'm sorry ???? . I may be making some on Wednesday/Thursday so...		]]></document>
	<document><![CDATA[@username I'll see you Thursday then! ????		]]></document>
	<document><![CDATA[If someone spoils the ending of #TheKilling today to me , I may kill them.  I've only got 3 episodes left ????		]]></document>
	<document><![CDATA[I've spent my whole morning looking at 'Broom Broom' vines and now I feel like my life has no real purpose...		]]></document>
	<document><![CDATA[Right now I'm feeling the aftermath of having a Netflix binge last night... ????		]]></document>
	<document><![CDATA[The blue button on snapchat is basically suicide because if you were on the toilet when somebody pressed it , you would be seriously screwed		]]></document>
	<document><![CDATA[I'm officially in love with @username 's Cloudy Lemonade ????		]]></document>
	<document><![CDATA[Wow this @username Oscar Pistorious documentary is deep yet pretty amazing ????		]]></document>
	<document><![CDATA[I think the Chuckle Brothers taking selfies is the best thing that has ever happened to this world		]]></document>
	<document><![CDATA[@username it's looking like lucozade shots for you in the morning then ????		]]></document>
	<document><![CDATA[@username haha what time you getting up then?		]]></document>
	<document><![CDATA[@username bless... I guess this is where I'm supposed to feel sorry for you ????		]]></document>
	<document><![CDATA[Bebo is back. http://t.co/1QnqsCW6dT		]]></document>
	<document><![CDATA[@username immunity		]]></document>
	<document><![CDATA[Merry Christmas Everyone! ??????????????????		]]></document>
	<document><![CDATA[Everyone who gets Frozen themed presents at Christmas should just Let It Go		]]></document>
	<document><![CDATA[Merry New Year! Have an epic year everybody! ????????????		]]></document>
	<document><![CDATA[@username @username Knowing you , you've probably watched it twice already...		]]></document>
	<document><![CDATA[@username I've taken a look , is her profile just her trying to take down online gamers ????		]]></document>
	<document><![CDATA[@username Brilliant. I think she is a  little less offensive yet funnier than Katie Hopkins ????		]]></document>
</author>