<?xml version="1.0" encoding="UTF-8" standalone="no"?><author id="user636">
	<document><![CDATA[RT @username: Computer Languages Character Distribution (with svg charts) http://t.co/dJEPjqXrAP #python #ruby #java #javascript #hacklang		]]></document>
	<document><![CDATA[Are you geek or nerd? http://t.co/Lg9sAZy1mP It seems I'm mostly #nerd		]]></document>
	<document><![CDATA[40 maps that explain the Internet http://t.co/QhztZJKMq7		]]></document>
	<document><![CDATA["Gamifying" personality data collection in 3 steps  http://t.co/H09U9HBePY		]]></document>
	<document><![CDATA[The World Cup vs. The PhD http://t.co/LUKrWRsS6z		]]></document>
	<document><![CDATA[Configuring Cosmos to allow to process up to 1M documents per hour #worldcup		]]></document>
	<document><![CDATA[Retrieving and processing 12 world trending topics in real time http://t.co/84XxCSCwq1		]]></document>
	<document><![CDATA[Your Facebook personality: Compare your use of language to friends and celebrities http://t.co/w1VjE98Cpd		]]></document>
	<document><![CDATA[Some issues showing why Twitter is struggling to grow http://t.co/oyRy2CryKE		]]></document>
	<document><![CDATA[Emotion in marketing: How our brains decide which content is shareable http://t.co/M3UfZiKCG1 #neuroscience		]]></document>
	<document><![CDATA[A sudden invitation to participate in: ROUND-TABLE DISCUSSION: What can theoretical linguistics do for NLP research? http://t.co/2D1oRS1ckG		]]></document>
	<document><![CDATA[Nueva entrada en mi Blog "Hablemos de I+D": What can (theoretical) linguistics do for NLP research? http://t.co/saN4I4UGx9		]]></document>
	<document><![CDATA[Para mi knowledge requiere de inteligencia humana RT @username: Information vs. knowledge #Cosmos http://t.co/i69ideaCjp cc @username		]]></document>
	<document><![CDATA[¡¡Muy grande!! Batman Death Metal http://t.co/4DZep4vlzN		]]></document>
	<document><![CDATA[RT @username: The best Thesis Defense is a good Thesis Offense http://t.co/bMmNgOHSmb cc @username		]]></document>
	<document><![CDATA[Crowdsourcing resources for the Johns Hopkins Data Science Specialization http://t.co/HOOBD24dCk		]]></document>
	<document><![CDATA[I'd like to know how they do it- Facebook is testing a "satire" tag to help you figure out what's real and what's not http://t.co/0Qh1eKqkgu		]]></document>
	<document><![CDATA[Wow, I recommend its full reading - Do Software Engineers Get Enough Respect? http://t.co/fsBalouw4M		]]></document>
	<document><![CDATA[Really? - Email Is Not Going Anywhere http://t.co/AqNz5FFgwp		]]></document>
	<document><![CDATA[I want to read the full work! - Companies That Don't Understand Engineers Don't Respect Engineers http://t.co/kEpn0LaMw7		]]></document>
	<document><![CDATA[Sign Up For a Free Bitcoin Wallet @username http://t.co/F4zEdjYFd9 https://t.co/OHgzaxrKrf #tweet4btc #bitcoin #1F4Jiwb6NLmYtsrcb9zWCe1G6USwd11HS6		]]></document>
	<document><![CDATA[Preparando el asunto, niñas a la cama, Merche, tonight is right for love! ???? http://t.co/1WpPRyXxfA		]]></document>
	<document><![CDATA[Data marketing 101: How startups can put their data to work http://t.co/Q0i7p5fUOm		]]></document>
	<document><![CDATA[Are Altcoins Undermining Bitcoin's Credibility? http://t.co/pentlwHPGS		]]></document>
	<document><![CDATA[Information extraction fail... http://t.co/2VEuRPMA6M		]]></document>
	<document><![CDATA[“@username: Skype’s real time translator learns how to speak from Social Media http://t.co/X58otlTA8O /cc @username @username”		]]></document>
	<document><![CDATA[Catch Up On 'Doctor Who' Just in Time for Season 8 http://t.co/PJ6r7CrhgY		]]></document>
	<document><![CDATA[GeoJSON into ScraperWiki will go! https://t.co/smw8vmQJbF		]]></document>
	<document><![CDATA[The power of metadata! - Google For Spies: How the NSA Created Its Own Search Engine http://t.co/uZalbF4y9O vía @username		]]></document>
	<document><![CDATA[A (very) brief review of published human subjects research conducted with social media companies http://t.co/bJguWuvtah		]]></document>
	<document><![CDATA[Interesante, pero el peer review no es tan ideal como se pinta - Why More Companies Should Submit To Peer Review http://t.co/iJ4bYdLmIy		]]></document>
	<document><![CDATA[Twitter Analytics ya está disponible - Twitter wants everyone to know how many people read their tweets http://t.co/dNjjGxvFxI		]]></document>
	<document><![CDATA[Celebrity Photo Leak: Is Poor iCloud Security to Blame? http://t.co/GCh12qZw7D		]]></document>
	<document><![CDATA[Que no haya límite de intentos, sí es un fallo de iCloud - Apple says iCloud wasn't breached in celebrity photo leak http://t.co/Ha4jZbwJeu		]]></document>
	<document><![CDATA[Apple Reveals the Most Common Reasons That It Rejects Apps http://t.co/85XeDAflX9		]]></document>
	<document><![CDATA[Correlation does not imply causation (image by Randall Munroe) http://t.co/tsSEionp8t		]]></document>
	<document><![CDATA[Why Landing Page Emotion Makes All the Difference In The World? http://t.co/1oTUefTlq3		]]></document>
	<document><![CDATA[CLEF 2014 Lab Proceedings have been published on CEUR-WS: http://t.co/APIefKUIiJ		]]></document>
	<document><![CDATA[Going to Sheffield! http://t.co/rZG3D6tXfz		]]></document>
	<document><![CDATA[Martin presenting our shared task PAN: author identification, plagiarism detection and author profiling http://t.co/UEDxpI0fJq		]]></document>
	<document><![CDATA[Our keynote speaker Fabio Celli explaining the Big Five theory for  personality recognition http://t.co/smmd9Gx1zt		]]></document>
	<document><![CDATA[Author Profiling at PAN is the unique laboratory with 4 (Spanish) companies involved #marcaespaña http://t.co/3rjfMyktKZ		]]></document>
	<document><![CDATA[If programming languages were vehicles... http://t.co/seXq87hxRm I really liked C!		]]></document>
	<document><![CDATA[Facial Expression Recognition by the FBI http://t.co/BGSpFWZ1dq		]]></document>
	<document><![CDATA[Quien se apunta? RT @username: Sixth Summer School on Advanced Statistics and Data Mining (Madrid, July 4th-5th) http://bit.ly/ewIFSB		]]></document>
	<document><![CDATA[Dedicated to my friends who live in cold places... http://t.co/CqjArLkiGv  What a bad luck! ;-)		]]></document>
	<document><![CDATA[RT @username: MIT computer scientists use machine learning to predict the price of Bitcoin http://t.co/aIy8qIEKet #datamining		]]></document>
	<document><![CDATA[Wow, Chomsky talked about psychopaths and sociopaths in an interview by Rob Kall http://t.co/x4BJLgSsUU		]]></document>
	<document><![CDATA[The evolution of programming: from dll hell to api keys & tokens hell... :-(		]]></document>
	<document><![CDATA[CERN May Not Have Discovered Higgs Boson After All http://t.co/FsmSGikMom		]]></document>
	<document><![CDATA[Are you interested in knowing how people see you on Twitter? http://t.co/Wf3lvzBsvu		]]></document>
	<document><![CDATA[Call for papers for IJCNN 2015: Neuro-Adaptive Systems for Big Data and Social Media Analysis http://t.co/L4xXtl92UO #bigdata #socialmedia		]]></document>
	<document><![CDATA[Top 10 most innovative companies #bigdata http://t.co/J1Yd4I4xI1		]]></document>
	<document><![CDATA[Book review: Seven databases in Seven Weeks by Eric Redmond and Jim R. Wilson https://t.co/62fyrJDtAA		]]></document>
	<document><![CDATA[World language tree of lexical similarities  http://t.co/4xV8Qiyj4a		]]></document>
	<document><![CDATA[RT @username: Introduction to statistical data analysis in Python – frequentist and Bayesian methods http://t.co/iZf26BgZq3 #python		]]></document>
	<document><![CDATA[Join 'Sons of Anarchy' director Paris Barclay for a hangout ahead of the finale http://t.co/yMQRMpPKUf		]]></document>
	<document><![CDATA[A Data Analyst's Blog Is Transforming How New Yorkers See Their City http://t.co/uDgSMuzDWU		]]></document>
	<document><![CDATA[SwiftKey Announce Successful Project With Professor Stephen Hawking http://t.co/yZXu7MrGkH		]]></document>
	<document><![CDATA[I speak computer: Making medical information Big Data-ready http://t.co/tZ2hsDx1oB		]]></document>
	<document><![CDATA[RT @username: Presentation: My Three Ex’s: A Data Science Approach for Applied Machine Learning http://t.co/tXSCuBUje3		]]></document>
	<document><![CDATA[RT @username: 63 Machine Learning, Data Science, Big Data Resources and Articles - http://t.co/2Ip4N8v3Ez		]]></document>
	<document><![CDATA[The six types of Twitter conversations http://t.co/DdM2GcAxux		]]></document>
	<document><![CDATA[RT @username: Apache Hadoop - Machine Learning and Hadoop Eco System http://t.co/WoCrzfpm0s #mac		]]></document>
	<document><![CDATA[RT @username: @username   
Best Introductory Statistics textbook: DATA ANALYSIS: http://t.co/ka90UWmHQ0		]]></document>
	<document><![CDATA[RT @username: So much natural language processing awesomeness here:
http://t.co/7ebsGuQK87
#nlp #conceptnet5
/cc @username		]]></document>
	<document><![CDATA[RT @username: Conference on Semantic Web and Natural Language Processing SW NLP 2015 in May Beijing http://t.co/lrDkWLZTzy		]]></document>
	<document><![CDATA[Interesting issues although I don't completely agree - "5 big data implementations mistakes to avoid" http://t.co/H7BMtYPX4Z		]]></document>
	<document><![CDATA[RT @username: Natural language processing in Python using NLTK. Part 1/3: http://t.co/b9b8LUb65v via @username		]]></document>
	<document><![CDATA[RT @username: 11 #OpenSource tools to make the most of MachineLearning http://t.co/8PdxYHqBlN		]]></document>
	<document><![CDATA[RT @username: Machine Learning: The High-Interest Credit Card of Technical Debt (pdf) | http://t.co/agbrQfDV8F		]]></document>
	<document><![CDATA[RT @username: Natural Language Processing in Python  http://t.co/AGBsmERjcH		]]></document>
	<document><![CDATA[RT @username: Recommended Reading: Natural Language Processing with Python http://t.co/jfcpMhCz1i #DataScience #BigData #Python		]]></document>
	<document><![CDATA[RT @username: Machine-Learning Algorithm Ranks the World's Most Notable Authors http://t.co/2dx7qjzxWD on @username @username		]]></document>
	<document><![CDATA[RT @username: New post: "Technology Brief: Machine Learning on Natural Language Text and Log Data" http://t.co/rbaZdtDOZ3		]]></document>
	<document><![CDATA[RT @username: The Power Of Machine Learning!
http://t.co/RtnfBSkxdP		]]></document>
	<document><![CDATA[BBC News: Instagram now bigger than Twitter http://t.co/pnCXEsR1d6		]]></document>
	<document><![CDATA[RT @username: Facebook needs to inject some natural language processing in its search algorithm: http://t.co/9CRW0tbXOl		]]></document>
	<document><![CDATA[The 10 Coolest Big Data Products Of 2014 http://t.co/6WHOx4EFz4		]]></document>
	<document><![CDATA[RT @username: Research Brief: Big Data Pros and Cons http://t.co/wwcqgpw5dW (01/09/2014)		]]></document>
	<document><![CDATA[RT @username: Starting data analysis/wrangling with R: Things I wish I'd been told #rstats #datascience http://t.co/Xg0KzgU3cC		]]></document>
	<document><![CDATA[RT @username: To Be Honest, Here’s Why I Really Hate Analytics and Big Data http://t.co/fgaTeCcquK		]]></document>
	<document><![CDATA[RT @username: Natural Language Processing for Human-to-Machine Interaction | Innovation Enterprise http://t.co/AFXL9zUpbh #analytics		]]></document>
	<document><![CDATA[Big Data Application: Realtime data to tell stories about renewable energy http://t.co/lrs2LndlyH #winderful		]]></document>
	<document><![CDATA[How To Analyze Email With Natural Language Processing http://t.co/19ePW5DDBA		]]></document>
	<document><![CDATA[RT @username: Know how #NLP forms the backbone of #SentimentAnalysis & #SocialMediaMonitoring 
http://t.co/jg2J1HiMjo
#Blog #SocialMedia		]]></document>
	<document><![CDATA[RT @username: The Good, the Bad and the Ugly about Big Data & Data Science | ieOnDemand http://t.co/PrC2jr7M5U via @username		]]></document>
	<document><![CDATA[Crossley, S. A., et al., (2014). Analyzing Discourse Processing Using a Simple Natural Language Processing Tool. http://t.co/QfGG8AEYih		]]></document>
	<document><![CDATA[RT @username: "Top 10 Best Free eBooks for Machine Learning" http://t.co/lIWkCa7GMK		]]></document>
	<document><![CDATA[RT @username: “An Introduction to Natural Language Processing” http://t.co/gpm1sAQnfR		]]></document>
	<document><![CDATA[Big data analysis coming to math classes http://t.co/GdGyl9K9vd		]]></document>
	<document><![CDATA[RT @username: Google Hangouts gets natural language processing abilities - http://t.co/UAQOV7jbfP #GoogleAlerts		]]></document>
	<document><![CDATA[RT @username: #BigData & Natural Language Processing: http://t.co/jJq7FOb0Wp		]]></document>
	<document><![CDATA[Introductory course to data analysis with R http://t.co/NV22UaKQuV		]]></document>
	<document><![CDATA[RT @username: Language Dispersion Patterns in Bruxelles Through the Lens of Twitter http://t.co/OcljjR369O cc @username		]]></document>
	<document><![CDATA[The Data Science Skills Network http://t.co/pFs33fKEUV		]]></document>
	<document><![CDATA[Machine Learning – Hype or Reality? Microsoft ML Experts Weigh In http://t.co/rzqTVdXWia		]]></document>
	<document><![CDATA[Recommended book - Exploratory Multivariate Analysis by Example Using R http://t.co/1cgSIaLIIp		]]></document>
	<document><![CDATA[RT @username: Simple data analysis to flag anomalies. Note: Anomalies does NOT always equate to fraud. http://t.co/24yQvocfEx		]]></document>
	<document><![CDATA[Global Language Network - Interactive Map http://t.co/PwtMZW0XwV		]]></document>
</author>