<?xml version="1.0" encoding="UTF-8" standalone="no"?><author id="user989">
	<document><![CDATA[-2 to help save tha interwebs: http://t.co/KfdUED1C @username #savethekitten #freeandopen		]]></document>
	<document><![CDATA[Things You'd Better Not Mix Up: https://t.co/i5vBjmcS		]]></document>
	<document><![CDATA[Run Johnny! http://t.co/HjQ5mfOa		]]></document>
	<document><![CDATA[http://t.co/UHMUhuiX  - the 24hs webathon for net freedoom by @username, @username, and @username - live neow!  #savethekitten		]]></document>
	<document><![CDATA["The magic of youth, freshness, is given by the overtones that sound with every tone." http://t.co/KwU4ncbu		]]></document>
	<document><![CDATA[stuck in the middle of the 'White elephant gift exchange' rules...i will steal myself my own gift, I'm sure.		]]></document>
	<document><![CDATA[@username thank you! A big update is on the way...		]]></document>
	<document><![CDATA[so happy that "DSP - Get Winter Ready" has won today the Adobe/FWA Cutting Edge Award: http://t.co/pwyJgEwZ		]]></document>
	<document><![CDATA[http://t.co/1Nv1ySKg Tons of easter (or christmas?) eggs		]]></document>
	<document><![CDATA[Brace yourselves... http://t.co/Psf52INq		]]></document>
	<document><![CDATA["DSG - Get Winter Ready" on Google Creative Sandbox: http://t.co/Xp8bD37u		]]></document>
	<document><![CDATA[a new research project by CNR:  @username #ImNotAFake		]]></document>
	<document><![CDATA["Get Winter Ready" is @username SOTD! :D http://t.co/X5IOt1HG #winrar		]]></document>
	<document><![CDATA[hey guys, please keep a little space for me, is my first New Year's Eve in NYC, ok? http://t.co/wzSl3axg  http://t.co/hAYeRBkT		]]></document>
	<document><![CDATA[PlaceIt by Breezi - Generate Product Screenshots in Realistic Environments http://t.co/FoDm1maz		]]></document>
	<document><![CDATA[i accepted the 38 pages T&C for the new iTunes, hope the something bad will not happen...http://t.co/y77G0eXK		]]></document>
	<document><![CDATA[so happy to be nominated at the @username Interactive Awards with my Personal site: http://t.co/8E7aAmIP #SVG and more than ever #SVGFTW		]]></document>
	<document><![CDATA[@username thank you! :D		]]></document>
	<document><![CDATA[the new blue linked @username http://t.co/oE2raZ6z		]]></document>
	<document><![CDATA[enjoy the new Stinkdigital 2013 reel: https://t.co/Rn4GabFF		]]></document>
	<document><![CDATA["Well, I'm not a one-hit wonder, guys": http://t.co/Q3zhVj2P … #Grammys		]]></document>
	<document><![CDATA[something about unpaid invoices: http://t.co/H1pjqvsA		]]></document>
	<document><![CDATA[I always include businessmen in my vision of ? :   http://t.co/gHNCEIJi		]]></document>
	<document><![CDATA[Stink/Stinkdigital/Skunk in the Creativity's Production Company A-List:  http://t.co/4qfPcf73		]]></document>
	<document><![CDATA[Deezer - Music Unleashed: https://t.co/agbsCuv6		]]></document>
	<document><![CDATA[Synesthetic Locked: https://t.co/gJomcG2OWC		]]></document>
	<document><![CDATA[fifth day of the SimCity's "Let's All Be Mayor" livestream, vote now: http://t.co/yZYM2e3DxV		]]></document>
	<document><![CDATA[@username @username @username @username @username @username  @username  per il party potreste invitare Sterling... : http://t.co/Qwv6AnQmWy		]]></document>
	<document><![CDATA[interesting day: 1) ready for the #SXSW where (for new followers that didn't know) I will attend the Awards as a finalist in Personal cat.		]]></document>
	<document><![CDATA[2) i have been featured in the today's chart of @username : http://t.co/C3VIXs4HNo		]]></document>
	<document><![CDATA[and 3) my new personal project is live. Here's to you: "The Pandorialist" http://t.co/ZaIDVife9u		]]></document>
	<document><![CDATA[Austin, TSXSW		]]></document>
	<document><![CDATA[Never ever cache the manifest cache file #html5apps #sxsw		]]></document>
	<document><![CDATA[Huge audience for @username #sxsw http://t.co/w4eG3NPvHx		]]></document>
	<document><![CDATA[I'm seeing The Signal & the Noise at SXSW 2013 http://t.co/N1NbOWt7ME. #SXSW		]]></document>
	<document><![CDATA[A competition to write fast with a 'blank' keyboard. I failed (as always) the english punctuation #sxsw http://t.co/gwOmObQqDT		]]></document>
	<document><![CDATA[texas chicks are pretty, look at my flat-mates #sxsw http://t.co/jGoNaI8OTi		]]></document>
	<document><![CDATA[A future supervillain could born from a 3D printer #sxsw http://t.co/LgaFwAMr9z		]]></document>
	<document><![CDATA[Will QR for food #sxsw http://t.co/DC7Gogay4m		]]></document>
	<document><![CDATA[Before talking about Glass, i'm wondering how many people couldn't be able to find the same 4/5 streets without Google Maps #sxsw		]]></document>
	<document><![CDATA["Humor is telling the true without the true" Ben Huh, cheezburger #sxsw		]]></document>
	<document><![CDATA[I forgot the ritual photo http://t.co/UIzLn2riKm		]]></document>
	<document><![CDATA[I'm seeing Designing Web & Mobile Graphics http://t.co/hRZ1ASBKQq. #SXSW		]]></document>
	<document><![CDATA[Ok: 2007-2013 i'm a two times SXSW Awards winner.		]]></document>
	<document><![CDATA[with my italian austin family... @username @username @username @username @username @username @username at #SXSW http://t.co/BGMxrKHEgt		]]></document>
	<document><![CDATA[...thanks for everything!  @username @username @username @username @username @username @username		]]></document>
	<document><![CDATA[On the way to New York, see you Austin #SXSW		]]></document>
	<document><![CDATA[the complete list of the #SXSW Interactive Awards winners, I'm in very good company: http://t.co/7LzvM8W506		]]></document>
	<document><![CDATA["Not About Us": http://t.co/pBCOCvqL3Z		]]></document>
	<document><![CDATA[@username and @username are currently hijacking the @username: http://t.co/f4u2COt2vW		]]></document>
	<document><![CDATA[my contribution is from 'The Pandorialist': http://t.co/wahtbkqzCB		]]></document>
	<document><![CDATA[Analog stuff: https://t.co/LXgj1JOB9U (making of: https://t.co/VQtchgod00)		]]></document>
	<document><![CDATA[Food for thought: http://t.co/CThjr1RpoU		]]></document>
	<document><![CDATA[canvas experiment of the day (or month?): http://t.co/sFtsCItsp0		]]></document>
	<document><![CDATA["Sim City - Let's All Be Mayor" @username Site of the Day: http://t.co/rEYtz7vhgq		]]></document>
	<document><![CDATA[memories on the corners with the fo's and the mo' (cit.): http://t.co/YTVOk5H31K (via @username )		]]></document>
	<document><![CDATA[White Noise: https://t.co/Kdh0Gdek87		]]></document>
	<document><![CDATA[yesterday my eponymous site was @username Mobile of the Day: http://t.co/O0NuUfoSGF. Ale'! #SVGFTW		]]></document>
	<document><![CDATA[35 Ways Musicians and Music Brands Are Using Twitter's Vine App http://t.co/hHE1rTYO3d via @username		]]></document>
	<document><![CDATA[Whoa! I have receveid a #Webbys honoree in the "Best Navigation Structure"category: http://t.co/1Jyr0fQnJH ...		]]></document>
	<document><![CDATA[...but I have been also nominated for a Webby Award in the 
"Self Promotion/Portfolio" category!  http://t.co/Y0P8oEf9qa #Webbys		]]></document>
	<document><![CDATA[you can now start to VOTE for http://t.co/CZB1ve0T8y at the @username 's People Choice: http://t.co/GUmdQp6sQw Thank you everyone!		]]></document>
	<document><![CDATA[Don't Fail Idaho: https://t.co/ponY3HW9oR		]]></document>
	<document><![CDATA[The most difficult PS keyboard shortcut ever and its interpretations: http://t.co/NRY4Bj5Cex		]]></document>
	<document><![CDATA[Bus driver in Red Hook:  "I'm sorry, someone of you knows the directions?" I'm waiting, in tears, to see the sign 'Welcome to Philadelphia'		]]></document>
	<document><![CDATA[I could FAQ you all the time: http://t.co/CKbbFL1cJo		]]></document>
	<document><![CDATA[@username talks about "I'd FAQ me": http://t.co/6EGzTHnuLh		]]></document>
	<document><![CDATA[only one week left to choose my eponymous for the @username People's Voice: http://t.co/GUmdQp6sQw  Tnx! #webbys		]]></document>
	<document><![CDATA[I'm sure they learned the lesson from "The Gift" by Velvet Underground http://t.co/BKLgJvuJR4		]]></document>
	<document><![CDATA[OblivUIon: https://t.co/mzhLAgnDUR		]]></document>
	<document><![CDATA[only 2 days left to vote for http://t.co/CZB1ve0T8y at @username People's Voice! http://t.co/GUmdQp6sQw Thank you everyone ;) #webbys		]]></document>
	<document><![CDATA[Birth of a super-villain: http://t.co/wfhjtiG1y8 (via @username )		]]></document>
	<document><![CDATA[only some hours left to choose my site for @username People's Voice in "Self Promotion/Portfolio" cat.: http://t.co/GUmdQp6sQw #webbys		]]></document>
	<document><![CDATA["But I'm A Nice Guy": http://t.co/p5k31bsM7f		]]></document>
	<document><![CDATA[@username who watches the men's watches?		]]></document>
	<document><![CDATA[if your elevators are always busy, there could be one reason: http://t.co/4js9CeBmqY		]]></document>
	<document><![CDATA[i will miss Drawn.ca :-/ http://t.co/TRH6OfMvS7 @username		]]></document>
	<document><![CDATA[...and also "Epic Playdate": http://t.co/qjAoe2lWLq @username		]]></document>
	<document><![CDATA[Connecting the tweets/dots https://t.co/xhZq2idt1G		]]></document>
	<document><![CDATA["hello? Yes, this is #dog":  http://t.co/lv5z548RyZ		]]></document>
	<document><![CDATA[By the way, product placement http://t.co/zkQRLY1C7i		]]></document>
	<document><![CDATA[how many living music genius do you know? For me, one of them is this guy that has a new album out:  http://t.co/KMRVXnYArt		]]></document>
	<document><![CDATA["I'd FAQ me" is @username Mobile of the Day :)  http://t.co/Qmrt5Moj1p		]]></document>
	<document><![CDATA[proud to have worked in the @username team for an epic (and crazy) project. Its name is Google Loon. http://t.co/Vpay3o96UE #loon		]]></document>
	<document><![CDATA[natural photographic cropping: http://t.co/FSMCS52vkX		]]></document>
	<document><![CDATA[@username :-) one time i'd like to create a site with only nested tables and <marquee> tags placing a bottom-left logo "Netscape Experiment"		]]></document>
	<document><![CDATA[@username thank you so much, Ricardo! Good luck and be shape :-D		]]></document>
	<document><![CDATA[can't wait for the Web Speech API support in IE 15		]]></document>
	<document><![CDATA[@username the drawn+voice over style let me think about this masterpiece: https://t.co/nMB3O40BRJ		]]></document>
	<document><![CDATA[trying to complete my first LeapJS prototype the day before the @username launch		]]></document>
	<document><![CDATA[The chicken temple http://t.co/sAU1AaJp7h		]]></document>
	<document><![CDATA[today is the one year anniversary of my Atlantic crossing: http://t.co/QI9y3mXGvI		]]></document>
	<document><![CDATA[check my new experiment "Hover the top", a simple clickless interface for @username's #LeapJS:  http://t.co/zf95R9ApP7  @usernameDev		]]></document>
	<document><![CDATA[@username sure, I will do it. At the moment the default duration is 2 second, I will set it to 1/1.5		]]></document>
	<document><![CDATA["Why Quantity Should be Your Priority": https://t.co/muYvbwsdNB		]]></document>
	<document><![CDATA[animation-iteration: cats  http://t.co/XHuCqdd5Mv (by @username)		]]></document>
	<document><![CDATA[only four days to new and hilarious gags: http://t.co/rAonz5qWYm		]]></document>
	<document><![CDATA[new project for @username at @username: http://t.co/41ly6ZE8EH		]]></document>
	<document><![CDATA[vote for the #outasyou panel by @username and @username at the SXSW 2014: http://t.co/VidWDBZRxJ		]]></document>
	<document><![CDATA[I think #theworldneedsmore #education. What do you think the world needs more of? Visit http://t.co/41ly6ZE8EH		]]></document>
</author>