<?xml version="1.0" encoding="UTF-8" standalone="no"?><author id="user321">
	<document><![CDATA[icarly ^^		]]></document>
	<document><![CDATA[thuis<3		]]></document>
	<document><![CDATA[Homework finished.		]]></document>
	<document><![CDATA[morgen schoolfoto -_-		]]></document>
	<document><![CDATA[home :]		]]></document>
	<document><![CDATA[Thanks for changing so many things, RIP Steve Jobs		]]></document>
	<document><![CDATA[Yay finished homework for today :D		]]></document>
	<document><![CDATA[so you think you can dance kijken ^^		]]></document>
	<document><![CDATA[Love it http://t.co/7wQVBdA		]]></document>
	<document><![CDATA[@username ofcourse		]]></document>
	<document><![CDATA[At home (:		]]></document>
	<document><![CDATA[homework again		]]></document>
	<document><![CDATA[At school		]]></document>
	<document><![CDATA[Chocola is lekker c:		]]></document>
	<document><![CDATA[Popcorn <33		]]></document>
	<document><![CDATA[welcome to my followers Dari (:		]]></document>
	<document><![CDATA[Friday friday gotta get down on friiiday blablabla looking forward to the weeheekeeeeend :D		]]></document>
	<document><![CDATA[Coldplay luisteren <33333		]]></document>
	<document><![CDATA[Toffifee,s OMNOMNOM		]]></document>
	<document><![CDATA[30 seconds to mars <3		]]></document>
	<document><![CDATA[Follow me on tumblr: http://t.co/T5lqQhO		]]></document>
	<document><![CDATA[Omg, how cute.. I want my own cuddle owl <33 http://t.co/wuiXgTA		]]></document>
	<document><![CDATA[Goodnight people ;)		]]></document>
	<document><![CDATA[Morning y'all		]]></document>
	<document><![CDATA[@username ohw balen		]]></document>
	<document><![CDATA[Happy thanksgiving (:		]]></document>
	<document><![CDATA[@username thanks (:		]]></document>
	<document><![CDATA[Going to sleep people, bye x		]]></document>
	<document><![CDATA[Mornin'		]]></document>
	<document><![CDATA[The Kooks - Junk of the heart (Happy) ik hou van dat liedje.		]]></document>
	<document><![CDATA[So you think you can dance kijken (:		]]></document>
	<document><![CDATA[Wow! I've spent 5 hours and 48 minutes of my life sending tweets. What about you? Find out at http://t.co/sbztz7V		]]></document>
	<document><![CDATA[Gooodmorninng		]]></document>
	<document><![CDATA[Morningg		]]></document>
	<document><![CDATA[Ed sheeran - little bird, zo'n schattig liedje c:		]]></document>
	<document><![CDATA[Finally home		]]></document>
	<document><![CDATA[Stage was leuk c:		]]></document>
	<document><![CDATA[Goodmorning		]]></document>
	<document><![CDATA[Donee with homework		]]></document>
	<document><![CDATA[Op school, alweer vroeg. Achja who cares		]]></document>
	<document><![CDATA[Finally done with mes devoirs (:		]]></document>
	<document><![CDATA[@username It is (:		]]></document>
	<document><![CDATA[Op school, earlyearlyearlyy		]]></document>
	<document><![CDATA[Merry Christmas everyone :3		]]></document>
	<document><![CDATA[Awake, merry christmas again guys		]]></document>
	<document><![CDATA[IK GA NAAR COLDPLAY! :DDD		]]></document>
	<document><![CDATA[Sharon -.- irritante stem #tvoh		]]></document>
	<document><![CDATA[Up in flames - Coldplay 
Mooi (:		]]></document>
	<document><![CDATA[@username Ohyeahh		]]></document>
	<document><![CDATA[Hee gratis cola:D		]]></document>
	<document><![CDATA[@username haha weirdd, nouja truste		]]></document>
	<document><![CDATA[@username Echt? :o yesss		]]></document>
	<document><![CDATA[New clothes<3		]]></document>
	<document><![CDATA[The Black Keys - Lonely Boy #np		]]></document>
	<document><![CDATA[Tired		]]></document>
	<document><![CDATA[Cold		]]></document>
	<document><![CDATA[The Weepies - Gotta have you #np		]]></document>
	<document><![CDATA[The Weepies - Love doesn't last too long # np		]]></document>
	<document><![CDATA[Carnavals outfit is af guys		]]></document>
	<document><![CDATA[Warme chocomel ^^		]]></document>
	<document><![CDATA[Straks ortho		]]></document>
	<document><![CDATA[worked hard today		]]></document>
	<document><![CDATA[Pumped up kicks - Foster the people at mtv		]]></document>
	<document><![CDATA[foster the people - waste #np		]]></document>
	<document><![CDATA[@username T H I S http://t.co/GtUhhfu		]]></document>
	<document><![CDATA[@username iets over half 9 ofzo?		]]></document>
	<document><![CDATA[Florence and the Machine - Howl #np		]]></document>
	<document><![CDATA[TONIIIIIIGHT WE ARE YOOUUUNGG		]]></document>
	<document><![CDATA[@username station oss west		]]></document>
	<document><![CDATA[Gooodmorning		]]></document>
	<document><![CDATA[@username cup a soup for the win		]]></document>
	<document><![CDATA[@username nee sorry!		]]></document>
	<document><![CDATA[Ben & Jerry's (:		]]></document>
	<document><![CDATA[Sofa Song - The Kooks #np		]]></document>
	<document><![CDATA[@username ahh you really love me don't you?		]]></document>
	<document><![CDATA[Chilluh http://t.co/MT7qtdg		]]></document>
	<document><![CDATA[Party op school (:		]]></document>
	<document><![CDATA[@username ik ben al thuis ! Sorry		]]></document>
	<document><![CDATA[Hardlopen was nice (:		]]></document>
	<document><![CDATA[@username Happy birthday!		]]></document>
	<document><![CDATA[@username JA NU BEN IK NIEUWSGIERIG		]]></document>
	<document><![CDATA[Nais. Not.		]]></document>
	<document><![CDATA[Florence and The Machine - Girl with one eye #np		]]></document>
	<document><![CDATA[Thanks.		]]></document>
	<document><![CDATA[Red - Breathe Into Me #np		]]></document>
	<document><![CDATA[Uitval is nice (:		]]></document>
	<document><![CDATA[Haha Jennifer Lawrence die best female performance wint
over de golden popcorn: " i can't eat this.." lolol		]]></document>
	<document><![CDATA[@username JE MEENT 'T		]]></document>
	<document><![CDATA[The Naked And Famous - Young Blood #np		]]></document>
	<document><![CDATA[Jack Johnson met de beatbox.... Chilluh		]]></document>
	<document><![CDATA[Paolo Nutini - New Shoes #np		]]></document>
	<document><![CDATA[@username JONGE IK BEN DEENS JONGE GEAK  :3		]]></document>
	<document><![CDATA[@username so much failure		]]></document>
	<document><![CDATA[@username me stop this shiz now, me no talk back anymoreee		]]></document>
	<document><![CDATA[Pww day one		]]></document>
	<document><![CDATA[@username IK !!		]]></document>
	<document><![CDATA[Film is nu al cool @username		]]></document>
	<document><![CDATA[JAAAA IK BEN OVER!		]]></document>
	<document><![CDATA[So much happiness (:		]]></document>
	<document><![CDATA[@username thank you :3		]]></document>
</author>