<?xml version="1.0" encoding="UTF-8" standalone="no"?><author id="user409">
	<document><![CDATA[The colleagues of our Competence Center 'The Future #Leadership Initiative' need your help to complete their Survey http://t.co/9prZPNmHT6		]]></document>
	<document><![CDATA[Geweldig motto! :-)
'Don't ever let anyone dull your sparkle!'  #LuckyGirl #Happiness http://t.co/SXwbxKDCHj		]]></document>
	<document><![CDATA[Bij ons is het net andersom:
Chief IDEA Initiator
VP says GO
VP of Move on
VP of Let's do this
And so on.. :-)
@username		]]></document>
	<document><![CDATA[The Future Employee: Works anytime, works anywhere, uses any device, focuses on output and creates his or her onw la…http://t.co/qVZpL8uChp		]]></document>
	<document><![CDATA[@username there is none		]]></document>
	<document><![CDATA[Happy International Coffee Day!
 #InternationalCoffeeDay http://t.co/sAsht9FBla		]]></document>
	<document><![CDATA[Creative thinking session w/ the Academic Dean & Academic Directors of our Master Programs. #creativity #innovation http://t.co/zuq2WKiRPr		]]></document>
	<document><![CDATA["Customers will never love a Company, until the employees do." - Simon Sinek 
I do!
#EmployeeEngagement #Goesting  http://t.co/PbSudx8Wuw		]]></document>
	<document><![CDATA[Congratz @username & welcome @username! Keep us posted! Has it something to do with your thesis?!.. Enjoy!		]]></document>
	<document><![CDATA[Actueel in #Vlaanderen: Should Business Schools Localise Rather Than Globalise? http://t.co/vqpFuvxNIc		]]></document>
	<document><![CDATA[Should Business Schools Localise Rather Than Globalise? @username launches #BusinessSchool Impact Survey #BSIS  http://t.co/vqpFuvxNIc		]]></document>
	<document><![CDATA[Investing in one’s own #career through new #learning, is about all one can do in turbulent times http://t.co/iJmluj2iwy #development #HRM		]]></document>
	<document><![CDATA[Leuke he, @username! Is al een tijdje mijn Twitter-omslagfoto. Enjoy the day of w/ @username #OutToLive		]]></document>
	<document><![CDATA[View from my "office" for today. This job comes with benefits. #LoveMyJob http://t.co/o3h2mswiqV		]]></document>
	<document><![CDATA[RT “@username: Beautiful art #InFlandersFields at Antwerp Management School #OurSoldiers http://t.co/leXCBlXgQt”		]]></document>
	<document><![CDATA[And all of a sudden it strikes me again. Dit nummer herinnert me a neef..A sky full of stars. And you're one of them. http://t.co/4N5eRPNeuL		]]></document>
	<document><![CDATA[The Beautiful city of #Copenhagen: Cristiania, Louisiana Museum of Modern Art, Torvehallerne, .. A must visit! http://t.co/G5f9G5xd2H		]]></document>
	<document><![CDATA['Action expresses priorities' - Mahatma Gandhi  http://t.co/16AvPJD1Sb		]]></document>
	<document><![CDATA['Action expresses priorities' - 
Mahatma Gandhi 
http://t.co/16AvPJD1Sb http://t.co/0Okzaavlk7		]]></document>
	<document><![CDATA[A new era for #Innovation in a resource-depleted world: 'resourcefulness': strategic resource intelligence aka eco-s…http://t.co/82CKNvbzEs		]]></document>
	<document><![CDATA[Wat is hashtag vd Shanghai missie? @username @username @username @username @username @username @username @username @username		]]></document>
	<document><![CDATA[#MissieShanghai of #AntwerpMisson @username @username @username @username @username @username @username @username @username		]]></document>
	<document><![CDATA[My motto the last few days: 'When the going gets tough; the tough get going.' http://t.co/MsIhBAkKLj		]]></document>
	<document><![CDATA[RT #creativity “@username: #creativity... http://t.co/b31ETV0KaS”		]]></document>
	<document><![CDATA[You're the best, @username! Hope you enjoyed the @username #cwf14 event! Too bad I couldn't make it, but hey; SA is great as well :-D		]]></document>
	<document><![CDATA[Stuart Hart, thought leader on sustainable business strategy and one of the founding fathers of the 'Base of the Pyr…http://t.co/eRvDBSjJD8		]]></document>
	<document><![CDATA[ANTWERP. POWERED BY CREATIVES. // APBC http://t.co/8AeCd1RQwN		]]></document>
	<document><![CDATA[Luxury and sustainability are one in the same. It is important to note that it all depends on your definition of lux…http://t.co/qJ8GixcwYY		]]></document>
	<document><![CDATA[Why do some entrepreneurs have only one big success and many failures while others succeed again and again? #entrepr…http://t.co/GJkOYJIMBN		]]></document>
	<document><![CDATA[RT. And fully agree! Real #art from a great artist!
“@username: The work of Sidi Larbi Cherkaoui http://t.co/L5OAWN3WF3”		]]></document>
	<document><![CDATA[Dit was TomorrowWorld 2014 #deMorgen http://t.co/NDsxfXRVcp		]]></document>
	<document><![CDATA[Tonight Prof. Jamie Anderson @username will speak about Digital Strategy, and how organizations can leverage digit…http://t.co/TAciBIkBjD		]]></document>
	<document><![CDATA[I wanna taste you but your lips are venomous poison, 'Poison', Alice Cooper http://t.co/OqRu6K1LM4		]]></document>
	<document><![CDATA[RT “@username: Full 9 #innovation mantras by #google talk at @username http://t.co/dYBeUxWrlS”		]]></document>
	<document><![CDATA[RT “@username: Who makes the big decisions at business schools?http://t.co/Z9SUmsPl85 #eNEWSLINE”		]]></document>
	<document><![CDATA['Network Orchestrators outperform companies with other business models on several key dimensions'. To read.

https://t.co/SqOtNDpSMM		]]></document>
	<document><![CDATA[03/12: "Keep investing in yourself. You are the finest asset you own."
Find out all about the Executive MBA of Antwe…http://t.co/UDOCjUNIzP		]]></document>
	<document><![CDATA['The innovator’s method', requires discipline, perseverance, and dedicated, effective #leadership. https://t.co/AOK9E3ol8y #innovation		]]></document>
	<document><![CDATA[RT “@username: True or false:People in advanced economies are the happiest in the world http://t.co/aHiTYj3Nsb #happiness http://t.co/V2Xxkm00JY”		]]></document>
	<document><![CDATA["When you give talented people the freedom to create without fear of failure, amazing things happen"
#HackHR #AMSLAB 
http://t.co/m5FjsrNQvC		]]></document>
	<document><![CDATA[So here’s to intrapreneurs everywhere: The corporate world needs you more than ever & you might just be one without knowing it. David Armano		]]></document>
	<document><![CDATA[RT “@username: Happy (American) Thanksgiving to all our Faculty, Staff, Students and Alumni out there!”		]]></document>
	<document><![CDATA['When Digital becomes Human' interesting keynote!  “@username: Computers can personalize, humans make it personal
https://t.co/oK1VRCSF8J”		]]></document>
	<document><![CDATA[RT +1 “@username: In a Digital world is personal touch a must ! Align your company culture to this ! @username @username”		]]></document>
	<document><![CDATA[“@username: "It's not happiness that makes us grateful; it's gratefulness that makes us happy." http://t.co/UVtUj6BuJO”		]]></document>
	<document><![CDATA[Interesting Reading Material “@username: Why the Internet of Things needs standards http://t.co/chCI5fsRD7 #IoT http://t.co/JYz5N28plG”		]]></document>
	<document><![CDATA[“@username: How artificial intelligence will make humans smarter http://t.co/In2sLGX13b http://t.co/xBsjsFp4XE”
Past in verhaal @username		]]></document>
	<document><![CDATA[“@username: 5 key factors for entrepreneurial #success http://t.co/8b1lGBx5di #entrepreneur http://t.co/JudmjrXUop” #ondernemen #entrepreneurship		]]></document>
	<document><![CDATA[#TEDxBrussels 2014  will be streamed live on the website of @username http://t.co/Pao5h2xciK
Tune in on Monday, 01/12, 09:00 AM-07:00 PM		]]></document>
	<document><![CDATA[Strenghts of the Executive MBA of Antwerp Management School according to the Financial Times:
#MBAStars #eMBA #MBA
http://t.co/R0DUd4txh0		]]></document>
	<document><![CDATA[“@username: The Lost Art of Free Time http://t.co/xd89xFdpfM http://t.co/Xb3l57gnyI” Creative persons need  this time to be mentally replenished.		]]></document>
	<document><![CDATA[#MBAStars
Although hard skills are important, it is soft skills that will help #eMBA'ers to succeed in moving forward
http://t.co/FKvGFKEviE		]]></document>
	<document><![CDATA['Do you have the strenght and guts to act?' Asks @username the #TEDxBrussels audience. Well, do you?!		]]></document>
	<document><![CDATA[Future employment will first and for most come from Innovative companies #innovation #TEDxBrussels		]]></document>
	<document><![CDATA[“@username: Check out this digital sketchnote by @username of Mikko Hypponen's @username talk http://t.co/KNg9qrP6VB” great TED talk!		]]></document>
	<document><![CDATA[#TEDxBrussels: @username: "Digital #Ethics": 'We have to find a way to get to the point where we value #diversity & #ethics' #TEDxBrussels		]]></document>
	<document><![CDATA[#TEDxBrussels :-) 'We don't live faster, just because we use #Twitter' quote of @username :-)		]]></document>
	<document><![CDATA[#TEDxBrussels TED talk by @username reminds me of book by @username on 'When Digital becomes human' - 'We are doomed to be what we create'		]]></document>
	<document><![CDATA[#TEDxBrussels: interesting fact by Kevin Talbot "Hope is not a strategy": #Israel has the most companies on #Nasdaq after the US & China		]]></document>
	<document><![CDATA[#TEDxBrussels: @username pleads for a shift from "time spent" to "time well spent" through #sustainable (#web) #design 1/2		]]></document>
	<document><![CDATA[2/2 #TEDxBrussels in order to make a 'New positive contribution to human life'. Hurray! - recognizable.. http://t.co/AY6MUXGH1j		]]></document>
	<document><![CDATA[Executive #MBA Antwerp Management School:
Infosessions on 
* 03/12, 2014
* 17/12, 2014
* 29/01, 2015
#MBAStars #eMBA
http://t.co/q9KXwiQTtd		]]></document>
	<document><![CDATA[#CoderDojoDiva on January 31. Girls between 7-14y, register and bring a friend! http://t.co/agEKuS9Dqp
@username something 4 your kids?!		]]></document>
	<document><![CDATA[What an inspiring talk @username gave us & what a beautiful ballet performance! #Health #hackaton
Let's all hack medicine #TEDxBrussels		]]></document>
	<document><![CDATA[Strenghts of the Executive MBA of Antwerp Management School according to the Financial Times:
#MBAStars #eMBA #MBA
http://t.co/R0DUd4txh0		]]></document>
	<document><![CDATA[True story there: "We spend more time on our phones then with our family members combined" -Aza Raskin #TEDxBrussels		]]></document>
	<document><![CDATA[250K CITI employees can use #Uber:'critical that employees have access to the most reliable,efficient travel options'
http://t.co/aKk3Jngd9f		]]></document>
	<document><![CDATA[#Happiness is the secret ingredient to #success. 
Our brains are more engaged, creative & resilient when in a positive state.
Happy...		]]></document>
	<document><![CDATA[#UBER for 250K CITI employees:
"It's critical that our employees have access to reliable, efficient travel options"
http://t.co/aKk3Jngd9f		]]></document>
	<document><![CDATA[*When you reach for the stars you may not quite get one but you won't come up with a handful of mud either.* http://t.co/35BApi3fOh		]]></document>
	<document><![CDATA[“@username: Discover the secrets of ancient cities in #Turkey #HomeOf #Ephesus
https://t.co/hsGhdXKtE2”		]]></document>
	<document><![CDATA[Inspiring talk by @username, photographer of the worlds last & most beautiful tribes & cultures WAUW
#KoningAap http://t.co/mPZW27zzyc		]]></document>
	<document><![CDATA[Executive MBA Antwerp Management School:
Find out the unique strenghts of our eMBA!
#MBAStars http://t.co/NIqHbTe1Ye http://t.co/ipS7h9iIOj		]]></document>
	<document><![CDATA[Building #socialmedia engagement means creating a content strategy 2 hook the audience,not just being on #socialmedia
http://t.co/nDZb89FnQ3		]]></document>
	<document><![CDATA[Doctoral Defences December 2014 Antwerp Management School: Kim Maes, Sofie Rogiest & Wouter Van Bockhaven. Congratz! http://t.co/yVqa8zKHJv		]]></document>
	<document><![CDATA[“@username: ?? Like a real life fairyland ?? http://t.co/DOAw3esn6b” WOW! Is this real? Where has this picture been taken?		]]></document>
	<document><![CDATA[Doctoral Defences December 2014 at Antwerp Management School: Kim Maes, Sofie Rogiest & Wouter Van Bockhaven http://t.co/jumN3CaTSV		]]></document>
	<document><![CDATA[Nice food here @username, but fuck an it's FREEZING HERE! Turn on the heating!		]]></document>
	<document><![CDATA[The 10 Most Important Business Skills in 2020 
http://t.co/QbnmpDQsXp		]]></document>
	<document><![CDATA[#AMSChristmas at Antwerp Management School @username w/ the colleagues http://t.co/Nno99fJ8zT		]]></document>
	<document><![CDATA['CMOs and their #marketing teams will become the primary driver behind customer-centric company #growth'.  http://t.co/diiQwnlOVQ #digital		]]></document>
	<document><![CDATA[:-)) Enjoy the weekend! :-))
*Happy Holidays*
#EnjoyWE http://t.co/HCJVl7j6B8		]]></document>
	<document><![CDATA[Season's Greetings by Competence Center 'The Future Leadership Initiative' #TFLI #19thoughts 
http://t.co/ggYt8jtKc9 http://t.co/2iZFQEDuFf		]]></document>
	<document><![CDATA[GE-WEL-DIG! :-) “@username: The university website.
Courtesy of XKCD. http://t.co/lN3G90u5nx”		]]></document>
	<document><![CDATA[Ho Ho Ho! Merry Christmas! 
???? ???? ???? ???? http://t.co/L52s6ny8IE		]]></document>
	<document><![CDATA[Why you should choose Antwerp Management School. In 2015 and beyond.
Happy Holidays!
The AMS-Crowd @username		]]></document>
	<document><![CDATA[Executive #MBA Antwerp Management School:
Unique strenghts of the #eMBA
http://t.co/NQLYGHDhGW 
#MBAStars		]]></document>
	<document><![CDATA[February 26, 19:00: Inaugural Speech 'Chair on Business Research Methods' by Prof.dr. @username http://t.co/XI7YTwmuZb		]]></document>
	<document><![CDATA['A single rose can be my garden.' http://t.co/Fc87Mor1dI		]]></document>
	<document><![CDATA[“@username: Our year (2014) at Antwerp Management School. #grateful  http://t.co/i58BralUVh”		]]></document>
	<document><![CDATA['Do more of what makes you awesome!'
Check! ??		]]></document>
	<document><![CDATA[‘You are the average of the 5 people you spend the most time w/’.
So surround yourself w/ positive people & fill the room w/ positive vibes!		]]></document>
	<document><![CDATA[“@username: The one thing successful people never do http://t.co/ViwDhvbpYc #leadership #success http://t.co/C6863WpYvK”		]]></document>
	<document><![CDATA[“@username: Making an impact in higher education: top 10 most read pieces of 2014 http://t.co/g7c98KnfbW”		]]></document>
	<document><![CDATA[RT “@username: Rainbow + Victoria Falls = magic. #Zimbabwe #travel http://t.co/MdRsQcPFGD”
#beentheredonethat #beautyofnature		]]></document>
	<document><![CDATA[“@username: Tomorrow is D-Day! Looking forward to present our plans for the future during the KAURI General Assembly http://t.co/M0LoG4kXJ2”		]]></document>
	<document><![CDATA[If you want to build a culture of high performance, start by taking a look at your office environment. http://t.co/YMrNKxPRoz		]]></document>
	<document><![CDATA[The moments that most challenge our sense of self are the ones that can teach us the most about leading effectively

https://t.co/vZR6Ytthv7		]]></document>
	<document><![CDATA[Good Eduniversal Rankings for Antwerp Management School Masters #MIE #MOF #MGM #MGSCM #MRE http://t.co/VIqqQeIRDb		]]></document>
	<document><![CDATA[“@username: #DidYouKnow that the capital of Slovenia, Ljubljana, translates to The Loved One? We like that.” :-) Beautiful city!		]]></document>
</author>