<?xml version="1.0" encoding="UTF-8" standalone="no"?><author id="user545">
	<document><![CDATA[Apple vs. Google: The smartphone smackdown - How the World Works - Salon.com http://bit.ly/bYyfXL		]]></document>
	<document><![CDATA[@username Coincidentally, a recent French piece places Busa's work in its historical context : http://t.co/MV1lbI1 #digitalhumanities		]]></document>
	<document><![CDATA[@username @username the chair we have just lost seemed to be going in the right direction in that respect #teiputsch		]]></document>
	<document><![CDATA[@username @username keeping the community informed is not seemingly a priority for the plotters #teiputsch		]]></document>
	<document><![CDATA[@username @username believe me the only sane voting member present also feels blindsided  #teiputsch		]]></document>
	<document><![CDATA[@username at board telecon on 12th I moved a vote of confidence in the chair which was defeated 3:1  #teiputsch		]]></document>
	<document><![CDATA[@username @username officially there is no vice chair. dan has argued that it should be susan, it's not clear she agrees  #teiputsch		]]></document>
	<document><![CDATA[@username much of what it says on that web page has been invalidated by structural changes introduced last year #teiputsch		]]></document>
	<document><![CDATA[@username @username My mistake... the meeting was actually on the 11th, thursday. If that matters. #teiputsch		]]></document>
	<document><![CDATA[@username Result! btw... board is currently trying to agree wording of official statement		]]></document>
	<document><![CDATA[@username by their fruits shall ye know them		]]></document>
	<document><![CDATA[@username What exactly amazed you? That it should be mentioned at all, or that it should be mentioned positively? Just wondering.		]]></document>
	<document><![CDATA[The motivation claimed by those who engineered the #teiputsch does not reference the chair's vision document.		]]></document>
	<document><![CDATA[@username which is why @username is such a way cool project!		]]></document>
	<document><![CDATA[@username I would love to, but the current Board insists its email is private. I have asked for a public statement twice now #teiputsch		]]></document>
	<document><![CDATA[@username @username what are you two up to?		]]></document>
	<document><![CDATA[@username @username @username  ostensible reason for voting against martin was nothing to do with his vision doc #teiputsch		]]></document>
	<document><![CDATA[Sorry just back from dentist so going offline for a while...		]]></document>
	<document><![CDATA[@username and the winner is...?		]]></document>
	<document><![CDATA[@username Sfaics, only THREE uk he institutions have registered for BOB so far. This seems a shame. Or am I looking in wrong place?		]]></document>
	<document><![CDATA[@username so how do you feel about the ubuntu "boing-swissh" ?		]]></document>
	<document><![CDATA[@username What a nice way to spend the day. I will check this evening to see how you got on!		]]></document>
	<document><![CDATA[@username wanna try that again without the typo #teiputsch ?		]]></document>
	<document><![CDATA[Useful bibliog on digital forensics http://t.co/ouGAtKu #forensics		]]></document>
	<document><![CDATA[@username @username @username tsk tsk, are you saying that art is not real?		]]></document>
	<document><![CDATA[@username @username both are correct, but the former is more formal		]]></document>
	<document><![CDATA[@username I hope not!  Though of course, P6 will be along some day... board or no board		]]></document>
	<document><![CDATA[@username All those words and citations and not one measly picture?		]]></document>
	<document><![CDATA[RT @username A slight rant about poorly planned websites that also manages to bandwagon on the recent riots: http://t.co/FcI9D33		]]></document>
	<document><![CDATA[Here's one for David Starkie http://t.co/R7Ddh6x (tx Florian Willan) I don't like your tweet sir: we'll teach you the professors way		]]></document>
	<document><![CDATA[Hugh Cayless has some useful comments on #teifuture on his Googleplus but I dunno how to link to them from here. Anyone?		]]></document>
	<document><![CDATA[@username @username tx! cut and paste the URL! how obvious... and yet how quaint!  (happy birthday bethanie: u shd go back to bed)		]]></document>
	<document><![CDATA[@username @username @username More space for thoughtful commentary than here or FB tho		]]></document>
	<document><![CDATA[@username I misheard prof elemental as saying "i dont like your tweet sir" first time round... lovin it.		]]></document>
	<document><![CDATA[@username how's the move going?		]]></document>
	<document><![CDATA[@username good move! come across professor elemental yet? http://t.co/l3WUyY7		]]></document>
	<document><![CDATA[@username oops, i meant of course http://t.co/Dw2uKqm		]]></document>
	<document><![CDATA[@username the usual way, i expect. what are you on about?		]]></document>
	<document><![CDATA[@username @username @username I doubt Julia meant 2imply that: maybe she felt issues were being trivialised on twitter #teifuture		]]></document>
	<document><![CDATA[@username @username @username Oh you mean trolling! It all depends on Julia's opnion of reality tv : maybe s'one shd ask her!		]]></document>
	<document><![CDATA[@username @username @username hm yes, rereading that msg it does sound like patronising exclusionist guff .. not good		]]></document>
	<document><![CDATA[@username @username @username comms failure partly due to prev board policy of keeping all discussion confidential grr #teifuture		]]></document>
	<document><![CDATA[@username getting a bit sickly now though surely?		]]></document>
	<document><![CDATA[http://t.co/m7DCv7e all v interesting;  extent of semantic overlap between TEI core elements and HTML5 tags remains to be seen #teifuture		]]></document>
	<document><![CDATA[#dayofdh seems to have fallen over... victim of its own success, clearly		]]></document>
	<document><![CDATA[@username not visibly on the dt website tho chiz chiz		]]></document>
	<document><![CDATA[Was going to spend all day uploading photos to my day-of-dh blog, but since it's bust, has spent all day on  http://bit.ly/bNDnqE instead		]]></document>
	<document><![CDATA[Was going to spend all day uploading photos to my #dayofdh blog, but since it's bust,  spent all day on http://bit.ly/bNDnqE instead		]]></document>
	<document><![CDATA[@username but how are we to revell in yr FAME if you do not giv link to intrevew chiz chiz?		]]></document>
	<document><![CDATA[Emory University Saves Rushdie’s Digital Data - NYTimes.com http://nyti.ms/9ilv2w		]]></document>
	<document><![CDATA[RT @username Data services: a success story bit.ly/oO5Mvw according to JISC/RIN report. Sad that AHDS is now erased from history		]]></document>
	<document><![CDATA[Now now boys if you can't fight nicely don't fight at all MT @username Uninformed Unhinged and Unfair: The Monbiot Rant http://t.co/tnI5J5x		]]></document>
	<document><![CDATA[well, i've mown the lawn, done my email, dusted the desk, tidied the kitchen.. suppose i'd better get on with writing next week's talks :-(		]]></document>
	<document><![CDATA[Connected Histories: Sources for Building British History, 1500–1900  http://bit.ly/2twLLr ... Version britannique d'Isidore?		]]></document>
	<document><![CDATA[http://t.co/zvquaCj brill radio archive ... sadly no progs pre 1990 or so, but fascinating data set. Does beeb provide sparql endpoint?		]]></document>
	<document><![CDATA[@username http://t.co/l0bEajm is what i meant to say! brill radio archive ... sadly no progs pre 1990 or so, but fascinating data set		]]></document>
	<document><![CDATA[@username Obviously lunch wasn't good enough !		]]></document>
	<document><![CDATA[Sorry, all booked up now, but looks like it should be fun:  [oucs] Linked Data and Practical Semantic Web Workshop http://bit.ly/9Rixcr		]]></document>
	<document><![CDATA[@username  I dont think so  but will check...		]]></document>
	<document><![CDATA["Nothing in digital form is ever finished" (it has said so on my home page since c. 1997)  #uvashape		]]></document>
	<document><![CDATA[@username  I just have this ideological problem about paying to download things. Must get over it.		]]></document>
	<document><![CDATA[@username  -- is that what we used to call an argument?		]]></document>
	<document><![CDATA[@username  all funding schemes are  fragile to a greater or lesser extent		]]></document>
	<document><![CDATA[RT @username: Folksonomies et hypomnemata numériques http://bit.ly/9ChOdm  some useful thoughts on tweeting (in french) #uvashape		]]></document>
	<document><![CDATA[@username  Almost certainly yes if the bizness model works		]]></document>
	<document><![CDATA[@username  And so it does, provided you got to it on a bike		]]></document>
	<document><![CDATA[@username  wouldnt it be more interesting to know what proportion of the historians are DH faculty? #uvashape		]]></document>
	<document><![CDATA[@username  acc to Y Wilks, noone  bothered to tell Bill  that IWS was coming to  OII		]]></document>
	<document><![CDATA[@username  : are hrionline texts in TEI?		]]></document>
	<document><![CDATA[hm, I think Ian L: is only nearly right: Humanities is traditionally the *reinterpreter* of great ideas, not their custodian #uvashape		]]></document>
	<document><![CDATA[@username so you've given up on nexus already ?		]]></document>
	<document><![CDATA[I love the way the boundaries of this term "humanities"  are shifting as rapidly as those of "sustainmibility" were yesterday #uvashape		]]></document>
	<document><![CDATA[@username  @username skim-reading yr talk reminds me to suggest DH projects wch dont expose their TEI sources shd be strangled at birth		]]></document>
	<document><![CDATA[@username  skim-reading yr #uvashape  talk reminds me to suggest DH projects wch dont expose their TEI sources shd be strangled at birth		]]></document>
	<document><![CDATA[conjecturator seems close to  corpus linguistics and  closer to authorship studies   i.e.  main stream old skool LLC  #uvashape		]]></document>
	<document><![CDATA[@username @username @username  I'm even older than him and i probably agree too #uvashape		]]></document>
	<document><![CDATA[edited twitterings around #uvashape  will be an interesting spectacle... complete with glosses, annotation,  we hope <joke/>		]]></document>
	<document><![CDATA[I've subscribed to dananddanfilms's channel on YouTube http://www.youtube.com/user/dananddanfilms?feature=autoshare_twitter		]]></document>
	<document><![CDATA[Part 2 of oxford #linkeddata workshop about to start after excellent intro from j tennison		]]></document>
	<document><![CDATA[Gautier Poupeau: La gazette du Web de données http://bit.ly/9edtBr : loadsa links to follow here (sting in the tail for poor academics tho)		]]></document>
	<document><![CDATA[@username depends on your mode of transport, but in principle easy		]]></document>
	<document><![CDATA[10 years ago we came out of a crisis meeting on the demolition of the Humanities Computing Unit to find the world had changed in other ways		]]></document>
	<document><![CDATA[Dr Who meets semantic web... The Mythology Engine - representing stories on the web http://bit.ly/bYuKeV		]]></document>
	<document><![CDATA["Google is getting antsy" The Chronicle of Higher Education http://bit.ly/blwHa5		]]></document>
	<document><![CDATA[@username @username @username right that's the essential sorted out then #dhhh		]]></document>
	<document><![CDATA[Is your digital data archivable? CINES has a test for that http://t.co/se4X61f0		]]></document>
	<document><![CDATA[More than half of French PHD students don't actually finish their thesis. Wonder what British % is.		]]></document>
	<document><![CDATA[And they ask me why I like being in France! http://t.co/HBzEdqR5		]]></document>
	<document><![CDATA[@username @username looks good.. tho i am sure i've seen quite a few of those sides before... but how did you get them into vimeo?		]]></document>
	<document><![CDATA[at #dhhh willard indicts the usual suspects for not meeting his high academic stds... methinks writing history is about taking revenge		]]></document>
	<document><![CDATA[Here's a really neat way of detecting dodgy stats: tx @username http://t.co/g8CZCacH		]]></document>
	<document><![CDATA[vanhoutte at #dhhh seems to believe there are ontological distinctions amonst disciplines which are independent of socially constructed ones		]]></document>
	<document><![CDATA[@username my hypothesis is that the term "humanities computing" was closely associated (by B'well) with OUP at that time ... #dhhh		]]></document>
	<document><![CDATA[Interesting to see which HC foundational texts edward selectes/ overlooks ...  #dhhh		]]></document>
	<document><![CDATA[oh dear: evh thinks terms exist independently of their use #dhhh		]]></document>
	<document><![CDATA[enjoying @username first return gig : to do crowdsourcing you have to taskify... wikis are not enough #dhhh		]]></document>
	<document><![CDATA[mel sez collecting ephemera , remembering anecdotes ... all of this is part of digital humanities history #dhhh		]]></document>
	<document><![CDATA[@username http://t.co/BSpga0YU mechanical turk for linguistic analysis link		]]></document>
	<document><![CDATA[@username some foundational figures in "humanities computing" come from "digital archaeology" e.g. sebastian rahtz #dhhh		]]></document>
	<document><![CDATA[wonder if vanda knows about rechercheisidore.fr : facetted search system for french DH resources #dhhh		]]></document>
</author>