<?xml version="1.0" encoding="UTF-8" standalone="no"?><author id="user177">
	<document><![CDATA[Well then that was interesting....		]]></document>
	<document><![CDATA[I can not wait! So nervous, but even more excited!		]]></document>
	<document><![CDATA["Sonds Sexual..." @username		]]></document>
	<document><![CDATA[...Ya know? @username http://t.co/7lVfchav		]]></document>
	<document><![CDATA[I think I'm sick :(		]]></document>
	<document><![CDATA[Finally caught up!!!!!!! :D		]]></document>
	<document><![CDATA[Ready? 1 hour, 45 minutes. @username @username @username		]]></document>
	<document><![CDATA["@username: @username @username @username I was born ready" Really, REALLY ? WERE YOU?		]]></document>
	<document><![CDATA[@username @username @username  I was born ready... to die.		]]></document>
	<document><![CDATA[@username SWEET! I Get to ball it up with Jordan! (Lol like the NBA player :D) I crack myself up....		]]></document>
	<document><![CDATA[I can't believe I'm sore. #pissed #ouch		]]></document>
	<document><![CDATA[@username happy for you! Go For Gold!!! ;)		]]></document>
	<document><![CDATA[Define: Go For Gold- Have fun with what ever you are doing & Make the best out of every situation. @username		]]></document>
	<document><![CDATA[@username 4 months! The weekend after march 19th we'll go on one. Kay? :P		]]></document>
	<document><![CDATA[Seems like almost nothing.		]]></document>
	<document><![CDATA[Those moments that I suddenly remember <3		]]></document>
	<document><![CDATA[It's warm out. #michiganweather		]]></document>
	<document><![CDATA[Finding that out made me smile :)		]]></document>
	<document><![CDATA[Gramma: "Wesley?" Mom: "Yeah, Wesley." Gramma: "Oh. *lowers voice* Wesley..." #LoveMyFamily #Embarrassed		]]></document>
	<document><![CDATA[Two ass shots.		]]></document>
	<document><![CDATA["It makes you not want to drink your own pee..." wise words of @username		]]></document>
	<document><![CDATA["It's called master-chef. Not master-bait."		]]></document>
	<document><![CDATA[Fourth of July in Grayling. I miss summer <3 http://t.co/7prVxEns		]]></document>
	<document><![CDATA[& The Bass Drops....		]]></document>
	<document><![CDATA[Ssthhhupid Rethainer -_-		]]></document>
	<document><![CDATA[So Effin close <3		]]></document>
	<document><![CDATA[@username you gotta call me when u got home from ballet!		]]></document>
	<document><![CDATA[The new normal <3 #brianisasoftie		]]></document>
	<document><![CDATA[Damn... I didn't know I could be so hungry!		]]></document>
	<document><![CDATA[Holy shit...		]]></document>
	<document><![CDATA[The girl in the orange shorts....		]]></document>
	<document><![CDATA[Cat life - http://t.co/zFCE29YT		]]></document>
	<document><![CDATA[I really hope my eye is better before Monday. I'm sick of these glasses #dorky		]]></document>
	<document><![CDATA["I'm slim shady, yes I'm the real shady all you other slim shadyes are just immatating..."		]]></document>
	<document><![CDATA[I'm like a little kid waiting for christmas <3		]]></document>
	<document><![CDATA[A moment of sheer terror.		]]></document>
	<document><![CDATA[I just wanted to hide behind my mommy....		]]></document>
	<document><![CDATA[Washing machines are officially my enemy. ????		]]></document>
	<document><![CDATA[Eff You See Kay. Get it?		]]></document>
	<document><![CDATA[Last week flew by... I can't believe its only 3 days <3		]]></document>
	<document><![CDATA[It's kind of sad when people just disappear from your life.		]]></document>
	<document><![CDATA[Can it be soccer season yet?		]]></document>
	<document><![CDATA[I can't wait for red noses, hot chocolate and snow <3		]]></document>
	<document><![CDATA[Where has time gone? So close to seeing you <3		]]></document>
	<document><![CDATA[Do I really have to go to school the next two days? Didn't think so.		]]></document>
	<document><![CDATA[Haircut Tuesday. Thinking about getting it bobbed. Haha not. I want #longhair :(		]]></document>
	<document><![CDATA[Easiest way to screw up a knock knock joke: "knock knock." "It's open."		]]></document>
	<document><![CDATA[Ready for tomorrow <3 then the day after <3 then the day after <3		]]></document>
	<document><![CDATA[Does my body know its only 9 o'clock? #sosleepy		]]></document>
	<document><![CDATA[There is no point of going to school tomorrow -_-		]]></document>
	<document><![CDATA[Those conversations in 1st hour > @username #makesmyday		]]></document>
	<document><![CDATA["See regardless of what anybody believes who hates me; you ain’t gonna make or break me." -Eminem		]]></document>
	<document><![CDATA[Don't you wanna dance?		]]></document>
	<document><![CDATA["You tell me that I'm crazy, but your the one that makes me this way."		]]></document>
	<document><![CDATA[Why in the hell did I put that song on my iPod?		]]></document>
	<document><![CDATA[“@username: #CallACutieOut @username #cowgirl #beautifulgirlie http://t.co/N1jPhV3D” damn. Who Is that Chica? She finnnnneeeee :)		]]></document>
	<document><![CDATA[@username @username *raises arms innocently* what did I doo?		]]></document>
	<document><![CDATA[@username you always tell me it's nasty!		]]></document>
	<document><![CDATA[#30SongsOnShuffle Come Away To The Water- Maroon 5		]]></document>
	<document><![CDATA[#30SongsOnShuffle Midnight City- M83		]]></document>
	<document><![CDATA[#30SongsOnShuffle The Real Her		]]></document>
	<document><![CDATA[#30SongsOnShuffle Bright Lights		]]></document>
	<document><![CDATA[#30SongsOnShuffle I Can't Lie		]]></document>
	<document><![CDATA[#30SongsOnShuffle Get Back In My life		]]></document>
	<document><![CDATA[#30SongsOnShuffle Chasing The Sun		]]></document>
	<document><![CDATA[#30SongsOnShuffle Crank It Up		]]></document>
	<document><![CDATA[#30SongsOnShuffle Storm Warning- Hunter Hayes		]]></document>
	<document><![CDATA[#30SongsOnShuffle New Soul- Yael Naim		]]></document>
	<document><![CDATA[#30SongsOnShuffle It Girl- Jason DeRulo		]]></document>
	<document><![CDATA[#30SongsOnShuffle Bulletproof- La Roux		]]></document>
	<document><![CDATA[#30SongsOnShuffle If You Told Me To		]]></document>
	<document><![CDATA[#30SongsOnShuffle Is Anybody Out There- Maroon 5		]]></document>
	<document><![CDATA[#30SongsOnShuffle Sounf Off- Slaughterhouse		]]></document>
	<document><![CDATA[#30SongsOnShuffle Feeling Good- Michael Buble		]]></document>
	<document><![CDATA[#30SongsOnShuffle Strange Clouds- B.o.B.		]]></document>
	<document><![CDATA[#30SongsOnShuffle Pound The Alarm- Nicki Minaj		]]></document>
	<document><![CDATA[#30SongsOnShuffle Gimme More- Britney Spears		]]></document>
	<document><![CDATA[#30SongsOnShuffle Nothing Lasts Forever- Maroon 5		]]></document>
	<document><![CDATA[#30SongsOnShuffle Na Na Hey Kiss Him Goodbye- Steam #wellthen...		]]></document>
	<document><![CDATA[#30SongsOnShuffle Mr. Brightside- The Killers		]]></document>
	<document><![CDATA[One of this biggest lies "yeah, I remember"		]]></document>
	<document><![CDATA[?<--- my mind during a test 
???? <--- my mind when I'm trying to fall asleep		]]></document>
	<document><![CDATA[@username @username Why can't you seeee?????		]]></document>
	<document><![CDATA[@username @username your everything I hope forrrrr....		]]></document>
	<document><![CDATA[“@username: @username @username you're insecure....don't know what for.....” What are YOU singing????!?		]]></document>
	<document><![CDATA[*pulls out gum in class* instantly popular.		]]></document>
	<document><![CDATA[@username I tapped that button... Now I don't see any of your tweets :(		]]></document>
	<document><![CDATA[Ok I officially want to see Dear John.		]]></document>
	<document><![CDATA[It's time... ?????   ????		]]></document>
	<document><![CDATA[@username @username sorry to say, wrong song girlie....		]]></document>
	<document><![CDATA[@username @username interjecting....		]]></document>
	<document><![CDATA[@username I was so confused. In didnt know a Pookiebear and cuddle muffin were both a shnookems		]]></document>
	<document><![CDATA[@username CuddleMuffin <3 ????		]]></document>
	<document><![CDATA[@username @username what class are we in?		]]></document>
	<document><![CDATA[@username @username ...oh I don't pay attention in either of those classes.		]]></document>
	<document><![CDATA[@username @username nah ill pass by on good looks.		]]></document>
	<document><![CDATA["I'm going to bed now." #liesimtiredofhearing I Told myself that one 1/2 hour ago.		]]></document>
	<document><![CDATA[“@username: @username @username Pshhhhh never.” Hey I kinda have a thing with the teacher. She's my hubby....		]]></document>
	<document><![CDATA[@username @username conceded much? ???? okay I'm out! Sweet dreams! ????		]]></document>
	<document><![CDATA[@username - to my only ???? without an ????????: you are such a ????????. You know what??? ???? ???? YOU!		]]></document>
</author>