<?xml version="1.0" encoding="UTF-8" standalone="no"?><author id="user32">
	<document><![CDATA[Today stats: No new followers, 2 unfollowers via http://t.co/8XjmjsVFGx		]]></document>
	<document><![CDATA[Today stats: One follower, One unfollower via http://t.co/I4LLYJWjVD		]]></document>
	<document><![CDATA[Today stats: One follower, One unfollower via http://t.co/I4LLYJWjVD		]]></document>
	<document><![CDATA[Today stats: One follower, No unfollowers via http://t.co/I4LLYJWjVD		]]></document>
	<document><![CDATA[Today stats: No new followers, 2 unfollowers via http://t.co/I4LLYJWjVD		]]></document>
	<document><![CDATA["@username: Weed + Netflix + Bae = ????????" Netflix = ????????		]]></document>
	<document><![CDATA[Today stats: One follower, One unfollower via http://t.co/8XjmjsVFGx		]]></document>
	<document><![CDATA[Today stats: No new followers, 3 unfollowers via http://t.co/I4LLYJWjVD		]]></document>
	<document><![CDATA[I CHOOSE TO FIGHT BACK!		]]></document>
	<document><![CDATA[We'll rebuild on the soul of this little warrior, we will pick up his standard and raise it HIGH!		]]></document>
	<document><![CDATA[Today stats: No new followers, One unfollower via http://t.co/I4LLYJWjVD		]]></document>
	<document><![CDATA[Today stats: 5 followers, No unfollowers and followed one person via http://t.co/I4LLYJWjVD		]]></document>
	<document><![CDATA[Today stats: 2 followers, 3 unfollowers and followed one person via http://t.co/I4LLYJWjVD		]]></document>
	<document><![CDATA[Why are 90% of the cute girls stupid as hell		]]></document>
	<document><![CDATA["@username: “@username: @username sup nf”fb" #fissa		]]></document>
	<document><![CDATA[@username odd what		]]></document>
	<document><![CDATA[Medicine // The 1975		]]></document>
	<document><![CDATA[I shud start working out		]]></document>
	<document><![CDATA[Today stats: 2 followers, One unfollower and followed 2 people via http://t.co/I4LLYJWjVD		]]></document>
	<document><![CDATA[Today stats: 3 followers, No unfollowers via http://t.co/8XjmjsVFGx		]]></document>
	<document><![CDATA[@username @username that's called friends with benefits lol		]]></document>
	<document><![CDATA[Today stats: 3 followers, 2 unfollowers via http://t.co/I4LLYJWjVD		]]></document>
	<document><![CDATA["@username: When you have to take the Trash out but you can't find your shoes... https://t.co/ajJLp8aHKm" The 1975 ????		]]></document>
	<document><![CDATA[@username why the sad face ????		]]></document>
	<document><![CDATA[@username oh. Sorry ????		]]></document>
	<document><![CDATA[@username @username oh ie		]]></document>
	<document><![CDATA["@username: How much will you have ? http://t.co/2O6BLbteDa" guys be like "$10.000.000"		]]></document>
	<document><![CDATA["@username: Black clothes over any other clothes" ???????????????????? this		]]></document>
	<document><![CDATA["@username: if we're dating & you breakup with me i'm telling your dad you sucked my dick ????????" say what ????????????		]]></document>
	<document><![CDATA[@username NOU JE LIKT MAAR BIJ IEMAND ANDERS IEEEEEE BEN GEEN PEDOFIEL SAHBE		]]></document>
	<document><![CDATA[You look so cool		]]></document>
	<document><![CDATA[@username sick thanks man		]]></document>
	<document><![CDATA[Today stats: 4 followers, 3 unfollowers and followed 4 people via http://t.co/I4LLYJWjVD		]]></document>
	<document><![CDATA["@username: When you're a white kid and get cyber bullied http://t.co/M2y0sxbwj5" @username		]]></document>
	<document><![CDATA[@username @username winter is coming		]]></document>
	<document><![CDATA["@username: Fav and follow me for a follow back ???? http://t.co/MFv1dfnwKr" no		]]></document>
	<document><![CDATA[Someone donate me €1000 so I can buy shoes		]]></document>
	<document><![CDATA[HOEZO STAAT DIE NIEUWE DRACULA FILM WEL OP POPCORNTIME OP ANDROID EN NIET OP PC		]]></document>
	<document><![CDATA[Popcorntime is racist		]]></document>
	<document><![CDATA[Today stats: 4 followers, One unfollower via http://t.co/I4LLYJWjVD		]]></document>
	<document><![CDATA[@username #tbt oh wait... http://t.co/FPxGN2rlz8		]]></document>
	<document><![CDATA[Where's the fun in doing what you're told		]]></document>
	<document><![CDATA[@username fucking hater		]]></document>
	<document><![CDATA[@username @username HALLO sorry hoor		]]></document>
	<document><![CDATA[Today stats: 6 followers, 2 unfollowers and followed 2 people via http://t.co/8XjmjsVFGx		]]></document>
	<document><![CDATA[BRUH NOT COOL http://t.co/srh3LGQXBU		]]></document>
	<document><![CDATA[@username HELEMAAL NIET GODVER		]]></document>
	<document><![CDATA[Today stats: One follower, 2 unfollowers via http://t.co/8XjmjsVFGx		]]></document>
	<document><![CDATA[Why don't you just act your age		]]></document>
	<document><![CDATA[Settle down		]]></document>
	<document><![CDATA[New header		]]></document>
	<document><![CDATA[I feel like driving to nowhere		]]></document>
	<document><![CDATA[MOOI DAT IK DE AUTOSLEUTELS HEB HAHA		]]></document>
	<document><![CDATA[We might as well just fuck. Hihi		]]></document>
	<document><![CDATA[SMILING FROM EAR TO EAR, I'M FEELING THIS		]]></document>
	<document><![CDATA[How the fuck can you not like Blink182		]]></document>
	<document><![CDATA[We started making out, and she took off my pants, but then I turned on the TV		]]></document>
	<document><![CDATA[What's my age again?		]]></document>
	<document><![CDATA[Today stats: 2 followers, 2 unfollowers and followed one person via http://t.co/I4LLYJWjVD		]]></document>
	<document><![CDATA["@username: #votw5sos cause we love to party" he fucked up		]]></document>
	<document><![CDATA[Feel the wrath of the psychopath		]]></document>
	<document><![CDATA[@username @username she's thinking "where the fuck am I gon sit now"		]]></document>
	<document><![CDATA["Update failed" Rito please		]]></document>
	<document><![CDATA[@username HAHAHA IK OOK		]]></document>
	<document><![CDATA[@username op netflix of popcorntime of wat		]]></document>
	<document><![CDATA[@username @username fuckin A		]]></document>
	<document><![CDATA["@username: IK HEB KANKER MET EBOLA IN MIJN TIMELINE ONTDEKT ???????? http://t.co/ciabud5GM2" "lieve hart" "lieve verstand" ????		]]></document>
	<document><![CDATA[@username ofmark		]]></document>
	<document><![CDATA[Today stats: 2 followers, One unfollower and followed 4 people via http://t.co/I4LLYJWjVD		]]></document>
	<document><![CDATA[@username HALLO REAGEER OP APP		]]></document>
	<document><![CDATA[I'm like a Chromosome I always X em		]]></document>
	<document><![CDATA[WE COULD BE HEROES		]]></document>
	<document><![CDATA[@username @username 100% devil worshipper http://t.co/8RtRNbgLDe		]]></document>
	<document><![CDATA[@username @username @username 13 Grammys, "Icon of the Year" award, best selling artist of the year 2000, enzovoorts. Wat heeft zij		]]></document>
	<document><![CDATA[@username @username @username eat shit and die		]]></document>
	<document><![CDATA["@username: @username @username @username @username @username @username respect ???? http://t.co/zjQ6EKDa5v" ly		]]></document>
	<document><![CDATA[[My Best Fans] @username @username @username @username @username @username via http://t.co/yC7hujgQuj http://t.co/gXUgymPZuC		]]></document>
	<document><![CDATA["@username: You're all my #wcw http://t.co/NXmyouqT24"		]]></document>
	<document><![CDATA[There are only so many ways I can make love with my hand		]]></document>
	<document><![CDATA[M+M's - Blink182		]]></document>
	<document><![CDATA[@username "My love life was getting so bland
There are only so many ways I can make love with my hand" M+M's - Blink 182 haha		]]></document>
	<document><![CDATA[@username netflix >>>>>>> everything		]]></document>
	<document><![CDATA[Today stats: 2 followers, 3 unfollowers and followed 4 people via http://t.co/8XjmjsVFGx		]]></document>
	<document><![CDATA[Today stats: No new followers, One unfollower via http://t.co/I4LLYJWjVD		]]></document>
	<document><![CDATA[WAAROM BEN IK WAKKER		]]></document>
	<document><![CDATA[Ugh		]]></document>
	<document><![CDATA[@username @username HALLO IK NEGEER NIEMAND HOOR		]]></document>
	<document><![CDATA[@username @username DAT IK NIET BINNEN 1 SECONDE REAGEER BETEKENT NIET DAT IK JE NEGEER HOOR		]]></document>
	<document><![CDATA[Today stats: 2 followers, 3 unfollowers and followed one person via http://t.co/I4LLYJWjVD		]]></document>
	<document><![CDATA[@username @username @username "You know my name not my story" zeker ????????????????????????		]]></document>
	<document><![CDATA[@username JA DAT DACHT IK OOK JA		]]></document>
	<document><![CDATA[Shower in a can ???? http://t.co/NMuGOYVDIm		]]></document>
	<document><![CDATA[Today stats: One follower, One unfollower via http://t.co/8XjmjtMt4J		]]></document>
	<document><![CDATA[@username "and we get a free lunch" hahahaha		]]></document>
	<document><![CDATA[Today stats: 2 followers, No unfollowers via http://t.co/n7daCHo3M2		]]></document>
	<document><![CDATA["@username: Just a bit of motivation - http://t.co/9uLERH1f8O" more like "Wake up. Cry. Eat. Sleep"		]]></document>
	<document><![CDATA[Today stats: No new followers, 3 unfollowers via http://t.co/n7daCHo3M2		]]></document>
	<document><![CDATA[@username hahahaha *insert all hate emoji's*		]]></document>
	<document><![CDATA[Just one of those days http://t.co/ejufiYiXMr		]]></document>
	<document><![CDATA[@username heb al red bull bitch		]]></document>
</author>