<?xml version="1.0" encoding="UTF-8" standalone="no"?><author id="user484">
	<document><![CDATA[@username @username totally true		]]></document>
	<document><![CDATA[He encontrado I Don't Know What I Can Save You From de Kings Of Convenience con #Shazam. http://t.co/rcrFNwK144		]]></document>
	<document><![CDATA[Totally true http://t.co/8dRmXqDaLR		]]></document>
	<document><![CDATA[“@username: If only Bradley's arm was longer. Best photo ever. #oscars http://t.co/74WO0giY57”		]]></document>
	<document><![CDATA[DE TAL MANERA ME AMO DE JESUS ADRIAN ROMERO LA PASION DE CRISTO - YouTube.flv http://t.co/U56qKeAncN		]]></document>
	<document><![CDATA[Mary Lou Jepsen: Could future devices read images from our brains? http://t.co/s1a6AQa1al		]]></document>
	<document><![CDATA[New Realistically-Proportioned 'Anti-Barbie' Touches A Nerve (via @username) http://t.co/eSrduO2tL1		]]></document>
	<document><![CDATA[Google To Release Developer Kit For Wearables In Two Weeks (via @username) http://t.co/Nx2nfVunZO		]]></document>
	<document><![CDATA[Waiting for the end - Linking Park :D 
http://t.co/mEihlAQLQ9		]]></document>
	<document><![CDATA[Ahora si, being happy with myself ???? http://t.co/kP9yVR4MZD		]]></document>
	<document><![CDATA[@username hermoso!!!! ???????? http://t.co/J0hHiyucTp		]]></document>
	<document><![CDATA[Falling in love with him! ????		]]></document>
	<document><![CDATA[Louie Schwartzberg: Hidden miracles of the natural world http://t.co/irJYqvLCUV		]]></document>
	<document><![CDATA[One Weird Trick to Stay Asleep All Night http://t.co/4RjRCoLVaj		]]></document>
	<document><![CDATA[New Order - Blue Monday: http://t.co/KTZfCOqG4i vía @username		]]></document>
	<document><![CDATA[Evolution of Music - Pentatonix http://t.co/kpMOqFTjnD		]]></document>
	<document><![CDATA[#PudoSerElAmorDeMiVida but he let me go http://t.co/LNfMUSkpRQ		]]></document>
	<document><![CDATA[@username ???? que fino tweet		]]></document>
	<document><![CDATA[Fat Girl Falls On Treadmill http://t.co/vaACJ31ww3		]]></document>
	<document><![CDATA[8 Reasons To Be Yourself via @username http://t.co/o9gUIZ9NhI		]]></document>
	<document><![CDATA[Everyday Health http://t.co/X4yYB593Hr		]]></document>
	<document><![CDATA[This video might change the way you see domestic violence.  http://t.co/p7YvL7MO24		]]></document>
	<document><![CDATA[I know where I go http://t.co/01Pmdlf7T9		]]></document>
	<document><![CDATA[Love is blindness http://t.co/xVKfmOvgj6		]]></document>
	<document><![CDATA[Jack White Love Interruption  http://t.co/7rwwptTtpE		]]></document>
	<document><![CDATA[Arcade Fire - Crown of Love [live]  http://t.co/FOa1AlVaHJ vía @username		]]></document>
	<document><![CDATA[Little bad cat @username http://t.co/Qb8aV2YaQk		]]></document>
	<document><![CDATA[Gorillaz- Dare (Lyrics) http://t.co/9NuEpeOu48		]]></document>
	<document><![CDATA[The Rolling Stones - Rain Fall Down - #BuenaMusica http://t.co/PJWUKyLZ21		]]></document>
	<document><![CDATA[Pink Floyd- Another Brick in the wall  http://t.co/e5xoLC5xuj		]]></document>
	<document><![CDATA[Pink Floyd - Wish U Were Here #buenamusica http://t.co/rhl8pRB0CK		]]></document>
	<document><![CDATA[He encontrado Bandit Of My Dreams de Eddie Hodges con #Shazam. http://t.co/zhXOoc3zum		]]></document>
	<document><![CDATA[He encontrado From Me To You de The Beatles con #Shazam. http://t.co/FeY2k8GSx7		]]></document>
	<document><![CDATA[Evan Craft & Carley Redpath - "Océanos" OFFICIAL (OCEANS - HILLSONG UNITED) http://t.co/fopaogQVkB		]]></document>
	<document><![CDATA[#NowPlaying I Want To Break Free
Queen • Absolute Greatest en #Spotify  http://t.co/xFDz5KaK7u		]]></document>
	<document><![CDATA[Gates Cambridge Scholarships - How to apply http://t.co/OIs0Sz9AsG		]]></document>
	<document><![CDATA[He encontrado Bust A Move de Young MC con #Shazam. http://t.co/irDlDIqprc		]]></document>
	<document><![CDATA[#NowPlaying Bust A Move
Young MC • Stone Cold Rhymin' en #Spotify  http://t.co/kzovwL2utX		]]></document>
	<document><![CDATA[#NowPlaying We Will Rock You
Queen • News Of The World en #Spotify  http://t.co/B7lWXikkrK		]]></document>
	<document><![CDATA[#NowPlaying Bohemian Rhapsody
Queen • A Night At The Opera en #Spotify  http://t.co/54G1V5LHE3		]]></document>
	<document><![CDATA[#MiMejorConcierto Holi Festival of colors http://t.co/TfG5kXxVeA		]]></document>
	<document><![CDATA[#NowPlaying We Will Rock You
Queen • News Of The World en #Spotify  http://t.co/B7lWXikkrK		]]></document>
	<document><![CDATA[#PersonasIndeseables You know what I mean http://t.co/JIXFsx2AkM		]]></document>
	<document><![CDATA[#NowPlaying Oceans (Where Feet May Fail) [Reloaded]
Hillsong United • Zion (Deluxe Edit… http://t.co/TEMicencq8		]]></document>
	<document><![CDATA[#NowPlaying Lonely Boy
The Black Keys • Lonely Boy en #Spotify  http://t.co/udrmQU1dyN		]]></document>
	<document><![CDATA[He encontrado Wooly Bully de Sam The Sham & The Pharaohs con #Shazam. http://t.co/sqieIG6iez		]]></document>
	<document><![CDATA[#NowPlaying Son Of A Preacher Man - For Use In The US & Canada
Dusty Springfield • Pulp… http://t.co/KjrpF0WS0U		]]></document>
	<document><![CDATA[#NowPlaying Jungle Boogie
Kool & The Gang • Pulp Fiction en #Spotify  http://t.co/bTKRCcz1fa		]]></document>
	<document><![CDATA[He encontrado Lotus Flower de Radiohead con #Shazam. http://t.co/TRRyzf6wSy		]]></document>
	<document><![CDATA[He encontrado She Moves In Her Own Way de The Kooks con #Shazam. http://t.co/RVhuJqWlsn		]]></document>
	<document><![CDATA[He encontrado Flowers On The Wall de The Statler Brothers con #Shazam. http://t.co/1zXDdXLETa		]]></document>
	<document><![CDATA[#NowPlaying Back To Black
Amy Winehouse • Frank & Back To Black en #Spotify  http://t.co/dL3W9QWiHz		]]></document>
	<document><![CDATA[#NowPlaying Valerie - Live, BBC Radio 1 Live Lounge, London/2007
Amy Winehouse • Frank … http://t.co/ysDPvqep83		]]></document>
	<document><![CDATA[#NowPlaying October Song
Amy Winehouse • Frank & Back To Black en #Spotify  http://t.co/XDJiJViKNB		]]></document>
	<document><![CDATA[#NowPlaying Penny Lane
The Beatles Recovered Band • Beatles 20 No. 1 Hits! en #Spotify  http://t.co/3IYYDRhO7Y		]]></document>
	<document><![CDATA[#NowPlaying Always on My Mind - Remastered
Elvis Presley • The Essential Elvis Presley … http://t.co/S2nXNKfzE7		]]></document>
	<document><![CDATA[#NowPlaying Suspicious Minds
Elvis Presley • Elvis 75 - Good Rockin' Tonight en #Spotif… http://t.co/XrG2y4qyRC		]]></document>
	<document><![CDATA[#NowPlaying Time Is Running Out
Muse • Absolution en #Spotify  http://t.co/9U6UV5mmJm		]]></document>
	<document><![CDATA[#NowPlaying Won't Be Long
The Hives • The Black and White album en #Spotify  http://t.co/Zd7wNPiAJH		]]></document>
	<document><![CDATA[#NowPlaying Tick Tick Boom
The Hives • The Black and White album en #Spotify  http://t.co/X9XTAoXHut		]]></document>
	<document><![CDATA[#NowPlaying Mr. Brightside
The Killers • Hot Fuss en #Spotify  http://t.co/CW0IUmPT3q		]]></document>
	<document><![CDATA[#NowPlaying Human
The Killers • Day & Age en #Spotify  http://t.co/yVIYq2FmZx		]]></document>
	<document><![CDATA[Kitra Cahana: My father, locked in his body but soaring free http://t.co/hOdgGVazU2		]]></document>
	<document><![CDATA[#NowPlaying Crazy Little Thing Called Love
Queen • Absolute Greatest en #Spotify  http://t.co/ejntcooHjC		]]></document>
	<document><![CDATA[#NowPlaying We Will Rock You
Queen • News Of The World en #Spotify  http://t.co/B7lWXikkrK		]]></document>
	<document><![CDATA[#NowPlaying Don't Stop Me Now
Queen • Absolute Greatest en #Spotify  http://t.co/yGWTiApGlC		]]></document>
	<document><![CDATA[#NowPlaying How He Loves
David Crowder Band • Church Music en #Spotify  http://t.co/mL4chRpvx8		]]></document>
	<document><![CDATA[#NowPlaying O Praise Him (All This For A King)
David Crowder Band • All This For A King… http://t.co/trKBxCXBRx		]]></document>
	<document><![CDATA[#NowPlaying Gimme Tha Power - Urban Mix
Molotov • Dónde Jugarán Las Niñas 10th Annivers… #TodosSomosAyotzinapa http://t.co/nd6GtVm6vO		]]></document>
	<document><![CDATA[#YaMeCanse de #EPN #EPNBringThemBack #AccionGlobalporAyotzinapa http://t.co/KscV2FYTYx		]]></document>
	<document><![CDATA[Evan Craft & Carley Redpath - "Océanos" OFFICIAL (OCEANS - HILLSONG UNITED) http://t.co/fopaoh8wsF		]]></document>
	<document><![CDATA[Mercy! For this town, mercy for our people! Mercy GOD, please. #mercyforMexico ???????? #YaMeCanse		]]></document>
	<document><![CDATA[@username uuhhhhh si ???? incredibles!		]]></document>
	<document><![CDATA[#NowPlaying Chinga Tu Madre
Molotov • Dónde Jugarán Las Niñas 10th Anniversary Edition … http://t.co/ivGAaA0UKx		]]></document>
	<document><![CDATA[He encontrado Chick Habit de April March con #Shazam. http://t.co/19oFquJl2v		]]></document>
	<document><![CDATA[#NowPlaying I'm Yours
Jason Mraz • We Sing. We Dance. We Steal Things. en #Spotify  http://t.co/PC9NnfmUCG		]]></document>
	<document><![CDATA[The Hives - Tick Tick Boom http://t.co/scJkQa1tEB		]]></document>
	<document><![CDATA[AC/DC - Back in Black http://t.co/iYLmFDZFve		]]></document>
	<document><![CDATA[Hate to Say I Told You So http://t.co/IVXPUW5ZS4		]]></document>
	<document><![CDATA[Pink Floyd - Another Brick In The Wall (HQ) http://t.co/CvVcdfK1tG		]]></document>
	<document><![CDATA[Pink Floyd - Wish You Were Here Mi BERTITA ???????????????????????????????? http://t.co/i1wG6wzaKx		]]></document>
	<document><![CDATA[The Beatles - Love me Do http://t.co/5blOarIta8		]]></document>
	<document><![CDATA[The Beatles-Hey Jude http://t.co/0R7DpAUgsP		]]></document>
	<document><![CDATA[#NowPlaying You're My Best Friend
Queen • A Night At The Opera en #Spotify @username  http://t.co/Pga4Wnh3pn		]]></document>
	<document><![CDATA[#NowPlaying In the Ghetto
Elvis Presley • Elvis 30 #1 Hits en #Spotify  http://t.co/P8IgMMed9g		]]></document>
	<document><![CDATA[#NowPlaying Suspicious Minds
Elvis Presley • Elvis 75 - Good Rockin' Tonight en #Spotif… http://t.co/XrG2y5hmfO		]]></document>
	<document><![CDATA[#NowPlaying Non, Je Ne Regrette Rien
Edith Piaf • Edith Piaf - The Best Of en #Spotify  http://t.co/iWJ3HWB1m6		]]></document>
	<document><![CDATA[#NowPlaying La foule
Edith Piaf • Edith Piaf - The Best Of en #Spotify  http://t.co/A083jcxWog		]]></document>
	<document><![CDATA[#NowPlaying Scandal of Grace
Hillsong United • Zion en #Spotify  http://t.co/ApdWX7mpVS		]]></document>
	<document><![CDATA[#NowPlaying Feeling Good
Nina Simone • Four Women: The Complete Nina Simone On Philips … http://t.co/FzhBeSMilD		]]></document>
	<document><![CDATA[#NowPlaying Here Comes the Sun
Nina Simone • Just Like A Woman: Nina Simone Sings Class… http://t.co/skYy5DUZt9		]]></document>
	<document><![CDATA[#NowPlaying In the Ghetto
Elvis Presley • Elvis 30 #1 Hits en #Spotify ???????? http://t.co/P8IgMMed9g		]]></document>
	<document><![CDATA[#NowPlaying Suspicious Minds
Elvis Presley • Elvis 75 - Good Rockin' Tonight en #Spotif… http://t.co/XrG2y5hmfO		]]></document>
	<document><![CDATA[#NowPlaying Always on My Mind - Remastered
Elvis Presley • The Essential Elvis Presley … http://t.co/3JhehbZZY6		]]></document>
	<document><![CDATA[#NowPlaying I've Lost You - Take 1
Elvis Presley • That's the Way It Is (Deluxe Edition… http://t.co/vs9Vx2rAwn		]]></document>
	<document><![CDATA[#NowPlaying Crazy
Gnarls Barkley • St. Elsewhere en #Spotify  http://t.co/dOegx1De8z		]]></document>
	<document><![CDATA[#NowPlaying Can't Get Enough Of Your Love, Babe
Barry White • Barry White's Greatest Hi… http://t.co/8RjOas0ed1		]]></document>
	<document><![CDATA[#NowPlaying Higher Ground - 2003 - Remaster
Red Hot Chili Peppers • Mother's Milk en #S… http://t.co/Hr3Iu6azvq		]]></document>
	<document><![CDATA[#NowPlaying Can't Stop
Red Hot Chili Peppers • By The Way (Deluxe Version) en #Spotify  http://t.co/9y1Phz2huX		]]></document>
	<document><![CDATA[#NowPlaying Give It Away
Red Hot Chili Peppers • Blood Sugar Sex Magik (Deluxe Version)… http://t.co/qbRQFuOrwT		]]></document>
</author>