<?xml version="1.0" encoding="UTF-8" standalone="no"?><author id="user113">
	<document><![CDATA[Check out my new mix on @username: "amme hizmeti" at ? http://t.co/Gju7tjtR		]]></document>
	<document><![CDATA[My Top 3 #lastfm Artists: The New Pornographers (46), Neko Case (20) & Mick Harvey (15) http://t.co/7buJKeah		]]></document>
	<document><![CDATA[Check out my new mix on @username: "sonbahar 101" at ? http://t.co/N3GUTmfB		]]></document>
	<document><![CDATA[@username vertigo, butch cassidy and the sundance kid, the prestige, marie antoinette, the darjeeling limited. bonus:the pianist.		]]></document>
	<document><![CDATA[Check out my new mix on @username: "T vitamini" at ? http://t.co/JVOOK3Gc		]]></document>
	<document><![CDATA[Once in a blue moon.		]]></document>
	<document><![CDATA[Check out my new mix on @username: "Rave On" at ? http://t.co/nw01ZmCk		]]></document>
	<document><![CDATA[@username why can't i connect my last.fm account to 8tracks. it couldn't authenticate with last.fm.		]]></document>
	<document><![CDATA[@username rocket juice & the moon #isminisevdigimgruplar		]]></document>
	<document><![CDATA[My Top 3 #lastfm Artists: Art Tatum (20), Red Hot Chili Peppers (14) & Noel Gallagher's High Flying Birds (8) http://t.co/7buJKeah		]]></document>
	<document><![CDATA[Hadi gucumuzu gosterelim hedef 61k eheheh"@username: 1st time in Greece and 60k fans come out to see us play??!! What an honor..thanks you!"		]]></document>
	<document><![CDATA[I'm at Red Hot Chili Peppers Türkiye Konseri w/ @username [pic]: http://t.co/iy2HCl4V		]]></document>
	<document><![CDATA[Koya koya 2 tane kedi fotografi mi koydun instagrama Istanbul'dan @username more photos from Istanbul, other than cats please!		]]></document>
	<document><![CDATA[My Top 3 #lastfm Artists: Red Hot Chili Peppers (21), Across The Universe Sountrack (7) & Ayreon (3) http://t.co/7buJKeah		]]></document>
	<document><![CDATA[Gectigimiz donem Ingilizcesiyle dalga gectigim hoca advisor'im olmus. (What is the most important thing? We are here, but nothing.)		]]></document>
	<document><![CDATA[@username which gelin is this?		]]></document>
	<document><![CDATA[My Top 2 #lastfm Artists: Coldplay (4) & Azealia Banks (1) http://t.co/7buJKeah		]]></document>
	<document><![CDATA[@username spotted a hot, muscular guy in zincirlikuyu carrying a gym bag.		]]></document>
	<document><![CDATA[My Top 3 #lastfm Artists: Redd (14), The Last Shadow Puppets (14) & Jimi Hendrix (7) http://t.co/7buJKeah		]]></document>
	<document><![CDATA[My Top 3 #lastfm Artists: Muse (15), OutKast (4) & David Bowie (4) http://t.co/7buJKeah		]]></document>
	<document><![CDATA[@username o zaman, bir de "3 things that define me are family, struggling and cock" dedi. hala inanam?yorum.		]]></document>
	<document><![CDATA[@username can i ask what are you pinning if it's not too private?		]]></document>
	<document><![CDATA[My Top 3 #lastfm Artists: Diana Krall (17), David Bowie (13) & Muse (11) http://t.co/7buJKeah		]]></document>
	<document><![CDATA[I estimated where Felix Baumgartner will land when he attempts the @username record breaking freefall jump http://t.co/PUbN31rw		]]></document>
	<document><![CDATA[My Top 3 #lastfm Artists: Florrie (12), OutKast (4) & Tarkan (4) http://t.co/7buJKeah		]]></document>
	<document><![CDATA[My Top 3 #lastfm Artists: The White Stripes (19), Led Zeppelin (18) & The Beatles (16) http://t.co/7buJKeah		]]></document>
	<document><![CDATA[ZÜGERFACT: "Women in Papua New Guinea are forbidden to see music instruments or the whole village might get killed by other villages."		]]></document>
	<document><![CDATA[My precious: ilk pikabim. #playingnow the doors-la woman http://t.co/8JCo3io2		]]></document>
	<document><![CDATA[Just posted a photo http://t.co/J5JQU5gd		]]></document>
	<document><![CDATA[My Top 3 #lastfm Artists: Red Hot Chili Peppers (23), Frank Ocean (6) & Adele (5) http://t.co/7buJKeah		]]></document>
	<document><![CDATA[My Top 3 #lastfm Artists: Red Hot Chili Peppers (61), Redd (28) & David Bowie (16) http://t.co/7buJKeah		]]></document>
	<document><![CDATA[My #twitter age is 497 days 23 hours 18 minutes 9 seconds. Find out yours at http://twitter.seocoder.org/ #twittertime		]]></document>
	<document><![CDATA[Züge is back in the game, bitches.		]]></document>
	<document><![CDATA[My Top 3 #lastfm Artists: Muse (2), Jack White (2) & Kasabian (2) http://t.co/7buJKeah		]]></document>
	<document><![CDATA[@username the libertines-music when the lights go out. Yazmasam olmazdi.  #revolution		]]></document>
	<document><![CDATA[Check out my new mix on @username: "Depression Cardigan" at ? http://t.co/dfL2TNeV		]]></document>
	<document><![CDATA[AAAAAAAAAAAHHHHH NICK CAVEEEEE		]]></document>
	<document><![CDATA[Wonderland'de ilginc bir playlist tecrube ediyorum: Anthony and the Johnsons, Vaya Con Dios ve Teoman.		]]></document>
	<document><![CDATA[My Twitter value is $39.55, according to http://www.twalue.com ... What about yours? #twalue		]]></document>
	<document><![CDATA[River deep, mountain high!		]]></document>
	<document><![CDATA[Fuck this, I'm going to sleep.		]]></document>
	<document><![CDATA[Beyler, per?embe 9-11,  I'll be ON AIR!		]]></document>
	<document><![CDATA[Bored to Death izlemem laz?m bu hafta.		]]></document>
	<document><![CDATA["Efsanevi rock grubu The Beatles'dan John Lennon'dan Working Class Hero dinliyoruz."  abiiiiiiiiii :(		]]></document>
	<document><![CDATA[Jack White ne giymis oyle? Ismail Abi ceketi mi o? http://t.co/QYs7EcMY		]]></document>
	<document><![CDATA[Boosh! I just scored 63.34 Million in #SuperMAMC. Yeni bagimlilik.  http://t.co/WavMA9Xb http://t.co/0GwE4562		]]></document>
	<document><![CDATA[No more hiding.		]]></document>
	<document><![CDATA[Mutant and proud.		]]></document>
	<document><![CDATA[“@username: How bout this sweatshirt.. http://t.co/xmFaNzugj7” hepimize bir tane lutfen. @username @username @username		]]></document>
	<document><![CDATA[@username onu cok dusunmustum. Yeterince israr goremedim mehmety		]]></document>
	<document><![CDATA[@username nina simone, creedence clearwater revival, shane mcgowan and friends dinle mutlaka		]]></document>
	<document><![CDATA[#istanbulcalling ellerim titriyoooor.		]]></document>
	<document><![CDATA[Greetings from London!		]]></document>
	<document><![CDATA[Sutlu cay esliginde limonlu mereng. Yummy!		]]></document>
	<document><![CDATA[@username anytime dear ^^		]]></document>
	<document><![CDATA[Forever. Savas Ay. Mayis. Meric.		]]></document>
	<document><![CDATA[you know i love you till the moon is upside down.		]]></document>
	<document><![CDATA[Creme brulee calismasi cok basarili oldu. Survivors season2 da bitti. Food Network'te Diners, drive-ins and dives zamani simdi.		]]></document>
	<document><![CDATA[Direnis sarkisi Mel C'den: "It's just the beginning, it's not the end. Things will never be the same again."		]]></document>
	<document><![CDATA[BE??KTA? SÜLEYMAN SEBA PARKINA TIBBI MALZEME GET?R?LM??. @username @username @username		]]></document>
	<document><![CDATA[@username senin resmini yeeerim ben! in omnia portus ne?		]]></document>
	<document><![CDATA[@username couldn't agree more!		]]></document>
	<document><![CDATA[Topshop Oxford Circus and Apple Store! You have killed me.		]]></document>
	<document><![CDATA[I shared my 25th moment in @username! http://t.co/HBsy3EQ00W abi girin buna cok guzel http://t.co/T1umWuNNmi		]]></document>
	<document><![CDATA[Inanmiyorum su an @username Chris Cornell'li de olsa Timbaland caliyor.		]]></document>
	<document><![CDATA[@username im from Turkey, studying in Enschede, a big fan of yours, saying what a great artist you are, answering your fans one by one!		]]></document>
	<document><![CDATA[@username can't wait to listen to the new album! Lots of love :)		]]></document>
	<document><![CDATA[@username profilin protected p?nar...		]]></document>
	<document><![CDATA[“@username: Be with a guy who ruins your lipstick. Not your mascara.” Kocsun koc.		]]></document>
	<document><![CDATA[that'z amore.		]]></document>
	<document><![CDATA["This content is currently unavailable in your country" Fuck you, too!		]]></document>
	<document><![CDATA[@username Last night I dreamed of jumping from a mountain in China to a river in Brazil.		]]></document>
	<document><![CDATA[I'm down 22 pounds in 2 months,thank you for whoever told me about this! http://t.co/lqrivJlU6r		]]></document>
	<document><![CDATA[lovers in japan ve love letter to japan.  bence coldplay ve the bird and the bee a?k ya??yor.		]]></document>
	<document><![CDATA[@username i won't lie, i totally love this game.		]]></document>
	<document><![CDATA[@username do you wanna touch me there		]]></document>
	<document><![CDATA[#nowplaying Emiliana Torrini-Dead Things		]]></document>
	<document><![CDATA[I have all the time to make you mine		]]></document>
	<document><![CDATA[Otobuste telefonu "all that she wants" ile calan yasli amca da gercek degil mesela.		]]></document>
	<document><![CDATA[Earth is a self-regulating super-system.		]]></document>
	<document><![CDATA[@username fuck duman, i am going to BEA!		]]></document>
	<document><![CDATA[Post-ICAMES Syndrome.		]]></document>
	<document><![CDATA[ijustdiedinyourarmstonight-lastkiss-kimsebilmez-thereisalightthatnevergoesout-STRONGENOUGH		]]></document>
	<document><![CDATA[Always obsessive.		]]></document>
	<document><![CDATA[Pray for the people inside your head for they won't be there when you're dead.		]]></document>
	<document><![CDATA["Hasrete gebeyim... I really do."		]]></document>
	<document><![CDATA[Another headphone bites the dust.		]]></document>
	<document><![CDATA[Yeni Red Hot Chili Peppers albumu I'm With You 30 Agustos'ta cikiyormus. Yuppiiii! En az Flea kadar heyecanliyim. @username		]]></document>
	<document><![CDATA[That's the SÖMESTR spirit.		]]></document>
	<document><![CDATA[@username -evil laugh-		]]></document>
	<document><![CDATA[twitturk.com sayfam: http://twitturk.com/twituser/neonojelikiz @username		]]></document>
	<document><![CDATA[J.lo "Play my motherfucking song!" diye bagirinca cok gülüyorum.		]]></document>
	<document><![CDATA[JonBon		]]></document>
	<document><![CDATA[Boolean ne yaa?True false method public static void bidibidi. Of bugun hemen bitsin, evime gideyim, tv karsisinda uyuyakalayim.		]]></document>
	<document><![CDATA[Herbokolog Hincal Uluc.		]]></document>
</author>