<?xml version="1.0" encoding="UTF-8" standalone="no"?><author id="user378">
	<document><![CDATA[http://t.co/a6cejgbo trash look en Panamá		]]></document>
	<document><![CDATA[Trompi dice hola! @username Unidad Militar J.M.M. Y P.   Sur. http://t.co/QCk3e2PJ		]]></document>
	<document><![CDATA[http://t.co/a6cejgbo trash look en Panamá		]]></document>
	<document><![CDATA[Feliz cumple @username hugs and kisses hun!		]]></document>
	<document><![CDATA[Brunch con @username (@username Chili's) [pic]: http://t.co/rzHRvW2i		]]></document>
	<document><![CDATA[Cuando Gossip Girl y Jane Austen tienen un crush http://t.co/W8o5JBSO		]]></document>
	<document><![CDATA["@username: (New Post) Disney Dream por Annie Leibovitz http://t.co/feZU7nYn" muy buena reina mala de blancanieves		]]></document>
	<document><![CDATA[Comida mean girl con @username @username (@username Burger King) http://t.co/x0y7v0r9		]]></document>
	<document><![CDATA[This girl is my male version @username LithiumPR México http://t.co/q4ZK7fu7		]]></document>
	<document><![CDATA["@username: I swear ugly people find love faster." all the time, and us, forever single		]]></document>
	<document><![CDATA["@username: 'The reason women don't play football is because eleven of them would never wear the same outfit in public.' -Phyllis Diller"		]]></document>
	<document><![CDATA[This is superbowl to me! N keep it comming y'all http://t.co/FRJOeHdq		]]></document>
	<document><![CDATA[Keep the little ones styled..xox http://t.co/QQ2E5yb1		]]></document>
	<document><![CDATA[The sad lonely tree http://t.co/sLvbxCwC		]]></document>
	<document><![CDATA[Flashback http://t.co/UcU5Ifzr		]]></document>
	<document><![CDATA[Yo bien volado por hanguear con @username (@username Unilever w/ 3 others) http://t.co/TaoW39g2		]]></document>
	<document><![CDATA["@username: Old school Destinys Child w. Alex_Villatoro #yes" Win!!!!!		]]></document>
	<document><![CDATA["@username: Happy birthday @username !!! Te queremos!! #birthdayboy #officefun #cake #hot http://t.co/4AHkBZzs" <3 it		]]></document>
	<document><![CDATA[El post de hoy!!! Come fly with me http://t.co/SXRRhCM0		]]></document>
	<document><![CDATA[My evil twin http://t.co/HWV7OjFs		]]></document>
	<document><![CDATA["@username: The number of times you can watch Mean Girls? The limit does not exist." lol		]]></document>
	<document><![CDATA[This geek was my valentine #foreveralone @username Cielito Querido Café http://t.co/y9ZfYyju		]]></document>
	<document><![CDATA[Bitch please! http://t.co/k3ncoIGqkC		]]></document>
	<document><![CDATA[Flashback a Panamá http://t.co/mSENm4Xl5T		]]></document>
	<document><![CDATA[Para complementar mi springy look de pool party dropping @username http://t.co/82XWYqg8pV		]]></document>
	<document><![CDATA[This will be on sale http://t.co/7qeggEJYm4		]]></document>
	<document><![CDATA["always and forever you and me, that's the way our life should be" alguna vez dijo la gran poeta Britney Spears		]]></document>
	<document><![CDATA[I got iron man on top of me and you don't http://t.co/SrnNRvvXBv		]]></document>
	<document><![CDATA[I'll always be your Gwen Stacy http://t.co/NCnMH76gOI		]]></document>
	<document><![CDATA[I got sadness in my heart every morning pray to the virgin that he loves me the way i do! Wild rose it's me!		]]></document>
	<document><![CDATA[I (Alexandre Desplat) U		]]></document>
	<document><![CDATA[Rocking my father's watch http://t.co/B1lXdtnUWe		]]></document>
	<document><![CDATA[-You look pale my dear
-Could you blame me? We haven't seen the sun in days.
#quienentendioentendio		]]></document>
	<document><![CDATA[You can't sit with us! http://t.co/1HVegDdpgj		]]></document>
	<document><![CDATA[The colours of Mexico @username Centro Historico http://t.co/Vq4qYXhN1A		]]></document>
	<document><![CDATA[El arte de la moda - The art of fashion @username Museo MoDo http://t.co/sJ66Sc2ZK6		]]></document>
	<document><![CDATA[Uuuugggggg is the new Usssssshhh		]]></document>
	<document><![CDATA[I' m happy when it rains in Mexico City http://t.co/vqB9s26AR0		]]></document>
	<document><![CDATA[Trech coat + botas + Nancy Sinatra + Dusty Springfield = Heaven		]]></document>
	<document><![CDATA[The life of Mexico's Next Top Model http://t.co/WqTqhjQ5D1		]]></document>
	<document><![CDATA[Chim Chimenea Chim Chimenea Chim Chim Cheron. @username Puente Tepalcapa http://t.co/xMn4zxwz34		]]></document>
	<document><![CDATA[1980's http://t.co/BDoBe8q7mt		]]></document>
	<document><![CDATA["@username: Mi entrevista con Logan Lerman. http://t.co/N5NcV2enkC" mi hermana en fan from hell		]]></document>
	<document><![CDATA[Muy preppie! @username Bliss http://t.co/ulcm4jbKuf		]]></document>
	<document><![CDATA["@username: "Downtown Pool Party by Hawaiian Tropic" Paparazzi stars http://t.co/eXL7bYelY9" lo dije bien big brother?		]]></document>
	<document><![CDATA[A handsome man for a cute ice cream. @username Televisa Santa Fe http://t.co/zUAN6X9EDq		]]></document>
	<document><![CDATA[I'm looking for corny in my life @username		]]></document>
	<document><![CDATA[Do i look Marc Jacobs enough? http://t.co/eA0rWmAYhJ		]]></document>
	<document><![CDATA[Fashionable stairs @username Liverpool http://t.co/pIASn2ktV4		]]></document>
	<document><![CDATA[Yes sir ... i can boogie, but i need a certain song!		]]></document>
	<document><![CDATA[#SituacionSentimental The last time we speak, you reduce me in to tears. I promise you, it won't happen again.		]]></document>
	<document><![CDATA[Keep calm and f***k Olly Murs http://t.co/R3QCxjRbuK		]]></document>
	<document><![CDATA[I'm wearing Britney, bitch! http://t.co/c4PH8G3Sai		]]></document>
	<document><![CDATA[@username @username Ahhh a mi sí me dejas criticar? Hehehehe :*		]]></document>
	<document><![CDATA[Bitch please! http://t.co/dGduyvtlPm		]]></document>
	<document><![CDATA[A sunny day in Mexico City http://t.co/6xzr4ZIl7d		]]></document>
	<document><![CDATA["@username: 6 Classic 90s Cartoon Characters Enjoying New York Fashion Week http://t.co/XCwUVuNeIC via @username"		]]></document>
	<document><![CDATA[Bromance @username Lomas De Cocoyoc http://t.co/itHxdlH4ab		]]></document>
	<document><![CDATA[Heavenly 60's http://t.co/Q4ij7lte44		]]></document>
	<document><![CDATA["@username: Tyra Banks como Cindy Crawford (idéntica) y como Kate Moss (WTF) y sin usar fotocho! http://t.co/fTa2y1vlfD" wow		]]></document>
	<document><![CDATA[Do i look skinny enough? @username Edificio Uxmal http://t.co/1PE2TN7Wg9		]]></document>
	<document><![CDATA[A probar todo de Triple Oxygen (@username Saks Fifth Avenue - @usernamesaksmexico) http://t.co/UBQ8x1Nqun		]]></document>
	<document><![CDATA["I love being the target of envy, that means I'm winning" #OrangeIsTheNewBlack		]]></document>
	<document><![CDATA["@username: @username mexican fashion student, please support him at Nowfashion contest. http://t.co/fA0PKuP7PE" apoyen a mi gemelo brenan!		]]></document>
	<document><![CDATA[Givenchy para Pull & Bear. @username Downtown México http://t.co/4fZLtohYwx		]]></document>
	<document><![CDATA[A ladybug came to party! @username Downtown México http://t.co/VMdDIxOp9V		]]></document>
	<document><![CDATA[Don't be silly @username everybody wants to be us.		]]></document>
	<document><![CDATA["@username: You can dance, you can jive haven' the time of your life….?" Or you can marry Harry and mess around with Ike ...		]]></document>
	<document><![CDATA[#fail @username saying Sandra Bullock's custom is a witch instead of a mexican tradition http://t.co/Wv6zgt2hot		]]></document>
	<document><![CDATA["@username: Trompis ccp @username http://t.co/HGLEK5PgID" awww buru trompi!!!		]]></document>
	<document><![CDATA[Un patrón de Vivian Westwood. @username Common People http://t.co/sPyrGb6Icq		]]></document>
	<document><![CDATA[Trashy Vivian. @username Common People http://t.co/aFLYGg9D26		]]></document>
	<document><![CDATA["@username: You wanna live fancy? Party in France?
You better work bitch! http://t.co/YJVrTRjXV2" buenísimo!		]]></document>
	<document><![CDATA[Kiss me in D.A.R.K. Tonight and love me when i'm no longer beautiful #bonitospensamientosdelanadelrey		]]></document>
	<document><![CDATA[Seth Cohen y Blair Waldorf se van a casar :O http://t.co/VMKP7iLxZY		]]></document>
	<document><![CDATA[Flashback http://t.co/WofebGdWb9		]]></document>
	<document><![CDATA[Flagship store opening Swatch http://t.co/ic69bk4H4j		]]></document>
	<document><![CDATA[I'm at Los Chupacabras (Coyoacán, DF) w/ 6 others http://t.co/WGZc1Dbpki		]]></document>
	<document><![CDATA["@username: Lovely wintry scene today in #NYC's Central Park. (@username) http://t.co/JcaNfAasKl" ya quiero!!!		]]></document>
	<document><![CDATA[I don't want to be someone's something.		]]></document>
	<document><![CDATA[Bitch please! @username @username Mexsi Bocu http://t.co/t1O2FpKKbK		]]></document>
	<document><![CDATA[My cheap Santa! http://t.co/TSRuWsyxYM		]]></document>
	<document><![CDATA[Muchas gracias a todos por este genial 2013 / thank you all for this wonderful 2013 http://t.co/B3KvNjN0cE		]]></document>
	<document><![CDATA[She's watching at you, kid. @username Residencial Villas Del Bosque http://t.co/YDgG8fqBao		]]></document>
	<document><![CDATA[@username @username ahhh chula con el dinero compras amor!!! Hehehehe :*		]]></document>
	<document><![CDATA["@username: Now What?" Drink a lot!		]]></document>
	<document><![CDATA[Kitch as hell @username veracruz 55 bis http://t.co/x8cQm1D7nP		]]></document>
	<document><![CDATA[Location - location - location http://t.co/rAdrAh3iJ3		]]></document>
	<document><![CDATA[- honey, i think there's something wrong with the pipes @username Idea Interior http://t.co/qH1SKdyyEA		]]></document>
	<document><![CDATA["Many hidden things behind everyone's eyes"		]]></document>
	<document><![CDATA["Every year i become half as pretty, and twice as drunk"		]]></document>
	<document><![CDATA["I wonder if Mr. Darcy would like my new bonnet" @username Cupcake Love http://t.co/BDJ1M2YUAa		]]></document>
	<document><![CDATA[Domingo con D de discovery home & health		]]></document>
	<document><![CDATA[This is how the cookie crumbles http://t.co/R6KzjTpSGm #fomo		]]></document>
	<document><![CDATA["@username: So excited to watch these Dosney classics on Hulu. http://t.co/2zrg184Kew" De cuando Aurora conoció a "Bestia"		]]></document>
	<document><![CDATA[Cuando ves hacía arriba y es "just like heaven" @username New York ( The Plaza, hotel) http://t.co/hpPkBKkhnO		]]></document>
	<document><![CDATA[Bad boy - bad ass @username LithiumPR México http://t.co/oQeVyqTpDD		]]></document>
	<document><![CDATA[I just wanted to make you happy http://t.co/5V9uQOHqT9 #valentinesplaylist #thekooks		]]></document>
	<document><![CDATA[Y voy a fiestas... http://t.co/crdhLtZpXG		]]></document>
	<document><![CDATA[The killer look ... http://t.co/RP8fWBiMCd		]]></document>
</author>