<?xml version="1.0" encoding="UTF-8" standalone="no"?><author id="user346">
	<document><![CDATA[@username about what you said on instagram, i just wanted to say that i'm so proud of you. See you in 2 days in Barcelona ?????		]]></document>
	<document><![CDATA[Took this picture yesterday in Barcelona. Spring Breakers is here! So excited! #SpringBreakersForeverBitches http://t.co/SpnGXBujHH		]]></document>
	<document><![CDATA[@username kill 'em with kindness :)		]]></document>
	<document><![CDATA[@username it's 16!!!! see y'all tonight! @username @username @username @username @username @username #teamBIEBER		]]></document>
	<document><![CDATA[So... yeah... I'LL SEE MY IDOL TODAY! BE JEALOUS, BITCHES! #BelieveTour		]]></document>
	<document><![CDATA[@username, @username and @username see y'all tonight #BelieveTourBarcelona		]]></document>
	<document><![CDATA[@username today is THE DAY! #BelieveTour		]]></document>
	<document><![CDATA[Getting ready for the #BelieveTour - see you soon, @username http://t.co/dbI8oFaE0W		]]></document>
	<document><![CDATA[Thank you for that amazing night. I'll never forget it, I promise. Please, never leave us, @username. We love you. Thank you #believe		]]></document>
	<document><![CDATA[Thank you again for this amazing night. Thanks for coming and for this concert, which was perfect. Love you, @username #BelieveTour		]]></document>
	<document><![CDATA[Perfect concert @username. Good night people. P.S. Best night ever! #BelieveTour		]]></document>
	<document><![CDATA[Yesterday night was the best night ever. Dear @username, thank you for this amazing night... This… http://t.co/0MpJgXVyAz		]]></document>
	<document><![CDATA[Loving him so much that it hurts...		]]></document>
	<document><![CDATA[@username @username come back to Barcelona, Justin!!!! We miss you ?		]]></document>
	<document><![CDATA[My new English teacher never give us homework. Charlie, you rock! #thisislife #swaggie		]]></document>
	<document><![CDATA[RT “@username: I really wish summer would hurry up a little” me too omfg I NEED SUMMER!		]]></document>
	<document><![CDATA[Losing you is like living in a world with no air.		]]></document>
	<document><![CDATA[@username awwww i love you sist ?		]]></document>
	<document><![CDATA[Oh my god. Grow up, seriously, @username. http://t.co/O2thWKeOd9		]]></document>
	<document><![CDATA[“@username: Breakfast.” Same here; guess what am i eating! OREOS! Haha #yummy		]]></document>
	<document><![CDATA["I'm not a superman, I still feel the pain."		]]></document>
	<document><![CDATA[I just fall in love with @username and his music.		]]></document>
	<document><![CDATA[be yourself. that's good enough		]]></document>
	<document><![CDATA[RT “@username: Who thinks Drake Bell should shut up? http://t.co/XZpbjX8KTN” ._./		]]></document>
	<document><![CDATA[Everytime I try to fly, I fall. Without my wings, I feel so small. I guess I need you, baby.		]]></document>
	<document><![CDATA[I'm never good enough. No matter what I say or what I do.		]]></document>
	<document><![CDATA[I don't want to let you go.		]]></document>
	<document><![CDATA[The moon understands what it means to be human. Uncertain. Alone. Created by imperfections.		]]></document>
	<document><![CDATA[Everyone is special in their own way.		]]></document>
	<document><![CDATA[Legend says, when you can't sleep at night, it's because you're awake in someone else's dream.		]]></document>
	<document><![CDATA[A certain darkness is needed to see the stars.		]]></document>
	<document><![CDATA[Everybody lies, no exceptions.		]]></document>
	<document><![CDATA[He offered her the world. She said she had her own.		]]></document>
	<document><![CDATA[When was the last time you did something for the first time?		]]></document>
	<document><![CDATA[There are two rules for success...
1. Never reveal everything you know.		]]></document>
	<document><![CDATA[Don't worry be hippie by @username weeeee rock'		]]></document>
	<document><![CDATA[“@username: Am I the only one who's 18 here or..?” I'll be 18 in June; YAY!		]]></document>
	<document><![CDATA[RT “@username: Probably the best thing I've ever seen in my life. http://t.co/vy5i7CCJbO”		]]></document>
	<document><![CDATA[RT “@username: ALFREDO IN THE HOUSE LMFAO IM DYING http://t.co/0VBJ7zRJI1”		]]></document>
	<document><![CDATA[I don't want around to be dissppointed again. So excuse me if I don't fall for that or you ever again.		]]></document>
	<document><![CDATA[I'm gonna change your life. I'm that girl!		]]></document>
	<document><![CDATA[I kind of believe in true love.		]]></document>
	<document><![CDATA[You're just like every other guy. The sad thing is that I actually though you were different.		]]></document>
	<document><![CDATA[Who cares what anybody thinks?		]]></document>
	<document><![CDATA[#ComeAndGetIt I'm so excited! @username so proud of you, Sel :)		]]></document>
	<document><![CDATA[Omg! @username is tweeting *fangirling* Sel, love youuuuu! Can't wait for the new song!!! ?????		]]></document>
	<document><![CDATA[RT “@username: Neo and Teen Vogue are definite Beliebers. They're one of us ya'll!!  http://t.co/CfgQqw0qXD”		]]></document>
	<document><![CDATA[@username "i won't give up, on us..." I love that song ?		]]></document>
	<document><![CDATA[@username same! This song is so perfect! ????????		]]></document>
	<document><![CDATA[@username i can help you with that ????		]]></document>
	<document><![CDATA[Good night people all around the world. xo		]]></document>
	<document><![CDATA[@username really? Omfg i'm so happy for you!! ????		]]></document>
	<document><![CDATA[Our love was made to rule the world.		]]></document>
	<document><![CDATA[RT “@username: From 2008 to 2013. So proud of you @username . http://t.co/V8DNKOml1H”		]]></document>
	<document><![CDATA[“@username: Quote this tweet with a selfie” http://t.co/9CCVBjQG4j		]]></document>
	<document><![CDATA[RT “@username: Spending time @username with my littles http://t.co/3d8RoKrF7T” omg		]]></document>
	<document><![CDATA[Son las 11:11!!!!!! Make a wishhhh!!!! @username @username casi se traga el chicle ????		]]></document>
	<document><![CDATA[“@username: lala was always my favorite telletubbie :')” Po was my favorite haha		]]></document>
	<document><![CDATA[I think @username is hungry lol http://t.co/gMD3Iz2PJ6		]]></document>
	<document><![CDATA[RT “@username: More than proud :') http://t.co/8OsRDNzTLi”		]]></document>
	<document><![CDATA[OMFG! Look what I saw on the filmography of Lily Collins in wikipedia (spain)!!! http://t.co/BjtHLAcToc		]]></document>
	<document><![CDATA[RT “@username: Justin and Drake bell have something in common. They both have headers of their fans. http://t.co/vjHG9DdLha” THIS.		]]></document>
	<document><![CDATA[I want to wake up without thinking what time is it. I want to go to the beach all day. I want to have… http://t.co/nf1k3y2E52		]]></document>
	<document><![CDATA["Never a failure, always a lesson."		]]></document>
	<document><![CDATA[@username Happy Mother's Day Erin! Have a nice day with Jaxon and Jazzy :)		]]></document>
	<document><![CDATA[@username Happy Mother's Day, Pattie. Enjoy your day, 'cause you really deserve it xoxo		]]></document>
	<document><![CDATA[@username @username omg, I though the same when I saw the picture		]]></document>
	<document><![CDATA[@username @username lol really? My mom.. Idk she doesn't look old		]]></document>
	<document><![CDATA[Happy mother's day to all the mothers around the world, and specially to the best mom ever. Thank you… http://t.co/8IqzXEAqBL		]]></document>
	<document><![CDATA[RT “@username: I love my momma . Great night tonight http://t.co/KRbKEaBrnE. Awww		]]></document>
	<document><![CDATA[RT "@username: @username we got your back, were so proud of you http://t.co/yrf3jnvioy” THIS		]]></document>
	<document><![CDATA[@username i'll always be there		]]></document>
	<document><![CDATA[Great #night with my #girls at #onedirection's #concert! http://t.co/2HXzw9a6O4		]]></document>
	<document><![CDATA[RT “@username: Forever and always. http://t.co/Q0RqWYCjgS” Forever.		]]></document>
	<document><![CDATA[Bye bye high school. Hello university (soon)!		]]></document>
	<document><![CDATA[New summer job. First day. YAY		]]></document>
	<document><![CDATA[RT “@username: THIS, is true. http://t.co/Jnb056yVI0” THIS. ????		]]></document>
	<document><![CDATA[Oh Michael... You don't even know how we miss you here.		]]></document>
	<document><![CDATA[HELL YEAH! University, here we gooooo ._./		]]></document>
	<document><![CDATA[I want to wake up in the city that never sleeps.		]]></document>
	<document><![CDATA[Let my love take you higher, 'cause I still turn to you.		]]></document>
	<document><![CDATA[Whatsssssup! http://t.co/FS0PHdGGuL		]]></document>
	<document><![CDATA[Happy birthday, @username. I'm so proud of you. Thank you for everything you have done for me. I love you so much.		]]></document>
	<document><![CDATA[She is back!!!!!! I love you, lil sist! ? http://t.co/sbNxqRgdtX		]]></document>
	<document><![CDATA[I'm so jealous of Caitlin Beadles, omg. She's so beautiful!		]]></document>
	<document><![CDATA[@username bitch		]]></document>
	<document><![CDATA[“@username: @username mucho bitch, mucho bitch, pero me amas ????” true ?		]]></document>
	<document><![CDATA[The Mortal Instruments = life. I can't stop reading!		]]></document>
	<document><![CDATA[Let it be. @username Savoy Theatre http://t.co/frS7hg6k4k		]]></document>
	<document><![CDATA[Let it be. - 'The Beatles' http://t.co/W815GXN3O1		]]></document>
	<document><![CDATA[Big ben. @username The London Eye http://t.co/qsExzpWdAy		]]></document>
	<document><![CDATA[Nothing Hill Gate. #Underground @username Notting Hill Gate http://t.co/fvloEt3Cx8		]]></document>
	<document><![CDATA[@username oh my godness.. I'd like to taste it yummm it looks delicious!		]]></document>
	<document><![CDATA[@username @username in Spain we read it too! I love it ?		]]></document>
	<document><![CDATA[Saw this in Portobello Road and I though it was so cool haha http://t.co/4kRacE0Ahz		]]></document>
	<document><![CDATA[@username yay! That's what I did! (The tattoo part haha)		]]></document>
	<document><![CDATA[@username oh, and the work part too ????		]]></document>
	<document><![CDATA[RT “@username: This is everything http://t.co/XbaYTY1igZ” aww ??		]]></document>
	<document><![CDATA[RT "@username: To be great, learn from the greatest.. http://t.co/kVnTbDtc8H" queen.		]]></document>
	<document><![CDATA[One year without you, my little angel. We miss you here, @username and we love you so much.		]]></document>
</author>