<?xml version="1.0" encoding="UTF-8" standalone="no"?><author id="user322">
	<document><![CDATA[Wifi for the win		]]></document>
	<document><![CDATA[Weer thuis (:		]]></document>
	<document><![CDATA[Omg niet one direction bij de olympics, hell no, STOP THEM		]]></document>
	<document><![CDATA[@username thanks man!!		]]></document>
	<document><![CDATA[@username thanks! :D		]]></document>
	<document><![CDATA[Lotingsnummer 64 hieroo		]]></document>
	<document><![CDATA[@username hell yeah		]]></document>
	<document><![CDATA[@username ghehe lol		]]></document>
	<document><![CDATA[@username happy birthday!		]]></document>
	<document><![CDATA[Muse op mtv (: good start of the day		]]></document>
	<document><![CDATA[En Coldplay op mtv! Yay		]]></document>
	<document><![CDATA[@username oh cool!		]]></document>
	<document><![CDATA[Straks naar The Perks of Being a Wallflower met @username		]]></document>
	<document><![CDATA[@username ohww yeah		]]></document>
	<document><![CDATA[knal knal knal knal knal everywheeeeeree		]]></document>
	<document><![CDATA[#np still - bombay bicycle club		]]></document>
	<document><![CDATA[o__o morningh		]]></document>
	<document><![CDATA[@username thanks!		]]></document>
	<document><![CDATA[3 challenges volbracht: cinnamon, chubby bunny en salt and ice. Jeuuh		]]></document>
	<document><![CDATA[@username what kind of sorcery is this!?		]]></document>
	<document><![CDATA[@username precies! hahaha		]]></document>
	<document><![CDATA[@username Hahaha precies!		]]></document>
	<document><![CDATA[My #firstpost on Vine https://t.co/pXmEVSpRk0		]]></document>
	<document><![CDATA[Omw to the dentist		]]></document>
	<document><![CDATA[Mortal Instruments met @username was awesome!		]]></document>
	<document><![CDATA[Hold on a sec, ik snap wiskunde ^^		]]></document>
	<document><![CDATA[@username thanks! X		]]></document>
	<document><![CDATA[The Postal Service - Brand New Colony #np		]]></document>
	<document><![CDATA[(Sorry not sorry buren)		]]></document>
	<document><![CDATA[The Postal Service - Such Great Heights #np		]]></document>
	<document><![CDATA[Thanks for nothing #vodafone		]]></document>
	<document><![CDATA[School http://t.co/Yk20rHayJ7		]]></document>
	<document><![CDATA[Gvd masterchef		]]></document>
	<document><![CDATA[@username Oh well..		]]></document>
	<document><![CDATA[On my way to Tilburg, Fontys open dag woeeh		]]></document>
	<document><![CDATA[@username me knows me knows		]]></document>
	<document><![CDATA[@username thanks! (:		]]></document>
	<document><![CDATA[ghehe italiaanse spotify reclame		]]></document>
	<document><![CDATA[@username hihi thanks!		]]></document>
	<document><![CDATA[The Neighbourhood - Sweater Weather #np		]]></document>
	<document><![CDATA[sherlocksherlocksherlockJAAA		]]></document>
	<document><![CDATA[Toch wel yay		]]></document>
	<document><![CDATA[@username oh well, why not		]]></document>
	<document><![CDATA[Sherl? Seriously? shERL?		]]></document>
	<document><![CDATA[Ja, mister & mississippi was wauw		]]></document>
	<document><![CDATA[@username Wat is je truc :o		]]></document>
	<document><![CDATA[S t r e s s s s s		]]></document>
	<document><![CDATA[@username Ah alright		]]></document>
	<document><![CDATA[Film met Miley Cyrus: "I think I'm going to Juilliard." HA HAhaHaHAAAA		]]></document>
	<document><![CDATA[GIF's op twitter! hah! http://t.co/uL8iXk6MFr		]]></document>
	<document><![CDATA[@username Oh tof! Thanks haha (:		]]></document>
	<document><![CDATA[Jaa last.fm is weer up-to-date!		]]></document>
	<document><![CDATA[Don't mes with my bestek http://t.co/o7IUxOOvn6		]]></document>
	<document><![CDATA[Adblock, i love you		]]></document>
	<document><![CDATA[Introductieweek		]]></document>
	<document><![CDATA[Stomme typfout		]]></document>
	<document><![CDATA[@username Right here (: http://t.co/Z7FOrnBILq		]]></document>
	<document><![CDATA[@username sorry!		]]></document>
	<document><![CDATA[@username Nice, thanks!		]]></document>
	<document><![CDATA[@username thanks tom ????		]]></document>
	<document><![CDATA[happy birthday Robert Pattinson!		]]></document>
	<document><![CDATA[hardlopen was een succes :D		]]></document>
	<document><![CDATA[Headache all day long		]]></document>
	<document><![CDATA[thuiss =D		]]></document>
	<document><![CDATA[@username then take a napp =D		]]></document>
	<document><![CDATA[haha wipeout #tv		]]></document>
	<document><![CDATA[leuk lied: Foster the people-pumped up kicks. :3		]]></document>
	<document><![CDATA[@username why do you think I'm good at playing poker? xD		]]></document>
	<document><![CDATA[@username i don't hate you :]		]]></document>
	<document><![CDATA[back home		]]></document>
	<document><![CDATA[feest was super!		]]></document>
	<document><![CDATA[warrmm		]]></document>
	<document><![CDATA[Cup a souuup		]]></document>
	<document><![CDATA[Woosh		]]></document>
	<document><![CDATA[chocolat is soooo good <3		]]></document>
	<document><![CDATA[Chocotoff<3		]]></document>
	<document><![CDATA[RT @username RT if you're reading this.		]]></document>
	<document><![CDATA[Red hot chili peppers <3		]]></document>
	<document><![CDATA[RT ALS JE MEE DOET MET CAPSLOCKDAY		]]></document>
	<document><![CDATA[Else's musical was leuuk.		]]></document>
	<document><![CDATA[@username op msn en op hyves yeahhh		]]></document>
	<document><![CDATA[ik wil met julia naar winnie the poeh the film		]]></document>
	<document><![CDATA[yes! NOOIT MEER NAAR STADION!!!!!!		]]></document>
	<document><![CDATA[bored -.-		]]></document>
	<document><![CDATA[@username welcome back :)		]]></document>
	<document><![CDATA[Warmm...		]]></document>
</author>