<?xml version="1.0" encoding="UTF-8" standalone="no"?><author id="user606">
	<document><![CDATA[2015 Starts Today via @username http://t.co/6HIrcEXBr1		]]></document>
	<document><![CDATA[Pellegrini confirms Lampard will begin training with Manchester City http://t.co/d996sYCXz0		]]></document>
	<document><![CDATA[#gruppicheconfondo the rokes e the primitives		]]></document>
	<document><![CDATA[? Psyence Fiction – UNKLE http://t.co/o7maZAORYL #NowPlaying		]]></document>
	<document><![CDATA[Epic website is Epic http://t.co/fLrbUfGZfU		]]></document>
	<document><![CDATA[#cartoongrrrrrls Pepper Ann Tv Intro -  http://t.co/6Ybbt20Px6		]]></document>
	<document><![CDATA[? Dream Brother - Live at Club Logo – Jeff Buckley http://t.co/ECH2Bz0VwU #NowPlaying		]]></document>
	<document><![CDATA["I end up falling in love with profiles, not people" - Secret users hosting dinner parties -  http://t.co/pdSbQPh0Cu via @username		]]></document>
	<document><![CDATA[ALS ice bucket challenge co-founder drowns aged 27 http://t.co/tRobEaqN52		]]></document>
	<document><![CDATA[Be Forest - Ghost Dance http://t.co/ogZlMoaSxU #beforest		]]></document>
	<document><![CDATA[Uhm ... - Naked Italians spark protests against antics of drunken tourists in Barcelona http://t.co/hfPBWI7azg via @username		]]></document>
	<document><![CDATA[City set to host 2022 World Cup final doesn’t yet exist https://t.co/xWOEoQXhM4 via @username #hipster #WC2022		]]></document>
	<document><![CDATA[Dino Zoff: The quiet genius http://t.co/R4rO8kopc6		]]></document>
	<document><![CDATA[You Can Now Access All Of Richard Feynman's Physics Lectures For Free http://t.co/wd3Uv6fs3i		]]></document>
	<document><![CDATA[Say hello to men who hate the NSA but love invading the lives of women http://t.co/YoLSVyHA73 via @username		]]></document>
	<document><![CDATA[Bush - Swallowed http://t.co/rNDwg7rCdw via @username		]]></document>
	<document><![CDATA[Jennifer Lawrence photo leak: Let's stop calling this hacking 'The Fappening' | via @username http://t.co/OX6eLs9EvQ		]]></document>
	<document><![CDATA[@username Handgepäck [nice twitter account, I'll keep following! Grüße aus Trient (Italien) ]		]]></document>
	<document><![CDATA[Migration Isn't Turning Red States Blue http://t.co/2Z2ouPnqdt		]]></document>
	<document><![CDATA[@username RT @username: FYI in Spanish, Daenerys' full name is Daenerys Targaryen de la Tormenta. That is BEYOND epic. #GameOfThrones		]]></document>
	<document><![CDATA[TV On The Radio - Happy Idiot (Official Lyric Video) http://t.co/XVV4msHoOI via @username		]]></document>
	<document><![CDATA[? I Saw The Light – Todd Rundgren http://t.co/AUB9wmR1PA #NowPlaying		]]></document>
	<document><![CDATA[Say Hi - Such A Drag (Endless Wonder 2014): http://t.co/dfbUfbGMWH via @username		]]></document>
	<document><![CDATA[99 Red Balloons - played with red balloons.: http://t.co/Rx3FPECwEj via @username		]]></document>
	<document><![CDATA[Watch Twitter go insane during Apple's iPhone 6 and Watch event http://t.co/OuIzu3GUgS via @username		]]></document>
	<document><![CDATA[Scottish independence poll shows support cooling as referendum draws near http://t.co/zWHC9V8TGY [e nuova veste grafica per il guardian]		]]></document>
	<document><![CDATA[" It’s only a matter of time until the Giro visits Sardinia" - Vuelta Stage 19 Preview via @username http://t.co/NJSwVxs3jm		]]></document>
	<document><![CDATA[LIVESCORE.in: ROM 0-1 CSK | AS Roma U19 - CSKA Moscow U19 | Match Summary http://t.co/0JPHpcWBe3		]]></document>
	<document><![CDATA[The American dream: Can Roma really become the biggest club in the world? http://t.co/YzH3u10up7		]]></document>
	<document><![CDATA[ken booth & stranger cole - arte bella: http://t.co/I8Vt8zLyiS via @username		]]></document>
	<document><![CDATA[? Bright Lit Blue Skies – Ariel Pink's Haunted Graffiti http://t.co/xLUwjSSegU #NowPlaying		]]></document>
	<document><![CDATA[? Mother of the World – Swans http://t.co/c7MoeNnwCa #NowPlaying		]]></document>
	<document><![CDATA[? No.1 Against the Rush – Liars http://t.co/QH8xtz6WJm #NowPlaying		]]></document>
	<document><![CDATA[[Materiale per flame] Manner Matters: Does She Have to Bring Her Boyfriend? http://t.co/Yv2tHjJEZo		]]></document>
	<document><![CDATA[? Souvlaki Space Station – Slowdive http://t.co/DBiEaK220L #NowPlaying		]]></document>
	<document><![CDATA[? Cure For Pain – Morphine http://t.co/u7SXDGJtf1 #NowPlaying		]]></document>
	<document><![CDATA[Alphaville - Forever Young ~Official Video: http://t.co/cd93bL3zkd via @username		]]></document>
	<document><![CDATA[Smashing Pumpkins - Bodies - http://t.co/feNWoxkRuQ #pezzone		]]></document>
	<document><![CDATA[How Chelsea are gaming the system better than anyone – and why they'll keep winning | FourFourTwo http://t.co/Hp2Ezt4OGo via @username		]]></document>
	<document><![CDATA[Up With Adultery! An Italian Woman’s Manifesto http://t.co/vNhRZPik9X via @username		]]></document>
	<document><![CDATA[#pezzoni ? Cupid Come – My Bloody Valentine http://t.co/CXCKdWaKYQ #NowPlaying		]]></document>
	<document><![CDATA[How Roux Made Its Way Into the Gumbo Pot http://t.co/nGCLap7p9u		]]></document>
	<document><![CDATA[? Dub Housing – Pere Ubu http://t.co/oH8qsiuPLD #NowPlaying		]]></document>
	<document><![CDATA[I don't have a problem with caffeine. I have a problem without caffeine. http://t.co/XlgyzAQlLJ via @username		]]></document>
	<document><![CDATA[Hear and follow @username on #SoundCloud https://t.co/wsjeED2O91		]]></document>
	<document><![CDATA[Have you heard ‘Vangelis - Chariots Of Fire (DJ DETWEILER FLUTE EMOTIONAL Remix) [FREE DOWNLOAD IN DESCRIPTION]’ https://t.co/Ocrd5Ubc6j		]]></document>
	<document><![CDATA[Path Talk lets you text businesses instead of calling, and it actually works http://t.co/hWoDSs3n1P via @username		]]></document>
	<document><![CDATA[The Illusion of "Natural" - The Atlantic http://t.co/RkyhM1zD7R		]]></document>
	<document><![CDATA[? Grab That Gun – The Organ http://t.co/OrqaoY84dH #NowPlaying		]]></document>
	<document><![CDATA[? Damaged Goods – Gang Of Four http://t.co/WFm7pSIqPk #NowPlaying		]]></document>
	<document><![CDATA[#sexysaxsongs ? How Deep Is Your Love? – The Rapture http://t.co/9ywqFU7dIM #NowPlaying		]]></document>
	<document><![CDATA[? The Sprawl (Album Version) – Sonic Youth http://t.co/nuSDsl3r9i #NowPlaying		]]></document>
	<document><![CDATA[The Secrets Behind Making Incredible Matcha http://t.co/pYLT0KslzZ		]]></document>
	<document><![CDATA[21 Fall Salads We Love http://t.co/WPjSMLhfu1		]]></document>
	<document><![CDATA[600-Year-Old Manuscripts Look So Much Better As Gifs http://t.co/Y4KujwSU4P		]]></document>
	<document><![CDATA[Premier League to look again at playing competitive matches abroad http://t.co/PWYevknyog		]]></document>
	<document><![CDATA[? Nowhere – Ride http://t.co/8j3F4z8DPW #NowPlaying		]]></document>
	<document><![CDATA[The Man Who Invented Cubicles Hated What They Became http://t.co/vWI9Feu3Nt via @username		]]></document>
	<document><![CDATA[Teens are officially over Facebook http://t.co/1jmkJdAEQV via @username		]]></document>
	<document><![CDATA[Musicless Musicvideo / SINGIN' IN THE RAIN (without singing): http://t.co/1cELWxh0N1 via @username		]]></document>
	<document><![CDATA[A helpful reminder to those writing about the new Nobel Prize winner, from Wikipedia: http://t.co/aVvM8sazlf via @username		]]></document>
	<document><![CDATA[Blind Idiot God - Blind Idiot God #approfondirecapolavori http://t.co/CB51hlayQK via @username		]]></document>
	<document><![CDATA[Via @username: First Listen: Thurston Moore, 'The Best Day' http://t.co/gfTFS1X8hR		]]></document>
	<document><![CDATA[? Hymn for the Bad Things – Mamavegas http://t.co/CeGoUOSiVJ #NowPlaying		]]></document>
	<document><![CDATA[This column will change your life: random decisions http://t.co/fE7dwDCRYF via @username		]]></document>
	<document><![CDATA[Next Generation 2014: 40 of the best young talents in world football http://t.co/u3xZ2KcP2y via @username		]]></document>
	<document><![CDATA[Fugatti by #Lafabbricadibraccia http://t.co/ZBwwrx3xV9 #Fugazi #win		]]></document>
	<document><![CDATA[The Ball Is the End: Assessing Lionel Messi’s Career on the 10th Anniversary of His Debut for Barcelona http://t.co/S2wjv1xeLx via @username		]]></document>
	<document><![CDATA[@username Sampdoria, Juve, Chelsea, Bayern, Barcelona, Valencia, Borussia M, Mainz, PSG - cannot figure out the 10th.		]]></document>
	<document><![CDATA[#insanityweek @username, that's what I call a social media campaign. best phone available right now. @username @username @username		]]></document>
	<document><![CDATA[Big increase in surgery to mend ‘flesh tunnel’ earlobes http://t.co/p369y6lqDS		]]></document>
	<document><![CDATA[#pezzoni ? Golden Brown – The Stranglers http://t.co/ptkLEOtGig #NowPlaying		]]></document>
	<document><![CDATA[Inbox is a total reinvention of email from Google http://t.co/5VlQXq8Zw7 via @username		]]></document>
	<document><![CDATA[Darude - Sandstorm lyrics and sing along: http://t.co/kRLFubmGsO via @username		]]></document>
	<document><![CDATA[I hate myself for loving the Hemingwrite high-tech typewriter http://t.co/6fSONuTT2A via @username		]]></document>
	<document><![CDATA[A Complete Directory Of The Classic PC Games You Must Play http://t.co/FOu4IicesJ		]]></document>
	<document><![CDATA[Guardian launches open-source data journalism tool http://t.co/EDFBq2M69E via @username h/t @username		]]></document>
	<document><![CDATA[When Introverts Should Avoid Coffee http://t.co/2VujUJ3bql via @username		]]></document>
	<document><![CDATA[Why you should never, ever wash your jeans (unless you really, really have to) http://t.co/XrJusp0Diq		]]></document>
	<document><![CDATA[Google executive Alan Eustace beats Felix Baumgartner's skydiving record http://t.co/z7rfLqM1Yl		]]></document>
	<document><![CDATA[Rand Paul just gave one of the most important foreign policy speeches in decades http://t.co/O3Rp1uNQgz via @username		]]></document>
	<document><![CDATA[Darude -  Sandstorm (acoustic): http://t.co/MqkmcjLcm5 via @username		]]></document>
	<document><![CDATA[Protests against Renzi’s labor reforms illustrate Europe’s jobs problem. http://t.co/dGKfQaOA9b via @username		]]></document>
	<document><![CDATA[#OnePlus One will be available for pre-order on October 27! #NeverSettle #PreordertheOne http://t.co/YoEh5bZXNl		]]></document>
	<document><![CDATA[Boom! Just pre-ordered the Flagship Killer http://t.co/YoEh5bZXNl #PreordertheOne		]]></document>
	<document><![CDATA[Drunk Talk Is Real Talk: The Science Behind What You Said Last Night http://t.co/A19sPxjsdm via @username		]]></document>
	<document><![CDATA[The creator of Soylent stopped pooping to use less water http://t.co/uKmHqcEgMO via @username		]]></document>
	<document><![CDATA[Keep Writing, and It Will Soon Be Automatic -- Science of Us http://t.co/4ecGD8mxan		]]></document>
	<document><![CDATA[#pezzoni ? Walk on By – Dionne Warwick http://t.co/poX7ZZrsnz #NowPlaying		]]></document>
	<document><![CDATA[? The Look Of Love – Dusty Springfield http://t.co/RIUBka05N2 #NowPlaying		]]></document>
	<document><![CDATA[? Midnight Confessions – The Grass Roots http://t.co/8NfMhhjnKG #NowPlaying		]]></document>
	<document><![CDATA[? Inner City Blues (Make Me Wanna Holler) – Marvin Gaye http://t.co/vpxwZBuFfu #NowPlaying		]]></document>
	<document><![CDATA[Damp Squid: The top 10 misquoted phrases in Britain | via @username http://t.co/Elhj6PPANs		]]></document>
	<document><![CDATA[Nicki Minaj is very clear about the nature of her relationship with Drake and Lil Wayne on her new single - http://t.co/K1cw5bphZv		]]></document>
	<document><![CDATA[? The Revolution Will Not Be Televised – Gil Scott-Heron http://t.co/ruamGIbs4b #NowPlaying		]]></document>
	<document><![CDATA[The Roma may be just what Europe needs to recover – Quartz http://t.co/CGOZ7aRSnU		]]></document>
	<document><![CDATA[The Who - Baba O'riley #braniviscerali http://ff.im/-A2t6S		]]></document>
	<document><![CDATA[‘This town wants to help people fleeing devastation, not receive corpses’ http://t.co/WYmbATGrJA		]]></document>
	<document><![CDATA[? Surf Rider – The Lively Ones http://t.co/dLHzaASPXm #NowPlaying		]]></document>
	<document><![CDATA[#pezzoni ? Magic Arrow – Timber Timbre http://t.co/FOC3aMWiIX #NowPlaying		]]></document>
</author>