<?xml version="1.0" encoding="UTF-8" standalone="no"?><author id="user943">
	<document><![CDATA[Nothing beats picking 1st batch of chamomile 4 mum who has grown food 4 me all my life! @username @username http://t.co/DtdSU0PKKV		]]></document>
	<document><![CDATA[@username did a great jot at presenting @username Lj in the morning show of the national TV (51st minute): http://t.co/Iac5D2J1P0		]]></document>
	<document><![CDATA[#ChelseaFringeLj events twice on national TV yesterday (21:35): http://t.co/N5GYCVGlDz @username @username @username @username		]]></document>
	<document><![CDATA[The Touch Wood Walk at  #ChelseaFringeLj about to start. @username @username @username @username http://t.co/h8X1A90y7L		]]></document>
	<document><![CDATA[Want to Touch Wood at #ChelseaFringeLj? You'll have to munch through these first! @username @username @username http://t.co/kOvbuhBmco		]]></document>
	<document><![CDATA[#Gardening with cats is never boring. http://t.co/eNnM8rPNxA		]]></document>
	<document><![CDATA[Seedbombs galore! @username @username #ChelseaFringeLj http://t.co/KOqTqpmwof		]]></document>
	<document><![CDATA[Meet the #ChelseaFringeLj dog. She has attended all events at the festival sofar! @username http://t.co/wu5uypQoaU		]]></document>
	<document><![CDATA[@username Check out Irena's Vertical tea garden in Ljubljana: http://t.co/sEcUkNxXmS @username #ChelseaFringeLj		]]></document>
	<document><![CDATA[crops2swap and more: http://t.co/d3gWqJoc71 @username #ChelseaFringeLj		]]></document>
	<document><![CDATA["Waste no more" by @username at #ChelseaFringeLj: http://t.co/yXULKVcWqa @username		]]></document>
	<document><![CDATA[@username check this out, the CF logo is real, it's called jiaogulan: #ChelseaFringeLj @username @username http://t.co/Pv8rU24lzO		]]></document>
	<document><![CDATA[Not for the faint-hearted. #veggiegardenporn http://t.co/DFlue8k8b7		]]></document>
	<document><![CDATA[@username loool. tweeps <3 print!		]]></document>
	<document><![CDATA[Curiosity thrilled the cat.		]]></document>
	<document><![CDATA[@username tale pa: "poslovni couching in psiho " natural language processing field day! @username @username		]]></document>
	<document><![CDATA[After-work worm-composting party is on today! #ChelseaFringeLj @username @username @username https://t.co/ljVYT7Ry3x		]]></document>
	<document><![CDATA[@username sign at my fav community garden in Ljubljana called Beyond Construction Site http://t.co/M9CtRbSGLY		]]></document>
	<document><![CDATA[The coolest #ChelseaFringeLj workshop sofar. People loved the wormery! @username @username @username http://t.co/dJhWKaclIf		]]></document>
	<document><![CDATA[#FloodRelief campaign at #ChelseaFringeLj this Sat 10-6 at Park Tabor. Sanitation, desinfectants&cleaning products needed! @username		]]></document>
	<document><![CDATA[Tomorrow is a super awesome day at #ChelseaFringeLj: 6 events all over town, therapeutic,balcony&raised bed gardening http://t.co/yrSIQIblXt		]]></document>
	<document><![CDATA[@username Make your own knife at the #TouchWood workshop at #ChelseaFringeLj http://t.co/BltPWWHz7X		]]></document>
	<document><![CDATA[@username She's making the rest of us look bad, that's all. @username		]]></document>
	<document><![CDATA[@username @username Voting shouldn't be popular, voting should be responsible!		]]></document>
	<document><![CDATA[Publish or God. http://t.co/pDXweQFWfA		]]></document>
	<document><![CDATA[Vegan food at #ChelseaFringeLj @username http://t.co/60nm7O16PF		]]></document>
	<document><![CDATA[Need some shoes? #garagesale at #ChelseaFringeLj @username http://t.co/M5XRm3GH0T		]]></document>
	<document><![CDATA[I <3 @username for helping out at #ChelseaFringeLj #FloodReliefCampaign! @username http://t.co/nUemXqEtQu		]]></document>
	<document><![CDATA[Acting school at #ChelseaFringeLj @username http://t.co/iDaBbSIR8N		]]></document>
	<document><![CDATA[Pick a coat, any coat at @username Ljubljana Garage Sale http://t.co/eZwQal0DpY		]]></document>
	<document><![CDATA[Some groovy outfits in the park today @username Ljubljana http://t.co/cgRLv2RZ62		]]></document>
	<document><![CDATA[What an honour! @username and @username attended our first ever #ChelseaFringeLj <3 http://t.co/J0X03Id9Cn		]]></document>
	<document><![CDATA[We're all mad here. Thanks, @username & @username ! http://t.co/m2tcaQDrrx		]]></document>
	<document><![CDATA[Low and behold. My flat is as of now officially and actually a seedling-free zone! o/		]]></document>
	<document><![CDATA[@username some people work for peanuts, others for salad.		]]></document>
	<document><![CDATA[@username That’s how we garden in Ljubljana! http://t.co/6nWXnXfcz3		]]></document>
	<document><![CDATA[@username photos from week 1 in Ljubljana have been published on the one and only @username: http://t.co/Q3VLyfCbxj @username		]]></document>
	<document><![CDATA[Siesta time. For some. http://t.co/sXK27ofq5t		]]></document>
	<document><![CDATA[@username ehm, Italy?		]]></document>
	<document><![CDATA[@username how very true. greetings from iceland.		]]></document>
	<document><![CDATA[@username join the club :) @username		]]></document>
	<document><![CDATA[Today should be fun: "Recognising Suicidal Messages in Dutch Social Media" #lrec14		]]></document>
	<document><![CDATA[@username A therapeutic gardening session in old town Ljubljana #ChelseaFringeLj http://t.co/UHLymglwfz		]]></document>
	<document><![CDATA[Yes, I'm at a conference. #lrec14 #reykjavik http://t.co/BLrIfUl4Ik		]]></document>
	<document><![CDATA[@username Not to be missed at #ChelseaFringeLj today: the opening of the library under treetops in Ljubljana http://t.co/cSettyvtin		]]></document>
	<document><![CDATA[@username we were the awesomenesest yesterday at our Playscapes event in the Tivoli Park!!! #ChelseaFringeLj http://t.co/7cuS2mxXw6		]]></document>
	<document><![CDATA[@username check out our Live Painting in its new home.The restaurant won the best terrace award just this week:) http://t.co/G8AvpRoXIv		]]></document>
	<document><![CDATA[Missing my dog but she’s being well looked after. http://t.co/jOBzjcIaqS		]]></document>
	<document><![CDATA[@username Success at foraging walk in the city park at #ChelseaFringeLj @username @username @username http://t.co/wRM77b2zXW		]]></document>
	<document><![CDATA[@username Here's an overview of Week Two in Ljubljana by the fabulous @username: http://t.co/e157TRRbU9 @username @username		]]></document>
	<document><![CDATA[@username goes without saying! @username @username @username		]]></document>
	<document><![CDATA[@username as opposed to here in iceland :/ @username		]]></document>
	<document><![CDATA[@username high five!		]]></document>
	<document><![CDATA[It's coffee and waffles time! #westfjords http://t.co/4xF7o48BWZ		]]></document>
	<document><![CDATA[@username #WalkForWater Itinerary at #ChelseaFringeLj http://t.co/7CGApCcgI2		]]></document>
	<document><![CDATA[@username Ready to start #WalkForWater at #ChelseaFringeLj! @username @username @username http://t.co/W1WZPgBpDk		]]></document>
	<document><![CDATA[@username That's how we #WalkForWater at #ChelseaFringeLj @username @username @username http://t.co/ufPCtAH8ZJ		]]></document>
	<document><![CDATA[@username worked for me :)		]]></document>
	<document><![CDATA[@username še being the operative word here. @username		]]></document>
	<document><![CDATA[1st @username Lj is over.It was fabulous,27 events,green thumbs galore!Thanks to everyone who made it happen! <3 @username @username		]]></document>
	<document><![CDATA[Enim Viktorje, drugim recenzije: "one wishes that more colleagues in the field adopted their way of doing honest, thorough research" #proud		]]></document>
	<document><![CDATA[@username This year's #ChelseaFringeLj closed with style! http://t.co/Dl6gzBr3YS @username @username @username @username @username		]]></document>
	<document><![CDATA[Berimo, bratje: COST_Vademecum_Part_1_COST_Actions-2.pdf #bljak		]]></document>
	<document><![CDATA[Minding my peas http://t.co/Ocvy0a1aGp		]]></document>
	<document><![CDATA[@username i wish :)		]]></document>
	<document><![CDATA[@username @username @username Yay, Irena's Vertical Tea from #ChelseaFringeLj made it to @username! http://t.co/UoLq1pzIhy		]]></document>
	<document><![CDATA[You say spikes, I say Archisuits! http://t.co/0gBa8mOnr5		]]></document>
	<document><![CDATA[@username rofl! @username @username @username @username		]]></document>
	<document><![CDATA[random google query result: monroe band! #omg		]]></document>
	<document><![CDATA[@username tnx for not unfollowing :)		]]></document>
	<document><![CDATA[@username @username It is! http://t.co/Hgx5OJgtK7		]]></document>
	<document><![CDATA[@username here's another one for our #ItCan'tCan'tBeDone project!		]]></document>
	<document><![CDATA[Za #ChelseaFringeLj After Party. Jutri ob 17h v Parku Tabor. @username @username @username @username http://t.co/nUwhVRpl4F		]]></document>
	<document><![CDATA[For the love of Tarrangon! http://t.co/OQLWY7fODI		]]></document>
	<document><![CDATA[We ran out of redcurrant pie before  we ran out of ideas for next year. #ChelseaFringeLj afterparty was a success! http://t.co/di6U76Void		]]></document>
	<document><![CDATA[@username tolk o Easy Like Sunday Morning :)		]]></document>
	<document><![CDATA[@username top 10 :)		]]></document>
	<document><![CDATA[@username List of #WorldCupFreeBars in Ljubljana badly needed!		]]></document>
	<document><![CDATA[@username ?e ne že box office, maš definitivno home office hit!		]]></document>
	<document><![CDATA[@username totally overrated. #disappointed #worthastopnotatrip		]]></document>
	<document><![CDATA[Oh happy day turned to oh admin nightmare within the first 24 hours after the project was accepted. #arrs #research #slovenia		]]></document>
	<document><![CDATA[Salsola for the win! #balcony http://t.co/NzEEhL2n6k		]]></document>
	<document><![CDATA[I see your blue watch dude. What did you do to your guinea pig huh? #qtd http://t.co/DuutEc0qKw		]]></document>
	<document><![CDATA[@username I live therefore I browseth.		]]></document>
	<document><![CDATA[@username DL or How to go out with a bang.		]]></document>
	<document><![CDATA[Sodelovanje is the new cool: http://t.co/Z8nSHCUzyW by @username		]]></document>
	<document><![CDATA[@username hipster camper!		]]></document>
	<document><![CDATA[Being a manager means that you do the actual work from 19 till dawn :/		]]></document>
	<document><![CDATA[This is what sex education should really be like! http://t.co/7XmYcwSU9J @username @username		]]></document>
	<document><![CDATA[My name is Alice and I live in Wonderland. #fact		]]></document>
	<document><![CDATA[@username @username RT @username Do you know of a school in #Leeds that would like to improve its grounds for #pollinators?		]]></document>
	<document><![CDATA[Cool talk! Nick Hanauer: "Rich people don't create jobs" #bannedTEDtalk https://t.co/Lvkq8bDTHN		]]></document>
	<document><![CDATA[I'm in the @username. For keeping unorthodox tools next to the loo:) Tnx, @username, a delightful read, as always! http://t.co/4WR1c2PG59		]]></document>
	<document><![CDATA[Kar malo perverzno: Seven PhD Positions in the Dutch Research Consortium 'Language in Interaction' http://t.co/hKvIR4JKZK		]]></document>
	<document><![CDATA[word of the day: biophotovoltaic http://t.co/DP8M0e44qv		]]></document>
	<document><![CDATA[Stay on the fucking bus. http://t.co/zQxfXuMbaa		]]></document>
	<document><![CDATA[@username From Iceland with love. #MetaDekleta http://t.co/NKqVqDJxIi		]]></document>
	<document><![CDATA[Balcony harvest! http://t.co/nkhEW5p0Ip		]]></document>
	<document><![CDATA[Low and behold. My first potato harvest. #extatic http://t.co/A0hf94hHZ5		]]></document>
	<document><![CDATA[Dr Seuss was wrong. The Cat's Not in The Hat. http://t.co/m1UQQ26NPo		]]></document>
</author>