<?xml version="1.0" encoding="UTF-8" standalone="no"?><author id="user481">
	<document><![CDATA[Ha resistito al gelo e me lo sta dicendo http://t.co/X8QJZC6D		]]></document>
	<document><![CDATA[I'm at Rumballion (Savona, Liguria) http://t.co/nGlY9EXT		]]></document>
	<document><![CDATA[Per tutti: farinata liscia di grano o di ceci ma anche "condita" con lardo o cipolle o stracchino o... http://t.co/FYYMtdkW		]]></document>
	<document><![CDATA[La notizia savonese del giorno è che la città ha ceduto all'apertura del primo #McDonald. Uno storico passo dopo H&M. #Savonacheavanza		]]></document>
	<document><![CDATA[Wiki Loves Monuments: questa volta anche l'Italia ce la fa!! http://t.co/zQhBgriP via @username@usernamenextme_it		]]></document>
	<document><![CDATA[Un regalo dolce dai miei colleghi di isola. Mi vedono nervosa? @username @username @username http://t.co/8w5qE70f		]]></document>
	<document><![CDATA[@username @username lo so lo so che in realtà non mi sopportate!;)		]]></document>
	<document><![CDATA[@username @username @username vediamo di procurarcene una!!		]]></document>
	<document><![CDATA[I'm at Pentesilea (Milano, Lombardia) http://t.co/9WMC12f4		]]></document>
	<document><![CDATA[@username @username si arriva! @username		]]></document>
	<document><![CDATA[La forza oscura #happybau #partybau #primaverabau è con noi! http://t.co/Cpdcx5Mf		]]></document>
	<document><![CDATA[@username ma come non mi segui??		]]></document>
	<document><![CDATA[@username così non senti l'ora in meno!:)		]]></document>
	<document><![CDATA[@username @username e noi vi si aspetta! @username @username		]]></document>
	<document><![CDATA[#parmaparty bbbuono! http://t.co/pQ1jDB86		]]></document>
	<document><![CDATA[@username ti sei perso anche l'estrazione oltre ai prosciutti e vino ottimo! Ora siamo 1-1 palla al centro! #parmaparty		]]></document>
	<document><![CDATA[#parmaparty i vincitori http://t.co/2F43APxe		]]></document>
	<document><![CDATA[E ora basta avanti e indietro... (@username Ketchum Pleon Office Bulding 32 w/ @usernamegonzogiovanni) [pic]: http://t.co/n329scmB		]]></document>
	<document><![CDATA[I'm at Camparino in Galleria w/ @username @username @username @username @username http://t.co/RPIFP67q		]]></document>
	<document><![CDATA[#ggdmilano20 eccoci!!		]]></document>
	<document><![CDATA[#ggdmilano20 @username concentrata!:) http://t.co/nVNF4eUf		]]></document>
	<document><![CDATA[@username vieni in fondo a destra!:)		]]></document>
	<document><![CDATA[@username ma siiii! Tu siedi per terra almeno :)		]]></document>
	<document><![CDATA[@username mariateresa rangheri. Il tuo tweet ha suscitato un momento impagabile!		]]></document>
	<document><![CDATA[@username @username è vero peró!:) ora ci sbattono fuori!		]]></document>
	<document><![CDATA[Hanno cambiato il cartello! #nonsonodaccordo ma la panissa è sempre lei! http://t.co/iOGpRZ4d		]]></document>
	<document><![CDATA[C'è già coda alle 18,52 per la farinata da portare via?!?!?! (@username Vino e Farinata) http://t.co/giOfjvHP		]]></document>
	<document><![CDATA[Spiegare a un turista cos'è la farinata: sentirsi guardare male dagli altri avventori savonesi in coda per troppa socialità #adorolamiacittà		]]></document>
	<document><![CDATA[@username @username @username @username @username correct! Pizza take away da Giuliano...e poi da me. @username?		]]></document>
	<document><![CDATA[@username @username @username @username @username @username @username a che ora vi aspetto? La pizza la prendiamo insieme?		]]></document>
	<document><![CDATA[@username @username @username @username @username  @username pacco da @username chi resta? :)		]]></document>
	<document><![CDATA[@username @username @username @username @username pizza prenotata: 1 teglia. Al Max aggiungiamo, me lo ha consigliato Giuliano:)		]]></document>
	<document><![CDATA[@username @username grazie per la sensazione di casa. Notte!		]]></document>
	<document><![CDATA[@username ah peró, il nipote!:)		]]></document>
	<document><![CDATA[Trovata oggi nella cassetta postale una lettera speditami nel 2007 #evvivaleposte http://t.co/zStfh4qO		]]></document>
	<document><![CDATA[@username da piazza Cavour!!! 15 m dal mio ufficio. ;) se l'è presa comoda		]]></document>
	<document><![CDATA[Brioche valide e primi vari (@username Pane E Pane) http://t.co/B8RQ7bQh		]]></document>
	<document><![CDATA[Il pisolino pre cena favorisce la mia socialità		]]></document>
	<document><![CDATA[@username anche dei trentaseienni che riescono a uscire dall'ufficio alle sette e non alle nove #happy		]]></document>
	<document><![CDATA[#milanoskyline dalla finestra http://t.co/2JjLXdJa		]]></document>
	<document><![CDATA[Ostellobello, da scoprire http://t.co/WksnfMz8		]]></document>
	<document><![CDATA[Buon inizio di ferie pasquali #sfiga http://t.co/36VJZ90n		]]></document>
	<document><![CDATA[#milanoskyline diurno. Apprezzato ancora di più dopo essere riusciti a rientrare in casa http://t.co/SXKmey9o		]]></document>
	<document><![CDATA[Finalmente sono riuscita a cenarci...iniziando alle 19.00! Ma ne è valsa la pena: farinata e seppie ripiene http://t.co/r5HiJ5EJ		]]></document>
	<document><![CDATA[La Torretta #savona  @username Via Paleocapa http://t.co/hVMz26U8		]]></document>
	<document><![CDATA[La soluzione di tanti probl...ehm...spazi:  la biblioteca condominiale @username Corriere.it: http://t.co/6VN8cQ62 via @username		]]></document>
	<document><![CDATA[Terremoto nell'Oceano Indiano: allarme tsunami - Video Repubblica - la Repubblica.it http://t.co/HnHfcV9m via @username		]]></document>
	<document><![CDATA[Se #giovedì 12 è stato così non oso pensare a #venerdi13...forse meglio stare a letto		]]></document>
	<document><![CDATA[E dopo #FruitNinja sono già dipendente di #Skylanders Cloud Patrol :/
l'Unità http://t.co/1zaNZciz		]]></document>
	<document><![CDATA[@username nessun problema ma altro tempo da trovare:)		]]></document>
	<document><![CDATA[mi sono iscritta a http://t.co/q483G82E: startup, web, acquisizioni e venture capital http://t.co/VSnJBAes		]]></document>
	<document><![CDATA[E vai di ossobuco! (@username Ostarie Vecjo Friul) http://t.co/yEhnoXpN		]]></document>
	<document><![CDATA[Ho scoperto che l'espressione "su per i Bricchi" deriva da un luogo che esiste veramente #sapevatelo #savona #adorolamiacittà		]]></document>
	<document><![CDATA[@username @username concordo! Un panino Tartufo e un caffè foursquare e inizi meglio il sabato!		]]></document>
	<document><![CDATA[@username suggestivo! Ciao navigatrice di fiordi :)		]]></document>
	<document><![CDATA[@username per usare un'altra espressione nostra: "a ciantagalletto..."		]]></document>
	<document><![CDATA[@username @username ahhhh ora mi hai ricordato il toast alla nutella!!!! Sarà duro il resto del week end.		]]></document>
	<document><![CDATA[Vidi una Biancaneve finire in un musical di Bollywood...come sono cambiate le favole!		]]></document>
	<document><![CDATA[Affollamento di navi nel porto di #savona. Ce n'era una quarta nascosta dietro  http://t.co/bN8r6q9G		]]></document>
	<document><![CDATA[I'm at Freccia rossa milano roma http://t.co/tqHLJoA4		]]></document>
	<document><![CDATA[I'm at Cinecittà (Roma, RM) [pic]: http://t.co/o9csvAjP		]]></document>
	<document><![CDATA[Check out Cinecittà (Via Tuscolana 1055, Roma) on @username: http://t.co/PmJGQSo1		]]></document>
	<document><![CDATA[I'm at Sul Freccia Rossa verso Milano (Castelfranco Emilia, Emilia Romagna) http://t.co/02pFgPLX		]]></document>
	<document><![CDATA[#4sqday2012 passato a #Cinecittà http://t.co/JNyAA4Od		]]></document>
	<document><![CDATA[@username sigh! All'ultimo c'ero, il prossimo non me lo perdo...		]]></document>
	<document><![CDATA[Concorso MODELLA PER UN PELO. Realizza il tuo sogno e diventa modella per un giorno! http://t.co/IgoWlfWx		]]></document>
	<document><![CDATA[Giochiamo con il cinema #P2LiveinRome #Prototype2 #cinecittà #Activision #nuct http://t.co/IdIoUeq9		]]></document>
	<document><![CDATA[Cadere in metropolitana a modi tartaruga sul dorso é totalmente imbarazzante. Ma il meglio è rialzarsi fingendo indifferenza! Rido di me.		]]></document>
	<document><![CDATA[@username e ridiamoci su :)		]]></document>
	<document><![CDATA[http://t.co/IdIoUeq9 #p2liveinrome iscrizioni aperte fino a domani! #prototype2		]]></document>
	<document><![CDATA[In cerca di ispirazioni... (@username Salone Internazionale del Mobile 2012 w/ 5 others) http://t.co/OUfplydI		]]></document>
	<document><![CDATA[Interiore voglia di cibo #salonedelmobile #seletti http://t.co/HSUhZBr3		]]></document>
	<document><![CDATA[@username ero in fiera :(		]]></document>
	<document><![CDATA[C'è una vita prima delle 6 del mattino...e tutta in partenza per Roma (@username Stazione Milano Centrale) http://t.co/N3C2rg5z		]]></document>
	<document><![CDATA[Oggi colazione a Roma		]]></document>
	<document><![CDATA[I'm at Cinecittà (Roma, RM) http://t.co/gtLkqW5W		]]></document>
	<document><![CDATA[Il virus sta invadendo Cinecittà #p2liveinrome http://t.co/WkWz24ic		]]></document>
	<document><![CDATA[@username #p2liveinrome ti aspettiamo a Cinecittà stasera! A dopo, ciao!		]]></document>
	<document><![CDATA[@username masterclass "un videogame contaminato dal cinema" e la prima cinematic live sequences ispirata a #prototype2		]]></document>
	<document><![CDATA[Cinematic Live Sequences a Cinecittà per presentare Prototype 2 | BadTaste.it - Il nuovo gusto del cinema!: http://t.co/m87gUp2X		]]></document>
	<document><![CDATA[@username ciao! Riuscite a venire questa sera a Cinecittà per #p2liveinrome e la masterclass su cinema e videogame. Lancio di #prototype2		]]></document>
	<document><![CDATA[@username ciao Alessandro, vieni questa sera al #p2liveinrome a Cinecittà per il lancio di #prototype2?		]]></document>
	<document><![CDATA[@username ciao! Vieni questa sera a Cinecittà per #p2liveinrome. È il lancio italiano di #prototype2 :) dalle 18.00		]]></document>
	<document><![CDATA[@username yep! Evento a Cinecittà #p2liveinrome. Cavolo mi spiace!! Speravo avessi visto l'invito ;) http://t.co/1PCl055a		]]></document>
	<document><![CDATA[@username si, te l'avevo mandato io! :((		]]></document>
	<document><![CDATA[@username stranissimo non mi è tornata indietro la mail. :( mi spiace		]]></document>
	<document><![CDATA[@username allora alla prossima e in bocca al lupo per il concerto!		]]></document>
	<document><![CDATA[#p2liveinrome cinema e videogame Gianmarco tognazzi e il suo rapporto da attore con i videogame #prototype2		]]></document>
	<document><![CDATA[È appena iniziata la masterclass "cinema e videogame" #p2liveinrome #Cinecittà parla Francesco Aló http://t.co/YCTn5H2O		]]></document>
	<document><![CDATA[#p2liveinrome gianmarco tognazzi videogiocatore incallito http://t.co/q23AJrZq		]]></document>
	<document><![CDATA[#p2liveinrome federico ercole: il videogame come nuova arte? #prototype2 #activision http://t.co/gqCIygOc		]]></document>
	<document><![CDATA[#p2liveinrome federico ercole:" il cinema invidia il videogioco" #prototype2 #activision		]]></document>
	<document><![CDATA[#p2liveinrome Davide Albano: il doppiatore di Mercer #prototype2 http://t.co/7jehCW5S		]]></document>
	<document><![CDATA[#p2liveinrome e intanto fuori dalla masterclass il virus prende forma http://t.co/WNkwneGo		]]></document>
	<document><![CDATA[#p2liveinrome gianmarco tognazzi http://t.co/hTO3D8kZ		]]></document>
	<document><![CDATA[#p2liveinrome Stefano Bertuzzo di #activision http://t.co/62iIWRrK		]]></document>
	<document><![CDATA[#p2liveinrome Federico Ercole:"amo i videogiochi e ne scrivo..." http://t.co/pnNKuYYw		]]></document>
	<document><![CDATA[#p2liveinrome inizia la cinematic sequences ispirata a #prototype2 #activision http://t.co/zbZFVJ8s		]]></document>
	<document><![CDATA[I'm at OP Hotel (Roma, Lazio) http://t.co/Ycmgnuzs		]]></document>
	<document><![CDATA[I'm at Frecciarossa Roma - Milano http://t.co/93UBRNSt		]]></document>
</author>