<?xml version="1.0" encoding="UTF-8" standalone="no"?><author id="user275">
	<document><![CDATA[Da oggi ha ufficialmente inizio la mia prima esposizione fotografica presso lo spazio de "La Tenda" a Modena! http://bit.ly/b2FEwI		]]></document>
	<document><![CDATA[distrutta e stanca stanca stanca.		]]></document>
	<document><![CDATA[@username no vabbé oltre ad essere una fantastica fotografa, hai anche estro creativo negli insulti, ahah..fantastica!		]]></document>
	<document><![CDATA[ho trovato la libreria dei miei sogni..ed è a 5 minuti a piedi da casa: solo libri di fotografia scontati!il '68 visto dai fotografi #magnum		]]></document>
	<document><![CDATA[@username @username : l'indirizzo é questo! http://t.co/oV542Ij		]]></document>
	<document><![CDATA[@username se ne trovo altri allora ti faccio sapere, tanto ho molto tempo per girare qui :)		]]></document>
	<document><![CDATA[lo shopping è deleterio per il portafoglio e la schiena (restare 3 ore in un negozio non è cosa umana..)		]]></document>
	<document><![CDATA[ma alice in wonderland questo pomeriggio in 3D...mmmh, si può fare!		]]></document>
	<document><![CDATA[uno zero meno per il 3D ma tim burton resta sempre il migliore, bravissimi gli attori e costumi spettacolari!		]]></document>
	<document><![CDATA[@username sìsì, l'unica cosa che mi ha procurato è stato un gran mal di testa..anche io avrei volentieri risparmiato i 4€ di differenza!		]]></document>
	<document><![CDATA[@username merci! bonne nuit :))		]]></document>
	<document><![CDATA[@username daii! sei andato ieri per caso? io sono passata in mattinata alla tenda :)		]]></document>
	<document><![CDATA[@username ok, ti faccio sapere presto! quante persone ci saranno?		]]></document>
	<document><![CDATA[@username purtroppo non riuscirò ad esserci oggi, troppo studio da fare prima dell'esame :((		]]></document>
	<document><![CDATA[Paul Krugman: odi et amo. Quare id faciam, fortasse requiris. Nescio, sed fieri sentio et excrucior.		]]></document>
	<document><![CDATA[I support: http://www.noppaw.org/		]]></document>
	<document><![CDATA[Le donne si ribellano alla tradizione che le fa schiave http://shar.es/mf49V #Internazionale		]]></document>
	<document><![CDATA[@username complimenti a me? piuttosto è il contrario :)) comunque grazie mille! e per l'add non c'è di che :P		]]></document>
	<document><![CDATA[@username mi sa che su mediaset le tette si vedono a tutte le ore del giorno e della notte :P		]]></document>
	<document><![CDATA[@username @username @username thank you :) grazie..speriamo che tutti questi in bocca al lupo portino bene :P		]]></document>
	<document><![CDATA[mi sa che economia e creatività sono un ossimoro..mmmh		]]></document>
	<document><![CDATA[@username grazie, sei davvero troppo gentile :*		]]></document>
	<document><![CDATA[@username a novembre sono andata fino a berlino solo per vederli quindi direi che la data di stasera sia immancabile :))		]]></document>
	<document><![CDATA[@username tra l'altro ero tornata da neanche 24 ore da new york, il jet lag mi ha quasi uccisa ma ne è valsa la pena :)		]]></document>
	<document><![CDATA[@username comunque non si è mai troppo vecchi per fare follie :D		]]></document>
	<document><![CDATA[@username Sì, sì, l'han fatta però c'era l'Andromeda Mega Express Orchestra che accompagnava, per cui ogni canzone durava 10-12min..		]]></document>
	<document><![CDATA[@username ahahaha infatti stasera sarà molto meglio senza l'orchestra XD		]]></document>
	<document><![CDATA[ho passato l'esame!!! :D		]]></document>
	<document><![CDATA[@username anche io..davo per scontato che la bresso vincesse..e invece..per quanto riguarda lega&pdl sono partiti ai limiti di regime..		]]></document>
	<document><![CDATA[pronta ad emigrare in settembre..		]]></document>
	<document><![CDATA[@username io passo per parigi martedì :) ma solo per fare un cambio di stazione gare de lyon-gare du nord..quanto tempo rimani?		]]></document>
	<document><![CDATA[vado a vedere i tori che corrono nelle strade..speriamo bene..		]]></document>
	<document><![CDATA[Ansel Adams a Modena ovvero "la Natura é il mio regno": 70 fotografie esposte all'ex-ospedale Sant'Agostino http://t.co/oyvZvdjx		]]></document>
	<document><![CDATA[il vino francese picchia forte..che seratina..		]]></document>
	<document><![CDATA[stop-motion video :))) http://bit.ly/9MSMaW		]]></document>
	<document><![CDATA[tosse&sciroppo..		]]></document>
	<document><![CDATA[Cartoline da Parigi. http://t.co/toj0JtIf		]]></document>
	<document><![CDATA[@username ciao, si io abito a due passi dal moulin rouge! locali carini ce ne sono parecchi, nel marais e in zona montmartre..		]]></document>
	<document><![CDATA[@username come fai ad odiarla?dopo il concerto dei coldplay e con 0 gradi ti obbligherò a vederla :D		]]></document>
	<document><![CDATA[@username grazie per la foto!il cielo è meraviglioso..		]]></document>
	<document><![CDATA[eating kebap & watching avatar tonight (sento che il film sarà una schifezza..)		]]></document>
	<document><![CDATA[mmmh, dopo 7 ore di viaggio direi che è ora di andare a dormire..		]]></document>
	<document><![CDATA[chepallemicroeconomia.		]]></document>
	<document><![CDATA[pizza with salami for dinner :D		]]></document>
	<document><![CDATA[L’irrazionalità di una cosa non è una prova contro la sua esistenza, ma piuttosto una sua condizione. (new upload http://flic.kr/p/7Z4g1S		]]></document>
	<document><![CDATA[500 pagine + slides + esercitazioni da studiare in 11 giorni, mmmh..		]]></document>
	<document><![CDATA[vi amo vi odio vi stimo: mi intasate la bacheca. andate da uno psicologo se avete tutti questi problemi di comunicazione..		]]></document>
	<document><![CDATA[ogni volta che vedo la pubblicità del rosario elettronico "io prego" mi vengono i brividi..		]]></document>
	<document><![CDATA[#nowwatching "Mani in alto" di A. Hitchcock		]]></document>
	<document><![CDATA[@username sono appena rientrata dopo un mese passato in francia, anche il mio sito procede bene comunque :)..belle le foto di parigi!		]]></document>
	<document><![CDATA[@username spero di non esere una di quelle :P		]]></document>
	<document><![CDATA[@username massé non scherziamo, la strada da fare per me è ancora lunga e in salita e tu sei sicuramento molto più in alto!		]]></document>
	<document><![CDATA[@username anche io ne ho fatte un migliaio ma il tempo per la post-produzione manca:S allora attenderò nuove foto della ville lumière!		]]></document>
	<document><![CDATA[io odio i moltiplicatori lagrangiani..		]]></document>
	<document><![CDATA[kamchàtka: grazie a voi ho scattato una delle foto più belle della mia vita (http://www.kamchatka.cat/) !!		]]></document>
	<document><![CDATA[domani a bologna..dopo un mese di astinenza da trenitalia..mmmh		]]></document>
	<document><![CDATA[@username crepi! spero non faccia ritardi dato che anche la segreteria di scienze politiche rimane aperta 2 ore..poverini, lavorano troppo!		]]></document>
	<document><![CDATA[io amoamoamo il mio prof di economia..per una volta l'università mi stupisce in positivo!		]]></document>
	<document><![CDATA[@username hai news per il concerto dei coldplay? se non vieni ti ci trascino a forza insieme a @username :)		]]></document>
	<document><![CDATA[@username ok sarà fatto :) parto dopo pranzo così ho tempo per girarle tutte (anche kenna, che alle 17 fa una conferenza in facoltà..)		]]></document>
	<document><![CDATA[qualcuno sa più o meno i costi per far pulire corpo macchina più due lenti?		]]></document>
	<document><![CDATA[la follia colpisce ancora..		]]></document>
	<document><![CDATA[valentina-vicini di casa che crackano la rete: 1-0		]]></document>
	<document><![CDATA[5 giorni per leggere 300 pagine e studiare tutto alla perfezione *_*		]]></document>
	<document><![CDATA[voglio i nuovi episodi di lie to me, tim roth <3		]]></document>
	<document><![CDATA[le bestemmie della casalinga di fronte a casa si sentono fino a qui......		]]></document>
	<document><![CDATA[basta pioggia.		]]></document>
	<document><![CDATA[@username diluvia!!!!		]]></document>
	<document><![CDATA[@username ahahaha no in effetti, in questo momento sta anche grandinando..e io devo anche uscire per ritirare delle foto dal fotografo,mmmh		]]></document>
	<document><![CDATA[@username mmmh purtroppo no, infatti penso userò la macchina, sono curiosa di vedere i primi risultati della mia flexaret del '56 :P		]]></document>
	<document><![CDATA[@username sì io ho iniziato con il digitale e passo ora all'analogico, come sempre faccio le cose al contrario :P		]]></document>
	<document><![CDATA[@username sìsì il bello del digitale è che puoi imparare tanto e in fretta se hai perseveranza, tu hai iniziato da molto a fotografare?		]]></document>
	<document><![CDATA[librotiodiolibrotiodio,ancora150pagine..uffuffuff		]]></document>
	<document><![CDATA[@username :) grazie, sì è un blog he ho creato poco tempo fa (e che ancora sto imparando ad usare) :))		]]></document>
	<document><![CDATA[@username ahahah parecchio, se sei in fase depressiva è meglio non guardarlo però la musica spacca!		]]></document>
	<document><![CDATA[esame passato..ne resta solo uno ormai :D		]]></document>
	<document><![CDATA[@username lasciamo perdere..non puoi immaginare la burocrazia affrontata per partire in erasmus 3 anni fa :P		]]></document>
	<document><![CDATA[sento che non ce la posso fare..statistica di m***a..		]]></document>
	<document><![CDATA["c'ho" sonno..		]]></document>
	<document><![CDATA[martedì prossimo suonano i matt and kim e i gogol bordello all'estragon..voglio andarci :((((		]]></document>
	<document><![CDATA[Se siete di Bologna e dintorni, sabato 29 verranno esposti alcuni miei scatti di Coney Island (NY) durante la... http://bit.ly/cmMIwd		]]></document>
	<document><![CDATA[@username devo solo aspettare 6 giorni e poi potrai mostrarmelo tu, no? :D		]]></document>
	<document><![CDATA[grandissimo Milito!!!!!!!		]]></document>
	<document><![CDATA[@username Grazie mille :)) in Africa ci tornerò sicuramente non so ancora quando ma porterò l'analogica..in certi posti..		]]></document>
	<document><![CDATA[@username se tiri fuori la reflex digitale non finisce bene..soprattutto a Nairobi o nelle grandi città!		]]></document>
	<document><![CDATA[leggo julia, ascolto i lali puna..quanto ci mette lost?? mannaggia a vuze!		]]></document>
	<document><![CDATA[ahahah  lasciam perdere.. almeno il sito me l'hanno realizzato gratis (anche se i lavori vanno a rilento) :P		]]></document>
	<document><![CDATA[@username così poco -_-..mannaggia! ormai per quest'anno è andata così :P comunque lo terrò a mente per il futuro!		]]></document>
	<document><![CDATA[i testimoni di geova hanno appena suonato al campanello con i mano dei fogliettini e delle cartelle di documenti -_-		]]></document>
	<document><![CDATA[è l'ora di #lostfinale !!		]]></document>
	<document><![CDATA[che delusione lost..no comment.		]]></document>
	<document><![CDATA[Audio: Belle & Sebastian. imlostatsea: http://tumblr.com/xhbaftvvq		]]></document>
	<document><![CDATA[@username già l'ultimo esame e poi finalmente abbandono l'università di bologna per sempre!		]]></document>
	<document><![CDATA[@username ahha diciamo che sono un tantino in ritardo con gli studi :P tu che fai di bello?		]]></document>
	<document><![CDATA[@username anche io ho intenzione di continuare ma a lione!basta italia..scappo e finalmente posso stare più vicina alla mia dolce metà!		]]></document>
	<document><![CDATA[Vintage Camera Mobile http://t.co/uk3IJvi6 via @username		]]></document>
	<document><![CDATA[@username in bocca al lupo per la tua ricerca di modelle!		]]></document>
	<document><![CDATA[@username sì anche per me è stato un piacere :)) eheh fa sempre uno strano effetto incontrare persone conosciute prima sul web!		]]></document>
	<document><![CDATA[@username sì forse questa volta ho esagerato soprattutto perché ero a stomaco vuoto -_-		]]></document>
	<document><![CDATA[@username ..storie di battitori e lanciatori :P		]]></document>
</author>