<?xml version="1.0" encoding="UTF-8" standalone="no"?><author id="user661">
	<document><![CDATA[@username wow Massimo: che forti! Grazie :-D (non avevo mai sentiti)		]]></document>
	<document><![CDATA[@username ah ecco è un duro lavoro per te che lo fai bene e sei paziente :-D Buongiorno @username		]]></document>
	<document><![CDATA[@username qualcosa serve a far del bene, forse meglio i piccoli destinatari @username		]]></document>
	<document><![CDATA[@username eh sarebbe bello da sapere... faranno classifiche. Ma commercialista può scegliere senza consenso cliente? @username		]]></document>
	<document><![CDATA[@username o meglio se cliente dice fai tu @username		]]></document>
	<document><![CDATA[@username vedi l'esperta ;-) grazie! :-* @username		]]></document>
	<document><![CDATA[Il countdown non si fa più con i giorni ma con i passi		]]></document>
	<document><![CDATA[+++ La Rivoluzione della salute: nuovi ticket legati al reddito +++ < Ci sono da più di un anno in verità		]]></document>
	<document><![CDATA[@username ora lo sai :-D Buongiorno		]]></document>
	<document><![CDATA[E lo psicologo? "@username: #Sanità, addio file in ambulatorio: il medico lavorerà in team http://t.co/jxpt1tiL9x"		]]></document>
	<document><![CDATA[Se ne parla anche da noi grazie a @username > #NeuroniSpecchio La scoperta più sopravvalutata della psicologia? http://t.co/qRUc0j1OGn		]]></document>
	<document><![CDATA[@username @username non è stato sempre clemente con critici e su autismo ha azzardato troppo.Ma mi auguro ricerca continui senza scie pop		]]></document>
	<document><![CDATA[Fantastico: gli 8 errori nei commenti alle partite > Cognitive biases in football punditry http://t.co/lYLksELcoh via @username		]]></document>
	<document><![CDATA[@username sempre sul pezzo ;-) #pendolarezen		]]></document>
	<document><![CDATA[aaah... primo colpo di mortaio: è giorno d Giostra del #Saracino http://t.co/tlV2phPNkO		]]></document>
	<document><![CDATA[Vo' a vendicarmi! Giostra del Saracino #Arezzo 2014 http://t.co/DPjWhhSPAN medieval tournament for a golden lance		]]></document>
	<document><![CDATA[@username vo' a vendicarmi del colpo di mortaio ;-) è tanto che 'un si vince a Porta Crucifera #rossoverde ... e Buongiorno Paolo :-D		]]></document>
	<document><![CDATA[@username no no Adri tranquilla: l'ultima edizione è di settembre 2013 ;-) Buongiorno :-D		]]></document>
	<document><![CDATA[@username viva Colcitrone! :-D http://t.co/KxsGFs46gL		]]></document>
	<document><![CDATA[@username ho le lance pronte... ci saranno un sacco di figuri in giro per tutt'il giorno  ;-) Buongiorno Tizzi :-D @username		]]></document>
	<document><![CDATA[@username gli spaghetti, si sa, aumentano le connessioni :-D :-D		]]></document>
	<document><![CDATA[@username puoi anche giocare se vuoi :-D :-D http://t.co/WxCfCMWapr		]]></document>
	<document><![CDATA[@username non proprio al top, ecco... :-) ma il rosso, si sa, può sorprendere ;-) :-D		]]></document>
	<document><![CDATA[Bye Bye Università a Mantova > Zanetti saluta Ingegneria «Mi scuso con gli studenti»  http://t.co/7j8yhhXKSx #tutticuochi		]]></document>
	<document><![CDATA[@username l'adoro :-D Buongiorno Carlì :-)		]]></document>
	<document><![CDATA[Che bello il circuito austriaco di Spilberg: guardi e senti la #F1 dalle colline		]]></document>
	<document><![CDATA[@username oh sì, speriamo!!		]]></document>
	<document><![CDATA[e con 9 punti vincono ancora i cavalieri di Sant'Andrea #GiostradelSaracino #Arezzo per Colcitrone 7		]]></document>
	<document><![CDATA[All'Italia basta twitter "Rimozione di fatto decretata e subito controfirmata con un tweet dal premier Renzi"		]]></document>
	<document><![CDATA[Dal 2006/07 al 2011/12 andamento borse universitarie: Germania +33%, Francia +34%, Spagna +59%, Italia -8% http://t.co/6fOqBYea5U		]]></document>
	<document><![CDATA[@username un bel guizzo: che sorpresa! E dopo il brutto incidente di Montreal. Poi in gara vedremo... ;-) Buongiorno Paolo		]]></document>
	<document><![CDATA[@username Hamilton ha fatto una bella giravolta, lui ha sempre problemi col posteriore ;-) è troppo nervoso		]]></document>
	<document><![CDATA[@username eh eh Hamilton non fa in tempo ad entusiasmare che già delude, con banali errori di concentrazione... vedremo		]]></document>
	<document><![CDATA[Il più grande male alle donne è compiuto da uomini insignificanti, che non hanno nessun motivo, senza convinzioni, senza cuore malvagio		]]></document>
	<document><![CDATA["Il più grande male nel mondo è il male compiuto da persone insignificanti, il male compiuto da persone che (cont) http://t.co/jD9oVBAgVp		]]></document>
	<document><![CDATA[@username :-) piano però, la gara è lunga... grrrrrrrrr		]]></document>
	<document><![CDATA[la macchina del blu singhiozza a Spilberg		]]></document>
	<document><![CDATA[controllare senza soste il  posteriore di  Hamilton ;-)		]]></document>
	<document><![CDATA[@username scherzetto della macchina ma è un giro dietro :-D		]]></document>
	<document><![CDATA[@username non solo, la rete è solo un piccolo specchio, basta trovarsi in una sala d'attesa o alla tv		]]></document>
	<document><![CDATA[@username :-D ho un amore all'inverso per quel blu :-D ehm ne ho apprezzato l'eroismo.... seeeeeeeee		]]></document>
	<document><![CDATA[wooowww ma è lui, Webber! Meno male nessun blu a podio		]]></document>
	<document><![CDATA["decisione dei giudici fornisce la prova" > Stamina:giudici, Asl Brescia curi Celeste http://t.co/WXlh3tuOSG cc @username		]]></document>
	<document><![CDATA[@username ci si ritrova qui, Buongiorno :-)		]]></document>
	<document><![CDATA[@username aaaaahhh Paolo cos'è successo.... ti sei magnato tutti gli spaghetti che avevi nella cocuzza?? @username		]]></document>
	<document><![CDATA[La riconosci sta canzone? Una ricerca studia il riconoscimento di brani musicali http://t.co/MQx7CmTnn9 Ho provato con gli '80 :-D		]]></document>
	<document><![CDATA[@username Buongiorno :-) sì è divertente :-D		]]></document>
	<document><![CDATA[Ho ricordato la melodia, poi qualche parola, poi una strofa ma non il titolo e cantanti... su Youtube l'ho trovata! https://t.co/gfrdUm667Q		]]></document>
	<document><![CDATA[@username woow bello il Camuffamento in Figure ambigue :-D Buongiorno Paolo :-)		]]></document>
	<document><![CDATA[Quando le statistiche sono perverse >La classifica del Sole 24 Ore: Macerata e Salerno al top per la ricerca... o no? http://t.co/dbQbB39TiO		]]></document>
	<document><![CDATA[@username Bel video! :-D Buongiorno Carlì :-)		]]></document>
	<document><![CDATA[@username :-D siamo illusi o illusionisti? ;-)		]]></document>
	<document><![CDATA[@username ah sì, questo l'avevo visto: è fantastico! :-D		]]></document>
	<document><![CDATA["vedere sulla riva spettrale ombre di #mille giorni, poveri relitti striati di grigio oh allora deploreremo quegli anni inutili!"		]]></document>
	<document><![CDATA[@username Buongiorno Carlì :-)		]]></document>
	<document><![CDATA[@username Carlì bello Buongiorno a te :-D		]]></document>
	<document><![CDATA[@username stai suonando? ;-) Buongiorno Paolo :-D		]]></document>
	<document><![CDATA[@username il risultato.... ehm .... non sarà così diverso... :-D		]]></document>
	<document><![CDATA[@username ah ecco... non sei un controtenore ;-)		]]></document>
	<document><![CDATA[Fierezza e orgoglio:"Avanti tutta" Corsera! > Appello a pagamento per Dell'Utri sul Corriere http://t.co/7eZGXEIAHC via @username		]]></document>
	<document><![CDATA[Studiare - in Italia - non funziona più da ascensore sociale: 16,4% nati tra 1980-1984 è salito nella scala sociale, 29,5% è sceso CENSIS		]]></document>
	<document><![CDATA[Abbandono scolastico: figli di laureati 2,9%, figli di diplomati 7,8%, con genitori che hanno frequentato solo scuola dell'obbligo 27,7%		]]></document>
	<document><![CDATA[2008-2013: domanda di lavoro concentrata su livelli di studio bassi, +16,8%, a scapito sia dei titoli medi -3,9% sia dei più elevati -9,9%		]]></document>
	<document><![CDATA[30-34enni laureati: 20,3%, media europea è 34,6%. Passaggio da scuola a università tra i 18-19enni: 50,8% nel 2009/2010, 47,3% nel 2011/2012		]]></document>
	<document><![CDATA[Tra il 2007 e il 2011 il numero di studenti italiani iscritti in università straniere è aumentato del 51,2%, passando da 41.394 a 62.580.		]]></document>
	<document><![CDATA[@username oh grazie Carlì :-) all'uscita mi serve proprio una distrazione visiva e uditiva		]]></document>
	<document><![CDATA[@username Buongiorno Carlì :-D		]]></document>
	<document><![CDATA[@username più probabilmente perché non trova un medico di base (o un pediatra) @username		]]></document>
	<document><![CDATA[Ijon Tichy, un caso clinico in missione sulla luna... dopo una callosotomia a distanza http://t.co/qoQJYKcP9R (nuovo post)		]]></document>
	<document><![CDATA[@username adorabile Carlì, Buongiorno :-D		]]></document>
	<document><![CDATA[Ho dovuto legarmi la sinistra al bracciolo: continuava a strappare la carta dalla macchina per scrivere http://t.co/qoQJYKcP9R Ijon Tichy		]]></document>
	<document><![CDATA[da oggi anche lo psicologo libero professionista è tenuto ad accettare pagamenti effettuati con carte di debito		]]></document>
	<document><![CDATA["non è prevista nessuna sanzione e,se anche lo psicologo fosse sprovvisto di POS, non libera il paziente/cliente dall’obbligo del pagamento"		]]></document>
	<document><![CDATA[@username Buongiorno Carlì :-)		]]></document>
	<document><![CDATA[@username pos o ops? ;-) Buongiorno ...in attesa di nuove perle :-D		]]></document>
	<document><![CDATA[L’indifferenza è inferno senza fiamme, ricordalo scegliendo fra mille tinte il tuo fatale grigio. [1/2]		]]></document>
	<document><![CDATA[Se il mondo è senza senso tua solo è la colpa: aspetta la tua impronta questa palla di cera. Maria Luisa Spaziani		]]></document>
	<document><![CDATA[@username Ciao Carlì, Buongiorno :-)		]]></document>
	<document><![CDATA[New photo album 'Anime libere?' by @username https://t.co/N56WvkwHAe da guardare una per una		]]></document>
	<document><![CDATA[@username Che belli! Grazie Carlì :-D Buongiorno :-)		]]></document>
	<document><![CDATA[Altro che favole governative>Nella Terra dei fuochi si muore di più, studio sentieri ISS: eccessi mortalità e tumori http://t.co/equew27tfp		]]></document>
	<document><![CDATA[Studio Sentieri: NA e CE > nel primo anno di vita: eccesso di bambini ricoverati per tumori, al quale corrisponde un eccesso nell’incidenza		]]></document>
	<document><![CDATA[Non perdete le prossime puntate! > Perception, su Rai 3. Anticipazioni e streaming prima puntata 3 luglio http://t.co/FZxh5PMDR1		]]></document>
	<document><![CDATA[Davvero davvero? > L'insostenibile pesantezza dei propri pensieri http://t.co/tCpqkA6lxF		]]></document>
	<document><![CDATA[Aveva detto "starebbe meglio in cucina", poi le scuse di Sergio Perez > Aclarando el malentendido de Susie Wolff http://t.co/wMBoz3iZYv #F1		]]></document>
	<document><![CDATA[Disastro Ferrari: fuori da Q1 #F1		]]></document>
	<document><![CDATA[@username 19° e 20°, mica ultimi! ...		]]></document>
	<document><![CDATA[@username eh scherzavo... è già finita... e la Force India farà meglio tra i costruttori... Dove andrà il prossimo anno Alonso?		]]></document>
	<document><![CDATA[non c'è pace, è tornato pure il blu ...e meno male Rosberg gli ha sfilato la Pole		]]></document>
	<document><![CDATA["per non svegliarsi ma invece sono le cinque ogni giorno" Amelia Rosselli		]]></document>
	<document><![CDATA["...messe insieme hanno un grande effetto" Bertinotti-Guzzanti: http://t.co/PWK5Uwmabb		]]></document>
	<document><![CDATA["Berlusconi merita rispetto" C. Guzzanti http://t.co/g9X2YqqgZd c'è gente che si ammazza anche 20 ore al giorno per distruggere questo Paese		]]></document>
	<document><![CDATA[@username è rimasto tutto uguale altro che cambiaverso ... Buongiorno Paolo :-)		]]></document>
	<document><![CDATA[@username ti ricordi che una volta c'era un'opposizione.... ma tanto tanto tempo fa... o almeno esseri pensanti, non monetizzabili...		]]></document>
	<document><![CDATA[@username @username e quanto ci manca!!!! Buongiorno Adri :-)		]]></document>
	<document><![CDATA[Più lavoro per tutti? Uno scampolo... > L’esplosione dei lavoratori occasionali http://t.co/QjnzxjyfP0 via @username		]]></document>
	<document><![CDATA[Your Brain - Il cervello stampato in 3D: la sostanza bianca http://t.co/kVG7CV4jt2 via @username http://t.co/8wGLxMnxvC		]]></document>
	<document><![CDATA[562 firme! Lettera alla Commissione Europea per ridiscutere i criteri del Progetto Human Brain http://t.co/I575UgyFgX #HBP @username		]]></document>
	<document><![CDATA[ISTAT > Depressione: il problema di salute mentale più diffuso e più sensibile a
impatto della crisi, per circa 2,6 mln di individui (4,3%)		]]></document>
	<document><![CDATA[ISTAT >Le famiglie con almeno una persona con limitazioni funzionali sono l'11%; di cui, meno del 20% riceve assistenza domiciliare pubblica		]]></document>
</author>