<?xml version="1.0" encoding="UTF-8" standalone="no"?><author id="user446">
	<document><![CDATA[#casasanremo  ultimo giorno #sanremo2013 #sanremoconethos (@username Palafiori) http://t.co/JVyGM1pL		]]></document>
	<document><![CDATA[@username @username state scherzando?!		]]></document>
	<document><![CDATA[@username ehm uhm più o meno, spero di rivederlo stasera, riparto domani mattina all'alba!!! :)		]]></document>
	<document><![CDATA[#sanremo2013 classifica #casasanremo #sanremoconethos @username @username #radioitaliasanremo http://t.co/YYWUzjao		]]></document>
	<document><![CDATA[la scaletta di oggi @username #radioitaliasanremo #sanremoconethos #live #casasanremo #sanremo2013 http://t.co/J1GticiH		]]></document>
	<document><![CDATA[@username a fine trucco! Che bella! #sanremoconethos ethosprofumerie #sanremo2013 #casasanremo… http://t.co/mnAvMibA		]]></document>
	<document><![CDATA[il trucco di oggi è arancione sfumato nero #shiseido #sanremoconethos ethosprofumerie #sanremo2013… http://t.co/4wSkHJo7		]]></document>
	<document><![CDATA[@username qui parlo del tuo sosia #casasanremo http://t.co/GAcuPbrK via @username		]]></document>
	<document><![CDATA[Terza giornata a Sanremo, foto di artisti e incontri a sorpresa http://t.co/OOGLCwXb		]]></document>
	<document><![CDATA[I'm at Stazione Sanremo (Sanremo, Liguria) http://t.co/D4ZrREgJ		]]></document>
	<document><![CDATA[oggi #sanremodacasa #sanremo2013 tanto quello che piacevano a me dei giovani li hanno eliminati subito :( @username @username		]]></document>
	<document><![CDATA[adesso spero che si avvicino al podio @username @username @username e @username #Sanremodacasa #spamremo #Sanremo2013		]]></document>
	<document><![CDATA[@username non andare a ballare al Morgana!!! :D #sanremo2013		]]></document>
	<document><![CDATA[anche gli @username vorrei che si piazzassero ad un buon posto #sanremodacasa #spamremo #sanremo2013		]]></document>
	<document><![CDATA[#sanremodacasa un'altra cosa, però posso alzarmi quando voglio per andare in bagno senza aspettare la pubblicità :D #spamremo #sanremo2013		]]></document>
	<document><![CDATA[@username oggi #sanremodacasa :( sono partita all'alba dopo il Morgana, 12€ di guardaroba per la valigia!!! #spamremo #sanremo2013		]]></document>
	<document><![CDATA[@username idem, non sono molto il mio genere, non li menziono che se no dopo magari si offendono!! #Modà #spamremo #sanremo2013 #sanremodacasa		]]></document>
	<document><![CDATA[@username ma non sono pesanti quei lampadari che ti hanno messo alle orecchie?! #spamremo #sanremo2013 #sanremodacasa #dolceegabbana		]]></document>
	<document><![CDATA[volevo dirvi che Maria Nazionale è proprio bella dal vivo, era passata dal corner @username #sanremoconethos #sanremo2013 #spamremo		]]></document>
	<document><![CDATA[[cose romantiche] che bella la bossa nova #spamremo #sanremo2013 #sanremodacasa		]]></document>
	<document><![CDATA[@username @username @username ahahah!!! Si, era un po' rigida, e il vestito #blugirl non ha aiutato! #spamremo #sanremo2013		]]></document>
	<document><![CDATA[ecco @username con l'occhio di vetro, ve lo avevo detto io sul sito di @username!!! #spamremo #sanremo2013 #sanremodacasa		]]></document>
	<document><![CDATA[@username idem con patate!		]]></document>
	<document><![CDATA[comunque @username zeppola forte, forse più di @username ;) #spamremo #sanremo2013		]]></document>
	<document><![CDATA[che bella @username con questo vestito #spamremo #sanremo2013 #sanremodacasa		]]></document>
	<document><![CDATA[@username eh, con la voce e quella canzone non dà il meglio di sé, ma é brsvissima e molto simpatica comunque! :) #sanremo2013 #spamremo		]]></document>
	<document><![CDATA[Pelú che dice "scaldate le canne" nella pubblicità di #thevoice nuovo format musicale per #rai2, quasi quasi vado anche io a propormi!!! :D		]]></document>
	<document><![CDATA[@username i negramaro?! erano i Marta sui tubi...		]]></document>
	<document><![CDATA[ecco perché in teatro sembrava che la pubblicità durava così poco, perché in tv hanno messo anche quelle pop-up #spamremo #sanremo2013		]]></document>
	<document><![CDATA[@username come stai?		]]></document>
	<document><![CDATA[@username mi sono piaciuti tutti i suoi abiti, fisico da #paura, per non parlare della voce!!! #spamremo #sanremo2013 #sanremodacasa		]]></document>
	<document><![CDATA[@username ok, un abbraccio! :)		]]></document>
	<document><![CDATA["L'essenziale è invisibile agli occhi." #spamremo #sanremodacasa #sanremo2013		]]></document>
	<document><![CDATA[@username tanti abbracci!		]]></document>
	<document><![CDATA[mi sono svegliata adesso pensando ti tornare a vivere a Milano, ora scrivo dell'ultimo giorno a San Remo per @username federchicca! ;)		]]></document>
	<document><![CDATA[ora che mi sono completamente ripigliata :) ringrazio: #sanremoconethos @username @username @username, il team di @username		]]></document>
	<document><![CDATA[poi saluto e ringrazio #sanremoconethos @username @username @username e @username e il suo blog! son stati dei bei giorni!		]]></document>
	<document><![CDATA[la libertà è terapeutica http://t.co/0BIe8nqF		]]></document>
	<document><![CDATA[elizatestoni versione #Sartorialist #fashion #style http://t.co/pzFoBN6n		]]></document>
	<document><![CDATA[Mi è piaciuto un video di @username: http://t.co/ir9kxXIj Andrea Nardinocchi - Storia impossibile		]]></document>
	<document><![CDATA[Mi è piaciuto un video di @username: http://t.co/DN1BN1IC Il Cile - Le Parole Non Servono Più		]]></document>
	<document><![CDATA[I'm at Webgriffe (Casalgrande, Emilia Romagna) http://t.co/mbixNu1x		]]></document>
	<document><![CDATA[Iride fixed Modena: fissati con le bici, e con un nuovo modello culturale http://t.co/CxlnofYh		]]></document>
	<document><![CDATA[@username Modena: fissati con le bici, e con un nuovo modello culturale http://t.co/pvttaFTY via @username		]]></document>
	<document><![CDATA[Iride fixed Modena: fissati con le bici, e con un nuovo modello culturale | Livable Life http://t.co/THBdzf27		]]></document>
	<document><![CDATA[non si dice #management, si dice mannaggia-a-me		]]></document>
	<document><![CDATA[volevo dirvi che Daniele è qui di fianco a me!!! 
http://t.co/E8AHvqFp @username @username		]]></document>
	<document><![CDATA[#Sanremo2013 ultimo giorno, qualche pensiero sparso http://t.co/2z6kctzJ		]]></document>
	<document><![CDATA[federicapiersimoni.it http://t.co/wwjT9IIT		]]></document>
	<document><![CDATA["ma hai rifatto la grafica del sito?!"
is the new "ma ti sei tagliata i capelli?!" / cc @username		]]></document>
	<document><![CDATA[I'm at Webgriffe (Casalgrande, Emilia Romagna) http://t.co/VPuvm7tI		]]></document>
	<document><![CDATA[Janine Shepherd: Un corpo rotto non è una persona rotta http://t.co/UV1tiAGt		]]></document>
	<document><![CDATA[Janine Shepherd: Un corpo rotto non è una persona rotta http://t.co/dV2wk77t #TED		]]></document>
	<document><![CDATA[Janine Shepherd: Un corpo rotto non è una persona rotta http://t.co/WmYIIDEb		]]></document>
	<document><![CDATA[Partecipa anche tu al sondaggio #FacciamociAvanti. http://t.co/pyogolPF @username		]]></document>
	<document><![CDATA[@username le nostre caratteristiche migliori le sanno solo gli altri! ;)		]]></document>
	<document><![CDATA[c'erano gli sconti e ho fatto scorta #libri #books http://t.co/E37RA6Wu		]]></document>
	<document><![CDATA[Mumford&Sons, cercasi biglietti 2/3 per Milano...
fate girare, fate sapere, grazie! <3		]]></document>
	<document><![CDATA[se esiste ancora Chi l'ha visto? vuol dire che c'è ancora chi ci guarda in faccia camminando per strada :) meno smartphone #cosebelle		]]></document>
	<document><![CDATA[I'm at Webgriffe (Casalgrande, Emilia Romagna) http://t.co/uyLmgx7STD		]]></document>
	<document><![CDATA[Mumford&Sons, cercasi biglietti 2/3/4 per Milano...
fate girare, fate sapere, grazie! ?		]]></document>
	<document><![CDATA[auto-regali coming soon https://t.co/Wn7fW3K4cS via @username #cap #fashion #lifestyle		]]></document>
	<document><![CDATA[cerco biglietti per i Mumfors&Sons Milano o Firenze, fate sapere, fate girare! grazie		]]></document>
	<document><![CDATA[I'm at Webgriffe (Casalgrande, Emilia Romagna) http://t.co/TsGJNg1wgR		]]></document>
	<document><![CDATA["Tu che sei #influencer non twittare questo programma, che lo conoscono in pochi…" cit. un collega #music #hacker		]]></document>
	<document><![CDATA[un bacione anche a voi!!! #ff @username @username @username @username @username @username @username		]]></document>
	<document><![CDATA[ho mandato il capo alle sfilate ad impazzire al posto mio, ed è impazzito davvero! #saint #mfw #fashion #runaway		]]></document>
	<document><![CDATA[sfrutto @username per testare app #repost http://t.co/CazPv425zM		]]></document>
	<document><![CDATA[Mah! Speriamo bene! #AndreaPazienza #elezioni2013 • #Repost from giorgiodemitri http://t.co/nmiFc9HmXe		]]></document>
	<document><![CDATA[è la fiera per me...   :)
http://t.co/VmIvgqUdhy
orto, giardino e campagna #green #gogreen #garden		]]></document>
	<document><![CDATA[ma non esistono poi le lettere dell'alfabeto per bambini a forma di timbrini? #altritempi :(		]]></document>
	<document><![CDATA[Paint your life: "aspettate 3 ore perchè il colore asciughi bene!"
oppure prendete il phon e asciugate in 5 minuti :)		]]></document>
	<document><![CDATA[La Repubblica del «Beh»e del «Mah» - Video - Corriere TV http://t.co/OR2emu7THT		]]></document>
	<document><![CDATA[[video] La Repubblica del «Beh» e del «Mah» - @username - @username http://t.co/fAm2l7fsHw		]]></document>
	<document><![CDATA["simpatica e informale" potrebbe diventare la mia nuova bio minimal, aggiungerei "…e sempre in ritardo!" :)		]]></document>
	<document><![CDATA[I'm at Webgriffe (Casalgrande, Emilia Romagna) http://t.co/0tRd8Pry7t		]]></document>
	<document><![CDATA[che giornatina difficile oggi! :(		]]></document>
	<document><![CDATA[domani mi impegno, domani metto su della musica, c'ho già una cinquina di canzoni in coda #stereoplasti #music #radio #plasti		]]></document>
	<document><![CDATA[Stage retribuiti di 4 mesi per la Vendemmia 2013 in California. Vitto e alloggio garantiti http://t.co/ADnYEXaTcy		]]></document>
	<document><![CDATA[@username mi sono persa l'intervista su #Occupydj ma appena ho finito i lavori di questi giorni mi aggiorno :)		]]></document>
	<document><![CDATA[è giovedì ed è l'ora di #Brezsny, vediamo che dice...		]]></document>
	<document><![CDATA[si allungano le giornate e si accorcia la vita.		]]></document>
	<document><![CDATA[senza vento e sole spento		]]></document>
	<document><![CDATA[meno male che esiste la salsa di soia per risollevare l'umore.		]]></document>
	<document><![CDATA[@username concordo in pieno, tanti auguri Paolo!!! :*		]]></document>
	<document><![CDATA[@username grazie Cri!!! Dai che poi festeggiamo insieme!!! :)		]]></document>
	<document><![CDATA[@username grazie cris! :)		]]></document>
	<document><![CDATA[sono sveglia oggi, ho digitato safari su browser! :) http://t.co/dAMKde9XB8		]]></document>
	<document><![CDATA[#Insalatamente foto di @username http://t.co/XcUZklpeMo		]]></document>
	<document><![CDATA[avevo anche letto il libro, ma non me lo ricordo ... (watching Parlami d'amore) http://t.co/i5W59oSJK5		]]></document>
	<document><![CDATA[#friends are good - foto di @username http://t.co/JQHhA6X47f		]]></document>
	<document><![CDATA["Hai mai ballato una canzone di Chet Baker?" No, io no, dannazione.		]]></document>
	<document><![CDATA[se non avete tempo di andare da @username per l'#hair #color #style, potete sempre andare da http://t.co/Mg96lRPqE7 a Milano ;)		]]></document>
	<document><![CDATA[Se non mi cerchi... rettangolami! #quite #Repost from @username http://t.co/p45JrUNvrc		]]></document>
	<document><![CDATA[I'm at Stadio Alberto Braglia for Modena vs Cittadella (Modena, MO) http://t.co/ZYdR1Unuai		]]></document>
	<document><![CDATA[confetture #bio #green #gogreen http://t.co/kzlzV0eFf4		]]></document>
	<document><![CDATA[La bambola #PattyPravo - #Repost from giuzzy79 #stereoplasti #onair #radio #vinyl #disc http://t.co/dIco41S3Q6		]]></document>
	<document><![CDATA[comunque ieri ho fatto una torta di mele.		]]></document>
	<document><![CDATA[Per i ritardatari - foto di bianca_gege http://t.co/NLActw6toM		]]></document>
	<document><![CDATA[#berebene (@username Ristorante Vinicio) [pic]: http://t.co/SP4FKu1WWM		]]></document>
</author>