<?xml version="1.0" encoding="UTF-8" standalone="no"?><author id="user946">
	<document><![CDATA[Tramonti http://t.co/S8ThDEfu		]]></document>
	<document><![CDATA[@username dal treno o dall'auto? [dal treno secondo me è ancora più spettacolare]		]]></document>
	<document><![CDATA[Lucraina | Filippo Facci http://t.co/rIaBzCXQ via @username		]]></document>
	<document><![CDATA[bellissima la scelta di "sono in fuga" di Dalla come sigla del #giro per la Rai.		]]></document>
	<document><![CDATA[sempre più interessante giacomo nizzolo #giro		]]></document>
	<document><![CDATA[Giro d'Italia 2012: Se Basso fa il pesce in barile - E intanto il dualismo in casa Lampre può far da… http://t.co/SJLA5G7h		]]></document>
	<document><![CDATA[Dal Blog: di chi è il Movimento 5 Stelle http://t.co/wT9DrgfU via @username		]]></document>
	<document><![CDATA[@username il solito impeccabile Cundari Come ai vecchi tempi « Quadernino http://t.co/O5IyYj07		]]></document>
	<document><![CDATA[Lucio Battisti - Gli Uomini Celesti: http://t.co/ySDuqqPL via @username #unbattistialgiorno		]]></document>
	<document><![CDATA[Prima di Capaci | Filippo Facci http://t.co/f8eTvHNl via @username		]]></document>
	<document><![CDATA[Sogno di vedere lui, un giorno, all'  Eurovision contest http://t.co/sahtXgIq #ESC		]]></document>
	<document><![CDATA[Teenage Morrissey, 1970s http://t.co/sW4cuxoO via @username [attenzione, contiene immagini di Morrissey da giovane]		]]></document>
	<document><![CDATA[@username verrà trasmesso da radioradicale?		]]></document>
	<document><![CDATA[Grillo, il terremoto e le pseudoscienze - Leonardo - ComUnità - l'Unità http://t.co/K1LgFAD7		]]></document>
	<document><![CDATA[«Zagrebelsky non è la nostra Iva Zanicchi...» - Italia - l'Unità http://t.co/REtnjh48		]]></document>
	<document><![CDATA[@username radiorai ha già citato la sconfitta della spagna alla prima dei mondiali 2010		]]></document>
	<document><![CDATA[La mano di Spalletti sugli europei http://t.co/DrcEh7m2 #euro2012		]]></document>
	<document><![CDATA[La storia in mano a questo qui | Filippo Facci http://t.co/6RYgb72A via @username		]]></document>
	<document><![CDATA[Listening to Canzone del gabbiano by Altro #nowplaying http://t.co/nXIS5Rpb		]]></document>
	<document><![CDATA[Bravo @username che ha ricordato la vera storia di seven nation army come coro da stadio.		]]></document>
	<document><![CDATA[@username @username penso proprio di sì -> http://t.co/keqMKhPt		]]></document>
	<document><![CDATA[Ora anche voi calciofili capite cosa proviamo noi amanti del ciclismo nei giorni di riposo dei grandi giri.		]]></document>
	<document><![CDATA[@username sì. questa fortissima generazione di tedeschi dovrà prima o poi vincere qualcosa.		]]></document>
	<document><![CDATA[chi si rivede, franco pellizotti! insieme al futuro campione moreno moser e a nibali, all'inseguimento di Scarponi		]]></document>
	<document><![CDATA[ripreso scarponi, ora buone chances per la coppia nibali/moser		]]></document>
	<document><![CDATA[qualcuno ha già fatto la battuta "Dumbass Arena"?		]]></document>
	<document><![CDATA[mi piacerebbe sapere se c'è uno tra professori, maturandi, familiari dei maturandi, bidelli che abbia mai chiamato la terza prova "quizzone"		]]></document>
	<document><![CDATA["Massimo Bordin shared a link" - siamo vicini alla singolarità.		]]></document>
	<document><![CDATA[Si prega di porgere l’altra guancia http://t.co/B2iV4iiT via @username		]]></document>
	<document><![CDATA[RT @username: Ogni generazione di italiani dovrebbe avere la sua Italia-Germania. @username		]]></document>
	<document><![CDATA[@username @username PD-Udc tra l'altro non escluderebbe anche Vendola.		]]></document>
	<document><![CDATA[Podolski può stare tranquillo: se la Germania esce, lui è il favorito numero uno per il prossimo Eurovision - http://t.co/cq5bPTte #ESC		]]></document>
	<document><![CDATA[@username come dicevi tu quella volta? "non scegliere i giornali, scegli i giornalisti" - http://t.co/Q0Ld7FTs		]]></document>
	<document><![CDATA[la cosa bella è sentire un allenatore che non vince contro di noi bensì insieme a noi. e senza quel cazzo di accento toscano.		]]></document>
	<document><![CDATA[travaglio da giannino, now.		]]></document>
	<document><![CDATA[su raisport2 fanno rivedere la tappa di falzes al giro 2004. un cunego stratosferico.		]]></document>
	<document><![CDATA[Quando sento al gr "Prosegue il tour europeo di Monti" me lo immagino su un palco alle prese con folle oceaniche mentre spacca amplificatori		]]></document>
	<document><![CDATA[Aria di rientri nel Pd - @username http://t.co/wZUhTwmK		]]></document>
	<document><![CDATA[@username La data di Trento è il 10 o il 31?		]]></document>
	<document><![CDATA[@username tnx, spero proprio di poter venire!		]]></document>
	<document><![CDATA[EPO srsly? Dai, non ci credo. Sarebbe matto.		]]></document>
	<document><![CDATA[ero assolutamente convinto, ascoltandola alla radio, che questa (bella) canzone fosse di Elisa. #einvece http://t.co/8o3EDYye		]]></document>
	<document><![CDATA[Splendido omaggio ad Alfredo Provenzali a tutto il calcio minuto per minuto.		]]></document>
	<document><![CDATA[Bartali - 1938 #cycling http://t.co/sB0p0pI3 via @username		]]></document>
	<document><![CDATA[http://t.co/VWg3A5Oh Gianbattista Baronchelli #cycling		]]></document>
	<document><![CDATA[TUBO NERO: Arte Artigiana - Squadre di Subbuteo della DDR #subbuteo #DDR http://t.co/HS8QFy7s		]]></document>
	<document><![CDATA[spero che questa lista #friendfeed su twitter diventerà in fretta superflua		]]></document>
	<document><![CDATA[Ho ragionato un quarto d'ora se condividere o meno una (bella) canzone di un cantante laziale. Poi ho declinato. #asroma #friendfeed		]]></document>
	<document><![CDATA[Adriano Zancopè #seriea #goalkeepers http://t.co/fVMnFOaC		]]></document>
	<document><![CDATA[http://t.co/xmoq2kvC Marco Pantani a pesca, 1994 #cycling #pantani		]]></document>
	<document><![CDATA[Castel Beseno - Trentino #trentino #pat http://t.co/NK77dilm		]]></document>
	<document><![CDATA[finalmente gli infusi: si parte con un'ottima tisana al finocchio.		]]></document>
	<document><![CDATA[Giorgio Sterchele #asroma #seriea #goalkeepers http://t.co/oiFqIgxv		]]></document>
	<document><![CDATA[@username di galliani?		]]></document>
	<document><![CDATA[Quando penso a #RomaNord  mi vengono in mente cose così: http://t.co/WR9Nh5ew		]]></document>
	<document><![CDATA[@username non ringraziare me, ringrazia gli autori di quel bel tumblr =)		]]></document>
	<document><![CDATA[RT @username: Blog scientifici alla riscossa … o allo sbaraglio? http://t.co/cfYZFW4v		]]></document>
	<document><![CDATA[Cyanide & Happiness #2932 http://t.co/oNZ5VuJq via @username		]]></document>
	<document><![CDATA[Silvio Berlusconi: "Mario Monti condizionato dalla sinistra" e "troppo ligio alla Merkel". http://t.co/O3OIx477		]]></document>
	<document><![CDATA[ho appena scaricato Eggs, il nuovissimo singolo dei Fake P. Scaricatelo anche voi :) #FakeP http://t.co/tOdPkTg6		]]></document>
	<document><![CDATA[Fake P: scarica Eggs in cambio di un tweet! – 42 Records http://t.co/ZJ9DxJGZ @username		]]></document>
	<document><![CDATA[@username più o meno in topic http://t.co/qKiEDAdp		]]></document>
	<document><![CDATA[E ora mi basteranno le dita di una sola mano per contare i blog che valga la pena leggere. Grazie di tutto @username - http://t.co/pdgWktLu		]]></document>
	<document><![CDATA[Giovanni Cervone #seriea #goalkeepers http://t.co/37RgTMAA		]]></document>
	<document><![CDATA[Ornella Vanoni - L'Appuntamento http://t.co/fgghPYX0		]]></document>
	<document><![CDATA[Via @username: First Listen: Tame Impala, 'Lonerism' http://t.co/9zVOKt1S [Ma quanto vince NPR?]		]]></document>
	<document><![CDATA[Memo Remigi - Innamorati A Milano (1965): http://t.co/1Fh2dIW2		]]></document>
	<document><![CDATA[@username mi pare di capire che secondo te "salda è la squadra nella quale si obbedisce volentieri"... http://t.co/Zd9QLaNN		]]></document>
	<document><![CDATA[Giuseppe Gatta #goalkeepers #seriea http://t.co/UVounDv2		]]></document>
	<document><![CDATA[@username garavini > bertinotti http://t.co/bvMSk4F0 [anzi, #unicoveroecc quello che ha digitalizzato il simbolo all'inizio del video!]		]]></document>
	<document><![CDATA[@username dai un'occhiata a questo spettacolare xkcd -> http://t.co/ffsiE0G4 # #obama2012		]]></document>
	<document><![CDATA[Sto ascoltando Winelight di Trio da Paz http://t.co/MmZjXiSz via @username #jazz24		]]></document>
	<document><![CDATA[@username preferisci sapere già quale sarà il modulo ma non sapere la formazione, oppure sapere la formazione ma non sapere il modulo?		]]></document>
	<document><![CDATA[Don Caballero - Rocco: http://t.co/JmiOrDsl via @username		]]></document>
	<document><![CDATA[auguri @username [uno dei pochi autori di post che valga la pena mandare a Pocket (formerly read it later) E leggere]		]]></document>
	<document><![CDATA[@username la situazione di Destro è grave ma non è seria, mi sa.		]]></document>
	<document><![CDATA[#Friendfeed [giusto per esserci]		]]></document>
	<document><![CDATA[oppure tutti su pheed (non era il nuovo hype un paio di settimane fa? manco Wilhelmsson...) #friendfeed		]]></document>
	<document><![CDATA[@username il sito è attivo. io non posso verificare perché alla fine non mi ero iscritto...		]]></document>
	<document><![CDATA[Anche gli ebook in prestito dalle biblioteche http://t.co/v38I5NHN via @username		]]></document>
	<document><![CDATA[In attesa di Dellai su radio rai uno. #provinciautonoma #trento.		]]></document>
	<document><![CDATA[oggi @username, a #stampaeregime, definiva @username "figura abbastanza atipica e non banale". Direi che e` un complimento #Trento		]]></document>
	<document><![CDATA[Mmm la tredicesima... sarebbe,scusate?  #csxrai		]]></document>
	<document><![CDATA[la santanchè su skytg24 è già partita con "comunisticomunisticomunisticomunisticomunisticomunisti"		]]></document>
	<document><![CDATA[Anna Arazzini - Come il vento notturno - https://t.co/8gowhn4O		]]></document>
	<document><![CDATA[@username per Totti come per nessun altro la durata e` (una parte de) la forma della cosa		]]></document>
	<document><![CDATA[CORNA DI MANDORLINI - SCOPPIA IL CASO http://t.co/ZONvoTiS via @username [ @username ]		]]></document>
	<document><![CDATA[Listening to Madre pennuta by Lucio Battisti #nowplaying http://t.co/t0tC82wN		]]></document>
	<document><![CDATA[Mi guardo Casini da Fazio tenendo un occhio sul vademecum redatto da @username		]]></document>
	<document><![CDATA[@username Ti dirò: un Casini "moderaramente casiniano", quasi scissionista di sinistra, IMHO, specie nel brano su Vendola.		]]></document>
	<document><![CDATA[@username conosci questo sito? http://t.co/5lzKbEYf con statistiche e giudizi calcolati quantitativamente. oggi De Rossi 9 pieno ...		]]></document>
	<document><![CDATA[@username a me sembra chiarissimo: non si candida, propone una agenda e dopo il voto è disponibile a dare una mano.		]]></document>
	<document><![CDATA[@username sono contento che qualcun altro ricordi il pupillo di Trapattoni, quel Bianchi che IMHO ha raccolto meno di quanto meritasse		]]></document>
	<document><![CDATA[LITFIBA  - Elettromacumba -  video ufficiale: http://t.co/xbp8of7p via @username		]]></document>
	<document><![CDATA[@username @username interessante disamina di romainter di campionato http://t.co/UZbDIOoF come esempio della serie A attuale		]]></document>
	<document><![CDATA[@username. Uno tipo Mondonico?		]]></document>
	<document><![CDATA[@username Non si nomina quasi mai Eusebio Di Francesco: ha molta piu` esperienza lui di tantissimi altri e ora sta facendo bene in B.		]]></document>
	<document><![CDATA[Asharedapilekur, bastonate - il pensatore più lucido della sua generazione - Sanremo Natzione – Road to Il Festival  http://t.co/I3fiFTDY		]]></document>
	<document><![CDATA[Filippo Facci - Professione parente http://t.co/WG5miCnf		]]></document>
	<document><![CDATA[RT @username @username #Grillo #Trento: il knodel è il simbolo dell'Italia mistura di mafia massoneria politica [ srsly? ]		]]></document>
</author>