<?xml version="1.0" encoding="UTF-8" standalone="no"?><author id="user704">
	<document><![CDATA[@username grazie per il follow		]]></document>
	<document><![CDATA[Ok,oggi la massa ha scoperto che esiste l'autobus ed ha deciso di prenderlo;era prevedibile,potenziare il servizio no? #nevebo @username		]]></document>
	<document><![CDATA[Ma come si fa ad odiare la neve? #boneve dall'ufficio in via Mazzini @username http://t.co/coMw32iS		]]></document>
	<document><![CDATA[RT @username Ecco com'è il rapporto con i nostri clienti di altre nazionalità (analisi condotta da #ABI) http://t.co/gTCbPyTF #migranti		]]></document>
	<document><![CDATA[Orgogliosa di esser parte di questa esperienza di #microcredito per  @username http://t.co/fh9A35kl #persone #credito #bancadifferente		]]></document>
	<document><![CDATA[È stata solo una breve gelida illusione, la tregua è finita ricomincia a nevicare #boneve		]]></document>
	<document><![CDATA[Legatelo e gettate lui nel Tevere “@username: Getta il figlio di 18 mesi nel Tevere arrestato padre 25enne a Roma http://t.co/wXQpUu6I”		]]></document>
	<document><![CDATA[#Bologna sventola bandiera bianca #boneve #Archiginnasio @username http://t.co/O292yGuy		]]></document>
	<document><![CDATA[#Bologna sventola bandiera bianca (ma non si arrende) #boneve #Archiginnasio @username http://t.co/gXP8Zh7J		]]></document>
	<document><![CDATA[@username chissà se siamo parenti. Hai lo stesso cognome di mia mamma		]]></document>
	<document><![CDATA[@username prova a fargli fare le sabbiature nella neve,non dovesse funzionare puoi farlo invecchiare sotto ghiaccio :-))))		]]></document>
	<document><![CDATA[@username mi sa che è un altro ceppo; quella di mia mamma di #Guardavalle.  #bronzidiriace #cipolla #cattolicadistilo #zeppole #zibibbo		]]></document>
	<document><![CDATA[Posseduta da J. Stewart in 'La finestra sulla strada' evito che un'ubriaco si metta alla guida o si butti sotto qualche auto. Next 'Serpica'		]]></document>
	<document><![CDATA[@username, telepatia! Proprio stamattina pensavo com'è che ancora non cinguettavi		]]></document>
	<document><![CDATA[@username con prospettiva privilegiata sulla #Bologna 'Pulp' inizio a far concorrenza al 'Condominio Bandiera',vado la strada mi chiama		]]></document>
	<document><![CDATA[@username li gossip e piccoli parapiglia, qui on the road c'è l'azione vera...non si scherza ;-)		]]></document>
	<document><![CDATA[Aridateceloooo RT @username: Ringrazio l'esercito per i mezzi ma avevo detto SPALARE, NON SPARARE. Mo' er il colosseo chi m'oo ripara eh?!		]]></document>
	<document><![CDATA[@username @username in quartiere Savena danno sale anche oggi?		]]></document>
	<document><![CDATA[Grazie 1000, trovato. “@username: @username si, su Iperbole trovi tutti i punti di distribuzione”		]]></document>
	<document><![CDATA[EmergenzaNeve sul sole #boneve Serve sale sul sole;a proposito di 'sole' #Alemanno conElle:passece er sale @username http://t.co/cYOginDY		]]></document>
	<document><![CDATA[ok,ci aggiorniamo “@username: @username @username scuole chiuse fino a martedì...sentiamoci domani e capiamo se è il caso giovedì”		]]></document>
	<document><![CDATA[“@username: @username Al link i nuovi punti distribuzione sale #boneve http://t.co/GlNhCk8G” Trovato, grazie		]]></document>
	<document><![CDATA[@username grazie per il follow :-)		]]></document>
	<document><![CDATA[@username grazie per il follow		]]></document>
	<document><![CDATA[#F-35, colpito affondato.#Politici, #ministri, #Napolitano: guardate che non state giocando a battaglia navale #nobombe http://t.co/VMB4vDBz		]]></document>
	<document><![CDATA[Oggi ho imparato che se ci piace ci piace se no ce la dobbiamo fare piacere. #organizzazione3.0		]]></document>
	<document><![CDATA[“@username: Cosa succede al tuo profilo Facebook quando muori? http://t.co/4Kz53lRi” Tranquillo,puoi migrare tutto su nuovo Soulbook by Jobs		]]></document>
	<document><![CDATA[Frasi omofobe, bufera su Povia E il cantante cancella i commenti - È sempre stato omofobo,non stupisce che lo sia su FB,dove resta un idiota		]]></document>
	<document><![CDATA[C'è la mia banca tra queste, e si lavora per migliorare: La tua banca è indifferente?Non sempre  - http://t.co/KJvTi20L via @username		]]></document>
	<document><![CDATA[@username non solo per le banche, ma per tutto,dovremmo iniziare a promuovere realtà/persone positive nel contrastare quelle negative		]]></document>
	<document><![CDATA[#Blizzard è in ritardo, c'è poco da lamentarsi, viaggia con #Trenitalia. Chi va a prenderlo in stazione ? #boneve #terrorismoneve		]]></document>
	<document><![CDATA[Lo Stato rinnega la sua funzione con uno spot SISAL:Lasciatemi sognare con la schedina in mano http://t.co/xfB6bY3n via @username		]]></document>
	<document><![CDATA[Quando  fedi congela il cervello: #boneve è stato anche questo... Ci farebbe bene un po' di penuria vera http://t.co/sfEzImSm		]]></document>
	<document><![CDATA[@username, in effetti a #Bologna la famiglia media è composta da 10 persone; il freddo più che 'la dotta' ha fatto vedere 'la grassa'		]]></document>
	<document><![CDATA[@username @username grazie per il follow		]]></document>
	<document><![CDATA[@username autorizzo a pubblicare la foto e relativo commento #boneve		]]></document>
	<document><![CDATA[#pariopportunità: servono politiche e prese di posizione chiare dei vertici aziendali ma anche attivazione positiva delle #donne @username		]]></document>
	<document><![CDATA[Le #pariopportunità si costruiscono insieme,anche noi #donne dobbiamo metterci in gioco e superare il nostro interesse specifico @username		]]></document>
	<document><![CDATA[@username,in realtà grazie @username x la #twittercronaca #pariopportunità, io ho seguito e fatto mie considerazioni sul tema,ma non c'ero		]]></document>
	<document><![CDATA[Dubito che #Pdl e #Ascom abbiano il buon senso di farsi bastare sondaggio e rispettare sentire comune http://t.co/q2tLNJY4 #dinuovoincentro		]]></document>
	<document><![CDATA[@username complimenti; leggo ora su Twitter e @username contenuti tuo intervento in Com. Finanze, peccato non aver potuto seguire in diretta		]]></document>
	<document><![CDATA[@username "Entrare nel mondo delle #BCC è un misto tra il surreale e l'affascinante":vivendoci dentro la tensione tra i 2 poli cresce		]]></document>
	<document><![CDATA[@username benvenuto, per affrontare meglio l'avventura #BCC suggerisco di farsi accompagnare dal Bianconiglio di Alice		]]></document>
	<document><![CDATA[@username #vulvia e @username insieme nella stessa frase:mi vengono in mente micsurine masterizzazioni  male che c'è #corradoguzzanti		]]></document>
	<document><![CDATA[@username io e #corradoguzzanti abbiamo avuto stessa prof di #filosofia,  però lui è diventato un vero genio comico io un mastro lindo...		]]></document>
	<document><![CDATA[@username mi sa che eccello nelle #relazionijame perché ho interpretato male la filosofia		]]></document>
	<document><![CDATA[@username @username giuro che Funari dal #cielo non l'avevo visto... Deve esser stato un #miracolo di #quelo		]]></document>
	<document><![CDATA[@username @username Funari ci lascia a #Berlusconi che ci servirà 1 piatto di merda: #Quelo non fare miracoli,ce ne siamo liberati ora		]]></document>
	<document><![CDATA[E c'è chi pensa che non lavora chi si occupa del tema (seriamente): Il ciclo di vita sui Social Media | http://t.co/HzAC5CHD via @username		]]></document>
	<document><![CDATA[#socialEmilbanca si riparte approfondendo come funziona #Facebook e l'importanza di impostare correttamente la #privacy su profili personali		]]></document>
	<document><![CDATA[#socialEmilbanca la questione della #privacy interessa molto; le persone sembra che sottovalutino le problematiche connesse		]]></document>
	<document><![CDATA[#socialEmilbanca adesso passiamo a #twitter, dalle facce dei colleghi mi sa che quelli che lo usano si contano sulle dita di mezza mano		]]></document>
	<document><![CDATA[#agendadigitalebo per il prossimo incontro cuscini sulle sedie e niente slide		]]></document>
	<document><![CDATA[semplifichiamo ma non facciamo diventare l'utente 'u-tonto' #agendadigitalebo		]]></document>
	<document><![CDATA[Ho fatto preventivo per una consulenza,ma ho lavorato meno del previsto: farò fattura equa perché questo non svilisce la mia professionalità		]]></document>
	<document><![CDATA[Formare la capacità di agire criticamente e consapevolmente con le tecnologie, fare alfabetizzazione culturale #agendadigitalebo		]]></document>
	<document><![CDATA[@username grazie per il follow :-)		]]></document>
	<document><![CDATA[@username grazie per il follow		]]></document>
	<document><![CDATA[I nomi delle navi che richiamano a positività pare non portino bene a #Costa: sarà il caso di cambiarli partendo,che so,dalla #CostaFortuna?		]]></document>
	<document><![CDATA[@username ok la sala a Forza Nuova non si può negare, ma magari fategli trovare una copia del discorso di Schulz  http://t.co/YEc5hYdh		]]></document>
	<document><![CDATA[Sarai 'Per sempre presente' “@username: #LUCIODALLA Riascoltare canzone scritta contro i pregiudizi sui disabili
http://t.co/TmUVwGHH”		]]></document>
	<document><![CDATA[Lo Stasmetti succhia il sangue cdei + deboli“@username:«Basta spot x #giochi d'#azzardo» http://t.co/egHKUnSF #dipendenze via @username		]]></document>
	<document><![CDATA[Scattare foto e far riprese al feretro non è #partecipazione, #tristezza, #amore: è non rispetto. #CiaoLucio con gli occhi e con il cuore		]]></document>
	<document><![CDATA[“@username: Il post che ci voleva. Grazie. RT @username: Chi ha sbagliato su Rossella Urru http://t.co/m24FyLET”		]]></document>
	<document><![CDATA[“@username: Il decreto sulle rotte a rischio c'è ://t.co/K1DqGcwF” ogni tanto arrivano notizie che fanno ben sperare		]]></document>
	<document><![CDATA[Anche  #Ferrara si distingue in tema di mobilità sostenibile “@username: Ferrara capofila del progetto Città in  #bici http://t.co/rMAIpYjC”		]]></document>
	<document><![CDATA[“@username: #reatifuturi modestia sessuale” e per le relative condanne non saranno applicabili riduzioni di pene		]]></document>
	<document><![CDATA[#ilmio8marzo: #RossellaUrruLibera e un pensiero ad ogni #donna vittima di violenze o soprusi fisici,verbali,sociali in ogni angolo del mondo		]]></document>
	<document><![CDATA[Quanto ci vorrà ancora perché si estinguano i dinosauri del #marketing? Mi accontento di 1 #JurassikMark x rinchiuderli a sbranarsi tra loro		]]></document>
	<document><![CDATA[La onlus Cefa cerca collaboratore x attività #web #SocialMedia #Marketing possibilità  #telelavoro http://t.co/FfZunWmp #Cooperazione #ONG		]]></document>
	<document><![CDATA[oggi su #Repubblica l'altalena degli #spread: perfetto connubio tra grafica e numeri o non so leggere i grafici? http://t.co/rZCuWTmG		]]></document>
	<document><![CDATA[Impresa responsabile e creazione valore x territorio: risultati della ricerca 26/3 a #Bologna @username @username http://t.co/Ei9f1f9S		]]></document>
	<document><![CDATA[@username grazie per il follow :-)		]]></document>
	<document><![CDATA[Le #cooperative potrebbero valere anche + del 7,7% del Pil se ogni dipendente ne condividesse davvero valori e mission http://t.co/aH93cWlJ		]]></document>
	<document><![CDATA[Chiedi al leader del tonno in scatola di non usare più metodi di pesca distruttivi http://t.co/UZtIXD43		]]></document>
	<document><![CDATA[A teatro a vedere #OpenDay con @username, i 10 euro risparmiati sul biglietto [grazie alla 'mia' @username] donati ad @username		]]></document>
	<document><![CDATA[#OpenDay una bella serata a teatro:si ride tanto,ma non solo.Bravissimi @username, una conferma, e Michele di Mauro,x me una scoperta		]]></document>
	<document><![CDATA[Little miss sunshine de noarti si forgiano a Treviso “@username: sessualizzazione dell'infanzia http://t.co/TQwsnTgd” #vogliotornàbambina		]]></document>
	<document><![CDATA[Oggi mi prendo la prima 'pillola manageriale', #formazione @username a suon di musica con 'La scala del genio', speriamo che faccia effetto		]]></document>
	<document><![CDATA[Oggi corso manageriale in Emil Banca con un direttore d'orchestra.  #Formazione che passa attraverso la musica. Interessante...		]]></document>
	<document><![CDATA[Musica e #formazione con Giorgio Fabbri, direttore conservatorio di #Ferrara, musicista e direttore d'orchestra		]]></document>
	<document><![CDATA[#benessere e capitale mentale sono oggi le risorse più importanti #pillolamanageriale		]]></document>
	<document><![CDATA[Tra le funzioni della #musica, che è forma di #intelligenza, quella che ha maggiore potenzialità è quella comunicativa #pillolamanageriale		]]></document>
	<document><![CDATA[Senza ritmo, ovvero regola, non c'è musica e in un'azienda se non c'è ritmo cosa succede? Le regole da sole non bastano #pillolamanageriale		]]></document>
	<document><![CDATA[Parole della musica parole dell'azienda, ad una serve armonia all'altra creatività insieme a regole ed organizzazione #pillolamanageriale		]]></document>
	<document><![CDATA[Le parole della musica, le parole dell'azienda (in una slide) #pillolamanageriale http://t.co/X2yoCOdm		]]></document>
	<document><![CDATA[Un modello basato sulla musica per lo sviluppo dell'eccellenza...come direbbe Troisi "mo' me lo scrivo" [e me lo twitto] #pillolamanageriale		]]></document>
	<document><![CDATA[Sound Genius System sto modello basato sulla musica x lo sviluppo dell'eccellenza è intwittabile [e quindi non esiste?] #pillolamanageriale		]]></document>
	<document><![CDATA[La scala del genio... Anche il suo mondo è in fondo fatto a scale http://t.co/SGavFQMH		]]></document>
	<document><![CDATA[Un giorno tutti potremmo essere un po' come loro, o almeno provarci #pillolamanageriale http://t.co/KJS75cAy		]]></document>
	<document><![CDATA[Vedo nel mio futuro il #FashionBlogging (meglio che lavorare in banca): podcast #91esimominuto @username e @username http://t.co/bZVb2o8x		]]></document>
	<document><![CDATA[Le connessioni smart stasera sono tutt'altro che smart con me, mi assale la nostalgia del caro vecchio modem a criceti		]]></document>
	<document><![CDATA[Tanti #giovani ad ascoltare 'Accrescere il capitale territoriale' http://t.co/h7BH4A0d #valoreterritorio @username #Csr		]]></document>
	<document><![CDATA[@username in aeroporto non si respira, ci saranno 40 gradi, è possibile fare qualcosa?		]]></document>
	<document><![CDATA[@username se ci sei batti un colpo... d'aria, per favore. Si boccheggia		]]></document>
	<document><![CDATA[@username anche la hostess del gate 21 chiama x lamentarsi del caldo soffocante #BolognaEquatore		]]></document>
	<document><![CDATA[@username ma aprire qualche porta dei gate no? Basterebbe ventilare #BolognaEquatore		]]></document>
	<document><![CDATA[Un miraggio, l'aereo è arrivato, se riusciamo a passare indenni ultimi 15 minuti sopravviveremo @username #BolognaEquatore #apriteigate		]]></document>
	<document><![CDATA[Passando per #Capaci il pensiero [ #pelledoca] non può che andare a chi ha dato la vita per liberare l'Italia dal suo cancro #nomafia		]]></document>
	<document><![CDATA[Che sia già stato scritto conta, purtroppo, ancora poco o nulla - Il Sole 24 ORE - I tre supremi doveri della finanza  http://t.co/iUtpezUR		]]></document>
</author>