<?xml version="1.0" encoding="UTF-8" standalone="no"?><author id="user955">
	<document><![CDATA[Chiedere è un'arte, così come comunicare per generare legami. Amanda Palmer lo sa fare molto bene, iniziando co... http://t.co/lttF9HIlyf		]]></document>
	<document><![CDATA[Fiorenzuola di Focara #sunset http://t.co/MILWlfFNQ2		]]></document>
	<document><![CDATA[Prolungata fino al 15 agosto la personale di Mario Cresci D'aprés Retablo presso il nostro open space: Via XX s... http://t.co/JrbU1D8alr		]]></document>
	<document><![CDATA[L'Eco di Bergamo http://t.co/B0LFpZqBn9		]]></document>
	<document><![CDATA[L'Eco di Bergamo http://t.co/vWr3OEFlIE		]]></document>
	<document><![CDATA[Summer of love New York, estate '69: gli scatti cult di Vernon Merritt http://t.co/tNLN8QPhs8 via @username		]]></document>
	<document><![CDATA[#estate adriatica #profondosud #salento http://t.co/U7ZxxHGXQW		]]></document>
	<document><![CDATA[Ecco perché #elmoreleonard è stato un grande http://t.co/4uwWrcV2ms		]]></document>
	<document><![CDATA[Mantova ARTquake 2013 - manca pochissimo! http://t.co/9itS3Um1pn		]]></document>
	<document><![CDATA[Mantova ARTquake 2013 - manca pochissimo! http://t.co/dEsNqThLQ8		]]></document>
	<document><![CDATA[Il giornalisimo al tempo del pay-per-clic http://t.co/WJtmXbHb5g via @username		]]></document>
	<document><![CDATA[Acqua, sale e fatica #igersrimini @username Portocanale di Rimini http://t.co/Xd59h4AAOQ		]]></document>
	<document><![CDATA[#L'Armando di Enzo Jannacci attualmente in riproduzione su #Spotify  http://t.co/01inEnV84M		]]></document>
	<document><![CDATA[Il PRE mostra.... proprio perchè non vi facciamo mancare niente... Grazie a Paola Spinozzi, Alessandra Bigi Iotti... http://t.co/y1wa3fpce4		]]></document>
	<document><![CDATA[Il PRE mostra.... proprio perchè non vi facciamo mancare niente... Grazie a Paola Spinozzi, Alessandra Bigi Iotti... http://t.co/RceHX4Pu3q		]]></document>
	<document><![CDATA["Venghino, signori, Venghino..." ecco "La Catena di Zampanò" Premio italiano di Arte di Strada. Grafica e impagi... http://t.co/PaiFD93dKr		]]></document>
	<document><![CDATA["Venghino, signori, Venghino..." ecco "La Catena di Zampanò" Premio italiano di Arte di Strada. Grafica e impagi... http://t.co/Lthf8XYJc7		]]></document>
	<document><![CDATA[In concomitanza con la mostra dedicata a Tazio Secchiaroli, ecco "Percorsi di fumo", presso la Galleria Gorza. http://t.co/yuzoWERQE7		]]></document>
	<document><![CDATA[In concomitanza con la mostra dedicata a Tazio Secchiaroli, ecco "Percorsi di fumo", presso la Galleria Gorza. http://t.co/BpXsDqSoHp		]]></document>
	<document><![CDATA["migliore" si può migliorare....		]]></document>
	<document><![CDATA[Un maestro del cinema visto da un maestro della fotografia. Partecipa: http://t.co/nUJuxsEL08 http://t.co/qUAPyFzH8f		]]></document>
	<document><![CDATA[Un maestro del cinema visto da un maestro della fotografia. Partecipa: http://t.co/nUJuxsEL08 http://t.co/wUI3WRbeOo		]]></document>
	<document><![CDATA[Hello! #mutoidmuststay http://t.co/0NZduY6ubS		]]></document>
	<document><![CDATA[Le opere vietate di Barbieri in mostra a Milano il 24/09. Partecipa: http://t.co/AHuD3B5yjL http://t.co/OpMwZIC03W		]]></document>
	<document><![CDATA[Le opere vietate di Barbieri in mostra a Milano il 24/09. Partecipa: http://t.co/AHuD3B5yjL http://t.co/oYxsEnksX5		]]></document>
	<document><![CDATA[Raffaello #baldini. #poetry #dialettoromagnolo http://t.co/Ce6ree9J9W		]]></document>
	<document><![CDATA["...la fotografia che guarda il cinema e il cinema che a sua volta guarda la fotografia..." Presentazione del pam... http://t.co/OqiOq7paqk		]]></document>
	<document><![CDATA["...la fotografia che guarda il cinema e il cinema che a sua volta guarda la fotografia..." Presentazione del pam... http://t.co/wybkMTbJaR		]]></document>
	<document><![CDATA[Le opere vietate di Barbieri in mostra a Milano il 24/09. Partecipa: http://t.co/AHuD3B5yjL http://t.co/YhEou0P9sc		]]></document>
	<document><![CDATA[Le opere vietate di Barbieri in mostra a Milano il 24/09. Partecipa: http://t.co/AHuD3B5yjL http://t.co/q8cU0ZQbXW		]]></document>
	<document><![CDATA[#lacatenadizampano #rimini @username Piazza Tre Martiri http://t.co/dVKC83x5rR		]]></document>
	<document><![CDATA[#lacatenadizampano #rimini @username Piazza Cavour http://t.co/8SrnGIQNsT		]]></document>
	<document><![CDATA[Facce da #lacatenadizampano #rimini oppure da #gayprideberlinoest @username Piazza Cavour http://t.co/VT0c11KCo6		]]></document>
	<document><![CDATA[#lacatenadizampano #igersrimini piove, governo uomo @username Piazza Cavour http://t.co/7vYTp7mTsw		]]></document>
	<document><![CDATA[Su Repubblica Tv #umarells digitali in diretta. #concordia. Si perde un po' la postura ma i commenti sono di qualità		]]></document>
	<document><![CDATA[Partecipa alla mostra d’arte contemporanea presso Restarte Milano: http://t.co/yuG5myApPo http://t.co/WmE4kxxAuy		]]></document>
	<document><![CDATA[Partecipa alla mostra d’arte contemporanea presso Restarte Milano: http://t.co/KHSvCpRHZO http://t.co/4tWvz6fbBv		]]></document>
	<document><![CDATA[Questa sera... Imperdibile!!! http://t.co/0iyyJAx4Io		]]></document>
	<document><![CDATA[Questa sera... Imperdibile!!! http://t.co/Mn4de5DlUf		]]></document>
	<document><![CDATA[Mi sarebbe piaciuto essere alla #blogfest ma... http://t.co/fgE4daOvoR		]]></document>
	<document><![CDATA[Intervista a Rai3 per la mostra Tazio Secchiaroli - Fellini at work. La settimana inizia bene! http://t.co/rbiH1NxOh5		]]></document>
	<document><![CDATA[Intervista a Rai3 per la mostra Tazio Secchiaroli - Fellini at work. La settimana inizia bene! http://t.co/jwotydjhFC		]]></document>
	<document><![CDATA[Google: presto tutto “Not Provided”? http://t.co/gqhkRd54cH via @username		]]></document>
	<document><![CDATA[Grazie a Ivo Gigli e al Corriere di Rimini per l'articolo di ieri. La mostra "Tazio Secchiaroli - Fellini at work... http://t.co/jZc9CwI6xA		]]></document>
	<document><![CDATA[Grazie a Ivo Gigli e al Corriere di Rimini per l'articolo di ieri. La mostra "Tazio Secchiaroli - Fellini at work... http://t.co/suHbleg7Ou		]]></document>
	<document><![CDATA[We need you! Le tue opinioni contano: aiutaci a decidere il nome di un servizio web veramente innovativo. Clicca... http://t.co/e5sUORVqyc		]]></document>
	<document><![CDATA[Esercizi per l'articolazione della spalla by Saluteinmovimento http://t.co/H4MH96AGsu		]]></document>
	<document><![CDATA[Quanto e come gli utenti Internet italiani interagiscono coi brand sui social network? L’infografica http://t.co/udW6RT4rps		]]></document>
	<document><![CDATA[Amaducci, Bramante, Galella, Hirsch, Josseau - Milano 21/11 H 17-21: http://t.co/rk0aVhJ1Hm http://t.co/TlnabvD5bA		]]></document>
	<document><![CDATA[Amaducci, Bramante, Galella, Hirsch, Josseau - Milano 21/11 H 17-21: http://t.co/rk0aVhJ1Hm http://t.co/PjG9iT6PIp		]]></document>
	<document><![CDATA[Da oggi è possibile acquistare una o mille copie del fotolibro "Attraverso i tuoi occhi - S... http://t.co/hRdaJSfNwo http://t.co/swodr2gwnV		]]></document>
	<document><![CDATA[Da oggi è possibile acquistare una o mille copie del fotolibro "Attraverso i tuoi occhi - S... http://t.co/hRdaJSfNwo http://t.co/QOggKOsaw0		]]></document>
	<document><![CDATA[Confermo problemi internet con gestore #telecom Quale pezzo si staranno vendendo questa volta?		]]></document>
	<document><![CDATA[@username lui sì che gliele canta!		]]></document>
	<document><![CDATA[Help: chi mi sa consigliare un hosting/housing professionale a Rimini o dintorni?		]]></document>
	<document><![CDATA[Tutte le volte che un personaggio muore in Game of Thrones (parecchie) http://t.co/7hRgQ3xVUF		]]></document>
	<document><![CDATA[Heatmpas: Appsumo regala account lifetime di Crazy Egg http://t.co/rx29VrEshL via @username		]]></document>
	<document><![CDATA[Il prossimo appuntamento d’arte contemporanea a Bologna. Partecipa http://t.co/nEAphPaT8y http://t.co/zCzUqF7Wp4		]]></document>
	<document><![CDATA[Il prossimo appuntamento d’arte contemporanea a Bologna. Partecipa: http://t.co/nEAphPaT8y http://t.co/7Ss3EWfX5K		]]></document>
	<document><![CDATA[Guarda Fellini. Guarda Secchiaroli. Ferrara http://t.co/zAzSjvnjVE		]]></document>
	<document><![CDATA[Guarda Fellini. Guarda Secchiaroli. Ferrara http://t.co/YG5OofhozI		]]></document>
	<document><![CDATA[Attraverso i tuoi occhi - printing time! http://t.co/Ocan11Qz4s		]]></document>
	<document><![CDATA[Attraverso i tuoi occhi - printing time! http://t.co/71LRAaWAYl		]]></document>
	<document><![CDATA[Prato e i cinesi http://t.co/B4fsIyPQCA via @username		]]></document>
	<document><![CDATA[Pronto... non mancate il più bel regalo di Natale... ovvero rendersi utili al prossimo... http://t.co/hRdaJSfNwo http://t.co/v6EX9xzGu7		]]></document>
	<document><![CDATA[Pronto... non mancate il più bel regalo di Natale... ovvero rendersi utili al prossimo... http://t.co/hRdaJSfNwo http://t.co/3CAciXpp2H		]]></document>
	<document><![CDATA[Serate tra amici http://t.co/eefG3fl9s2		]]></document>
	<document><![CDATA[Un'altro bel lavoro consegnato... 

http://t.co/YknJN4Z4Ch http://t.co/YknJN4Z4Ch		]]></document>
	<document><![CDATA[Il nuovo sito web di Anonima Talenti è l'ultimo lavoro web targato agenzia NFC http://t.co/YknJN4Z4Ch		]]></document>
	<document><![CDATA[In produzione... Catalogo MACS - Ad Imaginem Suam - 21/12/2013 Catania http://t.co/yxiAHBLM7C		]]></document>
	<document><![CDATA[In produzione... Catalogo MACS - Ad Imaginem Suam - 21/12/2013 Catania http://t.co/fEMgyLGzpY		]]></document>
	<document><![CDATA[Oggi job-matching al Palacongressi... buon divertimento a tutti!		]]></document>
	<document><![CDATA[Catania... Conferenza stampa di presentazione delle due mostre marchiate MACS (museo arte contemporanea sicilia) cataloghi NFC Edizioni.		]]></document>
	<document><![CDATA[Buone Feste da agenzia NFC http://t.co/Q3AIQfF6d9		]]></document>
	<document><![CDATA[Buone Feste da agenzia NFC http://t.co/wzycct5tUk		]]></document>
	<document><![CDATA[La presentazione di oggi!  #SantaBrandBook http://t.co/onAKnW0fLB		]]></document>
	<document><![CDATA[The caldo e chiacchiere d arte... Cosa posso chiedere in più?!? http://t.co/GZdA6ghz8O		]]></document>
	<document><![CDATA[The caldo e chiacchiere d arte... Cosa posso chiedere in più?!? http://t.co/8vEWr4VcnQ		]]></document>
	<document><![CDATA[#Make Dat Money di Black Joe Lewis attualmente in riproduzione su #Spotify  http://t.co/WhIfhbpEhS		]]></document>
	<document><![CDATA[Grazie mille Silvio Porzionato! http://t.co/C9sALaW3me		]]></document>
	<document><![CDATA[Grazie Marco Bolognesi a prestissimo! http://t.co/3gF70MAguV		]]></document>
	<document><![CDATA[Grazie mille Silvio Porzionato! http://t.co/TKMgIiitT5		]]></document>
	<document><![CDATA[Grazie Marco Bolognesi a prestissimo! http://t.co/GMjDLRuNTL		]]></document>
	<document><![CDATA[Gli esami non finiscono mai #googlepartners http://t.co/8KBUOcexXK		]]></document>
	<document><![CDATA[#dreamfloor comunerimini #rimini @username Museo della Città http://t.co/cMso5Y8gRk		]]></document>
	<document><![CDATA[Era un ospedale, sarà un museo, intanto #dreamfloor festival. #rimini http://t.co/IiLG5xtsVn		]]></document>
	<document><![CDATA[Quanti sono davvero i migranti che arrivano in Italia? http://t.co/M0sQbmnaS5		]]></document>
	<document><![CDATA[Oggi si stampa il catalogo SETUP http://t.co/sgCfzU7ULf		]]></document>
	<document><![CDATA[Oggi si stampa il catalogo SETUP http://t.co/XszKQuF4io		]]></document>
	<document><![CDATA[In allestimento! http://t.co/z2IM3jxbZT		]]></document>
	<document><![CDATA[In allestimento! http://t.co/fx5X0yJ49H		]]></document>
	<document><![CDATA[Ecco ora ci presentiamo così! http://t.co/lkWRivpYhD		]]></document>
	<document><![CDATA[Ecco ora ci presentiamo così! http://t.co/ORbC3LnrxJ		]]></document>
	<document><![CDATA[Ci siamo @username @username http://t.co/47oQt9jtB4		]]></document>
	<document><![CDATA[Diventare grandi #setupartfair #artefiera #bologna @username SetUp Artfair http://t.co/GZHuk7eU6s		]]></document>
	<document><![CDATA[Conferenza! http://t.co/R8FCvYbNqe		]]></document>
	<document><![CDATA[Conferenza! http://t.co/0QyVIh8ZeI		]]></document>
	<document><![CDATA[Un altro evento targato NFC... Un altro successo... Non si passa! http://t.co/g22GXvx3Lo		]]></document>
	<document><![CDATA[Un altro evento targato NFC... Un altro successo... Non si passa! http://t.co/QUlB3jHGKF		]]></document>
	<document><![CDATA[Altri momenti della inaugurazione della mostra dell'Ordine dei Medici e Odontoiatri: da sinistra la sala del Giudizio, il dr. Giovanni Ca...		]]></document>
</author>