<?xml version="1.0" encoding="UTF-8" standalone="no"?><author id="user906">
	<document><![CDATA[Non mi scandalizzo quasi mai. Questa barbarie è una delle eccezioni: http://t.co/fj8Exl5YFB @username		]]></document>
	<document><![CDATA[Sette anni di carcere al direttore di un sito web: http://t.co/ggpDo1icYU		]]></document>
	<document><![CDATA[Rinchiuso per 4 giorni in una stanza 1,5x3 senza cibo, acqua e servizi igienici. Negli Stati Uniti: http://t.co/UUKqTk9uwQ		]]></document>
	<document><![CDATA[Oltre il concetto di fail, #Ataf insulta un utente http://t.co/BaafFBuVEx		]]></document>
	<document><![CDATA[Ma @username che parla da almeno 2 giorni del cane #Dudù?		]]></document>
	<document><![CDATA[Fantastico: http://t.co/mmzvEeLCDI		]]></document>
	<document><![CDATA[Milano il 15 agosto sembra Kabul. Senza bombardamenti.		]]></document>
	<document><![CDATA[Tutto normale: http://t.co/IwdKAXCk7o		]]></document>
	<document><![CDATA[Non è mai troppo tardi per fare del bene: http://t.co/UE4QpeSglH		]]></document>
	<document><![CDATA[Genitori 'Usa' e getta: http://t.co/vZZLUpkkQU …		]]></document>
	<document><![CDATA[#Giordania, deputato spara con il Kalashnikov in parlamento: http://t.co/CTXPwTZyqR		]]></document>
	<document><![CDATA[I catalani respingono la solidarietà di #Bossi, come è ovvio che sia: http://t.co/QmCOLOgdrT		]]></document>
	<document><![CDATA[Mangiate meno! http://t.co/Epu8EZSVyL		]]></document>
	<document><![CDATA[Recupero della #Concordia come simbolo dell'efficienza italiana (@username). Ok, bene, ora pensiamo alle cose serie.		]]></document>
	<document><![CDATA[@username Vuoi che ti spoileri qualcosa Pier?		]]></document>
	<document><![CDATA[Noto con (dis)piacere che l'#MS5 continua ad avere atteggiamenti fascistoidi nei confronti dei suoi iscritti.		]]></document>
	<document><![CDATA[Una delle migliori scene di @username.. @username magnifico. http://t.co/k7FkFtQ3cV …		]]></document>
	<document><![CDATA[Il #Corriere e l'inutile sessismo sulla pelle dei morti http://t.co/S7v0lzQtq0 #Lampedusa		]]></document>
	<document><![CDATA[Ricordiamoci sempre che c'è gente che va in giro così.. http://t.co/WilbXHgPv8		]]></document>
	<document><![CDATA[Dal Whopper Sacrifice ai true fans, #BurgerKingNorge sfida il Big Mac. E perde. http://t.co/E1zc5JQz5T … #BurgerKing #McDonalds		]]></document>
	<document><![CDATA[Ma gli spin doctor di #Obama erano in ferie durante i funerali di #Mandela? #Cameron #ThorningSchmidt http://t.co/9yrFMdoR3E		]]></document>
	<document><![CDATA[Il mondo è dei brutti.		]]></document>
	<document><![CDATA[Io sostengo #AiutoCheManca su @username con @username e @username. Fallo anche tu http://t.co/zdZMAF1c4U		]]></document>
	<document><![CDATA[35 anni, single: http://t.co/RPyruwOevV @username		]]></document>
	<document><![CDATA[Esistono esseri umani capaci di restare immobili senza far nulla (leggere, ascoltare musica, mangiare, bere, alzarsi) in viaggi di 9 ore.		]]></document>
	<document><![CDATA[1.50 euro di cappuccio al bar sotto casa. Uno virgola cinquanta. Però sono stati veloci.		]]></document>
	<document><![CDATA[I commenti ai video #YouTube provenienti da #GooglePlus sono IL MALE.		]]></document>
	<document><![CDATA[Rubando dialoghi sul 58: "lo conosci il programma di rete 4, quello di del Debbio? Lì sì che viene detta tutta la verità"; "sì, verissimo!".		]]></document>
	<document><![CDATA[Rubando dialoghi parte 2, stesse protagoniste: "ricordi quanto si comprava con 100.000 lire?".		]]></document>
	<document><![CDATA[#WoodyAllen è un gran sopravvalutato.		]]></document>
	<document><![CDATA[La vera domanda è: quanto sono vestiti male? http://t.co/LqSbaTX4FE #matrimoni		]]></document>
	<document><![CDATA[Un giorno da #donna: http://t.co/ysQezZJeW7		]]></document>
	<document><![CDATA[Che tristezza: http://t.co/mzBK1LpTwa		]]></document>
	<document><![CDATA[E anche #WhatsApp va da Zuck: http://t.co/0rz5ApgI6l		]]></document>
	<document><![CDATA[Ma sì, rubiamo un #Banksy davanti a tutti (solo gli americani): http://t.co/Vy1ugxcEE4		]]></document>
	<document><![CDATA[Shock culturale per il cambiamento di #googlemaps.		]]></document>
	<document><![CDATA[Coda in via lorenteggio. Tutti si sentono in dovere di dire la loro sui motivi. #male		]]></document>
	<document><![CDATA[Reach organico e approccio a #Facebook, ottimo punto di @username: https://t.co/t83Zo5hVzK		]]></document>
	<document><![CDATA[Accendo la tv e vedo Flavio Insinna ballare, scatenato, con la Cuccarini. Non ho avuto il coraggio di cambiare canale, ho spento.		]]></document>
	<document><![CDATA[Lacrime. Meravigliosi. 
https://t.co/cv6PQBfVfx
#NBA2K14		]]></document>
	<document><![CDATA[#AldoGiovanniEGiacomo non fanno ridere veramente nessuno. Spero.		]]></document>
	<document><![CDATA[Social media manager scatenati sul caso #Suarez #ItaliaUruguay #WorldCup2014 http://t.co/YMLoTmFSOe		]]></document>
	<document><![CDATA[La scarsa percentuale di #lettori (di #libri, in particolare) in #Italia emerge in maniera lampante effettuando un lungo viaggio in treno.		]]></document>
	<document><![CDATA[#Clickbait addio (forse): http://t.co/IqlURFlSmL		]]></document>
	<document><![CDATA['Onestamente', la tua faccia e la tua voce mi stanno facendo pentire di avere un #Lumia		]]></document>
	<document><![CDATA[Pos non funzionanti per novanta secondi al #Carrefour: urla, strepiti e 'vergogna!' si sprecano.. #esauriti #Milano		]]></document>
	<document><![CDATA[Cosa c'entri il #Veneto con la #Scozia non si capisce.		]]></document>
	<document><![CDATA[#Salvini raccapricciante a #Matrix: Veneto stato a sé stante, Sardegna nazione, Salento regione, Sicilia libera. Bah.		]]></document>
	<document><![CDATA[La nuova pubblicità di #report: <3		]]></document>
	<document><![CDATA[Valorizzare l'"odio", quando le chiacchiere negative sono uno stimolo: http://t.co/CbohM66uXi via @username #socialcare #brandreputation		]]></document>
	<document><![CDATA[Al solito, gente in giro con il cappottino invernale. 24 settembre, 24 gradi.		]]></document>
	<document><![CDATA[#whatsapp ci ha tolto la felicità di essere presi bellamente per il culo.		]]></document>
	<document><![CDATA[Ma #StevenSeagal quanti film ha fatto?		]]></document>
	<document><![CDATA[#Easyjet decisamente sul pezzo #smm http://t.co/yvjpwbAnjh		]]></document>
	<document><![CDATA[Il caso #Moncler e la gestione (magistrale?) della crisi sui social: http://t.co/38vVYgYTpT via @username		]]></document>
	<document><![CDATA[#FuoriMuro miglior operatore ferroviario merci d'Europa nel 2014: http://t.co/KAP9Dp7hxF #eccellenze #trasporti		]]></document>
	<document><![CDATA[Storia allucinante: http://t.co/f9V5BbsQUw		]]></document>
	<document><![CDATA['Non ho una tv' è la nuova frontiera dei #radicalchic.		]]></document>
	<document><![CDATA[La follia e l'ignoranza: http://t.co/BInQPAYPBT		]]></document>
	<document><![CDATA[Della polizia di #Indianapolis e dell'utilizzo degli #hashtag: http://t.co/BqoW2JBN8V		]]></document>
	<document><![CDATA[#Benigni, Benigni, Benigni. Noia e demagogia non rende l'idea.		]]></document>
	<document><![CDATA[Viaggio da Milano al #Salento e il mio cellulare cambia l'orario in automatico, come se ci fosse il fuso. Segnali inquietanti.		]]></document>
</author>