<?xml version="1.0" encoding="UTF-8" standalone="no"?><author id="user20">
	<document><![CDATA[I'm at Done! (Via Tacito 6, Milano) http://t.co/QHWfdKra		]]></document>
	<document><![CDATA[135413Urbino Laptop Orchestra http://t.co/fh8Hy7yV		]]></document>
	<document><![CDATA[Qualcuno puó spiegare all' #Inter che dopo il primo tempo c'é anche il secondo?!?		]]></document>
	<document><![CDATA["sto pensando ai mongoli... Loro si tenevano la bistecca sotto il culo per una settimana, a mo' di sella; e poi se la mangiavano" cit.		]]></document>
	<document><![CDATA[Bombardamento di comete in un sistema solare 'alieno #in http://t.co/e88NtBAG via @username		]]></document>
	<document><![CDATA[I'm at Done! (Via Tacito 6, Milano) http://t.co/fC3f8c9r		]]></document>
	<document><![CDATA[#in (@username Done!) http://t.co/UNKkxZmD		]]></document>
	<document><![CDATA["io sono il tuo Dio... Dammela!" cit.		]]></document>
	<document><![CDATA[La maledizione incombe ancora sul principe...		]]></document>
	<document><![CDATA[Conf- industria, Conf-commercio, Conf-artigianato, Conf- usione		]]></document>
	<document><![CDATA[#in (@username Done!) http://t.co/7x8KOeGx		]]></document>
	<document><![CDATA[L'ultimo bigino del Premier: http://t.co/FODZNIFw via @username		]]></document>
	<document><![CDATA[Tutti i dubbi di Bruxelles (e anche nostri va là...): http://t.co/J1Z996Ll via @username		]]></document>
	<document><![CDATA[#karaoke #metroman: Quasi arrestato in piazza Duomo #milano il cantante che diverte in #atm! --> http://t.co/jMVKcK08 +		]]></document>
	<document><![CDATA[#in (@username Done!) http://t.co/VM7ldW2J		]]></document>
	<document><![CDATA[#movember in #Morbegno, in arrivo festa e gadget baffuti! 
http://t.co/j0eHD6pE		]]></document>
	<document><![CDATA[I'm at Done! (Via Tacito 6, Milano) http://t.co/XE0gCL8O		]]></document>
	<document><![CDATA[costretto all'utilizzo di #powerpoint, la frequenza di blasfemie gratuite di abbassa a 0.95s. #blasfemy		]]></document>
	<document><![CDATA[#ilpiúgrandespettacolodopoilweekend		]]></document>
	<document><![CDATA[I'm at Done! (Via Tacito 6, Milano) http://t.co/gnBxWonv		]]></document>
	<document><![CDATA[Cari #Radiohead, in Italia c'è la #crisi, lo sapevate no!? Ecco, dunque... siete pure il mio gruppo preferito, ma #116€ è un po' tantino...		]]></document>
	<document><![CDATA[#google sà sempre come stupirci! --> http://t.co/u2zArlF1		]]></document>
	<document><![CDATA[#in (@username Done!) http://t.co/USXb6d45		]]></document>
	<document><![CDATA[#in (@username Done!) http://t.co/TrfHNQHy		]]></document>
	<document><![CDATA[E Paolo Villaggio racconta la vera storia di Carlo Martello,@username Mattiola http://t.co/lOXnrQJb via @username		]]></document>
	<document><![CDATA[Twitter, 50 italiani da seguire --> Wired.it http://t.co/FpaPCHkR		]]></document>
	<document><![CDATA[Giacca Tirolese di lana cotta + Cuffietta di lana alpaca Peruviana + Kefia = Meltin'pot style o spaventapasseri underground?!? o.O		]]></document>
	<document><![CDATA[#Cinema documentario grande protagonista al Torino Film Festival -->  http://t.co/ZVSQ1fdY		]]></document>
	<document><![CDATA[#in (@username Done!) http://t.co/fDddJY4L		]]></document>
	<document><![CDATA[in tempo di #crisi torna in auge la schiscetta: Panino 5 cereali con trota salmonata al forno e pepe bianco. Una mela.		]]></document>
	<document><![CDATA[Se mi cercate al Cel non rispondo perchè l'ho dimenticato a casa.		]]></document>
	<document><![CDATA["La giusta distanza" - La magia svanita del #digitalshare --> http://t.co/fXQkh6Pm		]]></document>
	<document><![CDATA[#cineforum,"la pelle che abito" p. Almodovar		]]></document>
	<document><![CDATA[Dai #spread, scendi ancora un pochino...		]]></document>
	<document><![CDATA[#AIDS campaign --> http://t.co/DUeVgjNw		]]></document>
	<document><![CDATA[La musica anti-pirateria? E’ piratata http://t.co/2EOFQYr1 via @username		]]></document>
	<document><![CDATA[#Monti ha detto #internet! L'ha detto! E ha detto anche sito! Un politico che ha detto #internet!!!		]]></document>
	<document><![CDATA[#in (@username Done!) [pic]: http://t.co/eqfUAB4o		]]></document>
	<document><![CDATA[@username Sì, se #Monti si mette a cercare #Google in #Google!		]]></document>
	<document><![CDATA[#spread in ribasso... #dajetutta!		]]></document>
	<document><![CDATA[macchè #blocco #Pisapia! falle brillare 'ste macchine!		]]></document>
	<document><![CDATA[#lacrimeesangue #laicitàdellostato: Appelli #Micromega, anche la chiesa deve pagare!: http://t.co/LyJo7nab		]]></document>
	<document><![CDATA[#in (@username Done!) http://t.co/s5JW6ida		]]></document>
	<document><![CDATA[#NewTwitter e #brandingpages... quantità o qualità? http://t.co/ByenE1pe		]]></document>
	<document><![CDATA[#NotGooglePlus - #CollegeHumor Video http://t.co/IcuFjw77 via CollegeHumor		]]></document>
	<document><![CDATA[#spread Birbone... Sopra o sotto la psico-soglia dei 500? http://t.co/RUBnFTBa		]]></document>
	<document><![CDATA[#Photoshop, #Indesign, #Illustrator, #finalcut... My CPU il getting quite Hot!		]]></document>
	<document><![CDATA[pianificando la strategia per tornare a casa. Da piazza Lodi a Milano centrale. Ho un treno alle 19.20 o alle 20.20, suggerimenti!?		]]></document>
	<document><![CDATA[Lunedì... a noi due!		]]></document>
	<document><![CDATA[@username verdura o manzo?		]]></document>
	<document><![CDATA[giannasi time		]]></document>
	<document><![CDATA["sognai talmente forte che mi uscì sangue dal naso"		]]></document>
	<document><![CDATA[Il 2011 raccontato dalla Rete E' nato Year In Hashtag - Repubblica.it http://t.co/HhHQ1mBX via @username		]]></document>
	<document><![CDATA[A Natale... Stuff or Feelings? Un #viral della croce rossa ci suggerisce qualcosa... http://t.co/bKdTbRyg via @username		]]></document>
	<document><![CDATA[Riassunto del 2011 http://t.co/saUWHHYW		]]></document>
	<document><![CDATA[Un inizio popopopopopopopopodemmmerda		]]></document>
	<document><![CDATA[#in (@username Done!) http://t.co/etiMtQf4		]]></document>
	<document><![CDATA[Ecco i risultati della commissione Giovannini... quanto costano i politici italiani in confronto a quelli europei: http://t.co/xfofMkud		]]></document>
	<document><![CDATA[#in (@username Done!) http://t.co/neqIevPx		]]></document>
	<document><![CDATA[18 Feb 1940 - 11 Gen 1999 "E a un dio fargli il culo non credere mai" http://t.co/ry2eKUtY		]]></document>
	<document><![CDATA[Zanetti mi commuove		]]></document>
	<document><![CDATA[#in (@username Done!) http://t.co/ZwlR2wit		]]></document>
	<document><![CDATA["Perché porti la #schiscèta?", "Per lavorare di più e pagare di meno!" #alzareilpil #crisi		]]></document>
	<document><![CDATA[Bloccano #megaupload. Ma non si scherza con gli haker! http://t.co/xqRGEIwV		]]></document>
	<document><![CDATA[Check out: Benedetta Pini | http://t.co/sopkFfVa http://t.co/EjbyZ4M6 via @username		]]></document>
	<document><![CDATA[per una buona riuscita contro lo sciopero dei mezzi: 25% tattica, 75% culo!		]]></document>
	<document><![CDATA[#in (@username Done!) http://t.co/mzRl056j		]]></document>
	<document><![CDATA[Orologio rotto, il Comune va all'Ikea Per la riparazione chiedevano 600 euro - Milano http://t.co/YZ3TbBPl via @username		]]></document>
	<document><![CDATA[La fedeltà #Cyberpunk non è verso la tecnologia stessa, ma verso una cultura che valorizzi la libertà per gli individui.		]]></document>
	<document><![CDATA[Mi è piaciuto un video di @username http://t.co/I2dtOskO Smokey Fingers-Born To Run		]]></document>
	<document><![CDATA[Mi è piaciuto un video di @username http://t.co/63pzslKB Smokey Fingers-Crazy Woman		]]></document>
	<document><![CDATA[Il prosumerismo dei #socialmedia #etnografia http://t.co/TaCuhmrE		]]></document>
	<document><![CDATA[Monti: stop a convegni e celebrazioni per Tesoro e Palazzo Chigi. «Restituire regali oltre i 150 euro» http://t.co/jwOA0fPx via @username		]]></document>
	<document><![CDATA[Mi è piaciuto un video di @username @username http://t.co/BiogiMhc PARLA COL TUBO - TEASER		]]></document>
	<document><![CDATA[Le App Gratuite possono spiare i messaggi e le chiamate... ocio! #socialmedia http://t.co/HmWMOhdv via @username		]]></document>
	<document><![CDATA[Ecatombe di treni in #Waltellina: cancellazioni e ritardi Di almeno 70min (per poi essere cancellati comunque) dalle 5.50am. #buongiorno		]]></document>
	<document><![CDATA[La nostra "Pinfografica" sul sole24 http://t.co/hkDutgc7 #pinterest #infographic		]]></document>
	<document><![CDATA[I'm at IED Istituto Europeo di Design (Milano, Lombardia) http://t.co/z3rBVGXu		]]></document>
	<document><![CDATA[E quel periodo della giovinezza quando le gazzelle dell'adidas costavano 30.000lire		]]></document>
	<document><![CDATA[Scrivere in hindi su illustrator, come si faa???		]]></document>
	<document><![CDATA[@username grazie! Ma credo che opterò per un rozzissimo ricalco dinamico per le parole che mi servono!		]]></document>
	<document><![CDATA[Alla deathmetallara fianco a me esploderá il cervello prima o poi? Abbassa sta merda che ti vominto addosso! Sto guardando stars wars cazzo!		]]></document>
	<document><![CDATA[Bisogna rimboccarsi le natiche		]]></document>
	<document><![CDATA[Dalla Danimarca scatta il 95esimo Giro d'Italia!  http://t.co/gbi5qYXo		]]></document>
	<document><![CDATA[DlinDlon... Il tren@username.àè+ò,àò.£$&%$"0!"£%/!"£(($%/<°°è+èò=/*/0,!"?£=$((!="%/£$&?=?!^%||!"££$&%?=$%&£$&/)?%$=&... CI scusiamo per il disagio.		]]></document>
	<document><![CDATA[Dopo aver visto anche solo mezza puntata di un qualsiasi programma con Gordon Ramsay, sbucci una "cazzo" di mela in tre "cazzo" di secondi		]]></document>
	<document><![CDATA[La mia cuginetta Benny racconta uno dei suoi viaggi su questo blog: http://t.co/jpwQkwLi		]]></document>
	<document><![CDATA[#8 - Do a little bit like it appears to you.
- Fai un po' come ti pare http://t.co/d6Cerz7R		]]></document>
	<document><![CDATA[#10 - I'm on the piece.
- Sono sul pezzo http://t.co/JvoSeTTB		]]></document>
	<document><![CDATA[#13 - Leave stay.
- Lascia stare http://t.co/ttj8vZa9		]]></document>
	<document><![CDATA[#15 - He pulled me a incredible patch. (Courtesy of T. Io)
- Mi ha tirato una pezza incredibile http://t.co/KcMoRb5m		]]></document>
	<document><![CDATA[#18 - No post on Sunday.
- Non c'è posta la domenica http://t.co/xJb7VGPF		]]></document>
	<document><![CDATA[Ho appena comprato questo articolo: Apriti Sesamo' di Battiato tramite @username http://t.co/uphSlVKi		]]></document>
	<document><![CDATA[Ho appena comprato questo articolo: Vagabond' di Ulf Wakenius tramite @username http://t.co/8mCykvTa		]]></document>
	<document><![CDATA[Mi è piaciuto un video di @username: http://t.co/byMDUsjz Punctis - Social Media Loyalty		]]></document>
	<document><![CDATA[#22 - Its pork figure.
- La sua porca figura http://t.co/EtiOGz3g		]]></document>
	<document><![CDATA[I made it big.
- L'ho fatta grossa http://t.co/cSBMUfnG		]]></document>
	<document><![CDATA[#24 - The post in game.
- La posta in gioco http://t.co/52BAxvbo		]]></document>
	<document><![CDATA[usefull @username http://t.co/oby3firf		]]></document>
	<document><![CDATA[#31 - Religion no more.
- Non c'è più religione http://t.co/zW7ZWBMw		]]></document>
</author>