<?xml version="1.0" encoding="UTF-8" standalone="no"?><author id="user443">
	<document><![CDATA[#Tattoo Saddle Night • domenica dalle 16 • @username + Lele #Blackwood • vieni a tatuare la tua sella #Brooks http://t.co/uYyd1LXr		]]></document>
	<document><![CDATA[il venerdì si riconosce dalla playlist		]]></document>
	<document><![CDATA[@username - Uppercut Official Video: http://t.co/ucPfTcju via @username		]]></document>
	<document><![CDATA[Wanted > fumetto! #book #wishlist #graphic #novel http://t.co/imEy79u7		]]></document>
	<document><![CDATA[I'm at Borgo Antico di Castelvetro http://t.co/JBN4n4Lk		]]></document>
	<document><![CDATA[I'm at Hostaria Del Rio (Castelvetro, Modena) http://t.co/Ly128QDx		]]></document>
	<document><![CDATA[cambio luci @username checked! ? #light #home #càplasti #design #interior http://t.co/9Eot36yH		]]></document>
	<document><![CDATA["Sono un po' sola e sono un po' con gli altri, e a me va bene un po' così e un po' cosà..."
- L'abbraccio, #Grossman #book #illustration		]]></document>
	<document><![CDATA[Francesco De Gregori - Pezzi di vetro (live): http://t.co/5EPq1W64 via @username		]]></document>
	<document><![CDATA[il calore del vinile #new #welcome #music #love #battisti #plasti #càplasti http://t.co/1WVA0P5v		]]></document>
	<document><![CDATA["Se la vita ti offre dei limoni... fatti una limonata!" #quote		]]></document>
	<document><![CDATA[I'm at Ristretto (Modena) http://t.co/QE3hqzfB		]]></document>
	<document><![CDATA[I'm at Parrocchia Dello Spirito Santo http://t.co/Hf7NawHE		]]></document>
	<document><![CDATA[gente che fa check-in ai matrimoni w/ @username #foursquare #DenisRossWDay		]]></document>
	<document><![CDATA[I'm at Villa Casino Riva (Nonantola, Emilia Romagna) http://t.co/7FCc7HsX		]]></document>
	<document><![CDATA[colla a caldo #bricolage		]]></document>
	<document><![CDATA[Caterina Caselli - Sono bugiarda: http://t.co/sHkW7kj5 via @username		]]></document>
	<document><![CDATA["tu che squadra tifi?"
"ma io non tifo tanto..."
"ah, tifi responsabilmente!" #quote		]]></document>
	<document><![CDATA["La perfezione non esiste, non siamo mica nello spot di #intimissimi!" #quote		]]></document>
	<document><![CDATA[la fine del mondo sta diventando una selezione naturale #maya #maidiremaya		]]></document>
	<document><![CDATA[I'll call you: http://t.co/23u7XBpu via @username #ondenostre #ocean #surf		]]></document>
	<document><![CDATA[I'm at Caffè Collegio w/ @username http://t.co/BIZm5CWu		]]></document>
	<document><![CDATA[(squirrel) tutta la vita #skype		]]></document>
	<document><![CDATA[cineforum (@username Pernilla) http://t.co/yS5BsxTn		]]></document>
	<document><![CDATA[ero in riunione e mi sono persa la fine del mondo, che peccato! #maya #maidiremaya #mayaarrendersi		]]></document>
	<document><![CDATA[@username per un apperol io ci sto! @username @username  @username		]]></document>
	<document><![CDATA[@username Si, whatappami!!! se vogliono venire anche i bunkeri... ps: grazie per gli auguri versione #munari @username :)		]]></document>
	<document><![CDATA[Nuova app iPhone di Facebook #poke		]]></document>
	<document><![CDATA[devo dire che Jon Bon Jovi da giovane era un figo!		]]></document>
	<document><![CDATA[@username ci dovevo andare ieri sera ma ero stanca morta e anche stasera c'è gente che vorrei salutare, ma penso finirò al Vibra :(		]]></document>
	<document><![CDATA[effetto decapato grigio #bricolage #art #paint #design #gift #xmas http://t.co/3B6QMmKb		]]></document>
	<document><![CDATA[definizione di stronza #quote http://t.co/pa4sppe9		]]></document>
	<document><![CDATA[@username il titolo del libro non lo ricordo, ma sarà mio!!! ;)		]]></document>
	<document><![CDATA[@username trovato! La magnifica stronza di Sherry Argov :)		]]></document>
	<document><![CDATA[@username Mi piace troppo!!! hihihi!!! :)		]]></document>
	<document><![CDATA[avevo voglia di vederlo giusto oggi! <3 (watching Up) http://t.co/XJ6VE5gj #Up		]]></document>
	<document><![CDATA["Ascoltare dischi in vinile non ha prezzo, per tutto il resto c'è il silenzio." auto-cit.  #music		]]></document>
	<document><![CDATA["La mia personalità è tutta in un tubetto di tintura!" cit. Clementine - Eternal Sunshine of the Spotless Mind  http://t.co/a1JDxlIk		]]></document>
	<document><![CDATA[@username mi fido sulla parola! :)		]]></document>
	<document><![CDATA[@username assolutissimamente!!! ;)		]]></document>
	<document><![CDATA[Coconino Press | graphic novel d'autore Frantz Duchazeau - Lomax - Ricercatori di folk songs http://t.co/Tx5nfpf8		]]></document>
	<document><![CDATA[[cose da @username]
acquistare due runner e utilizzarli come tende! ;) #design #interior #idea #hacker		]]></document>
	<document><![CDATA["dammi un po' di fiducia e un po' di torta di mele."		]]></document>
	<document><![CDATA[mi piacciono le rose, ... le rose inglesi! (oddio come sono sofisticata, che disastro!)		]]></document>
	<document><![CDATA["L'isteria è la nuova calma!"		]]></document>
	<document><![CDATA[Sergio Cammariere - Ogni cosa di me http://t.co/x1u6aXPT		]]></document>
	<document><![CDATA[Clinic - Miss You (Daniele Baldelli & DJ Rocca Remix) http://t.co/Ohl078s4		]]></document>
	<document><![CDATA[@username era una battuta!!! ;)		]]></document>
	<document><![CDATA[Ragazze di Modena http://t.co/G6vLxMG4 via @username		]]></document>
	<document><![CDATA[Foto appena pubblicata http://t.co/jld7aycW		]]></document>
	<document><![CDATA[[come iniziare male] da un po' non passavo il primo gennaio da sola, in casa, immersa nel silenzio. Il problema è che io sto bene, da sola.		]]></document>
	<document><![CDATA[anche per te @username!!! Per il 2013 la svolta!!! baci		]]></document>
	<document><![CDATA[@username no, infatti!!! :)		]]></document>
	<document><![CDATA[@username anche a te!!! un bacione		]]></document>
	<document><![CDATA[2012: la transizione / 2013: la svolta		]]></document>
	<document><![CDATA[@username grazie! ricambio volentieri!		]]></document>
	<document><![CDATA[non mi importa cosa pensano gli altri, mi basta quello che penso io.		]]></document>
	<document><![CDATA[[ho un sogno]
andare ad un concerto di Paolo Conte @username _official #onceinalifetime		]]></document>
	<document><![CDATA[@username grazie, mi fa piacere che ti piacciano! :)		]]></document>
	<document><![CDATA[coming very soon, soonissimo, è già pronto! #plasti #music #blog #song #stereo #tumblr #love #color #boombox http://t.co/24AoSBeq		]]></document>
	<document><![CDATA[sto male, sto stirando, mi sembra abbastanza evidente che sto male!		]]></document>
	<document><![CDATA[ciao cari miei @username @username, vi presento http://t.co/MYfohpwq musica in ordine sparso #enjoy - (che voglia di chiacchiere live)		]]></document>
	<document><![CDATA[è arrivata la #Befana hariboit, vuol dire che sono buona?! #haribo #haribomood #sweet #candy #bear #crocodi http://t.co/KbyfQWmO		]]></document>
	<document><![CDATA[guardala bene... perché un domani... @username waltercarr #furious #crackers #magazine #fashion #style http://t.co/AVHIU5b1		]]></document>
	<document><![CDATA[mi ricordo che stavo ballando, ma poi mi sono svegliata ...		]]></document>
	<document><![CDATA[scusa @username non è che mi passaresti un po' del tuo romanticismo?! ? soundtracking "Tutto l'amore che ho" http://t.co/xIS3XkBs		]]></document>
	<document><![CDATA[sembrate tutti così tremendamente romantici a fotografare tutti lo stesso tramonto		]]></document>
	<document><![CDATA[@username Quando si ballava con Disco Inn http://t.co/ewG16Vzp via @username		]]></document>
	<document><![CDATA[Ciao @username, tante rotelle per me!!!		]]></document>
	<document><![CDATA[- "Tutto chiaro?!"
- "Come un vodka tonic!"

#Scrubs		]]></document>
	<document><![CDATA[sostieni #radioemilia 5.9 #terremoto - Produzioni Dal Basso http://t.co/Of5lsJf6 #crowdfunding via @username @username		]]></document>
	<document><![CDATA[paracetamolo, clorfenamina, ascorbato di sodio, sodio bi-carbonato, acido citrico, sorbitolo, polivinilpirrolidone, dimeticone, aspartame.		]]></document>
	<document><![CDATA[@username sí, è vero!		]]></document>
	<document><![CDATA[I am watching Travolti da un insolito destino nell'azzurro mare d'agosto. http://t.co/Qak8hIOp		]]></document>
	<document><![CDATA[se non esistessero gli sport estremi, sarebbe un mondo peggiore!		]]></document>
	<document><![CDATA[@username aspetta che devo tradurre!!! ;)		]]></document>
	<document><![CDATA[Vi chiedo, per favore… smettete di divulgare bufale | @username http://t.co/dfJuAmox		]]></document>
	<document><![CDATA[Il Postino - "Metafore": http://t.co/0ttXq2wO via @username #troisi #movie #cinema		]]></document>
	<document><![CDATA[[saggezza]
ogni cambiamento 
necessita adattamento.		]]></document>
	<document><![CDATA[@username foto?		]]></document>
	<document><![CDATA[io sono in letargo.		]]></document>
	<document><![CDATA[@username giorni di altiebassi, ma tutto sommato bene (c'è la neve! :)  a te? come procede? @username		]]></document>
	<document><![CDATA[@username eh, con il freddo che fa fuori, la soluzioni sono dei bei film in casa!		]]></document>
	<document><![CDATA[sono tre giorni che ho la radio accesa h24... sí, anche di notte e anche se esco di casa, domani la spengo un po', così si riposa anche lei!		]]></document>
	<document><![CDATA[#transiberiana ti penso sempre e ti checkeró dalla mia lista, prima o poi! #travel #love		]]></document>
	<document><![CDATA[@username lui @username lancia le domande ma poi non risponde!!! ;P		]]></document>
	<document><![CDATA[@username bene, non mi posso lamentare! :) @username		]]></document>
	<document><![CDATA[se il nuovo #myspace è separato e diverso dal vecchio, vuol dire che il vecchio potrei cancellarlo, volendo, giusto?!		]]></document>
	<document><![CDATA[il nuovo singolo di @username ... a me non piace!		]]></document>
	<document><![CDATA[@username quando hai tempo, dai un occhio al nuovo #myspace! ;)		]]></document>
	<document><![CDATA[@username mah, a prima vista mi sembra una specie di @username con in più i mesg pvt e neanche così comodo con lo scroll orizzontale!		]]></document>
	<document><![CDATA[Gennaio 2013: la lentezza!
(non finisce mai?!)		]]></document>
	<document><![CDATA[@username è un'app per segnare i film o telefilm che si stanno guardando @username		]]></document>
	<document><![CDATA[@username ha vinto #londonnocturne > foto di @username http://t.co/kHTK1KZU @username #london #criterium #fixedgear		]]></document>
	<document><![CDATA[@username non lo so vai a vedere sul sito! ;)		]]></document>
	<document><![CDATA[[cose da #indie]
ha riaperto il @username a #carpi, ci sono stata stanotte, tanta gente, un caldo che ti spogliavi e musica ballabile!		]]></document>
	<document><![CDATA[se vado avanti così avrò finito di sistemare il mio progetto di nuovo sito a fine 2013 #plasti		]]></document>
	<document><![CDATA[ogni cosa ha un suo tempo		]]></document>
	<document><![CDATA[prenotare i viaggi con largo anticipo mi mette #ansia, è tutta colpa di mia madre -.- aspettando maggio e la Turchia #travel #love		]]></document>
	<document><![CDATA[ho voglia di un gelato :)		]]></document>
</author>