<?xml version="1.0" encoding="UTF-8" standalone="no"?><author id="user301">
	<document><![CDATA[Team working,c'è chi dice no... http://t.co/NhKaDX5S Serve cultura del co:coworking,condivisione,cocreazione! @username @username		]]></document>
	<document><![CDATA[@username esatto,o si collabora o non ci si evolve! @username		]]></document>
	<document><![CDATA[@username @username avrei paura dei risultati...		]]></document>
	<document><![CDATA[@username riduce lo spreco di tempo:idea italiana che cambia il nostro mondo #borntobeit http://t.co/CHSGA3VK @username		]]></document>
	<document><![CDATA[#facilecambiare se sappiamo gestire il tempo,scegliere le priorità,puntare sulla produttività http://t.co/1lUZ6rXF		]]></document>
	<document><![CDATA[Chi ancora non conosce la startup di Lorenzo Sicilia? @username trasforma la tua voce in immagini https://t.co/Q2Meyxf0		]]></document>
	<document><![CDATA[Startupweekend, a Milano il camp per lanciare nuove aziende http://t.co/KtKaQT3p via @username @username #facilecambiare		]]></document>
	<document><![CDATA[@username @username @username esentasse? Furberia? Io direi idee,creatività,forte credo nel nuovo made in italy!		]]></document>
	<document><![CDATA[@username non è fiscolight ma sostegno e incentivo alla crescita del paese.nuove imprese=nuovo lavoro @username @username		]]></document>
	<document><![CDATA[Startupweekend, a Milano il camp per lanciare nuove aziende - Il prossimo 1, 2 e 3 febbraio importanti imprenditori ... http://t.co/wsP1CkWb		]]></document>
	<document><![CDATA[@username tuo padre è mio amico!		]]></document>
	<document><![CDATA[I liked a @username video http://t.co/4IWGCfYr Manebì a Generazione S		]]></document>
	<document><![CDATA[I liked a @username video http://t.co/i37Vuu51 Oil Project a Generazione S		]]></document>
	<document><![CDATA[I liked a @username video http://t.co/NP4trI1D Il Circo delle Pulci a Generazione S		]]></document>
	<document><![CDATA[I liked a @username video http://t.co/sqtkEaKG Moneyfarm e Superbacana! a Generazione S		]]></document>
	<document><![CDATA[I liked a @username video http://t.co/03uQGcAO Luigi Centenaro ospite a Generazione S		]]></document>
	<document><![CDATA[I liked a @username video http://t.co/L2b3AqYc Pavè a Generazione S		]]></document>
	<document><![CDATA[I liked a @username video http://t.co/iwz6Jy1X Grom a Generazione S		]]></document>
	<document><![CDATA[Qual è il tuo startup style? [INFOGRAFICA] http://t.co/F5tMjt06		]]></document>
	<document><![CDATA[@username fine tuning di diverse cose...		]]></document>
	<document><![CDATA[Pausa pranzo @username per #startupweekend #facilecambiare se cocostruiamo le nuove imprese italiane http://t.co/C5N75ISI		]]></document>
	<document><![CDATA[@username bravo,un bel sabato ;)		]]></document>
	<document><![CDATA[Grazie a DoneeDonee non sbaglio più i regali per i miei amici! @username http://t.co/OrdwbBxZ via @username		]]></document>
	<document><![CDATA[@username interessante ma non avendola seguita direttamente non riesco a valutare i dettagli @username		]]></document>
	<document><![CDATA[@username inventare inventare inventare! @username		]]></document>
	<document><![CDATA[@username guardate regalonoproblem.it anche se non ha dietro i vostri value proposition e vantaggi competitivi è comunque un benchmark		]]></document>
	<document><![CDATA[Finlandia: Il paese delle start-up http://t.co/cAaBW2UV via @username #facilecambiare @username #startup #italianuova		]]></document>
	<document><![CDATA[Cari amici @username oggivotare @username e l'incapace di twittare@username è diventato impossibile.Han sbagliato tutto.Peccato		]]></document>
	<document><![CDATA[@username Grazie per la segnalazione,riflessione fondamentale:condivisione+relazione vs. individualismo.Gli italiani come si schierano?		]]></document>
	<document><![CDATA[@username Non è vero, @username è antiberlusconiana (giustamente) ma non ha niente di innovativo,contemporaneo,futuro		]]></document>
	<document><![CDATA[@username @username @username Il @username non cambierà.è un anziano signore valido ma i cui pensieri e metodi vanno superati		]]></document>
	<document><![CDATA[@username Il futuro è nel Made in Italy:moda,design,cultura,turismo,enogastronomia. #facilecambiare se il futuro è dell'artigiano sul web		]]></document>
	<document><![CDATA[@username Forse servirà che persone come te,come me,come tante, alle prossime politiche (2015) smettan di fare giuste analisi.E si candidino		]]></document>
	<document><![CDATA[@username appunto, i signorotti di @username han fatto scelte da vecchi conservatori senza capacità di guardar il futuro @username		]]></document>
	<document><![CDATA[@username ah lo hai visto?Top, vero?!?		]]></document>
	<document><![CDATA[@username è un altro dei tanti piccoli passi verso il futuro! @username		]]></document>
	<document><![CDATA[@username bullati in italiano però :)		]]></document>
	<document><![CDATA[@username ha 18 anni:è stato nominato advisor per #agendadigitale del vp UE.Quando una cosa così in Italia? http://t.co/YNwHckBo		]]></document>
	<document><![CDATA[#smwmilan presenta facebook highschool con @username @username @username I social network possono cambiare la formazione?credo di sì		]]></document>
	<document><![CDATA[Produzione di contenuti,ricerca,condivisione di sapere,classroom management:Facebook serve a insegnare+imparare #smwmilan @username		]]></document>
	<document><![CDATA[Facebook highschool coinvolge gli oltre 150 presenti:co-creazione di idee per usare FB nella formazione #smwmilan @username @username		]]></document>
	<document><![CDATA[I socialmedia sono considerati dai più come strumento di cazzeggio.E pochi capiscono che invece sono nuovi mezzi di formazione #smwmilan		]]></document>
	<document><![CDATA[@username Sì fiisce tra 15 minuti :) I risultati del ws però potrai keggerli su @username con un guest post di @username  #smwmilan		]]></document>
	<document><![CDATA[@username Non concordo,si devon usare strumenti che i ragazzi già usano,altrimenti si sta distanti da loro #smwmilan #facebookhighschool		]]></document>
	<document><![CDATA[@username No,perché rimangono piattaforme scolastiche e non allargano il concetto di scuola.Rimane il "fare i compiti",la noia #smwmilan		]]></document>
	<document><![CDATA[@username Accolgo con favore qualsiasi nuova piattaforma,ma il punto è usare in ambito didattico ciò che i ragazzi già usano #SMWmilan		]]></document>
	<document><![CDATA[@username I ragazzi usano i social.Scuola deve usare gli stessi social e trasformarli da strumenti di cazzeggio a mezzi di formazione		]]></document>
	<document><![CDATA[@username Fondamentale ascoltare,confrontarsi,discutere.Orizzontalità è questo:condivisione è il più grande e attuale valore #SMWmilan		]]></document>
	<document><![CDATA[@username "social network propulsore di lavoro,combattono la disoccupazione giovanile con nuove professioni" @username #smwmilan		]]></document>
	<document><![CDATA[@username ci credo anche io! @username		]]></document>
	<document><![CDATA[Una vita in beta permanente #facilecambiare #startup is you http://t.co/drB1VeTu1W		]]></document>
	<document><![CDATA[Ti pago per un tweet, la pubblicità in 140 caratteri | Sei gradi: http://t.co/XhMgooRljk		]]></document>
	<document><![CDATA[Chi non ama il bello non mi rappresenta http://t.co/ZnVmAH7G7b via @username		]]></document>
	<document><![CDATA[5RULES:Come lanciare una startup http://t.co/swVsNLAjS2 @username @username @username @username @username @username		]]></document>
	<document><![CDATA[Un caffè nero e bollente può ricaricare il cellulare - Corriere.it http://t.co/I1OIur4MNP via @username		]]></document>
	<document><![CDATA[@username ha messo in piedi #italiavota la rete e le elezioni,il futuro,la sfida del presente.Oltre i giornali,altre notizie e pensieri!		]]></document>
	<document><![CDATA[Scuola de-materializzata http://t.co/cozvSkgWhY @username #facilecambiare se pensiamo alla scuola,non ai risultati elettorali		]]></document>
	<document><![CDATA[#elezioni2013 #facilecambiare se costruiamo il domani senza paura del presente.Rifacciamo l'Italia con empatia,condivisione,partecipazione!		]]></document>
	<document><![CDATA[5 Stelle: non è voto di protesta! Ma di proposta e visione http://t.co/NRqObSAO77 via @username		]]></document>
	<document><![CDATA[@username @username dai ragazzi,ditemi che vi date una mossa.Insieme!
5Stelle:non è voto di protesta,ma di proposta http://t.co/NRqObSAO77		]]></document>
	<document><![CDATA[@username io vengo volentieri!		]]></document>
	<document><![CDATA[@username il gatto no, i single siano single!		]]></document>
	<document><![CDATA[Ciao Stéphane Hessel:l'autore di «Indignatevi!» se ne va a 95 anni.Leggetevi il suo libro,un insegnamento splendido! http://t.co/uMq95PQkem		]]></document>
	<document><![CDATA[#facilecambiare con le 10 azioni che i wwworkers chiedono alla politica http://t.co/Gge5NLXUCM @username @username #agendadigitale		]]></document>
	<document><![CDATA[#facilecambiare con donne come @username Intercultural Innovation Award,un'italiana fra i vincitori http://t.co/JEHIK48C2H		]]></document>
	<document><![CDATA[@username @username su @username presentano il manifesto per la nuova didattica social:a #scuola con #Facebook http://t.co/5p9cax0Mfg		]]></document>
	<document><![CDATA[#FF @username @username @username @username @username agenti del cambiamento con le loro azioni d'innovazione social(e)		]]></document>
	<document><![CDATA[#Milanoinbici è il punto di partenza della città che cambia.IED presenta la nuova campagna probici del Comune!grazie @username		]]></document>
	<document><![CDATA[#Milanoinbici con IED centroricerche e IED master:"Ci sono catene che regalano la libertà" è campagna che vedrete in tutta la città!orgoglio		]]></document>
	<document><![CDATA[I 10 modi per superare la sindrome del lunedì http://t.co/Deby1YKyyQ via @username		]]></document>
	<document><![CDATA[Stati generali del giornalismo:fuori tutti i grandi direttori,concordi? http://t.co/ClBq5vQUlo @username @username @username		]]></document>
	<document><![CDATA[Stati generali del giornalismo:fuori tutti i grandi direttori,concordi? http://t.co/ClBq5vQUlo @username @username @username		]]></document>
	<document><![CDATA[Stati generali del giornalismo:fuori tutti i grandi direttori,concordi? http://t.co/ClBq5vQUlo @username @username @username		]]></document>
	<document><![CDATA[Stati generali del giornalismo:fuori tutti i grandi direttori,concordi? http://t.co/ClBq5vQUlo @username @username @username		]]></document>
	<document><![CDATA[Stati generali del giornalismo:fuori tutti i grandi direttori,concordi? http://t.co/ClBq5vQUlo @username @username		]]></document>
	<document><![CDATA[Stati generali del giornalismo:fuori tutti i grandi direttori,concordi? http://t.co/ClBq5vQUlo @username @username		]]></document>
	<document><![CDATA[Stati generali del giornalismo:fuori tutti i grandi direttori,concordi? http://t.co/ClBq5vQUlo @username @username		]]></document>
	<document><![CDATA[Stati generali del giornalismo:fuori tutti i grandi direttori,concordi? http://t.co/ClBq5vQUlo @username @username @username		]]></document>
	<document><![CDATA[Stati generali del giornalismo:fuori tutti i grandi direttori http://t.co/ClBq5vQUlo Li facciamo insieme @username al @username ?		]]></document>
	<document><![CDATA[@username Invidia,prima che complimenti:-) Sono rari i giornalisti in grado di leggere ciò che sta accadendo,dicendolo pure con chiarezza		]]></document>
	<document><![CDATA[@username concordo con te,non volevo fare il botto,ma provare a cambiare il sistema.Anche per la inaccettabile situazione dei precari		]]></document>
	<document><![CDATA[@username apprezzo ijf,ma credo serva uno scontro,più che un confronto che coinvolge anche i soliti inutili noti.Altrimenti non si cambia.		]]></document>
	<document><![CDATA[@username @username concordo,ma il Paese si può cambiare anche coi giornali.Però vanno cambiati direttori (e giornalisti...)		]]></document>
	<document><![CDATA[@username non sono per interpellarli(i direttori italiani non rispondono a nulla),ma per cacciarli.Altrimenti è buonismo+no cambiamento		]]></document>
	<document><![CDATA[@username No,altrimenti 1.l'avrei scritto 2.avrei pubblicato altrove il post.Tu chi metti tra i direttori artefici di pessimo giornalismo?		]]></document>
	<document><![CDATA[@username Io penso di sì,non sono per il colpo al cerchio e il colpo alla botte,tant'è.		]]></document>
	<document><![CDATA[@username seguito sempre tramite il web,mai riuscito(per motivi di lavoro)di persona,ma chi c'è stato ne parla con entusiasmo		]]></document>
	<document><![CDATA[@username Lancio una provocazione che è una proposta,se qualcuno la accoglie ci metto la testa,altrimenti mi informo altrove :-)		]]></document>
	<document><![CDATA[@username Concordo,ma mica lo critico,anzi!Però è ora di andare oltre i "bravi" giornalisti e i sorrisi da festival che rimangono tali.		]]></document>
	<document><![CDATA[@username Lo proponevo a te perché apprezzo ijf.Proverò con altri,io non li organizzo,per scelta il giornalismo non è più il mio mestiere		]]></document>
	<document><![CDATA[@username L'hai presa sul personale?Non ce l'ho con ijf,anzi,non capisco le tue risposte.Su chi li può organizzare ti ho risposto		]]></document>
	<document><![CDATA[@username Non ne dubito! In bocca al lupo per questa edizione ;-)		]]></document>
	<document><![CDATA[@username infatti van combattuti,se chiedi spazio non lo otterrai mai. Se dai spallate,e non sei da solo a darle,lo trovi		]]></document>
	<document><![CDATA[@username io però ti vorrei a dirigere un grande giornale,non dimissionario da un giornale piccolo ma di alta qualità! @username		]]></document>
	<document><![CDATA[Stati generali del giornalismo: fuori tutti i grandi direttori http://t.co/XoXTSQPqrC		]]></document>
	<document><![CDATA[@username sottoscrivo! @username		]]></document>
	<document><![CDATA[Geniale! “@username: « Come ha fatto a vincere senza la tv ? » http://t.co/EI6P8DtrpJ”		]]></document>
	<document><![CDATA[@username quali link che non funzionano?		]]></document>
	<document><![CDATA[@username alcuni non funzionano,alcuni sì, grazie della segnalazione,la giro alla redazione!		]]></document>
	<document><![CDATA[@username come mai ti preoccupano cosi tanto i link?		]]></document>
</author>