<?xml version="1.0" encoding="UTF-8" standalone="no"?><author id="user784">
	<document><![CDATA[@username  vedi quante idee di business che vi diamo ? È che non vi applicate ... @username		]]></document>
	<document><![CDATA[#warminurbino "OGNI origine geografica non identificata" ... Quando si dice di ogni ...		]]></document>
	<document><![CDATA[Coloranalysis del #popoloviola a #warminurbino ... Se non è innovazione metodologica questa. :-/		]]></document>
	<document><![CDATA[@username si diverte?!		]]></document>
	<document><![CDATA[@username forse dipende anche dal livello di investimento comunicativo in un determinato ambiente.		]]></document>
	<document><![CDATA[#warminurbino e comunque è chiaro che in questa sala ci sono brutte persone disoneste		]]></document>
	<document><![CDATA[@username vuole portare gente via dall'accademia per farla lavorare nelle startuppe... Glielo impediremo!!		]]></document>
	<document><![CDATA[@username a noi mancano quasi tutti e tre gli elementi... :-) http://t.co/RV5kBZUM		]]></document>
	<document><![CDATA[#warminurbino dovremmo replicare questa presentazione al ministro profumo così la smettiamo di parlare male dei corsi in sdc...		]]></document>
	<document><![CDATA[@username pensavo al prin ...		]]></document>
	<document><![CDATA[I'm at Caffè del Sole (Urbino, Italy) http://t.co/Pc7LmxxO		]]></document>
	<document><![CDATA[@username :-) sei arrivata ?		]]></document>
	<document><![CDATA[@username Con Leopold non credo quindi direi con Giulia... #comebacktothefanside		]]></document>
	<document><![CDATA[E quindi abbiamo deciso che NON sarà così ... http://t.co/67bbnOli		]]></document>
	<document><![CDATA[I'm at Villa Monterosso (Sassoferrato) http://t.co/mrBwwUrp		]]></document>
	<document><![CDATA[Gente che guada fiumi sulfurei...  http://t.co/0H3kchG1		]]></document>
	<document><![CDATA[Senti l'acqua sulfurea..  @username Grotte di Frasassi http://t.co/nafkhdPq		]]></document>
	<document><![CDATA[Nuove prospettive sulla casa grazie al contadino che ha pulito il campo #aspettandomonterosso  http://t.co/2Tsioe7g		]]></document>
	<document><![CDATA[Pranzo con vista... #aspettandomonterosso  http://t.co/NqpPO6wn		]]></document>
	<document><![CDATA[@username vedrai le soddisfazioni !		]]></document>
	<document><![CDATA[@username o chiedendoti di condividere la posizione ;-)		]]></document>
	<document><![CDATA[A monterosso abbiamo solo animali pulitissimi, qui vediamo una mantide locale che si pulisce le zampe poster http://t.co/m0dPnIGS		]]></document>
	<document><![CDATA[Radiohead... Biglietto comprato quando doveva essere in piazza Maggiore! (@username Arena Parco Nord for Radiohead) http://t.co/lZNuFxnQ		]]></document>
	<document><![CDATA[Non sarà vicinissimo... Ma cominciamo ad avere una certa età. #radiohead  @username Arena Parco Nord http://t.co/om3ZIfDK		]]></document>
	<document><![CDATA[Il cielo sopra al parco nord ... #radiohead  http://t.co/iURikLmy		]]></document>
	<document><![CDATA[I'm at Università degli Studi di Urbino "Carlo Bo" (Pesaro, PU) http://t.co/LDn3Kq94		]]></document>
	<document><![CDATA[#radiohead Bologna 2012. Loro c'erano.   @username Arena Parco Nord http://t.co/ISyt0xLd		]]></document>
	<document><![CDATA[@username dici? Ma posso importare la mia carriera su FIFA 12? Ma poi ti straccio...		]]></document>
	<document><![CDATA[@username ah si? Io non la vedo... :-( @username		]]></document>
	<document><![CDATA[@username non che sia una brutta cosa .. :-)		]]></document>
	<document><![CDATA[@username :-D preparo la valigia?		]]></document>
	<document><![CDATA[@username Ciao Luigi! Come stai! In bocca al lupo per il dottorato!		]]></document>
	<document><![CDATA[@username e invece mi sa che andiamo a fare due passi ... @username		]]></document>
	<document><![CDATA[Certo che #blogfest  è proprio un nome vintage.		]]></document>
	<document><![CDATA[Magari adesso che @username  ha vinto il #MIA2012 il ministero gli aumenta i fondi.		]]></document>
	<document><![CDATA[Son seriamente tentato di iniziare a seguire Flavia Vento ...		]]></document>
	<document><![CDATA[Peccato non avere le castagne... #fog #aspettandomonterosso  http://t.co/ZZZ5YSZb		]]></document>
	<document><![CDATA[Al tecnico d'Ateneo: " non mi arriva l'sms di conferma per poter chiudere la procedura x" tecnico: "non è che è finito nello spam?"		]]></document>
	<document><![CDATA[I'm at Bar Arcobaleno http://t.co/2vxIZM2T		]]></document>
	<document><![CDATA[Sono arrivate le mucche a #monterosso #nofilter #igersmarche  http://t.co/lSKsPXoU		]]></document>
	<document><![CDATA[Meno male... Oggi è arrivata una delle mie letture preferite. http://t.co/mDxIfGhk		]]></document>
	<document><![CDATA[Ammazzasette?  http://t.co/bHIGJqoR		]]></document>
	<document><![CDATA[Donne con il martello #aspettandomonterosso   @username Monterosso http://t.co/JmQQ5f3v		]]></document>
	<document><![CDATA[I'm at Raffaello (Urbino, Italia) http://t.co/cvslfyhq		]]></document>
	<document><![CDATA[@username ancora sveglia ?!		]]></document>
	<document><![CDATA[I'm at Stazione Fabriano (Fabriano, AN) http://t.co/bFFe3f6R		]]></document>
	<document><![CDATA[I'm at Eremo Di Fonte Avellana http://t.co/kwuXuvv5		]]></document>
	<document><![CDATA[Oggi siam tornati sulla roccia. #scarpettegialle #voltidipietra #climbing   @username Castelletta http://t.co/sKLmJ3V6		]]></document>
	<document><![CDATA[Imbraghi #climbing #voltidipietra   @username Castelletta http://t.co/mW4SpMNX		]]></document>
	<document><![CDATA[@username ma no!! C'è potenzialità !		]]></document>
	<document><![CDATA[L'ultimo numero di TechEconomy ... @username ci spiega i #BigData http://t.co/Pc7KNkwm ( che razza di mondo :-) )		]]></document>
	<document><![CDATA[@username Morozov o la sua versione marxista italiana: Formenti non sono male. Se non hai frequentato la parte critica.		]]></document>
	<document><![CDATA[@username  l'hai visto questo? “@username: Challenge AROUNDpu! http://t.co/nHb266LF”		]]></document>
	<document><![CDATA[@username si :-)		]]></document>
	<document><![CDATA[@username ;-) buongiorno !		]]></document>
	<document><![CDATA[@username l'uomo di neve. O un'altra cosa di nesbo... Facile e gustoso.		]]></document>
	<document><![CDATA[I'm at Hosteria La Rocca http://t.co/pueamgxA		]]></document>
	<document><![CDATA[@username qui ti confermo che funziona.		]]></document>
	<document><![CDATA[Che abbia trovato il modo di non tagliare l'era ?! http://t.co/RUHhGYjZ		]]></document>
	<document><![CDATA[I'm at Ca' Montanaro [pic]: http://t.co/W142Qrns		]]></document>
	<document><![CDATA[Esperimenti arrampicatori: prima uscita a Castelletta http://t.co/K9eNokzX		]]></document>
	<document><![CDATA[@username non credo. A meno di lavori importanti di tipo edilizio.		]]></document>
	<document><![CDATA[Ottobre in #trentino #valdifiemme http://t.co/9NpmA7l5		]]></document>
	<document><![CDATA[È che i colori e la trasparenza non vengono bene in foto...  @username Lago Di Carezza http://t.co/5ySd2F6x		]]></document>
	<document><![CDATA[I'm at Volti di Pietra B&B (Sassoferrato, Italia) [pic]: http://t.co/AQAIrRYj		]]></document>
	<document><![CDATA[@username ci piace! Anche se adesso che è iniziato xfactor... ;-)		]]></document>
	<document><![CDATA[@username hai presente la storia del matto e dei matti che lo seguono... ?		]]></document>
	<document><![CDATA[@username a ma quindi vieni!? :-D BENE!  @username mica me l'ha detto!!!		]]></document>
	<document><![CDATA[@username c'è qualche problema in zona Marche (sassoferrato, AN)? È da questa mattina che il segnale 3G è sparito...		]]></document>
	<document><![CDATA[@username sembra che tutto sia tornato a posto. Grazie!		]]></document>
	<document><![CDATA[@username l'hai rotto!?!		]]></document>
	<document><![CDATA[Leggendo la nottata su Twitter mi sembra che la cosa sia stata meno tirata del previsto, giusto? #USA2012		]]></document>
	<document><![CDATA[Non c'è niente da fare... L'immagine del presidente ferroviere vincerà sempre.  http://t.co/EP3rGyXQ		]]></document>
	<document><![CDATA[@username non sarebbe male dire qualcosa di concreto (cifre) su università e ricerca... Tanto per iniziare. #primariepd #Bersani		]]></document>
	<document><![CDATA[Castagne e camino #voltidipietra #winter  @username Volti di Pietra B&B http://t.co/fXOLIXkQ		]]></document>
	<document><![CDATA[Al #careerdayuniurb per l'incontro sul #PersonalBranding con @username		]]></document>
	<document><![CDATA[#careerdayuniurb ottimo video di apertura di @username		]]></document>
	<document><![CDATA[#careerdayuniurb nessuno costruisce una rete professionale quando è già all'università . (Forse l' @username potrebbe fare qualcosa ).		]]></document>
	<document><![CDATA[#careerdayuniurb sarà ... Ma questa cosa che tutti devono pubblicare la loro tesi di laurea mi pare un incubo editoriale.		]]></document>
	<document><![CDATA[#careerdayuniurb l'epistemologia del personal branding non se po' sentì ...		]]></document>
	<document><![CDATA[#careerdayuniurb inizia a parlare il cm di LinkedIn e vicino a me qualcuno dice "si ma mi spieghi come si usa LinkedIn...?" #therealproblem		]]></document>
	<document><![CDATA[#careerdayuniurb il mappamondo di LinkedIn è decisamente una figata (tra l'altro hanno un super gruppo di ricerca su SNS e SNA).		]]></document>
	<document><![CDATA[#careerdayuniurb appuntamento pomeridiano con il workshop sulle professioni digitali con @username @username		]]></document>
	<document><![CDATA[#careerdayuniurb la Pieve di cui parla @username è quella di San Pietro a Romena, a Pratovecchio (http://t.co/jhFySzuJ )		]]></document>
	<document><![CDATA[#careerdayuniurb Lorenzo Brufani  "dire Videogame oggi è dire una cosa molto seria" ... @username è un pezzo che lo dico! Serve un cdl		]]></document>
	<document><![CDATA[@username bello il riferimento! Me lo segno ;-)		]]></document>
	<document><![CDATA[@username comunque quello che si è sentito è stato molo interessante. #careerdayuniurb		]]></document>
	<document><![CDATA[@username no no poi hai reso evidente che dobbiamo far partire un corso in Sna al l'uniurb ;-) #careerdayuniurb		]]></document>
	<document><![CDATA[#careerdayuniurb comunque il video proiettore dell'aula magna ha qualche problema... Immagino che lo sfondo sia giallo http://t.co/cRbQE6uS		]]></document>
	<document><![CDATA[#careerdayuniurb Laura zacchilli, studentessa capolavoro per la facoltà di scienze motorie http://t.co/hB3MpHUi		]]></document>
	<document><![CDATA[La quantità di "what makes you kebab" quests mattina è imbarazzante... Qualcuno dovrà pagare per questo.		]]></document>
	<document><![CDATA[Ma quindi si USA #csxfactor e non #confrontoskyTg24 ?		]]></document>
	<document><![CDATA[Ma Renzi è uno spettacolo di incredibilità ... #csxfactor		]]></document>
	<document><![CDATA[#csxfactor ma vendola è alto la metà di renzi ?		]]></document>
	<document><![CDATA[#csxfactor ohh e la metafora del treno!		]]></document>
	<document><![CDATA[#csxfactor vedi cosa succede a essere la donna invisibile #Puppato		]]></document>
	<document><![CDATA[#csxfactor #vendola coglie al volo il lancio della puppato sul territorio dissestato		]]></document>
	<document><![CDATA[#csxfactor vendola che dice mi consenta... #cosedamatti		]]></document>
	<document><![CDATA[#csxfactor ma i bamboccioni non erano di Padoa Schioppa ?		]]></document>
	<document><![CDATA[#csxfactor colpo basso di Renzi alla puppato...		]]></document>
</author>