<?xml version="1.0" encoding="UTF-8" standalone="no"?><author id="user662">
	<document><![CDATA[@username che bella! :-D Buongiorno Carlì :-)		]]></document>
	<document><![CDATA[La risata è una cosa seria nel lab di @username: è scienza > Beyond a joke: how to study laughter http://t.co/whhwQlXSrv		]]></document>
	<document><![CDATA[@username Buongiorno Tizzi :-) @username		]]></document>
	<document><![CDATA[Don Giovanni - Finale - Nicolai Ghiaurov, Walter Berry, Franz Crass  http://t.co/MaonaJZTq8 Pentiti, cangia vita! È l’ultimo momento!		]]></document>
	<document><![CDATA[@username Eh un inizio appropriato :-D Grazie Carlì, Buongiorno :-*		]]></document>
	<document><![CDATA[I numeri della #ricerca in Italia da cui parte l'inchiesta di pagina99we - Pagina99.it http://t.co/JtfFwrZEaq alta qualità, pericolosi tagli		]]></document>
	<document><![CDATA[Quando inizia il viaggio nel tempo di un bambino? La memoria episodica rappresenta il viaggio mentale nel tempo... http://t.co/dJjp7XVsBF		]]></document>
	<document><![CDATA[A banali domande, banali risposte o solo un refrain >"@username: “I sassi dal cavalcavia? Un gioco contro la noia” http://t.co/VEzlVqT3lb"		]]></document>
	<document><![CDATA[Sì, nel servizio sulla Concordia, giornalista del TGR Toscana ieri ha detto "tra il dire e il fare c'è di mezzo il mar tirreno" #comeparla		]]></document>
	<document><![CDATA[@username eh mancava! ...ma il nostro giornalista ha curato solo il testo, non la musica ;-) Buongiorno Paolo		]]></document>
	<document><![CDATA[Lorin Maazel - Teatro La Fenice - Beethoven, Sinfonia n. 9 http://t.co/CQ7FuZvtSi		]]></document>
	<document><![CDATA[Per contrastare accattoni e malintenzionati sbarre e i militi ai binari dell'alta velocità. La segregazione inizia in stazione #pendolarezen		]]></document>
	<document><![CDATA[L'immunità non fa male lo sai. Nessuno mi può giudicare nemmeno tu.		]]></document>
	<document><![CDATA[ISTAT - L'incidenza di povertà assoluta è aumentata dal 6,8% al 7,9% (per effetto dell'aumento nel Mezzogiorno, dal 9,8 al 12,6%)		]]></document>
	<document><![CDATA[@username e si canta Paolo :-D Buongiorno :-)		]]></document>
	<document><![CDATA[Incidenza povertà assoluta cresce tra famiglie con persona di riferimento con titolo di studio medio-basso,operaia o in cerca di occupazione		]]></document>
	<document><![CDATA[ehi dopo una settimana è news! > "Il cervello artificiale è uno spreco". Scienziati in rivolta contro il progetto Ue http://t.co/1gqTcZMiiO		]]></document>
	<document><![CDATA[@username esatto! ...è un coro		]]></document>
	<document><![CDATA[@username @username di più Paolo, di più di più ;-) Buongiorno :-D		]]></document>
	<document><![CDATA[@username Buongiorno cantando Carlì ;-)		]]></document>
	<document><![CDATA[@username confermo! ;-) Buongiorno :-) @username @username		]]></document>
	<document><![CDATA[Oso ma non troppo :-D "@username: Icastica, via il labirinto di canapa. Fanfani ordina la rimozione dell’opera http://t.co/yXHTH4hvcw"		]]></document>
	<document><![CDATA[Un viaggiatore nel tempo sa spostarsi avvinto per Firenze tra bus a corse minime e tramvie futuribili #pendolarezen		]]></document>
	<document><![CDATA[Sbarrato e vigilato il sottopasso, per la coincidenza non resta che volare #pendolarezen		]]></document>
	<document><![CDATA[:-D e oggi un bel ritratto :-D Notare i dettagli ;-) http://t.co/w3D3TgYUfG		]]></document>
	<document><![CDATA["La cultura scientifica in Italia manca drammaticamente". Intervista a Carlo Rovelli http://t.co/ocvygoS5HA		]]></document>
	<document><![CDATA["...un Parlamento in cui sono state prese decisioni di carattere scientifico che fanno inorridire."		]]></document>
	<document><![CDATA["Non abbiate paura. Non state ad aspettare che vi dicano cosa fare". Carlo Rovelli		]]></document>
	<document><![CDATA[@username :-D Buongiorno Carlì		]]></document>
	<document><![CDATA[Titolo così è da emulare! Come non dare news >"@username: “Era in ginocchio su di lei e la colpiva con il coltello” http://t.co/4fbksOP1Vl"		]]></document>
	<document><![CDATA[@username ah ecco ...loro pensavano prima... uff Buongiorno Susanna :-)		]]></document>
	<document><![CDATA[@username e mettiamoci pure la totale mancanza di formazione, studio e conoscenze ...a parte quelle personali ;-)		]]></document>
	<document><![CDATA[Ancora su critiche Human Brain Project > podcast di Radio3Scienza, Silvia Bencivelli intervista Treves e Rizzolatti http://t.co/DVFOrnkxUd		]]></document>
	<document><![CDATA[La lettera di protesta ora è divisa in 447 firmatari e 233 sostenitori > neurofuture.eu		]]></document>
	<document><![CDATA[Precedente e dura disputa a suon di accuse personali, scatenata da ripartizione denaro pubblico e da vero scopo del Progetto: la simulazione		]]></document>
	<document><![CDATA[Per attrarre 1miliardo € sono state aggiunte ricadute illusorie su cura di malattie del cervello, abitudine di molti progetti sperimentali..		]]></document>
	<document><![CDATA[@username gli orari delle corse in questo periodo estivo hanno solo un valore indicativo? Ritardi continui e lunghi		]]></document>
	<document><![CDATA[Quando chi sta in alto parla di pace La gente comune sa Che ci sarà la guerra. Quando chi sta in alto (cont) http://t.co/2bHSZNpAXI		]]></document>
	<document><![CDATA[Pensare in grande di Massimo Bucchi http://t.co/aIu99jAPmE		]]></document>
	<document><![CDATA[Arriva in edizione italiana! > I segreti della mente umana? Ce li svela #Neurocomic http://t.co/x3vbcO0MQa via @username		]]></document>
	<document><![CDATA[Che colpo Hamilton! Poi saluta		]]></document>
	<document><![CDATA[Ha detto tutto su tutti con parole inequivocabili “Ferrari ha hecho un coche de mierda” http://t.co/AHOHKwadxz la foto è oscena cc @username		]]></document>
	<document><![CDATA[c'è uno di troppo lì davanti ad Alonso... e non è Hamilton		]]></document>
	<document><![CDATA[c'è da spostare una macchina ad Hockenheim, sì sul circuito, verso il traguardo		]]></document>
	<document><![CDATA[@username caro genzon... che sofferenza		]]></document>
	<document><![CDATA[sti blu ti escono da tutte le parti grrrrr		]]></document>
	<document><![CDATA[spettacolare la foto della giravolta di Massa al 1° giro di Hockenheim... congratulazioni al fotografo... senza nome		]]></document>
	<document><![CDATA[Prima restavamo ubriachi di fulgore e ricchezza. Poi ci siamo mossi verso la luce in fondo al tunnel. Ora ci hanno sospinto nell'abbaglio.		]]></document>
	<document><![CDATA[L'illusione è la gramigna più tenace della coscienza collettiva; la storia insegna, ma non ha scolari. Antonio Gramsci		]]></document>
	<document><![CDATA[@username Buongiorno Carlì :-)		]]></document>
	<document><![CDATA[Lavarsi un po' #pendolarezen		]]></document>
	<document><![CDATA[Da non perdere! "@username: Ecco un estratto live (e si vede ... :-)) della serata con Etty. http://t.co/Xg5iSefE64"		]]></document>
	<document><![CDATA[Vergogna continua > Stamina, è sempre più caos Oggi nuove infusioni a Brescia http://t.co/7svimRZm1l via @username		]]></document>
	<document><![CDATA[#Stamina, il sindacato dei medici si appella a Napolitano http://t.co/WUBTWH85oV via @username		]]></document>
	<document><![CDATA["affinché si rompa il muro di silenzio sullo strisciante, ma costante, conflitto tra autorità scientifiche, categoria medica e magistratura"		]]></document>
	<document><![CDATA[“Il metodo Stamina è la cartina di tornasole dell’impasse e del degrado in cui versa il nostro Paese e l’ineluttabile declino ...		]]></document>
	<document><![CDATA[..delle nostre Istituzioni, incapaci di risolvere con la ragione una vicenda che attraversa drammi familiari e sofferenze inenarrabili."		]]></document>
	<document><![CDATA[@username ci si prova... Buongiorno Carlì :-)		]]></document>
	<document><![CDATA[Adoro quando il bus sfreccia tra code e semafori e in dieci minuti arriva al treno quando ne occorreva il doppio per quei 4 km #pendolarezen		]]></document>
	<document><![CDATA[Zingaretti cambia senza countdown > Lazio, studi medici aperti anche nei weekend e festivi, patto Regione-sindacati http://t.co/LoOFA85R6s		]]></document>
	<document><![CDATA["Avete un diario nel cassetto?" > Premio Pieve, un secolo di Italia nei diari dei finalisti http://t.co/D3RINJtSIZ via @username		]]></document>
	<document><![CDATA[@username ahahah mago Paolo Buongiorno! :-D ho anche la torre di londra... ,-)		]]></document>
	<document><![CDATA[Ahah No conferme da Polla, dove hanno invitato me :-D :-D > @username Messi, estate amalfitana e ...a Polla http://t.co/1qTWaJCuQu :-D		]]></document>
	<document><![CDATA[@username uh e non mi è venuto in mente nemmeno per un attimo che tu possa avere splendidi lobi frontali ;-) :-D		]]></document>
	<document><![CDATA[@username ahahah Adri  Buongiorno... che tenero il nostro Paolo di Granturchese ;-) :-D @username		]]></document>
	<document><![CDATA[@username no no si parte con ipotesi positive ;-)		]]></document>
	<document><![CDATA[Valeria Parrella legge Tempo di imparare http://t.co/BuAtd0Bzpb		]]></document>
	<document><![CDATA[@username Buongiorno a te Susanna :-)		]]></document>
	<document><![CDATA[Quante bufale e quante notizie oggi?		]]></document>
	<document><![CDATA[@username Buongiorno Carlì :-) ...una colonna sonora attuale ;-)		]]></document>
	<document><![CDATA[@username indovina te mo'... ;-) Buongiorno Paolo :-)		]]></document>
	<document><![CDATA[@username eheh in effetti tra bufale e fuffa molto meglio topolino ;-)		]]></document>
	<document><![CDATA[@username Buongiorno Adri :-) ...si annidano quelle infingarde ;-) :-D (ieri giornata ricca)		]]></document>
	<document><![CDATA[Stipendi: +1,2%, il più basso incremento annuo dal 1982 #ISTAT Tranquilli: le retribuzioni dei diversamente dipendenti sono a +0 da 10 anni		]]></document>
	<document><![CDATA[@username e Buongiorno anche a te Susanna ;-) :-D ...mi butto nella musica va' ;-)		]]></document>
	<document><![CDATA[Diversità linguistica: rumeno 21.9% (800mila persone tra stranieri >6 anni), arabo 13,1% (475m), albanese (380m) e spagnolo (255m) #ISTAT		]]></document>
	<document><![CDATA[Non uno psicologo, non uno > Ecco il nuovo Consiglio superiore di sanità: molte donne http://t.co/1HqVxaYfR3 cc @username		]]></document>
	<document><![CDATA[@username si Adri % tra stranieri con età >6 anni ...Buongiorno :-)		]]></document>
	<document><![CDATA[@username :-D beh sei brava: senza caffé io riesco solo ad accendere il pc puntando il dito indice		]]></document>
	<document><![CDATA[@username vero eh ...per un tweet devo aver bevuto la caffettiera da 3 tazze e mangiato i 7 biscotti ;-) :-D (tutto vero ohibò)		]]></document>
	<document><![CDATA[Consiglio Superiore di Sanità (che ora è down) ha compiti consultivi e propositivi su sanità pubblica > Salute mentale sarebbe inclusa		]]></document>
	<document><![CDATA[@username ahahahahahahahah ...vale sicuramente il contrario... allo spegnimento... :-D :-*		]]></document>
	<document><![CDATA[@username sono delinquenti, non c'entra nazionalità. Quei dati riguardano diversità lingue. Per criminalità ci sono altri dati ISTAT.		]]></document>
	<document><![CDATA[L'origine dell'Alzheimer svelata da una ricerca italiana http://t.co/eR1YMOHY55 è l'anno Cattaneo non c'è che dire ;-) cc @username		]]></document>
	<document><![CDATA[@username più di una speranza, una certezza! ;-) se c'è #Cattaneo c'è #scienza :-)		]]></document>
	<document><![CDATA[@username eh non è ancora l'anno Ligabue... vediamo il prossimo ;-)  @username		]]></document>
	<document><![CDATA[E questi che comici sono? International Ghost Uncover cerca il fantasma di Galilei a Pisa http://t.co/7aiL2kcp7E		]]></document>
	<document><![CDATA[In un ristorante aretino pizza con scaglie d'oro commestibile, tartufo, burrata e zafferano a 48€ Non per tutti i palati #1% #margheritamia		]]></document>
	<document><![CDATA[Su Repubblica intervista a @username "dobbiamo trovare un modo per arrivare al traguardo" #F1 http://t.co/e7dgFkKK5G		]]></document>
	<document><![CDATA[Hamilton a fuoco in Q1!		]]></document>
	<document><![CDATA[La macchina di Hamilton in fiamme. Che sfortunato!		]]></document>
	<document><![CDATA[@username eh meglio se capitava al biondino... ;-)		]]></document>
	<document><![CDATA[@username eh sì, vale per tutti, tutti i GP :-) ...		]]></document>
	<document><![CDATA[Ué @username che si fa contro la sfortuna di Hamilton?		]]></document>
	<document><![CDATA[@username in fiamme la sua Merc: è fuori da Q1		]]></document>
	<document><![CDATA[È Bianchi ha appena scacciato Raikkonen dalla Q2		]]></document>
	<document><![CDATA[@username sfacciatamente fortunato si		]]></document>
	<document><![CDATA[@username ahahahah voglio vedere com'è!!! :-D		]]></document>
	<document><![CDATA[@username e gli orecchini? ;-)		]]></document>
	<document><![CDATA[Fermate le qualifiche ora!!! #F1		]]></document>
</author>