<?xml version="1.0" encoding="UTF-8" standalone="no"?><author id="user477">
	<document><![CDATA[I'm at Bagni Il Cantinone Mare http://4sq.com/nqFrH6		]]></document>
	<document><![CDATA[Ridatemi il sole!!!!  @username Bagni Il Cantinone Mare http://instagr.am/p/Jl4zD/		]]></document>
	<document><![CDATA[I'm at Finale Ligure http://4sq.com/rj2ddB		]]></document>
	<document><![CDATA[Last day...ma almeno con il sole (@username Bagni Il Cantinone Mare) http://4sq.com/qZsOz5		]]></document>
	<document><![CDATA[@username ma non è per bambini!:)		]]></document>
	<document><![CDATA[Farinata di grano e ceci... (@username Farinata) http://4sq.com/rusNeZ		]]></document>
	<document><![CDATA[In attesa di #farinata, scorci di porto 
#Savona  http://t.co/M95J2PP		]]></document>
	<document><![CDATA[#ferragosto Milano silenziosa e attraente più del solito		]]></document>
	<document><![CDATA[#ferragosto a Milano orchestra nel parco e liscio http://t.co/abOWDvP		]]></document>
	<document><![CDATA[Elefante mamma con piccolo di due giorni! Ho scoperto che gli elefanti ci mettono 24 mesi a partorir  @username Minneriya http://t.co/p0HzJOI		]]></document>
	<document><![CDATA[E dopo aver camminato tra le nuvole, finalmente mare mare e ancora mare...e riconnessa. (@username Unawatuna) [pic]: http://t.co/XzFWQni		]]></document>
	<document><![CDATA[@username #fridayread Io e Te: finito in un attimo, ma l'ho trovato anonimo		]]></document>
	<document><![CDATA[Perché quando eravamo bambini si poteva stare in macchina mentre si passava sotto gli spazzoloni e ora è severame http://t.co/MLwjlgD		]]></document>
	<document><![CDATA[“@username: #mba2011WebAgency contento che #ketchum sia tra le agenzie candidate #blogfest2011” un gran riconoscimento! Grazie!!		]]></document>
	<document><![CDATA[@username non solo io ma tutto il team digital di KETCHUM (Giovanni e Claudio e ex-Michele), quest'anno li conoscerai :p		]]></document>
	<document><![CDATA[Ho appena utilizzato #Shazam per scoprire You Make Me Feel Brand New di Simply Red. http://t.co/Dxj3AZH		]]></document>
	<document><![CDATA[I'm at Bagni Il Cantinone Mare http://t.co/cV0K1Jf		]]></document>
	<document><![CDATA[Ho appena utilizzato #Shazam per scoprire God & Satan di Biffy Clyro. http://t.co/TCLRHAK		]]></document>
	<document><![CDATA[@username e ci siamo messi anche noi eh!:)		]]></document>
	<document><![CDATA[E il redattore si arrese a twitter - http://t.co/xWPpqOj9		]]></document>
	<document><![CDATA[Ho appena utilizzato #Shazam per scoprire The Adventures Of Rain Dance Maggie di Red Hot Chili Peppers. http://t.co/8kikcEQq		]]></document>
	<document><![CDATA[I'm at Piazza Mameli (Piazza Mameli, Savona) http://t.co/xAThie0M		]]></document>
	<document><![CDATA[Domenica mattina in pasticceria:"ne ha pasticcini senza grassi?". Adoro le #diete		]]></document>
	<document><![CDATA[Ho appena utilizzato #Shazam per scoprire Someone Like You di Adele. http://t.co/pasgt98a		]]></document>
	<document><![CDATA[Ho appena utilizzato #Shazam per scoprire The Adventures Of Rain Dance Maggie di Red Hot Chili Peppers. http://t.co/8kikcEQq		]]></document>
	<document><![CDATA[Serata #pesto con basilico di Pra e frittelle alle castagne. Posso ritenermi soddisfatta della mia #cucina		]]></document>
	<document><![CDATA[Il video della GGD Celebration #10 http://t.co/nkqxR9US via @username @username @username		]]></document>
	<document><![CDATA[I'm at Spazio Techa (Milano) http://t.co/VGL6zhsA		]]></document>
	<document><![CDATA[Totalmente innamorata di Modern Warfare 3, ormai!
Intervista esclusiva a Glen Schofield [VIDEO] | Bonsai TV http://t.co/awusCfyL		]]></document>
	<document><![CDATA[Non esiste la tisana dell'allegria?		]]></document>
	<document><![CDATA[#momcamp e si comincia...		]]></document>
	<document><![CDATA[#momcamp mamme, all'entrata della sala Skylanders, tra gioco e videogames... #sapevatelo		]]></document>
	<document><![CDATA[#momcamp nfi dott.ssa marangoni le sei regole della buona merenda		]]></document>
	<document><![CDATA[#momcamp, all'entrata della sala conferenza, si gioca a Skylanders e si seguono gli interventi		]]></document>
	<document><![CDATA[#momcamp i consigli da mamma a mamma sul wall di #Avent...riempitelo!		]]></document>
	<document><![CDATA[Skylanders, dopo il momcamp sarà anche alla #Blogfest...		]]></document>
	<document><![CDATA[#momcamp il mio preferito è Stump Smash #Skylanders		]]></document>
	<document><![CDATA[Accompagno il (@username Barbiere Parruchiere Gino) http://t.co/2ZDbJsxo		]]></document>
	<document><![CDATA[@username che hai barattato???:)		]]></document>
	<document><![CDATA[@username non si può resistere a sto gioco!		]]></document>
	<document><![CDATA[@username eh si, le foto bellissime e le stampavano pure ;), ehm ehm...		]]></document>
	<document><![CDATA[E stasera si provano i funghi...		]]></document>
	<document><![CDATA[Colazione al juice bar (@username Stazione Milano Centrale w/ 6 others) http://t.co/jlRLKUJV		]]></document>
	<document><![CDATA[@username pessima abitudine!!		]]></document>
	<document><![CDATA[“@username: Nuovo post: : Fotoracconta con Kodak la BlogFest 2011 http://t.co/T7TJqiv4 #blogfest”		]]></document>
	<document><![CDATA[“@username: Domani al dream factory in corso Garibaldi 117 la nuova #kodak multifunzione Hero 5.1: #Google cloud print. Dalle 11 alle 20!”		]]></document>
	<document><![CDATA[@username no, il non andare al mare!!		]]></document>
	<document><![CDATA[Fotoracconta con Kodak la BlogFest 2011 « BlogFest http://t.co/mPFD51Eg		]]></document>
	<document><![CDATA[#blogfest corner Goldeneye pronto per essere GIOCATO  http://t.co/pFxHPrmu		]]></document>
	<document><![CDATA[#blogfest da SKYLANDERS si gioca, al Tiffany		]]></document>
	<document><![CDATA[@username istriana (@username Grand Hotel Riva del Garda w/ @usernamegonzogiovanni) http://t.co/09nb58TZ		]]></document>
	<document><![CDATA[@username in realtà sono a Riva del Garda alla blogfest		]]></document>
	<document><![CDATA[Marco Patuani:"Amo internet ma rete è per sempre" #blogfest		]]></document>
	<document><![CDATA[#KETCHUM #blogfest secondi!!!!! Siamo contenti!		]]></document>
	<document><![CDATA[@username complimenti!!!:)		]]></document>
	<document><![CDATA[@username grazie!! Siamo molto contenti e lanciati al prossimo anno a questo punto!:)		]]></document>
	<document><![CDATA[Premiazione #mba11 KETCHUM seconda!:) (@username La Rocca di Riva del Garda w/ @usernamespora @usernameclaudiorascio) [pic]: http://t.co/Ay3aRAwH		]]></document>
	<document><![CDATA[@username bravi e complimenti!:)		]]></document>
	<document><![CDATA[@username complimentissimi!!! @username ci ho creduto e ci credo!		]]></document>
	<document><![CDATA[I'm at Hotel Venezia (Via Franz Kafka, Riva del Garda) http://t.co/BCC2ZppP		]]></document>
	<document><![CDATA[@username nooooo! Mi spiace...qui si continua invece ;)		]]></document>
	<document><![CDATA[@username #blogfest un'idea da brevettare!		]]></document>
	<document><![CDATA[#blogfest rieccoci a Milano, sigh. Una bellissima tregiorni! Ciao a chi non ho salutato di persona.		]]></document>
	<document><![CDATA[@username @username @username @username una indimenticabile #blogfest per il team #KETCHUM grazie a voi! @username		]]></document>
	<document><![CDATA[@username ah,scusa!!Ammetto la dimenticanza,chiedo venia.Ma gran serata!@username @username @username @username @username		]]></document>
	<document><![CDATA[@username nooooo, dovevo ancora provarle!		]]></document>
	<document><![CDATA[@username yes...in versione #kodakblogfest :). Piacere mio! Le regalo, a questo punto, a qualcuno che mi sta sulle balle!		]]></document>
	<document><![CDATA[I'm at Calù Bistrot Gastronomia w/ @username http://t.co/xnT3WFdB		]]></document>
	<document><![CDATA[I'm at Ketchum Office (Via fatebenefratelli 19, Milano) http://t.co/34b82Ro5		]]></document>
	<document><![CDATA[@username nolo che mi sono persa?		]]></document>
	<document><![CDATA[@username finito ora ora :( vado a casa! Mettiti d'accordo con claude per la cena! Pardon per stasera		]]></document>
	<document><![CDATA[Riva del garda http://t.co/sMPiJxrE		]]></document>
	<document><![CDATA[I'm at Ketchum Office (Via fatebenefratelli 19, Milano) http://t.co/srzn7oeX		]]></document>
	<document><![CDATA[#Lilt con Philips ed Estée Lauder inaugura il mese della #prevenzione al seno e illumina #Palazzo Marino http://t.co/ZWIZ3irj		]]></document>
	<document><![CDATA[Cena a base di funghi http://t.co/ZTD2GW4v		]]></document>
	<document><![CDATA[Cena a base di funghi freschi (@username La Veneta) http://t.co/X4CKSgUi		]]></document>
	<document><![CDATA[Felici di sapere che non ti hanno rubato la macchina ma rimossa! #sapevatelo		]]></document>
	<document><![CDATA[Pago multe:( (@username Ufficio Postale) http://t.co/tdIyWVCI		]]></document>
	<document><![CDATA[I'm at Pentesilea (Via cesare cesariano 1, Milano) http://t.co/SJpN3EqI		]]></document>
	<document><![CDATA[@username una me la sono cercata...:)		]]></document>
	<document><![CDATA[@username non male come programma! Mi sveglieró tardi, ma ci sto!:)		]]></document>
	<document><![CDATA[@username grazie per pranzo e compagnia! Asap per formaggio alla birra		]]></document>
	<document><![CDATA[@username @username @username cosa non fanno cibo buono e golosità :)		]]></document>
	<document><![CDATA[@username @username @username eh, mi è sempre stata avversa, ecco perché non sono mai riuscita a seguire una dieta! Ora studio la detox :)		]]></document>
	<document><![CDATA[Cuscino amico @username  http://t.co/LEQ30ofl		]]></document>
	<document><![CDATA[Prova con casa http://t.co/5L9HbPYT		]]></document>
	<document><![CDATA[Storia dell'arte e tartarughe ninja http://t.co/m5rzkrx8 /via @username		]]></document>
	<document><![CDATA[Ho appena utilizzato #Shazam per scoprire Iridescent di Linkin Park. http://t.co/FNJpXHaI		]]></document>
	<document><![CDATA[I'm at Ciripizza (Via Paolo Sarpi 63, Via Canonica, Milano) http://t.co/Qco4UdaN		]]></document>
	<document><![CDATA[@username #ggdmilano18 a che ora vai? Riesco a venire, fino alle 20,30:))) evviva!		]]></document>
	<document><![CDATA[grazie #ggdmilano18  per la usuale ottima accoglienza!		]]></document>
	<document><![CDATA[I'm at Metro Loreto (M1, M2) (Piazzale Loreto, Milano) w/ 2 others http://t.co/YQSHnmMu		]]></document>
	<document><![CDATA[Lavorare e trovare persone così in sintonia con te diventa pura passione #Felicità		]]></document>
	<document><![CDATA[@username @username domenica ok, forse peró con casa "occupata";) altrimenti lunedì con casa libera. It's up to you! Per me ok entrambe.		]]></document>
	<document><![CDATA[Ho appena utilizzato #Shazam per scoprire California King Bed di Rihanna. http://t.co/OssMTPSm		]]></document>
	<document><![CDATA[Elicottero in equilibrio sulla torre http://t.co/znlvIdwg		]]></document>
	<document><![CDATA[@username @username aggiudicata domani e poi decidiamo dove. Direi casa o da me, se si libera, o da cimny		]]></document>
	<document><![CDATA[I'm at Omelette & baguette (Via Paolo Sarpi, 62, Via canonica, Milano) http://t.co/cZ10oZjJ		]]></document>
	<document><![CDATA[I'm at Museo del Novecento - Arengario (Piazza del Duomo, 12, Milano) http://t.co/la4JJiem		]]></document>
	<document><![CDATA[Just posted a photo  @username Piazza del Duomo http://t.co/ERZRZIKd		]]></document>
</author>