<?xml version="1.0" encoding="UTF-8" standalone="no"?><author id="user995">
	<document><![CDATA[Fenomenologia dello studente universitario: il must è ancora il bauletto chanel e lavorare in tivù. HTML no! #noncivogliocredere #epicfail		]]></document>
	<document><![CDATA[I'm at Universita' Cattolica del Sacro Cuore. P.I.M.E. (Via Pagliano, Milano) http://t.co/g11GBsuK		]]></document>
	<document><![CDATA[@username buon inizio direi		]]></document>
	<document><![CDATA[I'm at Piazza Fontana (Piazza Fontana, Milano) http://t.co/O1G225tK		]]></document>
	<document><![CDATA[@username le avranno affiancato un buon fotografo e un food stylist per grattare via il bruciacchiato dalle torte? #speriamolo		]]></document>
	<document><![CDATA[I'm at Bibendum (via A Ristori 2, via Castel Morrone, Milano) http://t.co/27oeK6Sp		]]></document>
	<document><![CDATA[Nuova carta al femminile, vediamo com'è #WOMEN diretto da @username		]]></document>
	<document><![CDATA[Appuntamento in edicola venerdì il nuovo #IL del #Sole24ore @username http://t.co/9PGWjVVu		]]></document>
	<document><![CDATA[video blog molto interessantissimo http://t.co/EU0a8vA4 #vlog #svg		]]></document>
	<document><![CDATA[Non mi stupisce il crollo di traffico di #GooglePlus ma qualcuno lo usa davvero?		]]></document>
	<document><![CDATA[E' giusto iniziare la giornata con la semantica di #OccupyWallStreet http://t.co/7iaP0TO7 #globalchange		]]></document>
	<document><![CDATA[Qualcuno va a vedere Arianna Huffington? #iabforum		]]></document>
	<document><![CDATA[@username E' fatto molto benissimo #bellascoperta #earlymorningtip		]]></document>
	<document><![CDATA[Scomporre la post produzione di un video  su #tumblr : #Ineednothing dei Parentical Girl #earlymorningtip  http://t.co/ne8ogoVK		]]></document>
	<document><![CDATA[Cucinare in Lavastoviglie è meglio lo dice Lisa Casali @username bel  book design di @username:  http://t.co/0jaogTYx”		]]></document>
	<document><![CDATA[“@username: The documentary ? TASTE THE WASTE: http://t.co/utEiLjzu via @username” l'economia passa dai tuoi avanzi		]]></document>
	<document><![CDATA[I'm at Piazza Fontana (Piazza Fontana, Milano) http://t.co/3ApxykbM		]]></document>
	<document><![CDATA[“@username: Solo 59 ore per scaricare iOS 5. Tranquilli.”		]]></document>
	<document><![CDATA[I'm at Università degli Studi di Milano (via Noto 8, via Giuseppe Ripamonti, Milano) http://t.co/qXsaEHVb		]]></document>
	<document><![CDATA[@username io ci ho rinunciato penso che ci metterò il weekend #iOS5 #iCloud		]]></document>
	<document><![CDATA[quando non funziona più voice memos e devi seguire una conferenza è no good. Anche sentire la parola #aventino mi deprime		]]></document>
	<document><![CDATA[“@username: Se a Berlino vedessero la sfilata di interventi alla Camera di adesso ci dichiarerebbero guerra, altro che comprare titoli la BCE”		]]></document>
	<document><![CDATA[Gli studenti del politecnico si divertono di più (@username Piazza Leonardo da Vinci) http://t.co/JOru1TLv		]]></document>
	<document><![CDATA[Volevo fare una #tesi in sociologia e occuparmi di #twitter mi han detto no. Tematica troppo recente		]]></document>
	<document><![CDATA[#IOS5 , ce l ho fatta! ok adesso che ho #icloud su #iphone cosa faccio?		]]></document>
	<document><![CDATA[Fierissima nella vesti della nonna della Ace (@username Zona piola) http://t.co/whGY5Tms		]]></document>
	<document><![CDATA[I'm at Magazzini Generali (Via Pietrasanta, 14, Milano) w/ 2 others http://t.co/rqqktb4h		]]></document>
	<document><![CDATA[“@username: La protesta di Roma cresce:  manifestanti in via Nazionale è aumentato di numero e ha cominciato ad ... http://t.co/TmT9buwd”		]]></document>
	<document><![CDATA[ok ho scaricato @username per #Iphone. Sono l'unica al mondo che non può fare le emoticon trash però. #cattivi		]]></document>
	<document><![CDATA[@username è una lista dei migliori genietti dell'internet		]]></document>
	<document><![CDATA[Semplice ontologia da eterno ritorno: voteranno, ci saranno avversità, una minoranza non ben identificata porterà tutto come prima #fiducia		]]></document>
	<document><![CDATA[Comprate un web designer e un UI designer a repubblica. Il loro live blogging  mi ricorda il tg2 #fiducia		]]></document>
	<document><![CDATA[Quindi? #opencamera		]]></document>
	<document><![CDATA[@username gatti che rimbalzano per sempre! Anche gatto ufficio http://t.co/GB02yhv8		]]></document>
	<document><![CDATA[316 contro 301 #opencamera		]]></document>
	<document><![CDATA[“@username: 316-301 #fiducia dalla Camera, come prevedibile. Da qui a chiamarlo governo ce ne passa. #opencamera”		]]></document>
	<document><![CDATA[Radicali ad effetto capezzone. Ciao #opencamera		]]></document>
	<document><![CDATA[“@username: Mi viene da piangere.”		]]></document>
	<document><![CDATA[@username E' decisamente figo. Non è tanto simpatico però :(		]]></document>
	<document><![CDATA[@username e nelle interviste è peggio #trustme		]]></document>
	<document><![CDATA[#FF Innovation @username @username @username		]]></document>
	<document><![CDATA[“@username: Effetti collaterali positivi da dimissioni Fox: Justine Greening ai trasporti e Chloe Smith segretario tesoro. Due donne giovani”		]]></document>
	<document><![CDATA[Sequestrate ai miei vicini di casa il trapano! #noncelasifa		]]></document>
	<document><![CDATA[I'm at Stazione Milano Centrale (Piazza Duca d'Aosta 1, Milano) w/ 17 others http://t.co/t9IMCbeV		]]></document>
	<document><![CDATA[#15O vado in provincia a vedere che temperatura c è		]]></document>
	<document><![CDATA[I'm at Piazza Garibaldi (Novara) http://t.co/2LmkkWm5		]]></document>
	<document><![CDATA[@username Invece di chiamare Russospena, che chiama ancora gli indigratos "massa" potevate scegliere un commentatore avulso dalla politica		]]></document>
	<document><![CDATA[@username ??? cosa c'è al lebowski?		]]></document>
	<document><![CDATA[#Rainews24 chiama un comunista a commentare il #15Olive geniali. Questo parla ancora di massa e bandiera rossa.		]]></document>
	<document><![CDATA[@username dispiego massimo di forze dell'ordine? #15ott #15otroma		]]></document>
	<document><![CDATA[@username Sicuramente passo, poi di andare al Vietnam non credo. Ormai tu Novara tutta la vita		]]></document>
	<document><![CDATA[@username molto bene. Conta che dalla diretta di #Rainews24 il commentatore vi chiama massa di bandiere rosse #marcanomale #15otroma		]]></document>
	<document><![CDATA[@username io speravo di venir invitata ad un matrimonio però #einvece		]]></document>
	<document><![CDATA[@username ci credo e voglio venire al matrimonio spero sia India style #sapevatelo		]]></document>
	<document><![CDATA[@username @username @username @username Cosa stanno dicendo?		]]></document>
	<document><![CDATA[Molti dei veri #indignati non sono in piazza a Roma. Sicuramente non avrebbero bandiere politiche o para politiche nè kefiah. #15otroma		]]></document>
	<document><![CDATA[Video di #OccupyWallSt semplice, ben fatto ecco lo spirito di oggi #15otroma http://t.co/mzYZKSIq		]]></document>
	<document><![CDATA[Voi che volete più tecnologia, che volete un alimentazione più organic, una burocrazia più semplice siete degli #IndignadosItaliani		]]></document>
	<document><![CDATA[Non fare l'errore di equiparare la criticaal capitalismo che non funziona con vecchie retoriche politiche.Se volete #futuro siete indignatos		]]></document>
	<document><![CDATA[Il vero problema è: chi avrà pagato i violenti di #Roma? Su non facciamo gli ingenui #15oct #15otroma		]]></document>
	<document><![CDATA[“@username: Allucinante e criminale la copertura giornalistica di Repubblica. #15ott”		]]></document>
	<document><![CDATA[Su #Fb si comincia il carosello contro i comunisti violenti da bruciare al rogo. Che peccato se si accorgessero che brucerebbero celerini.		]]></document>
	<document><![CDATA[Sì!“@username: Io la rifarei a Roma domattina, daccapo, tutti in piazza di nuovo: dico sul serio, sennò è persa #15O #15oct””		]]></document>
	<document><![CDATA[@username @username su questo e per questo dovremmo batterci. Cultura, ragionamento, spirito critico, condivisione.		]]></document>
	<document><![CDATA[@username: il migliore report via #twitter del #15O #15ott #live15O		]]></document>
	<document><![CDATA[100 stronzi http://t.co/A6LRCU32 #15O #roma		]]></document>
	<document><![CDATA[Non vogliamo uno standard di vita più elevato – vogliamo uno standard di vita migliore.#15O		]]></document>
	<document><![CDATA[I'm at Via Ariosto http://t.co/jwah2UjD		]]></document>
	<document><![CDATA[@username Leggi questo libro: capirai che leggi sempre lo stesso giornale http://t.co/lASxqlkl		]]></document>
	<document><![CDATA[cquanti si sentono nel giusto sono stupidi, mentre quelli che sanno capire e immaginare sono pieni di dubbi e indecisioni #ecco		]]></document>
	<document><![CDATA[I'm at Treno 2018 http://t.co/gKvpTv66		]]></document>
	<document><![CDATA[@username non interessa siamo al parossismo del infotaiment. La notizia come racconto mitico ecco quello che fanno. Il bene contro il male.		]]></document>
	<document><![CDATA[@username se guardi oltre al patetismo e la retorica della tragedia usano solo discorso indiretto libero, toni gridati e frasi fatte ad effetto		]]></document>
	<document><![CDATA[@username tu pensa che lo chiamano stile brillante e che i dirigenti tv se ne bulleggiano per aver fatto diventare il tg una fiction. #15o		]]></document>
	<document><![CDATA[@username la contrapposizione a questo tipo di sistema passerá dalle parole. Questi sono i paradigmi retorici comuni. Si parla come la tv #15o		]]></document>
	<document><![CDATA[RT“@username: Pannella è trending su Twitter”		]]></document>
	<document><![CDATA[@username  E' un eterno ritorno, ma la sfida sono proprio le idee, le parole. serve un nuovo vocabolario #tabularasa #indignati		]]></document>
	<document><![CDATA[#TheophilusLondon: leggere intervista di  @username su @username  alcune foto scattate da me http://t.co/gw1Ez5C0		]]></document>
	<document><![CDATA[RT“@username: diffidate da chi ha ancora un email su libero.it o su hotmail.it”		]]></document>
	<document><![CDATA[@username @username Welcome!		]]></document>
	<document><![CDATA[@username basta guardare i collettivi leninisti internazionalisti e di sinistra in statale a Mi. Sono i "compagni" che in ateneo ora -segue		]]></document>
	<document><![CDATA[@username Si stanno leccando le ferite. Sono anacronistici e vetusti, sì. Ma sono i più organizzati dopo i ciellini in statale.		]]></document>
	<document><![CDATA[RT @username: National Baking Week http://t.co/6LpXjnaa. E' la settimana di @username  e @username ! Seguiteli!		]]></document>
	<document><![CDATA[Se giovedì sera volete venire al club to club ci sono gli ultimi biglietti qui www.mitoenergymachine.com		]]></document>
	<document><![CDATA[Chiudo con un documentario su Bateson e me ne vado a parlare della lingua di #Calvino http://t.co/AI2B9p6p		]]></document>
	<document><![CDATA[lezioni universitarie con studenti stipati seduti a terra e incastrati l uno sull altro. #notfair		]]></document>
	<document><![CDATA[@username me la potrò permettere per poco :)		]]></document>
	<document><![CDATA[I'm at Università degli Studi di Milano (via Noto 8, via Giuseppe Ripamonti, Milano) w/ 2 others http://t.co/hMlQRCGD		]]></document>
	<document><![CDATA[Pappagallo amico della metro http://t.co/BLoSuX1J		]]></document>
	<document><![CDATA[I'm at La Fabbrica del Vapore (Via Procaccini 4, Milano) http://t.co/j37HRFUx		]]></document>
	<document><![CDATA[Vegan tartarre and Faux fish  @username La Fabbrica del Vapore http://t.co/Ug26gwpV		]]></document>
	<document><![CDATA[I'm at Stazione Milano Centrale (Piazza Duca d'Aosta 1, Milano) w/ 9 others http://t.co/AQ2tKbSR		]]></document>
	<document><![CDATA[La missione di servizio pubblico,è nel garantire all'utenza un'ampia gamma di programmazione e trasmissioni equilibrate e varie #rai		]]></document>
	<document><![CDATA[assicurare un elevato livello della programmazione informativacomprese le trasmissioni di informazione quotidiana e di approfondimento #rai		]]></document>
	<document><![CDATA[La Rai opera un monitoraggioI report devono essere trasmessi al Ministero, all'Autorità e alla Commissione Parlamentare. #rai		]]></document>
	<document><![CDATA[Contratto di servizio RAI http://t.co/YlXoKpTS		]]></document>
	<document><![CDATA[@username E' che ci credono. Quelli che non ci credono tanto fan buon viso a cattivo pagamento, nella speranza un giorno di vedersi legittimati		]]></document>
	<document><![CDATA[RT@username: Perché #OccupyWallStreet vincerà la guerra delle idee http://t.co/Ma5VzcuV		]]></document>
	<document><![CDATA[@username: Moody’s avverte la Francia: L'agenzia valuterà nei prossimi mesi se toglierle o no la tripla A http://t.co/gDVrIbKM		]]></document>
	<document><![CDATA[Il sussidiario: contro gli indignati piagnucolosi? http://t.co/hsGaSs9t  #15O		]]></document>
</author>