<?xml version="1.0" encoding="UTF-8" standalone="no"?><author id="user926">
	<document><![CDATA[@username A volte in una piccola menzogna può nascondersi molto amore... Di solito in quei casi mentire comporta parecchio dolore		]]></document>
	<document><![CDATA[@username Ma i soldi non li deve restituire? 368 milioni di dollari mi sembrano tantini per dire "a posto così!"#fatemicapire		]]></document>
	<document><![CDATA[@username @username In blocco #sconsiglio tutti i libri con titoli a base di profumi di zenzero cannella foglie varie di te o limone		]]></document>
	<document><![CDATA[@username @username Ma soprattutto #sconsiglio l'eleganza del riccio: personaggi saccenti e improbabili su trama pretestuosa.		]]></document>
	<document><![CDATA[@username @username @username Ha ha ha!!! Vero! Le fanno in serie! Puro marketing letterario		]]></document>
	<document><![CDATA[@username @username Un sollievo è anche poter dire senza falso buonismo che pubblicano un sacco di porcherie! Grazie dello spunto ;)		]]></document>
	<document><![CDATA[.@username @username Certo vedere tra #sconsiglialibri uno dei miei libri preferiti è un po' un colpo al cuore... Va beh. De gustibus		]]></document>
	<document><![CDATA[@username @username @username @username Non lo conosco. Il titolo profumato non mi ispira ma le eccezioni ci sono sempre ;)		]]></document>
	<document><![CDATA[Cheppalle quelli che "non si sconsiglia" #sconsiglialibri		]]></document>
	<document><![CDATA[@username Mi sono posta le tue stesse domande. Qui ho trovato molte risposte: "Dalla parte delle bambine" E.Gianini Belotti. Illuminante		]]></document>
	<document><![CDATA[@username Il seguito ideale è "Ancora dalla parte delle bambine" di @username. 
Sono madre di una 4enne ed è un lavoro duro ;)		]]></document>
	<document><![CDATA[Mancanza di dono della sintesi: questi 140 caratteri mi rendono di fatto muta. Minuto di silenzio per tutti i tweet che non vedranno la luce		]]></document>
	<document><![CDATA[@username @username Già troppo tardi per salvarsi da #pernondimenticare, temo.		]]></document>
	<document><![CDATA[La retorica spicciola asfissia le riflessioni personali. Banalizzare è indispensabile per condividere? #11settembre		]]></document>
	<document><![CDATA[@username la mucca è parente di @username?		]]></document>
	<document><![CDATA[@username @username Tra quelli di Palahniuk probabilmente il mio favorito E poi non perderti "Survivor"!		]]></document>
	<document><![CDATA[@username La vogliamo finire di scrivere e pubblicizzare queste porcherie? Ancora inchiostro su dualismo belle/brutte? Pena. @username		]]></document>
	<document><![CDATA[@username @username @username Anni di scuola dell'obbligo buttati nel cesso?		]]></document>
	<document><![CDATA[Spero che in società più evolute della nostra le esternazioni omofobe si rivelino veri boomerang. #barilla non vende solo in Italia.		]]></document>
	<document><![CDATA[@username Ciao. Non conosco ancora i tuoi libri, ma recupererò ;)		]]></document>
	<document><![CDATA[@username grazie anche a te per il follow.		]]></document>
	<document><![CDATA[@username Ciao. Grazie del follow.		]]></document>
	<document><![CDATA[@username Questo articolo è avvilente come pochi altri che ho letto... Pronte ad altri secoli di sottomissione volontaria? Sembrerebbe di si		]]></document>
	<document><![CDATA[E soprattutto diffidate di chi vi dice quale musica apprezzare trascurando la grammatica. http://t.co/csuVxscwje		]]></document>
	<document><![CDATA[.@username Disabilità e riscatto sociale non c'entrano. Le donne che ragionano così remano contro l'emancipazione di tutte le altre.Indignata		]]></document>
	<document><![CDATA[@username ...Ed evidentemente le stupidaggini non le scrivono solo su Facebook: in questo articolo c'è n'è un bel catalogo		]]></document>
	<document><![CDATA[Oggi interessanti commenti dopo gara e grande professionismo al microfono! Più competenza nelle telecronache!!! Bravo @username #motogp		]]></document>
	<document><![CDATA[@username @username @username @username Merita, merita! Barney ti resterà nel cuore.		]]></document>
	<document><![CDATA[@username Bon! Abbiamo scritto anche la cazzata definitiva. Adesso che si fa? Qualcuno offre di più? @username		]]></document>
	<document><![CDATA[La morte ci fa belle?Le donne di cui si scrive/dipinge sono morte da 2 minuti e 1/2. Al servizio delle fantasie maschili sull'arrendevolezza		]]></document>
	<document><![CDATA[Oggi mi girano che è una bellezza		]]></document>
	<document><![CDATA[@username ciao e grazie del follow! Viaggiare è una grande passione anche per me perciò ti seguirò volentieri. Buona giornata		]]></document>
	<document><![CDATA[@username Ciao e grazie del follow! Ricambio volentieri e spero di trovare ispirazione per i viaggi futuri ;)		]]></document>
	<document><![CDATA["I'm not defined by my poverty". Bellissimo pezzo. Grazie @username per l'onestà e la lucidità. http://t.co/cyVsxnQvIN		]]></document>
	<document><![CDATA[@username non ne hai motivo. Sei quello che hai scelto di essere. Ne hai il merito e la consapevolezza. Non "fortunata" ma "brava". Ciao!		]]></document>
	<document><![CDATA[.@username ...pure Chicco che mi sbaglia i congiuntivi in diretta mi toccava sentire! #mentana		]]></document>
	<document><![CDATA[@username La perfezione è irrimediabilmente noiosa: personaggi avvincenti hanno luci ed ombre #perfectboys		]]></document>
	<document><![CDATA[@username @username Fazio è un ottimo esempio di ciò che dicevo: meritevole che non ha fatto carriera e resta personaggio secondario		]]></document>
	<document><![CDATA[@username Incontrando #perfectboys resto in attesa del tonfo della caduta dal piedistallo. Per il loro bene. E per quello del libro!		]]></document>
	<document><![CDATA[@username Anche Camilleri apprezza Fazio: è come un suo figlio buono! Ma per una birra uscirebbe con Mimi! Hahaha!		]]></document>
	<document><![CDATA[@username Io lo centellino e lo "uso" come riempitivo tra un libro e l'altro perché è una certezza: leggero e acuto difficilmente delude		]]></document>
	<document><![CDATA[Ci sono libri che andrebbero protetti non dalla fruizione di massa ma dalla mercificazione. Malausséne al cinema? Fingerò che non esista.		]]></document>
	<document><![CDATA[Il trailer:Benjamin sembra un pirla, Julie una winx e il piccolo con gli occhiali rosa li ha blu. Argh! #paradisodegliorchi @username		]]></document>
	<document><![CDATA[@username Ho appena visto il trailer ed ho i brividi... Buona serata a te ;-)		]]></document>
	<document><![CDATA[“@username: Le ragazze dovrebbero http://t.co/XdfRJY7ZT3” stupendo...		]]></document>
	<document><![CDATA[@username si. In genere. Continuiamo però ad occuparci della minoranza che lo fa!		]]></document>
	<document><![CDATA[.@username @username Apprezzo tantissimo quel "perdinci" pur obsoleto che ci porta fuori dalla generazione dei "cribbio".		]]></document>
	<document><![CDATA[@username Mondondone. Don don don. Prov. Pavia #geopardy		]]></document>
	<document><![CDATA[@username non conosco i tuoi gusti... Già letto "Ogni cosa è illuminata?" Oppure qualcosa di Amelie Nothomb? O Palahniuk?		]]></document>
	<document><![CDATA[@username #primariepd si ritorceranno contro, purtroppo. 3 candidati validi e il vincitore sarà delegittimato dai 2/3 degli elettori		]]></document>
	<document><![CDATA[@username @username @username @username mi auguro che dal 9/12 si stia tutti dalla stessa parte, ma non credo avverrà questo		]]></document>
	<document><![CDATA[@username @username @username @username @username ci vorrebbe un silenzio pre elettorale sui social per non alzare i toni		]]></document>
	<document><![CDATA[@username @username io credo che sia perfetto cosi		]]></document>
	<document><![CDATA[@username @username Genova Mantova Siena Lucca Parma Ravenna e ovviamente Venezia		]]></document>
	<document><![CDATA[@username ...questo cane negli ultimi 4 anni è morto almeno 27 volte.		]]></document>
	<document><![CDATA[Renzi andato malino in Sardegna? I soldi delle #PrimariePD agli alluvionati! Un messaggio forte e nuovi potenziali elettori @username		]]></document>
	<document><![CDATA[#Renzi dice che i soldi delle #PrimariePD saranno ben spesi: perché non darli agli alluvionati sardi? Così inizia il #cambiaverso		]]></document>
	<document><![CDATA[@username pochi spiccioli una cippa		]]></document>
	<document><![CDATA[@username @username pluriomicida non si usa più? Scrivi serial killer e il titolo è fatto. Pure l'evaso ci guadagna: fa molto criminal minds		]]></document>
	<document><![CDATA[@username le mamme possono fare lavori da uomo (tipo capo dei pompieri) i papà adorano giocare e i nonni posseggono navi o treni personali!		]]></document>
	<document><![CDATA[@username non c'è omologazione: ogni famiglia ha regole e gusti diversi e la diversità è una ricchezza per la comunità.		]]></document>
	<document><![CDATA[@username soprattutto piace a maschi e femmine! Non è poco eliminare le diversità di genere in un prodotto per questo target		]]></document>
	<document><![CDATA[@username @username anche mamma pig è una saputella, Peppa una rompi e george una frigna. Ma non sono solo questo. Come tutti noi		]]></document>
	<document><![CDATA[Bon! Stamattina ho fatto l'avvocato di Peppa Pig. Adesso basta. A chi mando la parcella?		]]></document>
	<document><![CDATA[@username @username figlia di 4 anni. Per le bimbe l'offerta tv è desolante.Dopo la fase hello kitty mi considero una superstite! W Peppa		]]></document>
	<document><![CDATA[Già che ho tempo mi porto avanti con gli auguri: #buonannoachi spera che l'anno nuovo sarà migliore di quello passato. Inguaribili ottimisti		]]></document>
	<document><![CDATA[#buonannoachi brontola sempre. Mi state simpatici, dai. Mi fate quasi tenerezza. Se no non mi chiamavo Gr_Acida ;-)		]]></document>
	<document><![CDATA[#buonannoachi viaggia tanto. Avete tutta la mia invidia! Scrivete e fotografate: il mio cuore è con voi quando la valigia resta in cantina!		]]></document>
	<document><![CDATA[#buonannoachi ama le moto come me, anche se di solito sui piloti preferiti non ci troviamo d'accordo!!! W lo sport comunque.		]]></document>
	<document><![CDATA[#buonannoachi "non l'ho letto ma fa schifo" "non ci sono stato ma non mi piacerebbe". Mi ricordate la volpe e l'uva. Nel 2014 rilassatevi...		]]></document>
	<document><![CDATA[E boicottiamo anche un tale Disney che ha fatto fortuna distorcendo le reali condizioni di vita dei ratti????? http://t.co/qWSbVbh6SS		]]></document>
	<document><![CDATA[Auguro ai tizi di questa associazione di ubriacarsi tanto ma tanto. E di svegliarsi col mal di testa ma rinsaviti! http://t.co/XpfoerN5tW		]]></document>
	<document><![CDATA[Aidaa. Un consiglio per voi: se denunciate tutta la Disney vi fate ancora più pubblicità gratuita. I soliti furboni di fine anno.		]]></document>
	<document><![CDATA[E diciamogli anche che la mamma di bambi è finita nella polenta #Aidaa http://t.co/EFROmnAmXB		]]></document>
	<document><![CDATA[Buon anno a tutti!		]]></document>
	<document><![CDATA[@username tanti auguri anche a te ;-)		]]></document>
	<document><![CDATA[@username l'ultimissimo acquisto è stato "Una cosa piccola che sta per esplodere" di Cognetti		]]></document>
	<document><![CDATA[Domani attacco questo http://t.co/XOoCxsuiKt		]]></document>
	<document><![CDATA[@username Chi è d'accordo con avvocatA sarebbe felice di essere chiamata architettA? Io sono architettO. E se sono signora non deve importare		]]></document>
	<document><![CDATA[@username #mia nonna: distese di agnolotti, profumo di bucato, bigodini		]]></document>
	<document><![CDATA[#BakeOffItalia nella versione inglese hanno la moquette per terraaaa!!! Aaargh!!!		]]></document>
	<document><![CDATA[@username ho già la porta apertaaaa		]]></document>
	<document><![CDATA[.@username Sempre più convinta che il titolista del Manifesto sia un genio!		]]></document>
	<document><![CDATA[@username Articolo scritto pessimamente. Non ho davvero capito dove andava a parare.		]]></document>
	<document><![CDATA[.@username @username Penoso che si sprechi tempo a scrivere favolette come questa. Cos'è? Fan fiction del dolore? Lasciamo stare Penelope		]]></document>
	<document><![CDATA[.@username @username Non ci mettiamo anche "Schumacher come Ulisse: tanti tronfi ma poi tornava sempre da lei"? Che pizza obsoleta...		]]></document>
	<document><![CDATA[@username A saperlo! Io ho anticipato a stamattina: la befana mi ha portato in dono... 2kg!!! Si era sentito l'urlo?		]]></document>
	<document><![CDATA[La sua posizione resta da chiarire ma intanto sbatto la foto in 1a pag.Giornalismo? @username http://t.co/Cue1H4zImB		]]></document>
	<document><![CDATA[@username @username @username per coerenza potrebbero correggere in #AmoLeggereFuffa: il successo sarebbe garantito		]]></document>
	<document><![CDATA[A volte vago confusa per la libreria e piango per tutte quelle foreste disboscate inutilmente. Questo perché #AmoLeggere @username		]]></document>
	<document><![CDATA[Grazie a @username per aver pubblicato una notizia così definitiva. Posso dire #sticazzi ? http://t.co/BtKGHuVcBW		]]></document>
	<document><![CDATA[Bell'articolo @username. 
https://t.co/12w1QMCIev		]]></document>
	<document><![CDATA[Notevole articolo sul rapporto complicato tra madri e figlie http://t.co/XnqYATeg8W . Complimenti a @username @username		]]></document>
	<document><![CDATA[Segnalo un'iniziativa della mia libreria preferita: domani sera Jukebox letterario!!! @username @username http://t.co/fUK4a0a31J		]]></document>
	<document><![CDATA[RT all'infinito! http://t.co/reRrlikcW5		]]></document>
	<document><![CDATA[Aaaarrrghhh! Complimenti a @username per "la gara HA squadra". Muoro! #Sochi http://t.co/GwATFU6lXR		]]></document>
	<document><![CDATA[@username Complimenti e buona fortuna!!!		]]></document>
	<document><![CDATA[Il messaggio subliminale delle principesse Disney. @username @username @username https://t.co/NdnHfKj1oU		]]></document>
	<document><![CDATA[@username l'account giusto è @username !!! Ieri un appello era partito per il fake!		]]></document>
	<document><![CDATA[@username Davvero un pezzo ben scritto e un'analisi lucida e onesta. Complimenti. Grazie anche per avermi confortata!		]]></document>
</author>