<?xml version="1.0" encoding="UTF-8" standalone="no"?><author id="user945">
	<document><![CDATA[sul venerdì c'è un pezzo sul disco de #iCani che più che una recensione è un copiaincolla di testi.		]]></document>
	<document><![CDATA[la vita comincia sopra i 2000m #dolomitidibrenta http://t.co/b0oV7jM		]]></document>
	<document><![CDATA[#cosechemipiacerebbefare a un falò di ferragosto,alla richiesta di un pezzo  di Battisti partire con "Ricordo il suo bel nome Hegel Tubinga"		]]></document>
	<document><![CDATA[Nelle mani dei pazzi http://t.co/rEHWIkS via @username		]]></document>
	<document><![CDATA[se battisti fosse arrivato ai giorni nostri avrebbe registrato con four tet #battistifacts		]]></document>
	<document><![CDATA[dice: "Perché non usi Twitter?" Perché stamattina sono entrato, e nei trending topics c'era Baglioni. #FAIL		]]></document>
	<document><![CDATA[tra l'altro col mio twit precedente ho contribuito anche io #myfault		]]></document>
	<document><![CDATA[ascolto l'album "Nel fumo di cento sigarette" di Actinidia Selvatica http://t.co/28OOInY0		]]></document>
	<document><![CDATA[subito un contributo di qualche mese fa di gabriella carlucci #zanzara #radio24		]]></document>
	<document><![CDATA[crosetto al telefono #zanzara #radio24 cruciani: "la voce sembra la sua..."		]]></document>
	<document><![CDATA[Per il dott sottile sarebbe l'anticamera del quirinale. Chissà cosa ne pensa Prodi...		]]></document>
	<document><![CDATA[#NIAS - Nord Italia Appreciation Society - Le migliori albe e i migliori tramonti (solari e lunari) li ho visti sull'A4		]]></document>
	<document><![CDATA[#NIAS - Nord Italia Appreciation Society - Pensavo che Verona fosse la città più bella del Veneto. Poi ho visto Padova. [È 'na bella lotta]		]]></document>
	<document><![CDATA[iniziare la giornata con una diminuzione dello stipendio. #nonhaprezzo. anzi, ce l'ha proprio in questo caso.		]]></document>
	<document><![CDATA[Il debito degli studenti americani | Il Post http://t.co/uxbzbj80 via @username		]]></document>
	<document><![CDATA[sta per uscire il nuovo dei calibro35. apropos di dischi che saranno "della madonna" [cit], quando esce il nuovo della fuzz orchestra?		]]></document>
	<document><![CDATA[listening to Francesco Messina - Plaza Tonal (1983, prodotto da Franco Battiato)  http://t.co/jl7XbjLW via @username		]]></document>
	<document><![CDATA[Alice - Una sera di novembre (brividi) http://t.co/2JS9HcRH via @username		]]></document>
	<document><![CDATA[Alice - Un' isola - (1978) http://t.co/Fts7l27B via @username		]]></document>
	<document><![CDATA[CCCP e Amanda Lear Tomorrow 1988 http://t.co/hNOP6fmQ via @username #CCCPinTV [cicciccippintivi]		]]></document>
	<document><![CDATA[google, per favore, sto cercando di lavorare #doodle ^_^		]]></document>
	<document><![CDATA[#ilmioprimoricordodicalcio "Come si chiama quel giocatore coi capelli de lana" "Se chiama Gullit"		]]></document>
	<document><![CDATA[[era Germania Ovest - Olanda, semifinale degli europei 1988. tifavo germania: per sostenere la squadra avevo costruito la bandiera coi lego]		]]></document>
	<document><![CDATA[@username secondo me si può pensare anche a questo http://t.co/pK79EzME		]]></document>
	<document><![CDATA[con un linguaggio come R a disposizione [libero, documentato, UTILE] devo invece aiutare degli studenti a preparare un esame di Scheme #WTF		]]></document>
	<document><![CDATA[Pearl Jam - MFC http://t.co/2ABaKcKt via @username [una delle mie preferite dei PJ post vitalogy]		]]></document>
	<document><![CDATA[Questo rimane il mio dubbio musicale più importante da anni http://t.co/HzNDsiPg via @username		]]></document>
	<document><![CDATA[CCCP - Amandoti http://t.co/Tvt5ESMn via @username		]]></document>
	<document><![CDATA[tema: "La mia collezione di dischi". Svolgimento: http://t.co/v4nmtqKt via @username ["Conosco qualche fan dei Pink Floyd, insomma"]		]]></document>
	<document><![CDATA[È morto Sócrates http://t.co/A1E8euXn		]]></document>
	<document><![CDATA[La manovra in 12 punti | Il Post http://t.co/oFYuwV8v via @username		]]></document>
	<document><![CDATA[Guia Soncini, Stati generali della cultura - Youdem Tv http://t.co/Hwn53aUf via @username		]]></document>
	<document><![CDATA[Piazza+Sempione http://t.co/g48hTBLK		]]></document>
	<document><![CDATA[Via Anastasio II [incredibile, questa] http://t.co/muoPrruy		]]></document>
	<document><![CDATA[Monte Mario http://t.co/vR5z3ymF		]]></document>
	<document><![CDATA[Il Forlanini a via Portuense http://t.co/aLlPuYDZ		]]></document>
	<document><![CDATA[Tra via Bembo e via Borromeo (forse questa è la mia preferita) http://t.co/5ENjnuNd		]]></document>
	<document><![CDATA[Il Dottore E L'Operaio http://t.co/ZL1NZHDc via @username		]]></document>
	<document><![CDATA[La rivolta degli smemorati | Stefano Menichini http://t.co/R8FCmgqi via @username		]]></document>
	<document><![CDATA[Toto Cutugno - Solo Noi http://t.co/4QFV9qnd via @username #canzonicheinizianoinmanieraepica		]]></document>
	<document><![CDATA[Via delle Botteghe Oscure http://t.co/5nPAdEWP		]]></document>
	<document><![CDATA[Bersani avvisa Di Pietro: "Se rompi ognuno per sé"- LASTAMPA.it http://t.co/ZaGYYIcM		]]></document>
	<document><![CDATA[scoperte del weekend: Lou Monte [conoscevo solo il Twist Italiano http://t.co/E9US7M1Y già colonna sonora di Vacanze in America]		]]></document>
	<document><![CDATA[Noi, figli degli anni ‘70, non scioperiamo neanche questa volta http://t.co/BVJ6wyR1 via @username		]]></document>
	<document><![CDATA[Mai letto niente di più sensato: http://t.co/XMiS9CNM		]]></document>
	<document><![CDATA[Anni che l'ascolto, anni che dico che è un pezzo incredibile, superlativo, geniale, bellissimo. Faust - Giggly Smile http://t.co/KHQtAy9l		]]></document>
	<document><![CDATA[Pochi ambienti mi risultano più indigesti dei negozi di strumenti musicali.		]]></document>
	<document><![CDATA[Il non-senso di Odifreddi - http://t.co/AjQewbih via  @username		]]></document>
	<document><![CDATA[dal blog di Guia Soncini - Il problema della libertà d’espressione è che ce n’è troppa - http://t.co/L8gZgIA8		]]></document>
	<document><![CDATA[Non È La Cocaina - Antonello Venditti http://t.co/adLwhAWV via @username		]]></document>
	<document><![CDATA[Controlla questo video -- Zeitgeist 2011: Year In Review http://t.co/GT7qOEuM via @username		]]></document>
	<document><![CDATA[Il Treno Delle Sette - Antonello Venditti http://t.co/uzuKUlxz via @username		]]></document>
	<document><![CDATA["ultimamente sto riascoltando il venditti degli anni '80" #indiesnob		]]></document>
	<document><![CDATA[Follini: Il palco di Vasto non esiste più http://t.co/eATWyn7j via @username		]]></document>
	<document><![CDATA[#Trento #TN tangenziale verso nord sembra bloccata almeno dall'uscita trento sud. Suggerisco via Fersina.		]]></document>
	<document><![CDATA[Questo autunno ha ridefinito il concetto di eternal september.		]]></document>
	<document><![CDATA[Repubblica su Donato Bergamini "calciatore suicidato" http://t.co/4NZMHwqX - Carlo Petrini, quello simpatico, ci scrisse un libro 10 anni fa		]]></document>
	<document><![CDATA[Fugazi - The Argument http://t.co/VXCgCbmE [dall'omonimo album del 2001, #approfondirecapolavori #decennali #dischidellamadonna #<3 ]		]]></document>
	<document><![CDATA[Ferma Foglia by Ancher via #soundcloud http://t.co/q79h94D0 [questa canzone è bellissima, e loro sono davvero bravi]		]]></document>
	<document><![CDATA["Cavani: Atleta de Cristo, attaccante della Madonna, ira de Dio": c'è qualcosa di  guzzantiano in questa definizione data da @username		]]></document>
	<document><![CDATA[Prima di tutto il carcere | Il Post http://t.co/RShMY8jI via @username		]]></document>
	<document><![CDATA[Cose buone. http://t.co/rqwm7PAr		]]></document>
	<document><![CDATA[badilate di cultura: MARIA ANTONIETTA http://t.co/tN69TzHg “Perché dovrei leggere te,con tutti gli scrittori bravi che non ho ancora letto?"		]]></document>
	<document><![CDATA[Sempre un po' a disagio: a ciascuno il suo http://t.co/2epuxXS5		]]></document>
	<document><![CDATA[Ultimi acquisti. http://t.co/hidLp4V4		]]></document>
	<document><![CDATA[Travaglio, o della noia | Filippo Facci http://t.co/IQI84l1k via @username		]]></document>
	<document><![CDATA[@username Io lo leggo sempre con molto interesse (prima o poi dovrò rimediare il libro che ha scritto su DiPietro).		]]></document>
	<document><![CDATA[Parlo da solo - Offlaga Disco Pax E quindi domani esce il nuovo ODP? http://t.co/sxRCOd9f		]]></document>
	<document><![CDATA[Klein Blue - Sono Note Immaginate: http://t.co/YJUNgW25  [Bravi davvero: in questo brano mi ricordano un po' i pizzicato five]		]]></document>
	<document><![CDATA[http://t.co/yG8nOrxb - I post che preferisco: le 30 migliori canzoni dei Sonic Youth		]]></document>
	<document><![CDATA[@username e quante volte invece deve dire "non punto al quirinale" perché scompaiano gli editoriali tipo: "la rincorsa al colle"?		]]></document>
	<document><![CDATA[bellissimi i post su awk di @username		]]></document>
	<document><![CDATA[Sempre un po' a disagio: i feticisti dell'era digitale http://t.co/VheYOHT1		]]></document>
	<document><![CDATA[Scena veronese sempre più interessante: Klein Blue – Sono Note Immaginate http://t.co/pVAhR4xd via @username		]]></document>
	<document><![CDATA[Io la replica di Bertinotti non l'ho capita. http://t.co/tEYbJOlA via @username		]]></document>
	<document><![CDATA[Offlaga Disco Pax - Sequoia (Gioco di Società, 2012 - Venus Dischi): http://t.co/yJv0VHH1 via @username		]]></document>
	<document><![CDATA[Father Midnight degli Earth secondo me potrebbe essere stata scritta dai Dirty Three. http://t.co/9bJY6ldo via @username		]]></document>
	<document><![CDATA[#msr Bennati e Cancellara, più il primo che il secondo, tra i possibili vincitori secondo me.		]]></document>
	<document><![CDATA[@username e su carta manco devono combattere coi SEO.		]]></document>
	<document><![CDATA[Shantel - Disco Disco Partizani: http://t.co/unaZXqeU		]]></document>
	<document><![CDATA[Tom Boonen: forza e intelligenza.		]]></document>
	<document><![CDATA[Su @username ho appena ascoltato due minuti da applausi: il calcio moderno spiegato mettendo a confronto Stramaccioni e Chinaglia.		]]></document>
	<document><![CDATA[il radiocronista RAI ribadisce che il rigore è stato un regalo. #barçamilanallaradio		]]></document>
	<document><![CDATA[È finita come doveva finire. Cioè bene | Stefano Menichini http://t.co/7NHlfoIZ via @username		]]></document>
	<document><![CDATA[#affermazionipesanti l'integrazione dei comandi du un'applicazione nella barra di unity è utilissima e molto elegante.		]]></document>
	<document><![CDATA[Mi Ami - "Time of Love": http://t.co/4XUxxxXR via @username [grazie a questo http://t.co/bE12Aw8U ]		]]></document>
	<document><![CDATA[Tom Boonen oggi sta provando a scrivere la Storia #parisroubaix		]]></document>
	<document><![CDATA[http://t.co/0W921RNF - Chiosa spettacolare di Massimo Bordin sul Foglio di oggi.		]]></document>
	<document><![CDATA[cicloweb.it è sempre stata la mia risposta a chi chiedeva "mi consigli un sito originale e interessante?" #AuguriCicloweb		]]></document>
	<document><![CDATA[Lucio Battisti – Anonimo http://t.co/aN2ix0OQ via @username		]]></document>
	<document><![CDATA[Currents è finalmente usabile (sync in tempi ragionevoli!) https://t.co/ik7QwCb9		]]></document>
	<document><![CDATA[Lucio Battisti – Le Cose Che Pensano http://t.co/YkjyJwkt via @username		]]></document>
	<document><![CDATA[http://t.co/nnfuUz4Q Non capisco cosa significhi il 18 vicino al Genoa, in prima pagina sul CdS di oggi.		]]></document>
	<document><![CDATA[World Elections si prepara alle elezioni francesi. http://t.co/mOHqqXf9		]]></document>
	<document><![CDATA[È morto Carlo Petrini. Il suo primo libro, dieci anni fa, mi ha insegnato molte cose sullo sport professionistico. http://t.co/bcq0mEnx		]]></document>
	<document><![CDATA[Lucio Battisti - Il Diluvio http://t.co/PwHSVrbY via @username		]]></document>
	<document><![CDATA[Sibilla - Oppio http://t.co/VP4B6ZGi via @username		]]></document>
	<document><![CDATA[già 'na vorta nun ero 'n ghepardo... [zzZz]		]]></document>
	<document><![CDATA[Poi dice l’antipolitica | Filippo Facci http://t.co/5TmbsyXS via @username		]]></document>
	<document><![CDATA[Lacrime di Borghetti - Lamento per la morte di Carlo Petrini http://t.co/7R67G8eG		]]></document>
</author>