<?xml version="1.0" encoding="UTF-8" standalone="no"?><author id="user390">
	<document><![CDATA[classica scimmia di compiere gesti casuali di cui poi mi pentirò. NO, Chiara, NO.		]]></document>
	<document><![CDATA[sei sensato come la mia prof. di inglese, che ci diceva di non imparare l'inglese dalle canzoni.		]]></document>
	<document><![CDATA[come diamine si fa a cancellare la prenotazione di un volo easyjet? Avevo pagato qualche euro in più per poterlo fare #flightsfordummies		]]></document>
	<document><![CDATA[@username certo, ma se io non mi fossi imbottita di serie e canzoni non saprei neanche dire ciao. Fare i traduttori ovviamente è un'altra cosa		]]></document>
	<document><![CDATA[Ragazze, tenetele le sopracciglia. Vi donano, lo giuro.		]]></document>
	<document><![CDATA[@username ma che bella che è! se le avessi come lei le lascerei così (ovvio che una sistematina, per noi comuni mortali, ci sta)		]]></document>
	<document><![CDATA[ci sono cose che possono essere divertenti oppure una merda a seconda del tempo disponibile. Tipo cercare casa. #damn		]]></document>
	<document><![CDATA[ogni tanto ho quella brutta malattia di sentirmi bene solo se piaccio agli altri. Però odio gli altri #psycho		]]></document>
	<document><![CDATA[da quando sono single ho perso due chili. Vado a farmi una torta per rimediare.		]]></document>
	<document><![CDATA[@username se non vuoi fare il colloquio, figurati il lavoro. Risparmia tempo e disdici!		]]></document>
	<document><![CDATA[@username io non sopporto il volto di questo attore.		]]></document>
	<document><![CDATA[bevo troppo senza motivo.		]]></document>
	<document><![CDATA[(non che bere troppo CON un motivo sia meglio, eh)		]]></document>
	<document><![CDATA[@username il problema è oggi.		]]></document>
	<document><![CDATA[i video su Vine mi fanno sempre venire in mente la fusion tra un filmino delle vacanze e smack my bitch up.		]]></document>
	<document><![CDATA[@username o di molti veneti. Ah, aspetta, lo sono già :)		]]></document>
	<document><![CDATA[graFica http://t.co/XqNljcWT		]]></document>
	<document><![CDATA[@username verissimo!		]]></document>
	<document><![CDATA[@username potrei attribuire parzialmente la colpa anche all'ettolitro di jagermeister. Potrei.		]]></document>
	<document><![CDATA[qualcuno ha familiarità con le compagnie di assicurazione tedesche? Lavorando sei mesi in Germania devo sceglierne una per la krankenkasse.		]]></document>
	<document><![CDATA[siete troppo allegri? Teh! http://t.co/0JksYN5D		]]></document>
	<document><![CDATA[mia nipote duenne vestita da topino mi ha illuminato la giornata.		]]></document>
	<document><![CDATA[@username TI AMO QUANDO SONO SBRONZOOOAAHH (ti amo di piùùùùù)		]]></document>
	<document><![CDATA[@username @username gnocchissima, eterosessualità addio.		]]></document>
	<document><![CDATA[vi prego, chiamate il numero assistenza di easyjet, non ho mai sentito nessuno di così schizzato in vita mia #lavoridemerda		]]></document>
	<document><![CDATA[@username ho solo iniziato a parlare (una cosa semplicissima) e il povero stolto già urlava SI CALMI SIGNORA IO FACCIO SOLO IL MIO LAVORO		]]></document>
	<document><![CDATA[@username non capisco assolutamente niente di moto, ma è strafiga @username		]]></document>
	<document><![CDATA[la maggior fetta di voti per B viene da donne, sopra i 66 anni, del sud. Le tre categorie da lui meno rispettate #strangeworld		]]></document>
	<document><![CDATA[dio della socialità, dammi la forza di uscire.		]]></document>
	<document><![CDATA[persone che se non ci fossero, beh, MAH.		]]></document>
	<document><![CDATA[e poi alla radio parte http://t.co/H7BtqJbt ed io ho un maglione a caso super '90s e va beh, vado a farmi le pennette alla vodka.		]]></document>
	<document><![CDATA[@username si, l'hanno detto alla radio. Non lo sapevo.		]]></document>
	<document><![CDATA[ora è Partita BUT I STILL HAVEN'T FOOOOOUUUUND WHAT I'M LOOOKING FOR.		]]></document>
	<document><![CDATA[Ah, ma è uno speciale sulla musica irlandese. Ochei.		]]></document>
	<document><![CDATA[@username il velluto leopardato nel deserto, tra l'altro #quarantamilionidigradi		]]></document>
	<document><![CDATA[a me il settimo scatto non sembra proprio un tenero bacino, eh. http://t.co/VBkKn8rs		]]></document>
	<document><![CDATA[ho trovato nella giacca una carta da gioco. Non mi ricordo assolutamente come ci è finita ieri sera e di chi è. Boh. http://t.co/hUp1V1OW		]]></document>
	<document><![CDATA[@username aspettavo qualcuno che facesse la battuta ma non pensavo saresti stato tu! Angolino :D		]]></document>
	<document><![CDATA[@username il maglioncino spacca.		]]></document>
	<document><![CDATA[@username perché sei simpatico!		]]></document>
	<document><![CDATA[madre che si stupisce che io non trovi casa a Ravensburg "io ho cercato, ce ne sono un sacco! te li linko" "madre, hai cercato a Regensburg"		]]></document>
	<document><![CDATA[pandori, giornalista. PANDORI. Una cosa dovevi fare. http://t.co/NIpFa037		]]></document>
	<document><![CDATA[voglio uscire. Ma sono abbalada. Ma voglio uscire.		]]></document>
	<document><![CDATA[mi tocca passare la serata a scorrere i vostri tumblr softcore. Mica troppo soft, a dire il vero.		]]></document>
	<document><![CDATA[non sono uscita. In compenso ho frullato una mela e ora ce l'ho in faccia.		]]></document>
	<document><![CDATA[mi sento molto romantica stamane.		]]></document>
	<document><![CDATA[la prima cosa bella che ho avuto dalla vita sei tu http://t.co/xY4puTqK		]]></document>
	<document><![CDATA[@username ma stavi bene con la barba! #barbafanclub		]]></document>
	<document><![CDATA[siamo in cinque in famiglia, e votiamo in cinque modi diversi. A questo punto potremmo mollare tutto e andare a fare una scampagnata.		]]></document>
	<document><![CDATA[@username non so se potrò guardarti ancora in faccia. #corsoacceleratoalèalè		]]></document>
	<document><![CDATA[sempre brutta Eva Green http://t.co/v3PjMoZO		]]></document>
	<document><![CDATA[@username @username ma... Grazie! Arrossisco!		]]></document>
	<document><![CDATA[quando comincio a volere un cane significa che non esco abbastanza.		]]></document>
	<document><![CDATA[mai letto menù più deprimente in tutta la mia vita http://t.co/xrSh2mLi		]]></document>
	<document><![CDATA[i gatti mi fanno molto ridere. http://t.co/WI16GNS6		]]></document>
	<document><![CDATA[alla radio passano la traduzione di It's The End Of The World As We Know It cantata da Ligabue. Qualcuno ha mai avuto un risveglio peggiore?		]]></document>
	<document><![CDATA[@username l'avrei preferita. Almeno Vasco è effettivamente un creep.		]]></document>
	<document><![CDATA[(ciao fruttariani) http://t.co/PtJyO9iQ		]]></document>
	<document><![CDATA[@username binomio perfetto, ne sono molto fiera.		]]></document>
	<document><![CDATA[il discorso ufficiale immagino l'abbia letto l'1% di voi http://t.co/Bw7WJwvi		]]></document>
	<document><![CDATA[@username non è che convince o non convince, è che è chiarissimo ma la gente non si informa e scrive o crede tutt'altro, come sempre.		]]></document>
	<document><![CDATA[@username sigh. come posso fare? impossibile inscrivere le immagini in un quadrato.		]]></document>
	<document><![CDATA[@username uuuh grazie mille :)		]]></document>
	<document><![CDATA[@username ho cambiato un'impostazione di visualizzazione per smartphone, poi magari vedi se cambia qualcosa (io non ne possiedo uno -_- )		]]></document>
	<document><![CDATA[Lena Dunham è incredibile.		]]></document>
	<document><![CDATA[mi manca Milano.		]]></document>
	<document><![CDATA[@username comprato pure io, fatto lo stesso ragionamento. Mah, sarà che è "di nicchia" (quindi per farlo scendere bisogna comprarlo di più)		]]></document>
	<document><![CDATA[spero che @username rimanga politically uncorrect anche se sponsorizzato, altrimenti mi toccherà chiamarlo la Chiara Ferragni della musica <3		]]></document>
	<document><![CDATA[@username è tipo l'antitesi di gossip girl @username		]]></document>
	<document><![CDATA[oggi credo di aver litigato con ogni mia conoscenza, su tutto lo scibile umano. Mi manca il litigio web, fatevi sotto.		]]></document>
	<document><![CDATA[@username anche Lena Dunham è ciccionazza ma scopa un casino tiè		]]></document>
	<document><![CDATA[@username fai talmente schifo che, quando fai la doccia, le verruche si mettono le ciabatte http://t.co/fa8H8mRe		]]></document>
	<document><![CDATA[@username bellissimo!		]]></document>
	<document><![CDATA[brutta mia madre a vent'anni http://t.co/7iOqfGfq		]]></document>
	<document><![CDATA[il problema dei puzzle è che più è bella l'immagine, più è un peccato tagliarla a griglia. Come lo posso dire delicatamente a RAVENSBURGER?		]]></document>
	<document><![CDATA[va beh, direi che è giunto il momento di comprarsi un telefono decente.		]]></document>
	<document><![CDATA[@username nope, ancora qui! (Devo comprare un qualsiasi telefono che svolga migliori funzioni rispetto al mio nokia da 40€ senza il retro)		]]></document>
	<document><![CDATA[@username no no, Berlino ho già dato nel 2009. Vado a Ravensburg, paesino minuscolo in Baviera :D		]]></document>
	<document><![CDATA[@username ehehe si, speriamo vada tutto bene :)		]]></document>
	<document><![CDATA[@username continuiamo per sempre, dai!		]]></document>
	<document><![CDATA[@username (non mi avevi mai followato eh)		]]></document>
	<document><![CDATA[regali ESSENZIALI da fare ai propri figli http://t.co/gV6JbO2j		]]></document>
	<document><![CDATA[@username uno tutto strano che si traveste e gira con i fenicotteri finti #arrestato		]]></document>
	<document><![CDATA[vero che martedì sera a Verona è pieno di cose da fare? Dai, vi interrogo, vediamo se le sapete.		]]></document>
	<document><![CDATA["festival di Sanremo" non è una risposta		]]></document>
	<document><![CDATA[@username eh, un po' si.		]]></document>
	<document><![CDATA[@username pensa che quando sarà fuori moda tu avrai i tuoi capelli belli sani e interi (comunque ci penso sempre anche io)		]]></document>
	<document><![CDATA[va beh ci posso arrivare da sola in effetti.		]]></document>
	<document><![CDATA[@username si, mi sono resa conto dopo un secondo di aver scritto un tweet cretino.		]]></document>
	<document><![CDATA[@username io conto su di te per conquistarla e diventare idolo del mondo.		]]></document>
	<document><![CDATA[vabbeh come segno di ribellione e insofferenza verso il mondo esco il ballerine.		]]></document>
	<document><![CDATA[sintesi in 140 caratteri di ieri sera?		]]></document>
	<document><![CDATA[regalami una stampante 3D e sarò tua forevah.		]]></document>
	<document><![CDATA[@username NO WAY. arrivo.		]]></document>
	<document><![CDATA[@username voglio la mia anima stampata in 3D @username		]]></document>
	<document><![CDATA[@username me la immagino come una pallina gommosa, quindi non dovrebbe essere difficile riprodurla @username		]]></document>
	<document><![CDATA[se le Femen sono femministe, io sono un tavolino rococò.		]]></document>
	<document><![CDATA[è una giornata da Decemberists.		]]></document>
	<document><![CDATA[@username se ha un buon sapore, per me si può fare :D		]]></document>
	<document><![CDATA[forbici cercansi http://t.co/RoID9C6l		]]></document>
</author>