<?xml version="1.0" encoding="UTF-8" standalone="no"?><author id="user141">
	<document><![CDATA[Solo per i veri amanti di Bear Grylls: "Bern Grill: Uomo Contronatura" http://t.co/EP66U5nP #BearGrylls #parodia #BernGrill		]]></document>
	<document><![CDATA[Con #MagicLantern la mia Canon 550D è letteralmente rinata! Poter girare video con ISO 160 e mic esterno è tutt'altra storia. @username		]]></document>
	<document><![CDATA[Svegliarsi correndo a cercare i regali sotto l'albero, non trovarli e ricordarsi che #BabboNatale non esiste più. Buon Natale a tutti!		]]></document>
	<document><![CDATA["La fede è una scommessa che ha senso nel valore del paradosso" (Don Helmut)		]]></document>
	<document><![CDATA[@username Io voto per il Fire		]]></document>
	<document><![CDATA[@username Certo, allora vedi te cosa ti serve di più		]]></document>
	<document><![CDATA[Ok, d'ora in poi progetterò solamente con i #GotanProject come sottofondo musical-mentale #designize #graphicdesign		]]></document>
	<document><![CDATA[@username Progetto ancora in fase alpha #designize		]]></document>
	<document><![CDATA[Alla scoperta delle sonorità di Matt Dusk, con tonalità che farebbero resuscitare persino il meraviglioso Frank #Sinatra		]]></document>
	<document><![CDATA[#designize inizia a prendere vita		]]></document>
	<document><![CDATA[Cosa c'è di meglio che uscire in #mtb a fare #freeride con un freddo secco? #sapevatelo		]]></document>
	<document><![CDATA[Articoli come questi fanno solo sorridere (e poi piangere): http://t.co/Hsss4pZ8		]]></document>
	<document><![CDATA[Il mio #Nokia5800 è un telefono da guerra! Al posto del tasto d'accensione adesso c'è un piccolissimo dado per bulloni! #finoallafine		]]></document>
	<document><![CDATA[#Canon rilascerà driver compatibili con OS X #Lion per le reflex #EOS nel primo quadrimestre del 2012... s'è svegliata presto insomma.		]]></document>
	<document><![CDATA[La ricetta per un sito web perfetto? http://t.co/7ZPLe7pl - Via @username		]]></document>
	<document><![CDATA[@username Ci sono problemi di rete a Prato (zona centro/nord)? Su 2 telefoni nessuno aggancia 3 (e sono mesi che a volte si sganciano).		]]></document>
	<document><![CDATA[@username Buongiorno, ti segnalo ben volentieri questa promo temporanea: http://t.co/J5Kbi0Yx		]]></document>
	<document><![CDATA[Contest dell'anno: vinci una TV QBell 42 http://t.co/5m0RPO25 via @username		]]></document>
	<document><![CDATA[@username Beccati questa sana dose di realtà aumentata! "Grid": http://t.co/uRHe1ric via @username		]]></document>
	<document><![CDATA[@username Assolutamente no ;) Buon anno a te e felici Feste!		]]></document>
	<document><![CDATA[Muovendomi con la dolce metà @username in quel di Firenze... Buon anno a tutti e felice Capodanno Twitterini! :)		]]></document>
	<document><![CDATA[Il meglio del #cinema di questo anno appena passato: "Filmography 2011" http://t.co/1quzzppo via @username		]]></document>
	<document><![CDATA[Il meglio del cinema del 2011, qui l'elenco completo http://t.co/9JEWtEsy #Filmography2011		]]></document>
	<document><![CDATA[Affamato di #WordPress, mica di cibo (dopo le feste di Natale poi...).		]]></document>
	<document><![CDATA[@username Io invece me la son trovata con la fiancata rigata con una chiave. Vinco io?		]]></document>
	<document><![CDATA[@username Eh, purtroppo me tapino sì! Ringrazio che ho fatto l'assicurazione contro gli atti vandalici (il caso volle...) :D		]]></document>
	<document><![CDATA[Cos'è un'emozione se non le dai un colore? #whyblackstudios		]]></document>
	<document><![CDATA[...pinguini! Nella mia prossima vita devo far parte della loro razza! » "Should I?" http://t.co/RL3d2sVd via @username		]]></document>
	<document><![CDATA[E questa è dedicata a tutti quelli che lavorano a computer 24/7. Buonanotte Twitter! ;) http://t.co/qrPEaW1H via @username		]]></document>
	<document><![CDATA[@username Prova a chiedere su @username, ho sentito che si trovano ottime risposte lì ;) #ironico		]]></document>
	<document><![CDATA[@username Sono sicuro che questa segnalazione ti piacerà ;) http://t.co/y9bDdqM8		]]></document>
	<document><![CDATA[@username ganzo :P		]]></document>
	<document><![CDATA[@username è contento @username :D		]]></document>
	<document><![CDATA[@username Non sto a consigliarti tutorial online, tanto di sicuro li conosci già tutti, ma forse questa può aiutarti http://t.co/mFcWzw15		]]></document>
	<document><![CDATA[@username Eh lo credo. Dai che con calma c'è sempre una soluzione a tutto... io brickavo sempre PSP e Symbian!		]]></document>
	<document><![CDATA[Come iniziare al meglio la settimana? Mandando in stampa delle prove dimensionali per un logo! #fullimmersion		]]></document>
	<document><![CDATA[Hello Monday! Così accontentiamo subito il trend di Twitter		]]></document>
	<document><![CDATA[@username sorry ho letto solo ora, ti ho risposto su HelpMac ;)		]]></document>
	<document><![CDATA[@username Di niente, figurati.		]]></document>
	<document><![CDATA[@username Eccoci, lo sapevo. Buon NON compleanno allora?		]]></document>
	<document><![CDATA[@username Se carichi molte foto allora sì, ne vale veramente la pena. Altrimenti via via cancella le vecchie...		]]></document>
	<document><![CDATA[@username Quello lo immaginavo, ma allora non ti conviene caricarle su un sito di hosting per foto e fine? tipo Twitpic o [cont]		]]></document>
	<document><![CDATA[@username ...o addirittura prendere un account Pro di CloudApp http://t.co/68BLnb1B (così non ci carichi solo foto)		]]></document>
	<document><![CDATA[@username e Google Picasa?		]]></document>
	<document><![CDATA[Brutto mestiere la creatività | In primo piano | Draft.it - Grafica Pubblicitaria e Comunicazione http://t.co/RCjohHCD		]]></document>
	<document><![CDATA[@username Prima via Twitter e poi via mail... il top!		]]></document>
	<document><![CDATA["I vantaggi di un Blog/Portfolio" http://t.co/zbJQRbn3		]]></document>
	<document><![CDATA[18 Gennaio #sciopero! http://t.co/WQ3ztNMe		]]></document>
	<document><![CDATA[Web Design: Come creare un sito web che soddisfi i bisogni del navigatore? http://t.co/Tm96ZFpU		]]></document>
	<document><![CDATA[A #ridaje con l'overdose di WordPress. Ogni tanto ci vuole.		]]></document>
	<document><![CDATA[Abbandono di #Facebook previsto per: Luglio 2012		]]></document>
	<document><![CDATA[@username RT @username: Web Design: Come creare un sito web che soddisfi i bisogni del navigatore? http://t.co/Tm96ZFpU		]]></document>
	<document><![CDATA[@username "Ho un galaxy nexus che non mi lega a google" LOL		]]></document>
	<document><![CDATA[@username Mi iscrivo virtualmente ad aggiornamenti sulla situazione, sono molto interessato		]]></document>
	<document><![CDATA[@username Talmente rallentato che ho preferito disinstallarlo. Sono cmq interessato a livello generale sulle prestazioni della firewire 800		]]></document>
	<document><![CDATA[@username Cos'è? Dove l'hai preso?		]]></document>
	<document><![CDATA[@username Bell'oggettino, è in alluminio? Ti romperò i prossimi giorni per sapere come va ;)		]]></document>
	<document><![CDATA[e le sue avventure alla scoperta di #foursquare.		]]></document>
	<document><![CDATA[Mi è arrivato un secondo Furryhead #Windscreen a gratis. #checulo		]]></document>
	<document><![CDATA[Addio serie TV in streaming! #Megavideo e #Megaupload hanno chiuso i battenti...		]]></document>
	<document><![CDATA[@username Eh sì, lo so. Ma Megavideo era sempre Megavideo. E poi spero che gli altri servizi vadano con RealDebrid o simili... vedremo!		]]></document>
	<document><![CDATA[Il mondo di Twitter sta entrando nel caso più totale per la chiusura di #Megavideo e #Megaupload è uno degli hashtag più usati!		]]></document>
	<document><![CDATA[20 immagini che cambieranno la tua vita! http://t.co/itOuIgzV		]]></document>
	<document><![CDATA[@username A però... notevoli!		]]></document>
	<document><![CDATA[Normalmente non lo direi mai, ma stasera ho proprio raggiunto l'apice della stanchezza (soprattutto mentale). #weekend sto arrivando!		]]></document>
	<document><![CDATA[@username Sono ancora in attesa di risposta per sapere se 3 fa la furbetta o dà garanzia di 24mesi acquistando iPhone 4S in abbonamento.		]]></document>
	<document><![CDATA[@username Eh no, avete risposto "Puoi sottoscrivere volendo l'estensione" ma ciò non toglie che acquistando in negozio la garanzia sia 24mesi		]]></document>
	<document><![CDATA[@username Appena il sito sarà nuovamente raggiungibile lo farò, grazie.		]]></document>
	<document><![CDATA[@username Ok ho letto, ma si parla di "Garanzia" generica e non di "1 o 2 anni". Utilità: zero.		]]></document>
	<document><![CDATA[@username A me sta storia di ICS e Android in generale m'ha un po' stancato da tempo e mi fa propendere a prendere iPhone 4S...		]]></document>
	<document><![CDATA[@username Puoi dirlo forte! Al momento mi sto scompisciando con #Siri :D		]]></document>
	<document><![CDATA[Ok, mi devo ricredere: l'audio di un iPhone 4S unito a musica della giusta qualità e con cuffie non di serie è proprio da 30 e lode. #iPhone		]]></document>
	<document><![CDATA[@username TOP400 e iPhone 4S = il TOP in assoluto per chi vuole iniziare a sentirsi veramente libero! Grazie 3!		]]></document>
	<document><![CDATA[Ciao, prova WhatsApp Messenger per iPhone, Android, Nokia e BlackBerry. Scaricalo da http://t.co/pAu22y8v e fai a meno di SMS		]]></document>
	<document><![CDATA[Ordinate le #Wrapsol ULTRA per iPhone 4S su Active, grazie soprattutto alla recensione di @username e @username		]]></document>
	<document><![CDATA[@username Fatto! E ho anche inviato richiesta d'aggiunta Università "LABA"		]]></document>
	<document><![CDATA[designize http://t.co/6als9MQC		]]></document>
	<document><![CDATA[@username Scorri ai commenti http://t.co/B5OPrWO3 #bitchplease		]]></document>
	<document><![CDATA[I miei più sentiti complimenti ad @username perché in meno di 24h mi ha fatto avere le Wrapsol ULTRA. Ed è ora di  applicarle!		]]></document>
	<document><![CDATA[#Wrapsol applicata: il laterale è perfetto, il retro quasi. Il fronte è pieno di bolle... aspettiamo 24h prima di giudicare.		]]></document>
	<document><![CDATA[E si scoprì che non era rotto l'iPhone ma che non funzionano più quasi tutti i ripetitori telefonici in Toscana causa #terremoto		]]></document>
	<document><![CDATA[#GrandeCinema3: Card Red 1 ingresso a settimana + Card Silver 1 ingresso al mese = il TOP (400) #fuckyeah		]]></document>
	<document><![CDATA[Stamani nemmeno mi ricordavo di avere delle pellicole su iPhone. Bolle scomparse, trasparenza 100%! Excellent work #Wrapsol! #wrapsolultra		]]></document>
	<document><![CDATA[Temperatura prevista per Mercoledì 1 Febbraio sul #Cimone: tra -9º e -11º. È tempo di sciare! #fuckyeah		]]></document>
	<document><![CDATA[Photoshop CS6, la faccenda inizia a farsi molto gustosa. "Sneak Peek #1": http://t.co/WXKIxfQx		]]></document>
	<document><![CDATA[No ma... ottimo: Martedì #IlMeteo.it dà neve a Prato! http://t.co/BWOFPXmR Vuoi vedere che inizierò a sciare già dalla città?		]]></document>
	<document><![CDATA[Bonjour Twittér! Iniziamo la settimana svegliando un po' la mente con qualche bel logo http://t.co/R94nUGBR		]]></document>
	<document><![CDATA[E cosa ne pensate di questi 10 vini i cui nomi vi faranno diventare ebbri ancor prima di berli? http://t.co/s3j5d7Ko		]]></document>
	<document><![CDATA[@username (!) Se vuoi una compatta che sia di alta qualità e che abbia controlli manuali (introvabile) guarda qui! http://t.co/tfslNcCw		]]></document>
	<document><![CDATA[@username Dal salone del mobile di Colonia nuova fiducia nel design italiano http://t.co/U8rr43JR via @username		]]></document>
	<document><![CDATA[Cosa c'è di meglio dopo piscina? Uno spuntino post-piscina!   #sapevatelo		]]></document>
	<document><![CDATA[#Prato: Neve? Altro che neve! C'è ma un vento a dir poco polare! Roba da #pinguini con la giacca a vento signori miei.		]]></document>
	<document><![CDATA[47 foto #mozzafiato per inziare alla grande questa mattinata #polare http://t.co/TV31qPGs		]]></document>
	<document><![CDATA[@username immagino che sia un'offertona per un tempo limitato! #nemmenoamazon		]]></document>
	<document><![CDATA[Non importa essere amanti o meno di Porsche per poter apprezzare questo #brand video: http://t.co/GvTTpq3m #capolavoro		]]></document>
	<document><![CDATA[E qui a Prato hanno già buttato il sale nelle stazioni. http://t.co/QYnuaZsI		]]></document>
	<document><![CDATA[#Prato: inizia ad imbiancarsi. Cimone stiamo arrivando? :| #lasperanzaèlultimaamorire http://t.co/eiKtZuus		]]></document>
	<document><![CDATA[IRONIA: è quando in 23 anni che vivi a #Prato nevica l'unica mattina in cui devi partire per andare a sciare. http://t.co/nw0SUPoB		]]></document>
	<document><![CDATA[Cimone rimandato causa #neve. Ha dell'ironico.		]]></document>
	<document><![CDATA[#Prato: #neve ancora per Venerdì e Sabato compresi. #ammazzachepalle		]]></document>
</author>