<?xml version="1.0" encoding="UTF-8" standalone="no"?><author id="user490">
	<document><![CDATA[ciao #Partigiana Chicchi.che la terra ti sia lieve. #partigianisempre  @username		]]></document>
	<document><![CDATA[è morta l'amica di #Pinochet. http://t.co/NffSCEwjXD #Thatcher		]]></document>
	<document><![CDATA[Era la Mossa Kansas City RT "@username : I prodiani non voteranno #Marini. Non ha i voti #Colle" #daje		]]></document>
	<document><![CDATA[@username ecco a cosa si riferiva Kurtz in #HeartOfDarkness #thehorror #Marini		]]></document>
	<document><![CDATA[l'ultimo caffé #primacheelegganoMarini #Marini		]]></document>
	<document><![CDATA[@username Amedeo Nazzari è morto #sapevatelo #fasenuova #Qurinale		]]></document>
	<document><![CDATA[@username una martellata sui piedi?		]]></document>
	<document><![CDATA[quindi aveva ragione Guzzanti/Funari #prodi #gnafa		]]></document>
	<document><![CDATA[ma davvero c'è rimasto #Barca? cos'è, un'antomasia come progetto politco?qualcuno mi dica che il flusso canalizzatore sta flussando #boiadé		]]></document>
	<document><![CDATA[treno Trento-Verona fa male assistere a controllo biglietti razziali #razzismo #articolo3 #diritti #doveri		]]></document>
	<document><![CDATA[buona liberazione!!!partigiani sempre #25aprile #antifa		]]></document>
	<document><![CDATA[ok, ora aprite l'archivio. #Andreotti		]]></document>
	<document><![CDATA[sto per andare a mensa.sento forte odore di #diludendo #sapevatelo #fairifletti		]]></document>
	<document><![CDATA[caffellatte, brioche, muscoril, ibuprofene e #pedalare #breakfast		]]></document>
	<document><![CDATA[@username e per un motivo inspiegabile il link al sondaggio non è più disponibile? #boiadé #daje #31%		]]></document>
	<document><![CDATA[@username @username @username @username in piazza a Roma colla #fiom no eh?		]]></document>
	<document><![CDATA[ma se è usato come può anche essere nuovo?#contraddizioni #ecchetelodicoafare http://t.co/15BAJo7eEm		]]></document>
	<document><![CDATA[domani: #Bologna #votaA, #meDici #roma te dico #sandrosubito #repubblicaromana. #sapevatelo		]]></document>
	<document><![CDATA[Nel frattempo al bar. "un #cappuccio deca". "un #gelato e una #camomilla". Tu chiamale se vuoi, #colazioni #buongiorno #sapevatelo		]]></document>
	<document><![CDATA[il supermercato sta per chiudere.tanta gente.cosa fai?riduci all'osso le cassiere. #genio #vuoichemuoro.		]]></document>
	<document><![CDATA[il #lunedì e l'odore di #morte in ufficio.ma non per dire, proprio c'è odore di #morte. #sapevatelo #ambientisalubri #produttività		]]></document>
	<document><![CDATA[#situazionismo puro“@username: E'arrivato il momento di combattere uniamoci rivoluzione anarchia ladriiiii assassiniiiii corrottiiii”		]]></document>
	<document><![CDATA[79 maledetti euro per un caricabatterie del Mac.ma #porco di quel #porco. #sapevatelo		]]></document>
	<document><![CDATA[grande scoop.hanno fatto l'intervista direttamente alla casa-palestra #macomeparla #IMU #Idem #sapevatelo http://t.co/ONkOBXYb6D		]]></document>
	<document><![CDATA[farò un aperitivo con #7 birre e domani colazione con #7 biscotti #7anniperB		]]></document>
	<document><![CDATA[non farò come nel 94 gridando "W il compagno lele mora" ma godo un sacco #boiade http://t.co/UBsb39dNuJ via @username		]]></document>
	<document><![CDATA[@username gridai "W il compagno Bossi" quando tolse la fiducia al governo #B I. errori di gioventù		]]></document>
	<document><![CDATA[Napolitano pressa #Obama per #Datagate.non riesco a smettere di ridire #prism #comesiamomessi #sapevatelo		]]></document>
	<document><![CDATA[Consultazione pubblica Riforme Costituzionali. Fra dubbi e incertezza ho preferito dire la mia http://t.co/MfDXbG31cT  ?#openriforme		]]></document>
	<document><![CDATA[da ripetersi come un mantra tibetano: #respira #respira #respira		]]></document>
	<document><![CDATA[@username lei va un casino quest'anno!!nemmeno con una campagna elettorale #Derelicte gli altri ce la faranno. #comesiamomessi		]]></document>
	<document><![CDATA[non ci posso credere #sentenzamediaset		]]></document>
	<document><![CDATA[#2Agosto 1980 10:25 vile attentato fascista #StrageDiBologna. Per non dimenticare, ora e sempre #Resistenza. #antifascismo #nopasaran		]]></document>
	<document><![CDATA[notizie dalla #guerracivile ?		]]></document>
	<document><![CDATA[Domanda: per la #rivoluzione devo prendere il #109, ma per la #guerracivile?		]]></document>
	<document><![CDATA[bella gente, davvero. ma è il #meeting13 #CL o il convegno del #KuKluxKlan? #tantopersapere http://t.co/k6xgSRiKi4 via @username		]]></document>
	<document><![CDATA[qualcuno c'ha mica della #spuma bionda?		]]></document>
	<document><![CDATA[Google cambia algoritmo: PageRank lascia il posto a Hummingbird, il colibrì che dà risposte pi... http://t.co/M2BHZBNVzS via @username		]]></document>
	<document><![CDATA[scontro #Cicchitto - #sallusti a #Ballaro: la realizzazione plastica di fine regime? #daje #tifiamoasteroide		]]></document>
	<document><![CDATA[@username c'hai messo #20anni ma grazie per questa serata a #Ballaro		]]></document>
	<document><![CDATA[e ora inizia lo show. parla #Berlusconi		]]></document>
	<document><![CDATA[se "#eh?" è la prima #parola universale, la seconda #parola, a #Livorno, è stata "#puppa!"
 http://t.co/mFZQzxT7zN		]]></document>
	<document><![CDATA[@username 17, 42. messi insieme agli altri abbiamo la sequenza completa dei numeri di #Lost.magari ci salviamo #postdecadenza		]]></document>
	<document><![CDATA[@username aspetta il mio rientro a #Trento		]]></document>
	<document><![CDATA[A #Bali #WTO Italia sostenga la proposta #G33 per sovranità alimentare http://t.co/WNCyRipASV @username @username #tradegame #EndWTO		]]></document>
	<document><![CDATA[quindi, solo il 19,7% degli iscritti al portale #M5S ha votato. La #democrazia #diretta fa sudare . E cmq #siamotuttimigranti		]]></document>
	<document><![CDATA[@username la #confusione sotto il #cielo è tanta #Vietnam #tshirt #wrongcolors http://t.co/h8waBx5UGR		]]></document>
	<document><![CDATA[non so guidare sulla neve, no, non so guidare sulla neve #sapevatelo #ihatesnow		]]></document>
	<document><![CDATA[aspetto con ansia il plastico #sapevatelo #esperti http://t.co/3FklttmOas		]]></document>
	<document><![CDATA[portare il concetto di #freddo a livelli prima inconcepibili #Tartu #Estonia		]]></document>
	<document><![CDATA[#Estonia: dove in ogni locale trovi solo musica anni #80! #so80s #music #musicexeperience		]]></document>
	<document><![CDATA[@username, lavoro. Paper(o) e presentazione a conferenza #gwc2014		]]></document>
	<document><![CDATA[@username questa resta la migliore in assoluto http://t.co/cKpbHQ2QGC		]]></document>
	<document><![CDATA[bloccato sul #5 da un'ora #nevemaledetta #Trento		]]></document>
	<document><![CDATA[e ora la #staffetta! #vogliotrasferirmiaRapaNui		]]></document>
	<document><![CDATA[#Renzi tag cloud del discorso al #senato #cosahadetto http://t.co/3ZEyJK2uqu		]]></document>
	<document><![CDATA[#Renzi, e le pentole dove sono? #lasòlabuona		]]></document>
	<document><![CDATA[a qualcuno avanza un fortunadrago?#so80s		]]></document>
	<document><![CDATA[buon #25Aprile a tutt* #partigiani sempre		]]></document>
	<document><![CDATA[certo, perdere 3 milioni di voti in un anno è tanta roba!! #vinciamopoi		]]></document>
	<document><![CDATA["ma davvero agli uomini interessa qualcos'altro che vivere?" #PPP		]]></document>
	<document><![CDATA[@username @username parole in libertà, smentite da dati e fatti #sapevatelo		]]></document>
	<document><![CDATA[Futuro imperscrutabile http://t.co/ezduVsjEeq #storylines		]]></document>
	<document><![CDATA[@username @username http://t.co/daWMbDuftF visto che non ci sono più padroni		]]></document>
	<document><![CDATA[una sala curiosa di conoscere il rapporto tra tempo e linguaggio #festivalscienza @username http://t.co/12Jsbjg1Fe		]]></document>
	<document><![CDATA[Bertinetto @username ci introduce alla temporalità nelle lingue naturali #festivalscienza http://t.co/6CUPh6FDQW		]]></document>
	<document><![CDATA[Bonomi @username, è il momento di parlare del tempo e del linguaggio in filosofia #festivalscienza http://t.co/kR6YYW8Ckj		]]></document>
	<document><![CDATA[Bonomi @username che cosa è il presente? un punto?ma "quanto dura il presente di qualcosa?" #festivalscienza http://t.co/rZwiVtatFc		]]></document>
	<document><![CDATA[Il tempo nel linguaggio / Time and Language https://t.co/cly4Eo7d59 via @username		]]></document>
	<document><![CDATA[rompere il muro di #omertà #stefanocucchi http://t.co/eVe3ZAC9Y6 via @username		]]></document>
	<document><![CDATA[PIERINO per #labuonascuola analisi della consultazione @username @username		]]></document>
	<document><![CDATA[analisi dati #labuonascuola con #PIERINO una bellissima e matta esperienza @username @username @username @username		]]></document>
	<document><![CDATA[FBK collabora con il MIUR per #labuonascuola http://t.co/goxJlZwItr @username @username		]]></document>
	<document><![CDATA[lunch time no stop #hacking #NewsReader #automotive http://t.co/BusSUkZYP2		]]></document>
</author>