<?xml version="1.0" encoding="UTF-8" standalone="no"?><author id="user658">
	<document><![CDATA[dal 12 al 17 maggio UNIPERTUTTI. Una buona Università pubblica è per tutta la società e di tutta la società http://t.co/41yTGYaMEY		]]></document>
	<document><![CDATA[@username immenso :-)		]]></document>
	<document><![CDATA[Qui comincia @username Anna Menichetti racconta e legge Etty Hyllesum. Tutt'un'alba di poesia, memoria e com-passione.		]]></document>
	<document><![CDATA[Sai difenderti dalle bufale scientifiche? Dal 19 al 24 Maggio 2014 in tante città http://t.co/Cl8zGUT9mo http://t.co/qbLPXFp1XM		]]></document>
	<document><![CDATA[@username Buongiorno Paolo :-) uff niente GP anche oggi		]]></document>
	<document><![CDATA["Basta con finte Partite Iva" dai, troviamo un altro nome ai subordinati precari! > In effetti anche 'libero' professionista non si attaglia		]]></document>
	<document><![CDATA[In fondo a ogni credenza c'è una verità. In fondo a ogni salotto c'è una credenza. Questo dimostra inconfutabilmente che i salotti esistono.		]]></document>
	<document><![CDATA[@username Buongiorno Paolo :-) anche tu cerchi la verità nella credenza eh... tutte le mattine ;-)		]]></document>
	<document><![CDATA[@username Buongiorno Carlì :-D che musica!!		]]></document>
	<document><![CDATA[@username inconfutabilmente ;-) :-D		]]></document>
	<document><![CDATA[Genny concerta allo Stadio, Briatore insegna alla Bocconi, Renzi fa la rivoluzione al Governo, Salvini incita il Sud... perdo l'equilibrio		]]></document>
	<document><![CDATA[Franco Battiato: Centro di Gravità Permanente http://t.co/mgepVbl8LP		]]></document>
	<document><![CDATA[Ho firmato > Per un'azione internazionale che porti alla liberazione delle studentesse nigeriane http://t.co/aHxdCBGChA #BringBackOurGirls		]]></document>
	<document><![CDATA[@username ma come si fa Paolo??? Ah Buongiorno :-)		]]></document>
	<document><![CDATA[@username @username ah io son conturbatissima ;-) Buongiorno Paolo		]]></document>
	<document><![CDATA[@username c'è sempre l'emigrazione ;-)		]]></document>
	<document><![CDATA[L'acqua dal tetto sul treno dell'aurora #pendolarezen		]]></document>
	<document><![CDATA[Si cambi carrozza #pendolarezen		]]></document>
	<document><![CDATA[Le dispute a colpi di statistica su ricerche pubblicate insegnano a fornire i dati grezzi che altri possano verificare. Ne va della carriera		]]></document>
	<document><![CDATA[...e dell'essenza del metodo scientifico. Che mi pare più un salute che mai dopo diversi colpi bassi e frodi.		]]></document>
	<document><![CDATA[@username uauuu grazie Carlì, metto le cuffie :-) Buona Giornata :-)		]]></document>
	<document><![CDATA[Alla mia sinistra c'è un club di ruminanti. E non sono affatto adolescenti #pendolarezen #misofonia		]]></document>
	<document><![CDATA[@username oh Sì sì... un grezzo ci salverà! :-) Buongiorno Cal :-:-D		]]></document>
	<document><![CDATA[La storia del 1° lab di psicologia sperimentale http://t.co/vD7V23ejEH Il 110° anniversario celebrato anche a Firenze http://t.co/PsWmH0TaWI		]]></document>
	<document><![CDATA[15 maggio ore 17.30 a Firenze ci sarà anche Guido Calabresi,Prof Emerito Yale University nipote della pioniera Renata http://t.co/1DytVMnitX		]]></document>
	<document><![CDATA[@username Buongiorno Carlì :-)		]]></document>
	<document><![CDATA[Time Out - Ci Metto La Faccia *AlvinSuperstar*: http://t.co/Xg4ApNviPT cicici		]]></document>
	<document><![CDATA[@username Buongiorno Carlì :-)		]]></document>
	<document><![CDATA[Aderisci anche tu :-D http://t.co/3vKYIljzEW		]]></document>
	<document><![CDATA[...la campagna di Marie Stopes International, che in Bolivia è come la nostra AIED, fondamentale http://t.co/rjDst9j0Cn		]]></document>
	<document><![CDATA[dal 12 al 17 maggio UNIPERTUTTI http://t.co/41yTGYaMEY Una buona Università pubblica è utile per tutta la società ed è di tutta la società		]]></document>
	<document><![CDATA[@username mal di schiena pure tu? ;-)		]]></document>
	<document><![CDATA[@username quindi se non cambia nulla, almeno non mi sono affaticata praticando il non-sport ;-P :-D		]]></document>
	<document><![CDATA[@username poi dicono che lo sport fa bene... ;-)		]]></document>
	<document><![CDATA[@username Buongiorno Carlì :-)		]]></document>
	<document><![CDATA[@username oh grazie Carlì, sempre splendida :-) Buongiorno :-D		]]></document>
	<document><![CDATA[Stamani si scuotono i telefoni e sono più rudi in carrozza i movimenti ondulatori #pendolarezen		]]></document>
	<document><![CDATA[296° anniversario della nascita di Maria Gaetana Agnesi, matematica e benefattrice #GoogleDoodle
https://t.co/eU6whKkv4l		]]></document>
	<document><![CDATA[In 1748, Maria Agnesi published her famous summation treatise Instituzioni analitiche ad uso della gioventù (cont) http://t.co/Swml1zoJMI		]]></document>
	<document><![CDATA[@username Buongiorno Francesco :-)		]]></document>
	<document><![CDATA[Se è vero, vorrei conoscerlo > Giro d'Italia, il ciclista grida al pubblico del Sud "terroni" http://t.co/pY4dFTfCn2 via @username		]]></document>
	<document><![CDATA[@username sai chi era il ciclista?		]]></document>
	<document><![CDATA[@username no no i turisti di solito sono ammaliati :-D i cialtroni si sentono sempre più a nord di qualcuno ;-) Buongiorno Paolo :-)		]]></document>
	<document><![CDATA[@username certo ma se il tono è offensivo va segnalato chi l'ha urlato		]]></document>
	<document><![CDATA[Li accogliamo, in gabbia > Castelnuovo, rivolta dei migranti Scontri e cariche al centro d’accoglienza http://t.co/s2OCBmoZfr via @username		]]></document>
	<document><![CDATA[@username Buongiorno Carlì :-)		]]></document>
	<document><![CDATA[se ce la fa il governo ce la fa l'Italia -se ce la fa il governo non ce la fa l'Italia -se non ce la fa il governo ce la fa l'italia #comb		]]></document>
	<document><![CDATA[mo' esploro i temi di http://t.co/FU3vSKnyDv		]]></document>
	<document><![CDATA[Il pittore che non sapeva più dipingere come prima e un falso Cosa succede se la simultanagnosia colpisce un pittore? http://t.co/HKeXNGExp3		]]></document>
	<document><![CDATA[@username Carlì bello, Buongiorno :-D		]]></document>
	<document><![CDATA[Si guarda oltre il mal di schiena, il cielo grigio, il piumino leggero, il solito treno in orario #pendolarezen		]]></document>
	<document><![CDATA[psicologi, biologi.... "@username "Quella sanità di cui non si parla mai... con altissime professionalità" http://t.co/zHeaOQZaH7 @username		]]></document>
	<document><![CDATA[23 DAYS/DIAS #nicolelis - Mondiali > Un grande balzo per la scienza, un piccolo passo per la disabilità http://t.co/BHLGbKI8zR #esoscheletro		]]></document>
	<document><![CDATA[Firenze: 23 maggio ore 17, Libreriacafè La Cité. Non mancate! > La bufala è servita: tra scienza e pseudoscienza https://t.co/GezE9MwBci		]]></document>
	<document><![CDATA[:- D Il mio Google Doodle è bellissimo :-D http://t.co/MMyG50JOOy		]]></document>
	<document><![CDATA[@username vuoi favorire? Buongiorno Paolo :-D		]]></document>
	<document><![CDATA[@username un po' di tutto immagino ;-)		]]></document>
	<document><![CDATA[Tragedia sull'A3, nei pressi di Lauria. Crolla galleria, perde la vita un operaio http://t.co/4dRXtOyh9z		]]></document>
	<document><![CDATA[Tagliamo servizi, mica consulenze e burocrazia > Via piccoli ospedali,ticket meno caro Ecco la rivoluzione http://t.co/k1P3crnz76 @username		]]></document>
	<document><![CDATA[@username Buongiorno Carlì :-D		]]></document>
	<document><![CDATA[@username :-D Grazie Massimo!		]]></document>
	<document><![CDATA[Pagate la sinistra vi regaliamo la destra. Ma che andate a pensare... http://t.co/PFgIkOz4bC		]]></document>
	<document><![CDATA[22 DAYS/DIAS #nicolelis - Mondiali > Un grande balzo per la scienza, un piccolo passo per la disabilità http://t.co/BHLGbKI8zR #esoscheletro		]]></document>
	<document><![CDATA[Numero di Social Psychology in #OpenAccess dedicato a replicare alcuni effetti storici. La Psicologia sta maturando http://t.co/d8siPeTka3		]]></document>
	<document><![CDATA[Gli articoli sono stati pre-registrati e letti dai referee prima di raccolta dati, per verificare-prima-applicazione del metodo scientifico		]]></document>
	<document><![CDATA[Ad es. non replicato "Effetto Giulietta e Romeo" (1972)= all'aumentare dell'ingerenza dei genitori aumenta l'amore e il legame di coppia		]]></document>
	<document><![CDATA[@username Buongiorno Carlì :-)		]]></document>
	<document><![CDATA[Vi pare possibile che possa andare a votare in preda a raptus? Corrado Guzzanti https://t.co/Vq9gbnh5cn > > Gad Lerner ha preso un granchio		]]></document>
	<document><![CDATA[@username ah che bellezza, grazie Carlì e Buongiorno :-)		]]></document>
	<document><![CDATA[Sabbia: il video esclusivo dei Tetes de Bois per inchiesta "Il diario scomparso di Falcone".http://t.co/hrpw4qyAjL via @username		]]></document>
	<document><![CDATA[Nicolelis mostra video di alcuni passi con esoscheletro, si vedono gambe,non com'è azionato né situazione clinica delle persone in training		]]></document>
	<document><![CDATA[Le notizie su Nicolelis ci fanno sapere quanti fondi sta raccogliendo, non i Metodi di ricerca. Speriamo in un articolo su Nature.		]]></document>
	<document><![CDATA[@username Buongiorno paolo :-)		]]></document>
	<document><![CDATA[21 DAYS/DIAS #nicolelis - Mondiali > Un grande balzo per la scienza, un piccolo passo per la disabilità http://t.co/BHLGbKI8zR #esoscheletro		]]></document>
	<document><![CDATA[@username che succede Paolo?? Nooo, fermatiii: la martellata andrebbe a guastare un'altra area corticale!!!		]]></document>
	<document><![CDATA[@username e vabbe' ma te ti fai gli esperimenti da solo ;-)		]]></document>
	<document><![CDATA[@username Ciao Adri :-D Buon Giorno :-)		]]></document>
	<document><![CDATA[@username Ciao Carlì, Buongiorno :-)		]]></document>
	<document><![CDATA[Oggi alle 17 a Firenze *La bufala è servita* (mi spiace non esserci, siate numerosi!) https://t.co/CVRKhzYsl0		]]></document>
	<document><![CDATA[Breaking the Class Ceiling http://t.co/FDXbD0M40m > la carriera accademica è di classe		]]></document>
	<document><![CDATA[La caviglia,:la guarda, la tasta. Non la trova.  Un tiro alla sigaretta. Trova la vena. La siringa. Sul binario a Napoli C. #pendolarezen		]]></document>
	<document><![CDATA[@username un'immagine che non vedevo da 20 anni... più angosciante in mezzo alla folla distinta del treno veloce...		]]></document>
	<document><![CDATA[La più immediata applicazione dell'esoscheletro non è clinica e non è controllato dalla mente... http://t.co/QbdL64ORVp		]]></document>
	<document><![CDATA[-19 DAYS/DIAS ai Mondiali di calcio> Un grande balzo per la scienza, un piccolo passo per la disabilità http://t.co/BHLGbKI8zR #esoscheletro		]]></document>
	<document><![CDATA[5 è troppo poco, 4 è il blu #byebye		]]></document>
	<document><![CDATA[@username ahahahah chi è il genio?		]]></document>
	<document><![CDATA[@username ahahahah curiosissima di sapere come hai chiamato gli altri settori del circuito di Montecarlo ahahahah		]]></document>
	<document><![CDATA[@username :-D :-D :-D che memoria! ...con una piccola imperfezione ;-) :-P :-)		]]></document>
	<document><![CDATA[@username si pure tutto il resto eh - mica è da tutti :-) - va tutto bene, ormai la curva la rinominiamo, domani scrivo al Principe		]]></document>
	<document><![CDATA[@username ahahahah Principe sarà senz'altro d'accordo e pure Ecclestone.... per i grandi meriti in automobilismo e jet-set :-D :-D		]]></document>
	<document><![CDATA[@username allora meglio Antonino Guess, senti a me ;-) :-D		]]></document>
	<document><![CDATA[@username ahahahah allora preparo vestito e gioielli ... (mo soffoco hhhahhahhh)		]]></document>
	<document><![CDATA["@username: Il pentimento del boss: imputato Iovine, ora confessi http://t.co/kGLEjlixBr" "lei ha perso" "ci dica come andò"		]]></document>
	<document><![CDATA[@username :-D tutto pronto!!! #vedorosso		]]></document>
	<document><![CDATA[@username tutt'e due affamati!!! Lotta tra l'ex povero e il sempre ricco ;-) e poi c'è quel fastidio blu...		]]></document>
	<document><![CDATA[che rischio al pit stop! ma che guardate gli yacht???		]]></document>
	<document><![CDATA[Williams, una promessa		]]></document>
	<document><![CDATA[Raikkonen 12° all'ultimo giro fa il giro veloce...		]]></document>
	<document><![CDATA[:)  http://t.co/7kveKE26RJ Quell’astronave è veramente stupefacente. È tanto stupefacentemente stupefacente che credo mi piacerebbe r...		]]></document>
	<document><![CDATA[@username non scordare l'asciugamano ;-) Buongiorno Paolo :-D		]]></document>
</author>