<?xml version="1.0" encoding="UTF-8" standalone="no"?><author id="user869">
	<document><![CDATA[#Firenze Al lavoro sul 2020, l'iniziativa che parte domani sul futuro della città. Stasera diretta a telekomando per rispondere ai cittadini		]]></document>
	<document><![CDATA[#Firenze #20venti il sogno concreto della città che stiamo realizzando. Live dalle 10 su www.comune.fi.it  Gradite idee e critiche...		]]></document>
	<document><![CDATA[#Firenze Interessante come sempre Da Empoli. Il ruolo di Firenze in un mondo che non è più quello di prima #20venti		]]></document>
	<document><![CDATA[@username ti ho risposto in diretta dal palco		]]></document>
	<document><![CDATA[#20venti mi piace leggere in diretta le critiche all'amministrazione. Ogni polemica è stimolo a fare meglio e noi ci siamo #Firenze		]]></document>
	<document><![CDATA[@username grande! Come stai? Se sono ancora vivo dopo la maratona passo a salutarti		]]></document>
	<document><![CDATA[#20venti i numeri degli sfratti che sta dando Fantoni sono impressionanti		]]></document>
	<document><![CDATA[@username chiaro. Pettorale 250, voglio farcela in 4h10, 250minuti		]]></document>
	<document><![CDATA[@username @username non leggo nulla! Ma qualche buca l'ho tappata...		]]></document>
	<document><![CDATA[@username hai ragione, è l'assessore alla casa di firenze		]]></document>
	<document><![CDATA[#20venti Salone ancora pieno. Adesso siamo sul masterplan delle cascone		]]></document>
	<document><![CDATA[@username noi la stiamo amministrando. Facciamo da soli o chiediamo una mano ai cittadini?		]]></document>
	<document><![CDATA[#Firenze #20venti il video sulla nevicata del 17 dicembre è una figata. Io quel giorno però non mi sono divertito un granché...		]]></document>
	<document><![CDATA[@username Non diciamo balle. Nessuno è rimasto in strada per un giorno per colpa del Comune. Ma al massimo quattro ore. Comunque troppe		]]></document>
	<document><![CDATA[#20venti tremila posti parcheggio nuovi da qui alla fine del mio primo mandato. Nei sondaggi il parcheggio è il primo problema di #Firenze		]]></document>
	<document><![CDATA[#20venti #Firenze grazie al lavoro di questa amministrazione Firenze sarà la prima area metropolitana con la rete idrica depurata al 100%		]]></document>
	<document><![CDATA[#20venti #Firenze allora: l'acqua del rubinetto è ok. Ma le fogne no. Scarica  in Arno il 30% dei fiorentini. Noi risolveremo il problema		]]></document>
	<document><![CDATA[#Firenze Ultimo giorno di #20venti per disegnare insieme la città che verrà. streaming sul www.comune.fi.it. Io chiudo dopo le 12		]]></document>
	<document><![CDATA[#20venti sul tema casa sostenibile ci giochiamo parte della scommessa di una #Firenze verde. Vogliamo essere leader in questo settore		]]></document>
	<document><![CDATA[@username d'accordo, facciamolo inaieme		]]></document>
	<document><![CDATA[Buona giornata a tutti i volontari della #collettaalimentare Da Palazzo Vecchio per #20venti un abbraccio e un grazie da tutti noi		]]></document>
	<document><![CDATA[#20venti adesso provo a fare le conclusioni. Grazie a chi si è messo in gioco con noi. Insieme proveremo a fare #Firenze più bella		]]></document>
	<document><![CDATA[Pronto per la #maratona. 42km sulle strade di #Firenze. Perderò qualche chilo e controllerò qualche buca. Ci si vede al traguardo, spero...		]]></document>
	<document><![CDATA[#Firenze Sono distrutto ma ho chiuso dentro l'obiettivo per un soffio: 4h10 e 59 secondi. Tanti crampacci ma felice! #maratona		]]></document>
	<document><![CDATA[Voglio fare i complimenti a #Linus. Ha fatto il suo record personale con 3h27! #Firenze porta bene...		]]></document>
	<document><![CDATA[@username nel mio caso, ti piace vincere facile eh!		]]></document>
	<document><![CDATA[@username real time 4.10.59! Due secondi ma ci tengo!!!		]]></document>
	<document><![CDATA[@username @username circa 4300 euro netti al mese per dodici mensilità.		]]></document>
	<document><![CDATA[#Firenze siamo alla fase finale della ricerca del più grande capolavoro di leonardo da vinci, la battaglia di Anghiari, in #palazzovecchio!		]]></document>
	<document><![CDATA[#Firenze #capodanno Caparezza in piazza stazione. Quattro concerti di musica diversa in quattro piazze diverse. Pagano gli sponsor.		]]></document>
	<document><![CDATA[Il Boss a #Firenze? Undicimila biglietti venduti nella prima ora su internet! Sarà una grande estate quella del 2012...		]]></document>
	<document><![CDATA[#Firenze Ancora a Rifredi. Poi by night in palazzo per la battaglia d'Anghiari...		]]></document>
	<document><![CDATA[@username esatto!		]]></document>
	<document><![CDATA[@username abbiamo iniziato ma c'è molto da fare...		]]></document>
	<document><![CDATA[#Firenze Ludoteca a Gavinana inaugurata stamani. Top della sostenibilità: felice perché diamo attenzione ai cittadini più piccoli, i bambini		]]></document>
	<document><![CDATA[Battaglia di Anghiari: Primi risultati decisamente ok. Aspettiamo verifiche e proseguiamo ricerca nel rispetto di tutte le regole #Firenze		]]></document>
	<document><![CDATA[Complimenti a @username, un grande! Stasera aspettiamo @username in forma super. E naturalmente il mitico Robertaccio #Benigni...		]]></document>
	<document><![CDATA[@username la faccio quando ho letto i documenti ufficiali. Nella mia prossima newsletter sicuro. Mat		]]></document>
	<document><![CDATA[Al lavoro per i mondiali di ciclismo di #Firenze		]]></document>
	<document><![CDATA[#Firenze Cene di Natale, tre anche stasera. E poi dicono che per i politici è tutto un magna magna...		]]></document>
	<document><![CDATA[Hanno arrestato Michele Zagaria, il boss dei casalesi. Esulto di gioia! E penso a don Peppe Diana e con lui a tutti i martiri della camorra		]]></document>
	<document><![CDATA[Domani accendiamo l'albero di Natale in piazza Duomo: fate venire i bambini, se vi va. E poi F-Light il festival delle luci di #Firenze		]]></document>
	<document><![CDATA[@username Sono il top dell'innovazione. Consentono un recupero di spazio e posti auto, Riducono i costi e sono molto apprezzati		]]></document>
	<document><![CDATA[@username @username Anche qui a Firenze c'è traffico, Lorenzo. E la colpa non è del sindaco ma chiaramente di Fiorello!		]]></document>
	<document><![CDATA[@username la rivendo...		]]></document>
	<document><![CDATA[@username fai bene ciao		]]></document>
	<document><![CDATA[@username alle 17		]]></document>
	<document><![CDATA[Ma quanta gente c'è oggi a #Firenze? Bello, mi piace		]]></document>
	<document><![CDATA[#VaLoreVita prendo l'ospite più atteso e arrivo!		]]></document>
	<document><![CDATA[Che belli gli amici di Lore! #VaLoreVita. Abbiamo raggiunto un traguardo ma si arriva solo per ripartire. #Firenze c'è e farà la sua parte		]]></document>
	<document><![CDATA[400 Sindaci da tutto il mondo a #Firenze. Da Parigi a Istanbul, da Kabul a Dakar, da Philadelphia a Pechino. Ricordando Giorgio La Pira...		]]></document>
	<document><![CDATA[@username nessuno ha bucato gli affreschi. Bisognerebbe aprire bocca solo se si è certi di non dire baggianate		]]></document>
	<document><![CDATA[I parlamentari provano a evitare i sacrifici? Senza vergogna! Hanno definitivamente perso il senso del pudore #sapevatelo		]]></document>
	<document><![CDATA[#clasico Mamma mia, il Barcellona! Viva Guardiola...		]]></document>
	<document><![CDATA[@username Caparezza in piazza stazione. Mehta e il Maggio al nuovo teatro. Musica varia (gospel, classica, di strada) in 4 piazze...		]]></document>
	<document><![CDATA[Sono con i rappresentanti della comunità senegalese in prefettura. Oggi piange il cuore di #Firenze		]]></document>
	<document><![CDATA[#Firenze è scossa dal gesto solitario di un killer folle e senza pietà. Riunisco la giunta alle 18 e proclamo il lutto cittadino.		]]></document>
	<document><![CDATA[#Firenze Mi dicono che devo specificare che il killer è razzista e non folle. Per me chi è razzista è anche folle #sapevatelo		]]></document>
	<document><![CDATA[Domani lutto cittadino a #Firenze per Mor e per Modou. E alle 17 ci vediamo in Palazzo Vecchio con Riccardi e la comunità senegalese...		]]></document>
	<document><![CDATA[la mia intervista a Repubblica sull’uccisione di Diop Mor e Samb Modou http://t.co/QmGQxH5V		]]></document>
	<document><![CDATA[In piazza Dalmazia a #Firenze. Semplicemente, tra la mia gente		]]></document>
	<document><![CDATA[Ho scritto l'enews sull'uccisione di Diop Mor e Samb Modou http://t.co/h3XUuwxs		]]></document>
	<document><![CDATA[@username forse se la senti tutta o ascolti il consiglio di ieri puoi dare un giudizio più completo		]]></document>
	<document><![CDATA[Pranzo con gli anziani a Montedomini. Nell'ospizio più antico della città oggi cucina gratis Pinchiorri, per loro. Questa è #Firenze		]]></document>
	<document><![CDATA[@username Lei non sa quello che dice. L'ordinanza cui lei da riferimento è della precedente amministrazione. Noi l'abbiamo cancellata.		]]></document>
	<document><![CDATA[#Firenze L'inaugurazione del nuovo Teatro del Maggio next week sarà straordinaria. ZubinMehta il 21, Bollani il 22, Abbado il 23 e...		]]></document>
	<document><![CDATA[@username perché abbandonando? Che succede? Mi scriva, grazie: sindaco@username.fi.it		]]></document>
	<document><![CDATA[#Firenze Gioia profonda per Francesco Azzarà! Un pensiero per tutti gli ostaggi ancora prigionieri. #Emergency		]]></document>
	<document><![CDATA[#Firenze Occhio ragazzi. Ci sono diversi piccoli incidenti in città. Da piazza Gaddi al lungarno Colombo, dove sono ora. Prudenza!		]]></document>
	<document><![CDATA[“@username: Caro Babbo Natale, quest'anno per l' Italia vorrei una Agenda digitale, lo dici al professor Monti? http://t.co/GnoLkuxz””		]]></document>
	<document><![CDATA[“sindaco dai una mano a ricordare che 1 anno fa con il sacrificio di Mohammed Bouazizi iniziò primavera araba? #sidibouzid” Grazie @username		]]></document>
	<document><![CDATA[Oggi si inizia con la recita dei figli #sapevatelo		]]></document>
	<document><![CDATA[@username @username condivido Gianluca. Ci vediamo a Firenze		]]></document>
	<document><![CDATA[#Firenze Golf in #pontevecchio. Come sempre tanta roba, uno spettacolo unico		]]></document>
	<document><![CDATA[@username dici? No dai non mi sembrava una gaffe		]]></document>
	<document><![CDATA[#digitaldemocracy #Firenze  un ciao al volo! Benvenute in #Palazzovecchio		]]></document>
	<document><![CDATA[@username @username per ora sì. Riaperta piazza dalmazia		]]></document>
	<document><![CDATA[@username #Firenze prego? Ho lasciato il corteo - come previsto - per inaugurare i grandi Uffizi. Ma tutto molto bene		]]></document>
	<document><![CDATA[#Firenze risponde con la bellezza che la contraddistingue. Bene così, grazie a tutti. Ora agli #Uffizi per le nuove sale. Dopo stadio...		]]></document>
	<document><![CDATA[@username d'accordissimo sulla prima, d'accordo sulla seconda. Ciao Beppe!		]]></document>
	<document><![CDATA[#Firenze Alla Misericordia del Galluzzo con i nuovi volontari e poi all'inaugurazione del sintetico a San Marcellino #sifrulladinulla		]]></document>
	<document><![CDATA[Vaclav Havel è stato un gigante della libertà. Tutto qui.		]]></document>
	<document><![CDATA[@username la aspettiamo! Cisi		]]></document>
	<document><![CDATA[@username non sarebbe la prima volta! Ciai		]]></document>
	<document><![CDATA[@username ci proviamo. Cuai		]]></document>
	<document><![CDATA[@username condivido. e sono già schierato!		]]></document>
	<document><![CDATA[@username @username giudizio un tantinello eccessivo! Grazie comunque. E un saluto a voi...		]]></document>
	<document><![CDATA[@username effettivamente...		]]></document>
	<document><![CDATA[#Firenze oggi apro in bici la pista ciclabile (2km) che lega stazione  Rifredi al polo industriale Pignone e al nuovo Palagiustizia. olè!		]]></document>
	<document><![CDATA[#Firenze Grande emozione per il nuovo Teatro. Ma non è che l'inizio. Per noi il 2012 sarà l'anno della rivoluzione sulla cultura...		]]></document>
	<document><![CDATA[Con il Nobel Ada Yonath per il premio Città di #Firenze. Valorizzare la ricerca nonostante la crisi...		]]></document>
	<document><![CDATA[La notte di #Firenze: mezzo secolo di polemiche, due anni di cantiere. Parte il nuovo Teatro dell'Opera. Ed è solo l'inizio...		]]></document>
	<document><![CDATA[@username @username Capodanno? C'è di tutto, da Mehta a Caparezza...		]]></document>
	<document><![CDATA[@username pare ci siano rifiuti speciali. Mi dicono comunque questione di giorni		]]></document>
	<document><![CDATA[Attenzione. Sono a fare gli auguri alla direzione mobilità. Segnalo l'incidente di Lavagnini. Riapriamo adesso. Prudenza #Firenze		]]></document>
	<document><![CDATA[#Firenze E adesso al Nuovo Teatro del Maggio usando la tramvia...		]]></document>
	<document><![CDATA[@username lì hAi ragione, dobbiamo migliorare		]]></document>
	<document><![CDATA[@username se tu conoscessi la realtà delle cose non lo diresti		]]></document>
	<document><![CDATA[Serata storica ieri a #Firenze. Adesso avanti con l'Ataf e con la riqualificazione del mercato di san Lorenzo. #sifrulladinulla		]]></document>
	<document><![CDATA[@username sei sempre il solito! Un abbraccio da firenze		]]></document>
</author>