<?xml version="1.0" encoding="UTF-8" standalone="no"?><author id="user997">
	<document><![CDATA[mi sto trovando malissimo con il nuovo @username le mie request vanno tutte in timeout		]]></document>
	<document><![CDATA[@username @username Per caso hai un invito left? Ne stavo cercando uno da giorni		]]></document>
	<document><![CDATA[RT @username @username: @username @username appena sfornata: http://t.co/u6Mhy3EU” nota di Napolitano #itadefault		]]></document>
	<document><![CDATA[RT“@username: Intanto la prima notizia è che stasera alla riunione con Berlusconi ci sarà anche Tremonti #dolcettoscherzetto”		]]></document>
	<document><![CDATA[Tuttavia non si poteva agire prima senza guardare attoniti la difatta? Con questa domanda e con in mano un malox chiudo twitter per oggi		]]></document>
	<document><![CDATA[RT“@username:  Grecia, destituiti i vertici militari, secondo report Cia voci su colpo di stato http://t.co/d3QdrgR2”		]]></document>
	<document><![CDATA[E' bene conoscere il Protect IP Act: un  video per scoprire cos'è e che impatto può avere sull'internet che conosciamo http://t.co/yhDOzYIt		]]></document>
	<document><![CDATA[RT  @username: La parola forbita della mattina è EQUOREO: http://t.co/Bgvw83p2”		]]></document>
	<document><![CDATA[Il mio professore di Linguistica si è galvanizzato scoprendo che può usare twitter per le lezioni http://t.co/DDAFyoCX		]]></document>
	<document><![CDATA[Ho switcchato al nuovo #gmail e al nuovo #googlereader aiuto!		]]></document>
	<document><![CDATA[@username All you can eat x 438. Si chiama lusso		]]></document>
	<document><![CDATA[@username e ora che #gmail si è fatta un vestito nuovo filtrerai con gli occhi pieni di #bello à la #google+		]]></document>
	<document><![CDATA[RT@username: http://t.co/8TblEEdw Il futuro del giornalismo è pro-am, ma in Italia si chiama Timu (chiedere a @username)		]]></document>
	<document><![CDATA[Dando un occhio a @username il #food  sembra essere l'argomento principale http://t.co/Ql1I0lsO		]]></document>
	<document><![CDATA[Sto cercando tutte le voci italiane del #proam journalism o #timu come definito da @username  e @username . Consigliatemi qualcuno		]]></document>
	<document><![CDATA[RT il liveblog del FT sulla crisi EU @username: Live blog: Eurozone crisis http://t.co/vfTijynX #FinancialTimes		]]></document>
	<document><![CDATA[@username @username @username @username @username @username @username grazie: novità di oggi http://t.co/Ql1I0lsO		]]></document>
	<document><![CDATA[un survey che ti dice quanti schiavi lavorano per te http://t.co/clFi6z3r via @username		]]></document>
	<document><![CDATA[Prelievi forzosi dal conto bancario? Chiedimi come.		]]></document>
	<document><![CDATA[@username si credo che ci si riferisse più ad aspetti contenutistici che funzionali		]]></document>
	<document><![CDATA[Un ora per cercare un titolo a mano. Non sanno ripristinare il modem internet 64k http://t.co/1xdwHrIO		]]></document>
	<document><![CDATA[L'occidente vuole tenere l'Italia in serie b? Il caso Mattei -http://youtu.be/CPxhHgPcvFY		]]></document>
	<document><![CDATA[Petrolio un libro che stava scrivendo #Pasolini  prima di morire. Parlava  anche di Enrico Mattei - il caso Mattei http://t.co/sUWSmbiD		]]></document>
	<document><![CDATA[Il Piano Solo fu un progetto militare  volto ad assegnare ai Carabinieri il potere in Italia, e fu sul punto di essere attuato nel 1964.		]]></document>
	<document><![CDATA[La notizia come informazione è percepita come un racconto di eventi, essa è relazione su un evento, la notizia è  orientata oggettivamente		]]></document>
	<document><![CDATA[la notizia come racconto mitico è percepita come una narrazione mentre gli eventi cambiano, le forme del raccontare sono invece costanti		]]></document>
	<document><![CDATA[la notizia come mito è percepita come reiterazione, come parte di un flusso ininterrotto		]]></document>
	<document><![CDATA[La notizia come mito è dunque patetica, appassionante, coinvolgente da Michele Loporcaro, Cattive notizie, Milano, Feltrinelli, 2005.		]]></document>
	<document><![CDATA[Il linguaggio influenza il modo di pensare e conoscere il mondo. 2 parlanti di lingua diversa  pensano eterogeneamente
Ipotesi di Sapir Worf		]]></document>
	<document><![CDATA[Ipotesi deterministica che predispone alla costruzione sociale della realtà e alle analisi di Focault: nominare le cose è un atto politico		]]></document>
	<document><![CDATA[Maxiemendamento - Rep. Italia 
emendamento: proposta di parziale modifica di un disegno di legge
maxi: maggiorazione		]]></document>
	<document><![CDATA[@username "default è compito dei giornalisti  spiegare cosa significa e le conseguenze. Alla speranza che l’Italia resista  ci pensiamo noi."		]]></document>
	<document><![CDATA[#acasa imperativo. #chefare nel dopo #acasa? Sarebbe  interessante un trending topic al futuro indicativo.		]]></document>
	<document><![CDATA[70% rischio recessione UK se la crisi Eu non si risolve. Si  tornerà ai livelli precedenti solo nel 2014 http://t.co/GJ9xv7Oa via @username		]]></document>
	<document><![CDATA[RT @username: un pensionato tenta di darsi fuoco a piazza colonna. ora ricoverato corriere.it http://t.co/s00yGwxk”		]]></document>
	<document><![CDATA[RT@username: Qui intanto è iniziata la seduta, in un clima surreale. Dall'aria che annuso, oggi possono davvero saltare. #opencamera		]]></document>
	<document><![CDATA[@username : Il primo ministro italiano ritarda l'uscita del suo nuovo album. http://t.co/alVeTPuh		]]></document>
	<document><![CDATA[Adrian Salbuchi economista argentino sulla crisi finanziaria http://t.co/refZ79Rb		]]></document>
	<document><![CDATA[RT @username: A #Roma la #polizia chiede i nominativi degli #studenti che non si sono presentati a scuola. Vergognoso!		]]></document>
	<document><![CDATA[RT @username: #Scontri a #Roma tra polizia e #studenti http://t.co/21eAl80T		]]></document>
	<document><![CDATA[Il fumetto satirico su Putin,si può leggere  in inglese e francese via @username http://t.co/6yz7VbWq		]]></document>
	<document><![CDATA[RT“@username: La parola forbita della mattina è STOLIDO: http://t.co/zm0xUnIK”		]]></document>
	<document><![CDATA[Vogliamo cibo vero ora! I Food Studies in US http://t.co/vuNSluiZ via @username		]]></document>
	<document><![CDATA[Magna la brioche, bono il surrogato di crema http://t.co/NaqywccV via @username #fooddivide		]]></document>
	<document><![CDATA[I'm at La Fabbrica del Vapore (Via Procaccini 4, Milano) http://t.co/wr3RjzdB		]]></document>
	<document><![CDATA[#FF social media marketing @username @username #FF stima @username #FF  venite a Tornino domani per @username		]]></document>
	<document><![CDATA[#FF webdesign e innovazione @username  #FF moda uomo @username  #FF moda donna e ispirazione @username		]]></document>
	<document><![CDATA[#FF contemporaneità @username  @username @username @username		]]></document>
	<document><![CDATA[@username Non posso sopravvivere a novembre.		]]></document>
	<document><![CDATA[I'm at Piazza del Duomo (Piazza del Duomo, Milano) http://t.co/0vUmJiWq		]]></document>
	<document><![CDATA[#4nov fine WW1 2 gatti a commemorare in Duomo		]]></document>
	<document><![CDATA[I'm at Università degli Studi di Milano (via Noto 8, via Giuseppe Ripamonti, Milano) http://t.co/BU225Wii		]]></document>
	<document><![CDATA[I'm at Scaringi (via Pacini, Milano) http://t.co/p2O43Z0T		]]></document>
	<document><![CDATA[I'm at Milanofiera (Milano) http://t.co/nOOHCKrF		]]></document>
	<document><![CDATA[A Milano centrale tutte le biglietterie sono ferme, blackout out e treni verso Genova, Toscana e Lazio fermi		]]></document>
	<document><![CDATA[RT“@username: Per notizie su Genova l'hashtag più aggiornato è #allertameteoLG”		]]></document>
	<document><![CDATA[Sono appena arrivata a Novara, nelle campagne piemontesi la situazione è pesante si teme l'#alluvione del 94		]]></document>
	<document><![CDATA[Libero news, occhiello sulla notizia di Genova: 

Quanto ci manca Bertolaso.		]]></document>
	<document><![CDATA[Elevata criticità per la Valsesia Cota governatore del Piemonte valuta chiusura della scuole domani #allertameteoPIE		]]></document>
	<document><![CDATA[Per le prossime 36 ore prevista elevata criticità (3) nella Valsesia, Chiusella, Cervo ( Biella, Novara, Torino e Vercelli) #alluvione		]]></document>
	<document><![CDATA[I'm at Via Ariosto http://t.co/f3Sm7vta		]]></document>
	<document><![CDATA[Si va verso il Po per #artissima18 .		]]></document>
	<document><![CDATA[#allertameteoPM a Novara piove incessantemente vento molto forte e temporali a rotazione. Il torrente agogna sembra resistere		]]></document>
	<document><![CDATA[x raggiungere torino x@username o parattisima prendete il treno fino a porta nuova, c'è la M1 per lingotto. Per il centro si va a piedi		]]></document>
	<document><![CDATA[I'm at Stazione FS Novara (Piazza Garibaldi, Novara) http://t.co/JxZWXgyR		]]></document>
	<document><![CDATA[@username non mangiate qui mangiate a Torino e poi venite qui. Spendete più di eataly e il cibo è peggio di quello dell autogrill		]]></document>
	<document><![CDATA[Mao Al formaggio Rainer Ganal @username  @username Oval http://t.co/qBBr6vXJ		]]></document>
	<document><![CDATA[Senza titolo Benny Chirco @username  @username Oval http://t.co/vrtEArUV		]]></document>
	<document><![CDATA[Il paradiso dei magazine perduti  @username Oval http://t.co/JAGHmrVh		]]></document>
	<document><![CDATA[Torta di eataly  @username Oval http://t.co/ISOf2FBo		]]></document>
	<document><![CDATA[Luigi Ontani @username http://t.co/4jFrDmPS		]]></document>
	<document><![CDATA[Torino sotto il diluvio #allertameteoPM		]]></document>
	<document><![CDATA[Antonio Stoppani Il Bel Paese -Cattelan  @username Oval http://t.co/3WPT62zo		]]></document>
	<document><![CDATA[Chi potesse restare al teatro Vittorio cé @username gratis (@username Nuova Stazione Di Torino - Porta Susa AV) http://t.co/ToW2EH5o		]]></document>
	<document><![CDATA[Se siete ad @username il Maître pâtissier di @username ripropone opere d'arte sotto forma di torte		]]></document>
	<document><![CDATA[Il presidente Roberto Cota annuncia che “la situazione è in equilibrio, ma l’allerta durerà ancora fino a tutto domani"#allarmemeteoPM		]]></document>
	<document><![CDATA[I'm at IED Istituto Europeo di Design (Via Amatore Sciesa 4, Milano) http://t.co/xX07FbOh		]]></document>
	<document><![CDATA[I'm at Università degli Studi di Milano (Via Festa del Perdono, 7, Milano) w/ 3 others http://t.co/BoJlbqNS		]]></document>
	<document><![CDATA[Photo: via Bunel’s dream http://tumblr.com/x4t9flyir		]]></document>
	<document><![CDATA[I'm at Università degli Studi di Milano (via Noto 8, via Giuseppe Ripamonti, Milano) http://t.co/xQh3e27G		]]></document>
	<document><![CDATA[@username Anche a me sta succedendo e non capisco #twitter		]]></document>
	<document><![CDATA[Gatti che si automoltiplicano, l'ultimo video dell'artista Cyriak via @username		]]></document>
	<document><![CDATA[Cose fighe dal mondo @username http://t.co/NpdH8hoj		]]></document>
	<document><![CDATA[Se #twitter avesse la cronologia sarei più contenta. E' difficile raccogliere gli stream  settimanali per analisi sociolinguistiche #molto		]]></document>
	<document><![CDATA[I'm at Piazza Argentina (Piazza Argentina, Milano) http://t.co/41wr5kba		]]></document>
	<document><![CDATA[@username: in germania dei blogger sono riusciti a fermare un'operazione di 'polizia culturale' http://t.co/PXsntGDf #parlardaltro#aeiouy		]]></document>
	<document><![CDATA[I'm at Università degli Studi di Milano (Via Festa del Perdono, 7, Milano) http://t.co/3cVS6LYj		]]></document>
	<document><![CDATA[I'm at Università degli Studi di Milano (via Noto 8, via Giuseppe Ripamonti, Milano) http://t.co/mfko4g1O		]]></document>
	<document><![CDATA[ah sei laureanda mmm no, non possiamo prestarti libri. Puoi chiedere ad un prof. se può garantire per te e allora sì- #nonsense		]]></document>
	<document><![CDATA[Nuova traccia di @username - cineserie pt. 2 #SoundCloud: http://t.co/yhCGaRUy		]]></document>
	<document><![CDATA[http://t.co/PweJNMpm nessuno commenta la nuova feature di Twitter? Uno stream molto vicino al newsfeed di fb.		]]></document>
	<document><![CDATA[I'm at Piazza del Duomo (Piazza del Duomo, Milano) w/ 2 others http://t.co/Pecnr58W		]]></document>
	<document><![CDATA[I'm at Università degli Studi di Milano (via Noto 8, via Giuseppe Ripamonti, Milano) http://t.co/zlc1LNHh		]]></document>
	<document><![CDATA[I'm at Università degli Studi di Milano (Via Conservatorio 7, Milano) http://t.co/SO1i6HEJ		]]></document>
	<document><![CDATA[I'm at Piazza Argentina (Piazza Argentina, Milano) http://t.co/mfNYfPjl		]]></document>
	<document><![CDATA[Servi della gleba di Laura Pausini acclamano la beniamina riempendo la piazza. (@username Piazza del Duomo w/ 4 others) http://t.co/9Xjhpzux		]]></document>
	<document><![CDATA[I'm at Università degli Studi di Milano (Via Festa del Perdono, 7, Milano) w/ 5 others http://t.co/kfvqnAjG		]]></document>
	<document><![CDATA[I'm at Università degli Studi di Milano (Piazza Sant'Alessandro, 1, Milano) http://t.co/8HvVvAwZ		]]></document>
	<document><![CDATA[On saturday! Come in Reggio emilia! vieni  @username ?http://notwiththoseframes.wordpress.com/2010/05/06/corrado-dalco-casa-nuccini/		]]></document>
	<document><![CDATA[Linguaggio, gergo o varietà diamesica? #twitter #2capitolo		]]></document>
</author>