<?xml version="1.0" encoding="UTF-8" standalone="no"?><author id="user326">
	<document><![CDATA[La gran festa di Wally http://t.co/WHJM92mg		]]></document>
	<document><![CDATA[La gran festa di Wally http://t.co/WHJM92mg		]]></document>
	<document><![CDATA[Fumetto brut http://t.co/wSUVw9Bf		]]></document>
	<document><![CDATA[Mi è arrivato "Sillavengo", bizzarro fumetto bolidista di Iosa Ghini (1991) http://t.co/x4wGOUlE		]]></document>
	<document><![CDATA[Saul Steinberg, prima di giganteggiare al New Yorker, ai tempi del "Bertoldo" (1937) http://t.co/MYXjYR9T		]]></document>
	<document><![CDATA[Non fosse per Silvia Ziche, le storie natalizie di #Topolino quest'anno sono #bah http://t.co/oye3sQEZ		]]></document>
	<document><![CDATA[@username auguri a te - mi han detto i Maya che nel 2013 ci conosceremo :-)		]]></document>
	<document><![CDATA[Più forte di Hulk http://t.co/ME81WDZs		]]></document>
	<document><![CDATA[RIP #KeijiNakazawa, sopravvissuto a Hiroshima, e autore del memorabile manga "Barefoot Gen"		]]></document>
	<document><![CDATA[Dialogare coi fiocchi di neve http://t.co/043svz6c		]]></document>
	<document><![CDATA[Consumi cinetv natalizi x bimbe, anni 2010. Ma stessi discorsi che sentivo su...Creamy? #Winx http://t.co/13N0QyQ9		]]></document>
	<document><![CDATA[Vediamo un po': qualcuno ha ricevuto fumetti per Natale?		]]></document>
	<document><![CDATA["@username: Il meglio del Meglio. Mi è arrivata la copia (stampata su Pelle Umana visto il prezzo) di "Full Monti" di Makkox" #fumettixNatale		]]></document>
	<document><![CDATA["@username Ho regalato a mia figlia (appassionata di disegni fumetti) un volume su tutti i personaggi Marvel.Un successo :)" #fumettixNatale		]]></document>
	<document><![CDATA["@username: non li ricevo mai ma ne regalo ogni anno." #fumettixNatale #win		]]></document>
	<document><![CDATA["@username: ricevto Don Camillo - Giulietta e Romeo. Graditissimo, sono un fan di Guareschi" #fumettixNatale		]]></document>
	<document><![CDATA["@username: @username @username "Memories of Sand" di Frezzato, e ho regalato "Addio Chunky Rice" a nastro" #fumettixNatale		]]></document>
	<document><![CDATA["@username: @username la Rat Agenda 2013, fantastica!" #fumettixNatale		]]></document>
	<document><![CDATA["@username: @username io si,gli special natalizi della marvel e un'antologico di batman @username" #fumettixNatale		]]></document>
	<document><![CDATA["@username: Buoni da tot Euro in Fumetteria a 6 nipoti adolescenti notoriamente avari (eufem.) di letture #fumettiXNatale" #ziosaggio		]]></document>
	<document><![CDATA["@username: @username meglio #unfumettopernatale già in uso da un po'" graz: x distinguere oggi dal pre-, nel 2013 sarà #fumettiaNatale		]]></document>
	<document><![CDATA["@username: @username qualcuno si, un Tex ristampa" #fumettixNatale #sobrietàfumettòfila		]]></document>
	<document><![CDATA["@username: “@username: Il primo volume dell'integrale di Topolino pubblicato da Rizzoli." #fumettixNatale		]]></document>
	<document><![CDATA["@username: #ThoreauLaVieSublime per me, #AlixSenator per un figlio, #Ratman agenda 2013 per l'altro (Natale in Francia)" #fumettixNatale		]]></document>
	<document><![CDATA["@username: @username Qui sono arrivati Un polpo alla gola ed Enigma." #fumettixNatale		]]></document>
	<document><![CDATA["@username: regalato Astarte di Pazienza, in famiglia ricevuti profezia dell'Armadillo e Polpo di Zerocalcare + Makkox" #fumettixNatale		]]></document>
	<document><![CDATA["@username: @username l ormai introvabile Superman by Alan Moore della Planeta, e ora attacco con la lettura." #fumettixNatale		]]></document>
	<document><![CDATA[[eurocrisi, xmas version] il mercato dei peluche fa -24%, e il leader Jemini (HelloKitty, Barbapapà...) fallisce http://t.co/VRLRqhwp		]]></document>
	<document><![CDATA[Rapporto #ACBD sul #fumetto in Francia nel 2012 [produzione]: + titoli (5565), + traduzioni (2234), + festivals (489) e più autori (1951)		]]></document>
	<document><![CDATA[Secondo i media nostrani Spider-Man è morto http://t.co/R4iFfZzA In realtà è un pippone sci-fi su scambi di identità http://t.co/yZv3Kou3		]]></document>
	<document><![CDATA[@username sì, Peter è andato. Ma non del tutto: Octopus *è* lui, in parte. Le mie 2 reazioni: 1) non se ne può più 2) Slott goes to hell		]]></document>
	<document><![CDATA[@username non cliccare il secondo link! ;)		]]></document>
	<document><![CDATA[Ci son pezzi di immaginario del fumetto che son fatti, mmm, della sostanza dei sogni: incoerenti #retcon #reboot #fandiventareschizoidi		]]></document>
	<document><![CDATA[@username già, ma temo il discorso sia + complicato. Anche io adoro remix apertura ecc. Ma dopo decenni, ci son rischi di sfaldamento		]]></document>
	<document><![CDATA[@username i rischi sono vari: idee cervellotiche, eccessi marketing... Tutto ok fino al ciclo/boom dei cinecomics - ma finirà. E poi?		]]></document>
	<document><![CDATA[Il mercato del fumetto in Francia: i dati 2012 (produzione) http://t.co/NFYMtKOf		]]></document>
	<document><![CDATA[Lasseter&C presentano il 15/1 il progettone digital/gaming #DisneyInfinity http://t.co/bje8Jv9F Quel che si sa, per ora http://t.co/9SuU8czA		]]></document>
	<document><![CDATA[Un bravo al team di #Fumettology (con affetto x il titolo): settoriale e parlatissimo, ma chiaro e utile. Ottimo repetita iuvant generalista		]]></document>
	<document><![CDATA[Anni dopo "Antistoria del fumetto italiano", #Fumettology ne sembra il fratello: perfettamente complementare		]]></document>
	<document><![CDATA[@username proprio così. Per questo ho apprezzato: mancava		]]></document>
	<document><![CDATA[@username settoriale eccome, soprattutto la selezione delle voci e dei materiali: uno sguardo fumetto-centrico sul fumetto. Va bene così.		]]></document>
	<document><![CDATA[@username selezionare "chi vive di..." è settoriale x definizione. Lo fece anche il mio programma. E ci sta, ma è un dato da riconoscere.		]]></document>
	<document><![CDATA[@username cioè?		]]></document>
	<document><![CDATA[@username no, esiste un vasto campo intermedio: opinion leader che ne sanno il giusto, e lettori. Ripeto: ok così. Ma next step: usiamoli		]]></document>
	<document><![CDATA[@username legittimo e sano. Solo: next step, anche non fans, tra i tanti competenti, interessanti, influenti @username		]]></document>
	<document><![CDATA[@username qui siamo tutti in età da milf, caromio		]]></document>
	<document><![CDATA[@username certo, e devo decidermi a fare quel post sulle frasi tv di Formigoni... Sulla competenza dici l'ABC: siam daccordo tutti.		]]></document>
	<document><![CDATA[@username Piperno, Cattelan, E.Letta, Mendini, Renzi, Berlu (mia personale teoria)... e possiamo andare avanti ad libitum ;) @username		]]></document>
	<document><![CDATA[@username questo schema è limitato e vecchiotto, temo: qui sta il punto. Progettare verticale, ma esplorare trasversalmente		]]></document>
	<document><![CDATA[@username @username non ti davo del burocrate... ;)		]]></document>
	<document><![CDATA[@username dentro a quel "specificamente" c'è un mondo da esplorare. E il solo Freccero vale 100 idee di hardfans @username		]]></document>
	<document><![CDATA[@username mi spiace per te: ci sono anfratti di servizio pubblico che funzionano perfettamente così		]]></document>
	<document><![CDATA[@username ripeto (poi nanna): e infatti è un buon lavoro. Ma evitiamo "imbrogli" vs. sincerità: Freccero non sarebbe... Rosy Bindi!		]]></document>
	<document><![CDATA[@username scusa avevo frainteso. Sul fumetto in Rai hai ragione. Purtroppo il satellite non compensa la generalista #nicchianellanicchia		]]></document>
	<document><![CDATA[@username addirittura?		]]></document>
	<document><![CDATA[Il miglior editore indie (UK) @username, lancia un marchio per bambini: Flying Eye Books http://t.co/LdpxK8GG | tx @username		]]></document>
	<document><![CDATA[In edicola il secondo libro di @username, '2012 con loden' http://t.co/IzFD9EVc		]]></document>
	<document><![CDATA[Hunt Emerson, semisconosciuto in Italia, simbolo del fumetto underground in UK, arriverà nel catalogo di @username http://t.co/bLyBXv89		]]></document>
	<document><![CDATA[@username vista oggi: bravissimi, davvero una delle copertine dell'anno		]]></document>
	<document><![CDATA[Da Repubblica, la sentenza Berlusconi/Lario titolata à la Alan Moore #bah http://t.co/Ho9zJZK7		]]></document>
	<document><![CDATA[Il gioco della noia http://t.co/d2ZocH1r		]]></document>
	<document><![CDATA[@username 1: non sempre gli uomini-ombra riescono a uscire dall'ombra; 2: l'agenda dei media è cambiata, e il Pd si è 'raffreddato'		]]></document>
	<document><![CDATA[Rita Levi Montalcini, by Bacilieri [re-post] http://t.co/A28ppOqN		]]></document>
	<document><![CDATA[La copertina (pirata) dell'anno http://t.co/EoDue1o6		]]></document>
	<document><![CDATA[Saletta fumatori, #Zurich airport #stranomavero #caminettofake http://t.co/OC6JNlcy		]]></document>
	<document><![CDATA[@username e allora vi salutiamo, dal freddo svedese, con un abbraccio doppiamente caloroso		]]></document>
	<document><![CDATA[Auguri a tutti http://t.co/NlA60AxE		]]></document>
	<document><![CDATA[Buoni Propositi http://t.co/bFxzYMLR		]]></document>
	<document><![CDATA[Buon Anno dal @username, con Chris Ware http://t.co/rutbisXu		]]></document>
	<document><![CDATA[Qui lo chiamano Järv http://t.co/ab8J3yEn		]]></document>
	<document><![CDATA[I fumetti Archie ormai non generano più utili - ma sostengono bene il brand http://t.co/rYbG40Lf		]]></document>
	<document><![CDATA[Il fumettista italiano col miglior profilo Linkedin? http://t.co/ocbpCuSy		]]></document>
	<document><![CDATA[Una signora pubblicità comparativa #Stockholm http://t.co/zGXJbgnN		]]></document>
	<document><![CDATA[Un vascello gigante del 1628, al 95% originale: uno dei progetti di conservazione + tosti al mondo #wow http://t.co/qytXqIdt		]]></document>
	<document><![CDATA[Jacques Tardi riceve la Légion d'honneur - ma la rifiuta "con fermezza" http://t.co/q5JBSX0C		]]></document>
	<document><![CDATA[Ancora su Tardi e il suo rifiuto della Légion d'Honneur - con la solidarietà di Siné (vs Wolinski) http://t.co/9GmbxGHE http://t.co/53HhAU4B		]]></document>
	<document><![CDATA[Come si è accolti alla sezione fumetti della #Kulturhuset (top biblioteca pubblica mai vista) http://t.co/w8EO9a0j		]]></document>
	<document><![CDATA[@username Demetra vabbe', ma bisnonno Gillo, suvvia, avercene @username		]]></document>
	<document><![CDATA[Rientrato. Ho saputo della scomparsa di Decio Canzio, storico 'pard' di Sergio Bonelli. E poi ho visto Monti tv-depresso. Quasiquasi riparto		]]></document>
	<document><![CDATA[Fa piacere sapere che Tremonti, interpretato da Guzzanti, abbia formulato una teoria per spiegare la forma del disco di #OkQuack		]]></document>
	<document><![CDATA[Dimenticavo: segnaletica (vikinga) vista a #Stockholm http://t.co/nkwvdHlj		]]></document>
	<document><![CDATA[@username incredibile ma vero		]]></document>
	<document><![CDATA[Un normale passaggio tv su @username e #Totoro diventa TT. Pare che su Twitter sia cosa nota: è ancora un film straordinario		]]></document>
	<document><![CDATA[Non so voi, ma per me le musiche di Joe Hisaishi x #Totoro sono tra le 10 colonne sonore top di sempre #vaccaboia #emossione		]]></document>
	<document><![CDATA[@username smettila subito o mi costringi a ritwittarti spasmodicamente ;)		]]></document>
	<document><![CDATA[@username sbavai anche io, lo ammetto. Ma questa non è solo energia (lieve): è proprio un'altra chimica. Ed è ipnotica e dolce.		]]></document>
	<document><![CDATA[@username roba da maschietti, ora come allora ...		]]></document>
	<document><![CDATA[@username che combini carloalbe': pigi 'preferito' da solo, quando usi metafore fumettologiche (e non mi avvisi)? ;)		]]></document>
	<document><![CDATA[@username @username ci sono ci sono - è che si nascondono dietro la maschera: professori, avvocati, manager. Li sto stanando: promesso		]]></document>
	<document><![CDATA[@username sospettavo: ti vedo più rococò del solito, quando twitti di fumetto-addiction		]]></document>
	<document><![CDATA[@username oh, yeah - e Mariotto ha lo stagista già decotto		]]></document>
	<document><![CDATA[@username @username @username non sapevo di #unquadroalgiorno: bello 'Nascenza'. Sienkiewicz lo trovi anche qui @username ;)		]]></document>
	<document><![CDATA[@username un oggettino di carta che ti invidio q.b. @username @username (e cmq: #uncomicsalgiorno forse, più avanti, nn da solo)		]]></document>
	<document><![CDATA[@username @username @username Elektra Assassin ha tavole di una bellezza tra il folle e il futile: era al top della forma		]]></document>
	<document><![CDATA[@username @username @username ma anche nitelife, read on ("e vedi di spegnere l'abat-jour")		]]></document>
	<document><![CDATA[@username @username esatto: l'intenzione è quella. Come l'intenzione di Hitchcock era fare film, e di Picasso fare tele. And...so?		]]></document>
	<document><![CDATA[@username @username @username apperò, il dibattito prosegue. Solo una cosa: le teorie intenzionaliste dell'arte sono fragili		]]></document>
	<document><![CDATA[@username @username @username ...e sostenere che Vertigo di Hitchcock o LittleNemo di McCay non siano arte, è...800esco?		]]></document>
	<document><![CDATA[@username succede di rado, ma succede		]]></document>
	<document><![CDATA[@username @username @username anche se, paradossalmente, proprio i comics sono uno dei terreni di sopravvivenza del figurativo		]]></document>
</author>